"InvoiceNo","StockCode","Description","Quantity","InvoiceDate","UnitPrice","CustomerID","Country","Region"
"537365","20685","DOORMAT RED RETROSPOT","5","2011-03-10 08:32:00","7.58","16029.0","Germany","EMEA"
"537365","20685","DOORMAT RED RETROSPOT","7","2011-03-10 08:32:00","7.19","16029.0","Germany","EMEA"
"537366","22752","SET 7 BABUSHKA NESTING BOXES","7","2011-04-28 12:02:00","7.87","13047.0","Netherlands","EMEA"
"537366","85099B","JUMBO BAG RED RETROSPOT","6","2011-04-28 12:02:00","1.93","13047.0","Netherlands","EMEA"
"537366","47566","PARTY BUNTING","4","2011-04-28 12:02:00","5.27","13047.0","Netherlands","EMEA"
"537367","84406B","CREAM CUPID HEARTS COAT HANGER","9","2011-04-23 15:23:00","2.92","17850.0","Germany","EMEA"
"537368","22752","SET 7 BABUSHKA NESTING BOXES","8","2011-03-11 10:55:00","8.02","13777.0","Canada","AMER"
"537368","85099B","JUMBO BAG RED RETROSPOT","12","2011-03-11 10:55:00","1.74","13777.0","Canada","AMER"
"537368","84406B","CREAM CUPID HEARTS COAT HANGER","3","2011-03-11 10:55:00","2.85","13777.0","Canada","AMER"
"537369","84406B","CREAM CUPID HEARTS COAT HANGER","6","2011-04-26 10:30:00","2.81","12583.0","Germany","EMEA"
"537370","85123A","WHITE HANGING HEART T-LIGHT HOLDER","4","2011-04-29 13:40:00","2.86","17809.0","Canada","AMER"
"537370","22633","HAND WARMER UNION JACK","10","2011-04-29 13:40:00","1.94","17809.0","Canada","AMER"
"537371","22633","HAND WARMER UNION JACK","3","2011-04-20 14:30:00","1.89","14606.0","Netherlands","EMEA"
"537372","85123A","WHITE HANGING HEART T-LIGHT HOLDER","8","2011-04-03 11:36:00","2.64","13777.0","Australia","APAC"
"537372","71053","WHITE METAL LANTERN","7","2011-04-03 11:36:00","3.41","13777.0","Australia","APAC"
"537373","22633","HAND WARMER UNION JACK","10","2011-03-12 14:48:00","2.3","14096.0","Belgium","EMEA"
"537374","84029G","KNITTED UNION FLAG HOT WATER BOTTLE","8","2011-04-23 08:29:00","3.72","16029.0","Canada","AMER"
"537375","22632","HAND WARMER RED POLKA DOT","1","2011-04-01 14:17:00","1.88","13047.0","Canada","AMER"
"537376","85099B","JUMBO BAG RED RETROSPOT","12","2011-03-20 12:01:00","1.66","17809.0","Spain","EMEA"
"537377","85099B","JUMBO BAG RED RETROSPOT","6","2011-03-25 13:01:00","2.0","17809.0","Canada","AMER"
"537378","84406B","CREAM CUPID HEARTS COAT HANGER","3","2011-03-05 12:36:00","2.97","14606.0","USA","AMER"
"537378","22752","SET 7 BABUSHKA NESTING BOXES","12","2011-03-05 12:36:00","7.79","14606.0","USA","AMER"
"537379","71053","WHITE METAL LANTERN","2","2011-04-23 11:22:00","3.69","12583.0","France","EMEA"
"537379","84029E","RED WOOLLY HOTTIE WHITE HEART","9","2011-04-23 11:22:00","3.67","12583.0","France","EMEA"
"537379","84029G","KNITTED UNION FLAG HOT WATER BOTTLE","7","2011-04-23 11:22:00","3.66","12583.0","France","EMEA"
"537380","85123A","WHITE HANGING HEART T-LIGHT HOLDER","8","2011-04-04 12:25:00","2.45","17809.0","United Kingdom","EMEA"
"537380","84029E","RED WOOLLY HOTTIE WHITE HEART","4","2011-04-04 12:25:00","3.49","17809.0","United Kingdom","EMEA"
"537380","20685","DOORMAT RED RETROSPOT","2","2011-04-04 12:25:00","7.27","17809.0","United Kingdom","EMEA"
"537381","71053","WHITE METAL LANTERN","1","2011-03-29 10:27:00","3.61","13047.0","EIRE","EMEA"
"537381","84029E","RED WOOLLY HOTTIE WHITE HEART","6","2011-03-29 10:27:00","3.53","13047.0","EIRE","EMEA"
"537381","85099B","JUMBO BAG RED RETROSPOT","2","2011-03-29 10:27:00","2.0","13047.0","EIRE","EMEA"
"537382","84406B","CREAM CUPID HEARTS COAT HANGER","7","2011-03-26 09:49:00","2.85","16029.0","Australia","APAC"
"537382","22632","HAND WARMER RED POLKA DOT","9","2011-03-26 09:49:00","2.18","16029.0","Australia","APAC"
"537383","22752","SET 7 BABUSHKA NESTING BOXES","4","2011-03-22 16:52:00","8.08","17809.0","Australia","APAC"
"537383","47566","PARTY BUNTING","10","2011-03-22 16:52:00","5.25","17809.0","Australia","APAC"
"537383","22632","HAND WARMER RED POLKA DOT","9","2011-03-22 16:52:00","2.25","17809.0","Australia","APAC"
"537384","21730","GLASS STAR FROSTED T-LIGHT HOLDER","6","2011-04-10 08:39:00","4.2","15291.0","Belgium","EMEA"
"537384","47566","PARTY BUNTING","9","2011-04-10 08:39:00","5.42","15291.0","Belgium","EMEA"
"537385","22633","HAND WARMER UNION JACK","4","2011-03-19 12:45:00","2.22","13777.0","USA","AMER"
"537385","71053","WHITE METAL LANTERN","8","2011-03-19 12:45:00","3.67","13777.0","USA","AMER"
"537385","22632","HAND WARMER RED POLKA DOT","6","2011-03-19 12:45:00","1.93","13777.0","USA","AMER"
"537386","21730","GLASS STAR FROSTED T-LIGHT HOLDER","1","2011-04-29 15:01:00","4.46","13777.0","Spain","EMEA"
"537386","85099B","JUMBO BAG RED RETROSPOT","6","2011-04-29 15:01:00","1.99","13777.0","Spain","EMEA"
"537387","22752","SET 7 BABUSHKA NESTING BOXES","7","2011-03-20 16:50:00","7.72","15311.0","USA","AMER"
"537387","20685","DOORMAT RED RETROSPOT","4","2011-03-20 16:50:00","7.54","15311.0","USA","AMER"
"537387","22633","HAND WARMER UNION JACK","12","2011-03-20 16:50:00","1.97","15311.0","USA","AMER"
"537388","22633","HAND WARMER UNION JACK","8","2011-03-28 13:09:00","1.78","17809.0","Germany","EMEA"
"537389","47566","PARTY BUNTING","10","2011-03-11 14:25:00","5.17","14096.0","Netherlands","EMEA"
"537390","47566","PARTY BUNTING","3","2011-03-09 15:51:00","4.87","17809.0","United Kingdom","EMEA"
"537390","22632","HAND WARMER RED POLKA DOT","6","2011-03-09 15:51:00","1.9","17809.0","United Kingdom","EMEA"
"537390","84029G","KNITTED UNION FLAG HOT WATER BOTTLE","2","2011-03-09 15:51:00","3.54","17809.0","United Kingdom","EMEA"
"537391","84029E","RED WOOLLY HOTTIE WHITE HEART","10","2011-03-26 14:40:00","3.76","17850.0","Belgium","EMEA"
"537391","84406B","CREAM CUPID HEARTS COAT HANGER","4","2011-03-26 14:40:00","2.94","17850.0","Belgium","EMEA"
"537392","20685","DOORMAT RED RETROSPOT","4","2011-04-02 16:12:00","7.12","15311.0","USA","AMER"
"537392","71053","WHITE METAL LANTERN","5","2011-04-02 16:12:00","3.64","15311.0","USA","AMER"
"537393","22752","SET 7 BABUSHKA NESTING BOXES","10","2011-04-24 12:32:00","7.96","17809.0","France","EMEA"
"537393","22632","HAND WARMER RED POLKA DOT","11","2011-04-24 12:32:00","1.85","17809.0","France","EMEA"
"537393","85123A","WHITE HANGING HEART T-LIGHT HOLDER","7","2011-04-24 12:32:00","2.71","17809.0","France","EMEA"
"537394","20685","DOORMAT RED RETROSPOT","2","2011-04-01 15:58:00","7.0","14606.0","EIRE","EMEA"
"537394","85123A","WHITE HANGING HEART T-LIGHT HOLDER","1","2011-04-01 15:58:00","2.54","14606.0","EIRE","EMEA"
"537395","84406B","CREAM CUPID HEARTS COAT HANGER","12","2011-03-03 08:13:00","2.9","17850.0","Germany","EMEA"
"537395","21730","GLASS STAR FROSTED T-LIGHT HOLDER","2","2011-03-03 08:13:00","4.43","17850.0","Germany","EMEA"
"537395","85123A","WHITE HANGING HEART T-LIGHT HOLDER","9","2011-03-03 08:13:00","2.88","17850.0","Germany","EMEA"
"537396","84406B","CREAM CUPID HEARTS COAT HANGER","8","2011-04-14 09:25:00","3.07","14606.0","Spain","EMEA"
"537396","21730","GLASS STAR FROSTED T-LIGHT HOLDER","6","2011-04-14 09:25:00","4.15","14606.0","Spain","EMEA"
"537397","85123A","WHITE HANGING HEART T-LIGHT HOLDER","2","2011-04-29 10:22:00","2.54","14606.0","Canada","AMER"
"537397","47566","PARTY BUNTING","2","2011-04-29 10:22:00","5.07","14606.0","Canada","AMER"
"537397","84029G","KNITTED UNION FLAG HOT WATER BOTTLE","6","2011-04-29 10:22:00","3.41","14606.0","Canada","AMER"
"537398","22633","HAND WARMER UNION JACK","7","2011-03-31 09:37:00","2.2","12583.0","Canada","AMER"
"537398","71053","WHITE METAL LANTERN","7","2011-03-31 09:37:00","3.39","12583.0","Canada","AMER"
"537399","71053","WHITE METAL LANTERN","11","2011-03-14 16:01:00","3.32","15311.0","Canada","AMER"
"537400","84029E","RED WOOLLY HOTTIE WHITE HEART","5","2011-03-29 15:48:00","3.53","13047.0","United Kingdom","EMEA"
"537400","22632","HAND WARMER RED POLKA DOT","4","2011-03-29 15:48:00","1.93","13047.0","United Kingdom","EMEA"
"537401","20685","DOORMAT RED RETROSPOT","6","2011-04-06 09:31:00","6.99","14606.0","Belgium","EMEA"
"537401","22632","HAND WARMER RED POLKA DOT","4","2011-04-06 09:31:00","1.81","14606.0","Belgium","EMEA"
"537401","84406B","CREAM CUPID HEARTS COAT HANGER","4","2011-04-06 09:31:00","2.78","14606.0","Belgium","EMEA"
"537402","84406B","CREAM CUPID HEARTS COAT HANGER","2","2011-04-08 15:24:00","3.15","14606.0","EIRE","EMEA"
"537402","84029E","RED WOOLLY HOTTIE WHITE HEART","2","2011-04-08 15:24:00","3.67","14606.0","EIRE","EMEA"
"537403","71053","WHITE METAL LANTERN","7","2011-03-23 09:19:00","3.46","13777.0","EIRE","EMEA"
"537403","20685","DOORMAT RED RETROSPOT","12","2011-03-23 09:19:00","7.23","13777.0","EIRE","EMEA"
"537403","21730","GLASS STAR FROSTED T-LIGHT HOLDER","9","2011-03-23 09:19:00","4.56","13777.0","EIRE","EMEA"
"537404","84029G","KNITTED UNION FLAG HOT WATER BOTTLE","11","2011-04-09 15:43:00","3.37","15311.0","France","EMEA"
"537404","22632","HAND WARMER RED POLKA DOT","7","2011-04-09 15:43:00","1.77","15311.0","France","EMEA"
"537404","22632","HAND WARMER RED POLKA DOT","5","2011-04-09 15:43:00","2.17","15311.0","France","EMEA"
"537405","85099B","JUMBO BAG RED RETROSPOT","1","2011-03-24 13:41:00","1.59","17809.0","EIRE","EMEA"
"537405","71053","WHITE METAL LANTERN","11","2011-03-24 13:41:00","3.65","17809.0","EIRE","EMEA"
"537406","22752","SET 7 BABUSHKA NESTING BOXES","4","2011-04-29 13:08:00","8.08","14606.0","Germany","EMEA"
"537406","22752","SET 7 BABUSHKA NESTING BOXES","10","2011-04-29 13:08:00","7.77","14606.0","Germany","EMEA"
"537406","85123A","WHITE HANGING HEART T-LIGHT HOLDER","2","2011-04-29 13:08:00","2.91","14606.0","Germany","EMEA"
"537407","22752","SET 7 BABUSHKA NESTING BOXES","10","2011-04-06 15:03:00","8.07","14606.0","Netherlands","EMEA"
"537407","84029E","RED WOOLLY HOTTIE WHITE HEART","6","2011-04-06 15:03:00","3.7","14606.0","Netherlands","EMEA"
"537408","71053","WHITE METAL LANTERN","1","2011-03-17 13:09:00","3.37","13047.0","Canada","AMER"
"537408","85099B","JUMBO BAG RED RETROSPOT","4","2011-03-17 13:09:00","1.85","13047.0","Canada","AMER"
"537408","85099B","JUMBO BAG RED RETROSPOT","8","2011-03-17 13:09:00","1.55","13047.0","Canada","AMER"
"537409","84029E","RED WOOLLY HOTTIE WHITE HEART","3","2011-04-23 14:01:00","3.33","15311.0","Germany","EMEA"
"537409","71053","WHITE METAL LANTERN","1","2011-04-23 14:01:00","3.31","15311.0","Germany","EMEA"
"537410","84406B","CREAM CUPID HEARTS COAT HANGER","2","2011-04-08 15:22:00","2.67","13777.0","USA","AMER"
"537410","85123A","WHITE HANGING HEART T-LIGHT HOLDER","9","2011-04-08 15:22:00","2.62","13777.0","USA","AMER"
"537411","22752","SET 7 BABUSHKA NESTING BOXES","12","2011-03-12 13:43:00","7.81","14606.0","Netherlands","EMEA"
"537411","20685","DOORMAT RED RETROSPOT","9","2011-03-12 13:43:00","7.21","14606.0","Netherlands","EMEA"
"537412","85099B","JUMBO BAG RED RETROSPOT","6","2011-04-09 08:47:00","2.03","12583.0","France","EMEA"
"537413","21730","GLASS STAR FROSTED T-LIGHT HOLDER","8","2011-03-06 08:22:00","4.28","13777.0","Germany","EMEA"
"537413","20685","DOORMAT RED RETROSPOT","3","2011-03-06 08:22:00","7.35","13777.0","Germany","EMEA"
"537414","85123A","WHITE HANGING HEART T-LIGHT HOLDER","7","2011-04-23 08:29:00","2.6","16029.0","Belgium","EMEA"
"537414","22632","HAND WARMER RED POLKA DOT","11","2011-04-23 08:29:00","2.05","16029.0","Belgium","EMEA"
"537414","20685","DOORMAT RED RETROSPOT","4","2011-04-23 08:29:00","7.18","16029.0","Belgium","EMEA"
"537415","22633","HAND WARMER UNION JACK","6","2011-04-10 13:05:00","2.13","15291.0","EIRE","EMEA"
"537415","85123A","WHITE HANGING HEART T-LIGHT HOLDER","5","2011-04-10 13:05:00","2.73","15291.0","EIRE","EMEA"
"537415","85123A","WHITE HANGING HEART T-LIGHT HOLDER","1","2011-04-10 13:05:00","2.63","15291.0","EIRE","EMEA"
"537416","84029G","KNITTED UNION FLAG HOT WATER BOTTLE","3","2011-03-26 10:29:00","3.51","13777.0","United Kingdom","EMEA"
"537417","22632","HAND WARMER RED POLKA DOT","4","2011-03-30 12:13:00","1.84","12583.0","USA","AMER"
"537418","84029G","KNITTED UNION FLAG HOT WATER BOTTLE","5","2011-03-22 08:27:00","3.61","12583.0","France","EMEA"
"537418","22633","HAND WARMER UNION JACK","4","2011-03-22 08:27:00","2.29","12583.0","France","EMEA"
"537419","84029E","RED WOOLLY HOTTIE WHITE HEART","7","2011-04-24 08:04:00","3.44","15311.0","France","EMEA"
"537419","22633","HAND WARMER UNION JACK","6","2011-04-24 08:04:00","2.31","15311.0","France","EMEA"
"537419","85123A","WHITE HANGING HEART T-LIGHT HOLDER","4","2011-04-24 08:04:00","2.77","15311.0","France","EMEA"
"537420","22752","SET 7 BABUSHKA NESTING BOXES","12","2011-04-27 09:34:00","7.65","14606.0","Netherlands","EMEA"
"537420","84029G","KNITTED UNION FLAG HOT WATER BOTTLE","10","2011-04-27 09:34:00","3.59","14606.0","Netherlands","EMEA"
"537420","85123A","WHITE HANGING HEART T-LIGHT HOLDER","2","2011-04-27 09:34:00","2.87","14606.0","Netherlands","EMEA"
"537421","22752","SET 7 BABUSHKA NESTING BOXES","1","2011-03-14 11:02:00","7.9","14606.0","Spain","EMEA"
"537422","84029E","RED WOOLLY HOTTIE WHITE HEART","1","2011-04-27 11:52:00","3.69","16029.0","Canada","AMER"
"537423","22633","HAND WARMER UNION JACK","7","2011-04-16 16:59:00","2.05","17850.0","United Kingdom","EMEA"
"537423","85099B","JUMBO BAG RED RETROSPOT","9","2011-04-16 16:59:00","1.79","17850.0","United Kingdom","EMEA"
"537424","84406B","CREAM CUPID HEARTS COAT HANGER","8","2011-03-10 10:22:00","2.91","14606.0","USA","AMER"
"537424","22632","HAND WARMER RED POLKA DOT","6","2011-03-10 10:22:00","2.03","14606.0","USA","AMER"
"537425","84406B","CREAM CUPID HEARTS COAT HANGER","8","2011-03-20 10:37:00","2.95","14606.0","Belgium","EMEA"
"537425","85123A","WHITE HANGING HEART T-LIGHT HOLDER","2","2011-03-20 10:37:00","2.81","14606.0","Belgium","EMEA"
"537426","22633","HAND WARMER UNION JACK","5","2011-04-15 14:52:00","2.12","12583.0","Netherlands","EMEA"
"537427","85123A","WHITE HANGING HEART T-LIGHT HOLDER","10","2011-03-06 14:24:00","3.03","12583.0","France","EMEA"
"537428","47566","PARTY BUNTING","9","2011-04-02 09:17:00","5.12","15311.0","France","EMEA"
"537428","20685","DOORMAT RED RETROSPOT","5","2011-04-02 09:17:00","7.09","15311.0","France","EMEA"
"537429","47566","PARTY BUNTING","4","2011-03-30 15:28:00","4.92","17809.0","EIRE","EMEA"
"537430","21730","GLASS STAR FROSTED T-LIGHT HOLDER","12","2011-04-07 11:33:00","4.73","14606.0","United Kingdom","EMEA"
"537430","21730","GLASS STAR FROSTED T-LIGHT HOLDER","3","2011-04-07 11:33:00","4.6","14606.0","United Kingdom","EMEA"
"537431","84029G","KNITTED UNION FLAG HOT WATER BOTTLE","12","2011-04-10 13:13:00","3.57","17809.0","Australia","APAC"
"537432","85123A","WHITE HANGING HEART T-LIGHT HOLDER","12","2011-03-30 14:13:00","3.02","13777.0","Spain","EMEA"
"537432","22752","SET 7 BABUSHKA NESTING BOXES","9","2011-03-30 14:13:00","7.76","13777.0","Spain","EMEA"
"537432","84406B","CREAM CUPID HEARTS COAT HANGER","8","2011-03-30 14:13:00","3.18","13777.0","Spain","EMEA"
"537433","47566","PARTY BUNTING","10","2011-04-29 14:54:00","5.44","14606.0","Netherlands","EMEA"
"537433","22752","SET 7 BABUSHKA NESTING BOXES","11","2011-04-29 14:54:00","7.93","14606.0","Netherlands","EMEA"
"537434","84029G","KNITTED UNION FLAG HOT WATER BOTTLE","12","2011-03-15 08:40:00","3.58","13777.0","Canada","AMER"
"537434","22632","HAND WARMER RED POLKA DOT","6","2011-03-15 08:40:00","2.35","13777.0","Canada","AMER"
"537434","71053","WHITE METAL LANTERN","5","2011-03-15 08:40:00","3.69","13777.0","Canada","AMER"
"537435","20685","DOORMAT RED RETROSPOT","4","2011-04-30 16:54:00","7.22","12583.0","Spain","EMEA"
"537435","22633","HAND WARMER UNION JACK","7","2011-04-30 16:54:00","1.82","12583.0","Spain","EMEA"
"537435","85123A","WHITE HANGING HEART T-LIGHT HOLDER","8","2011-04-30 16:54:00","2.64","12583.0","Spain","EMEA"
"537436","22752","SET 7 BABUSHKA NESTING BOXES","6","2011-03-07 13:49:00","8.03","13047.0","Belgium","EMEA"
"537436","85123A","WHITE HANGING HEART T-LIGHT HOLDER","8","2011-03-07 13:49:00","3.01","13047.0","Belgium","EMEA"
"537437","47566","PARTY BUNTING","7","2011-04-05 16:25:00","5.38","13047.0","USA","AMER"
"537437","71053","WHITE METAL LANTERN","6","2011-04-05 16:25:00","3.62","13047.0","USA","AMER"
"537437","47566","PARTY BUNTING","1","2011-04-05 16:25:00","4.89","13047.0","USA","AMER"
"537438","22633","HAND WARMER UNION JACK","1","2011-04-23 10:37:00","2.24","13777.0","USA","AMER"
"537439","71053","WHITE METAL LANTERN","6","2011-04-02 11:41:00","3.74","14096.0","France","EMEA"
"537439","84406B","CREAM CUPID HEARTS COAT HANGER","11","2011-04-02 11:41:00","3.17","14096.0","France","EMEA"
"537439","84406B","CREAM CUPID HEARTS COAT HANGER","1","2011-04-02 11:41:00","2.88","14096.0","France","EMEA"
"537440","47566","PARTY BUNTING","1","2011-03-26 15:26:00","5.06","13047.0","Germany","EMEA"
"537440","84029G","KNITTED UNION FLAG HOT WATER BOTTLE","6","2011-03-26 15:26:00","3.75","13047.0","Germany","EMEA"
"537441","84029E","RED WOOLLY HOTTIE WHITE HEART","12","2011-04-17 09:38:00","3.56","12583.0","USA","AMER"
"537441","47566","PARTY BUNTING","12","2011-04-17 09:38:00","4.85","12583.0","USA","AMER"
"537442","20685","DOORMAT RED RETROSPOT","8","2011-04-01 09:02:00","7.45","12583.0","EIRE","EMEA"
"537443","84406B","CREAM CUPID HEARTS COAT HANGER","4","2011-03-24 10:07:00","3.14","13777.0","Netherlands","EMEA"
"537444","21730","GLASS STAR FROSTED T-LIGHT HOLDER","12","2011-04-09 08:20:00","4.3","15291.0","Spain","EMEA"
"537445","85123A","WHITE HANGING HEART T-LIGHT HOLDER","11","2011-03-09 09:47:00","2.84","13777.0","Germany","EMEA"
"537446","20685","DOORMAT RED RETROSPOT","7","2011-04-20 09:33:00","7.44","13047.0","EIRE","EMEA"
"537446","20685","DOORMAT RED RETROSPOT","8","2011-04-20 09:33:00","7.5","13047.0","EIRE","EMEA"
"537447","84029G","KNITTED UNION FLAG HOT WATER BOTTLE","6","2011-04-04 15:34:00","3.3","16029.0","Germany","EMEA"
"537447","22752","SET 7 BABUSHKA NESTING BOXES","5","2011-04-04 15:34:00","8.1","16029.0","Germany","EMEA"
"537447","22752","SET 7 BABUSHKA NESTING BOXES","10","2011-04-04 15:34:00","7.66","16029.0","Germany","EMEA"
"537448","84029E","RED WOOLLY HOTTIE WHITE HEART","8","2011-03-07 10:22:00","3.29","15311.0","Germany","EMEA"
"537448","47566","PARTY BUNTING","10","2011-03-07 10:22:00","5.15","15311.0","Germany","EMEA"
"537448","84029E","RED WOOLLY HOTTIE WHITE HEART","2","2011-03-07 10:22:00","3.43","15311.0","Germany","EMEA"
"537449","21730","GLASS STAR FROSTED T-LIGHT HOLDER","5","2011-03-18 08:28:00","4.6","17809.0","United Kingdom","EMEA"
"537449","22633","HAND WARMER UNION JACK","2","2011-03-18 08:28:00","2.14","17809.0","United Kingdom","EMEA"
"537449","85099B","JUMBO BAG RED RETROSPOT","7","2011-03-18 08:28:00","1.97","17809.0","United Kingdom","EMEA"
"537450","20685","DOORMAT RED RETROSPOT","2","2011-03-13 14:35:00","7.09","14606.0","Canada","AMER"
"537450","84029E","RED WOOLLY HOTTIE WHITE HEART","6","2011-03-13 14:35:00","3.83","14606.0","Canada","AMER"
"537450","84029G","KNITTED UNION FLAG HOT WATER BOTTLE","10","2011-03-13 14:35:00","3.46","14606.0","Canada","AMER"
"537451","85123A","WHITE HANGING HEART T-LIGHT HOLDER","8","2011-04-23 10:49:00","2.91","13777.0","United Kingdom","EMEA"
"537451","84029E","RED WOOLLY HOTTIE WHITE HEART","12","2011-04-23 10:49:00","3.82","13777.0","United Kingdom","EMEA"
"537451","85099B","JUMBO BAG RED RETROSPOT","9","2011-04-23 10:49:00","1.72","13777.0","United Kingdom","EMEA"
"537452","22633","HAND WARMER UNION JACK","12","2011-03-12 10:10:00","2.04","17850.0","Spain","EMEA"
"537452","21730","GLASS STAR FROSTED T-LIGHT HOLDER","11","2011-03-12 10:10:00","4.15","17850.0","Spain","EMEA"
"537452","71053","WHITE METAL LANTERN","9","2011-03-12 10:10:00","3.88","17850.0","Spain","EMEA"
"537453","22633","HAND WARMER UNION JACK","10","2011-03-09 13:11:00","1.87","13777.0","Belgium","EMEA"
"537453","20685","DOORMAT RED RETROSPOT","12","2011-03-09 13:11:00","7.47","13777.0","Belgium","EMEA"
"537454","47566","PARTY BUNTING","1","2011-04-26 09:45:00","5.09","17809.0","Spain","EMEA"
"537454","22633","HAND WARMER UNION JACK","5","2011-04-26 09:45:00","2.13","17809.0","Spain","EMEA"
"537455","84029G","KNITTED UNION FLAG HOT WATER BOTTLE","12","2011-03-13 08:26:00","3.46","15291.0","United Kingdom","EMEA"
"537456","84406B","CREAM CUPID HEARTS COAT HANGER","6","2011-03-02 16:16:00","2.92","13047.0","Australia","APAC"
"537457","84029G","KNITTED UNION FLAG HOT WATER BOTTLE","6","2011-03-12 11:29:00","3.42","14606.0","Netherlands","EMEA"
"537457","84029E","RED WOOLLY HOTTIE WHITE HEART","10","2011-03-12 11:29:00","3.8","14606.0","Netherlands","EMEA"
"537457","84406B","CREAM CUPID HEARTS COAT HANGER","5","2011-03-12 11:29:00","3.24","14606.0","Netherlands","EMEA"
"537458","84406B","CREAM CUPID HEARTS COAT HANGER","6","2011-04-02 11:10:00","3.16","16029.0","USA","AMER"
"537458","84029G","KNITTED UNION FLAG HOT WATER BOTTLE","6","2011-04-02 11:10:00","3.31","16029.0","USA","AMER"
"537459","47566","PARTY BUNTING","1","2011-03-17 14:40:00","4.97","13777.0","Australia","APAC"
"537460","22633","HAND WARMER UNION JACK","1","2011-04-25 09:14:00","1.95","13777.0","Spain","EMEA"
"537460","22633","HAND WARMER UNION JACK","11","2011-04-25 09:14:00","2.18","13777.0","Spain","EMEA"
"537460","20685","DOORMAT RED RETROSPOT","6","2011-04-25 09:14:00","7.06","13777.0","Spain","EMEA"
"537461","20685","DOORMAT RED RETROSPOT","5","2011-04-16 08:02:00","6.99","12583.0","Germany","EMEA"
"537462","84029G","KNITTED UNION FLAG HOT WATER BOTTLE","11","2011-03-09 08:12:00","3.79","14606.0","EIRE","EMEA"
"537463","84029G","KNITTED UNION FLAG HOT WATER BOTTLE","6","2011-03-20 13:58:00","3.79","15291.0","EIRE","EMEA"
"537463","85123A","WHITE HANGING HEART T-LIGHT HOLDER","3","2011-03-20 13:58:00","2.51","15291.0","EIRE","EMEA"
"537464","21730","GLASS STAR FROSTED T-LIGHT HOLDER","7","2011-04-04 11:25:00","4.49","15311.0","Belgium","EMEA"
"537464","85099B","JUMBO BAG RED RETROSPOT","4","2011-04-04 11:25:00","1.79","15311.0","Belgium","EMEA"
"537464","22752","SET 7 BABUSHKA NESTING BOXES","9","2011-04-04 11:25:00","7.78","15311.0","Belgium","EMEA"
"537465","20685","DOORMAT RED RETROSPOT","6","2011-03-05 15:34:00","7.49","16029.0","Spain","EMEA"
"537465","71053","WHITE METAL LANTERN","4","2011-03-05 15:34:00","3.72","16029.0","Spain","EMEA"
"537465","84029E","RED WOOLLY HOTTIE WHITE HEART","5","2011-03-05 15:34:00","3.77","16029.0","Spain","EMEA"
"537466","21730","GLASS STAR FROSTED T-LIGHT HOLDER","8","2011-04-14 10:38:00","4.45","15311.0","Netherlands","EMEA"
"537466","22633","HAND WARMER UNION JACK","6","2011-04-14 10:38:00","2.1","15311.0","Netherlands","EMEA"
"537466","84406B","CREAM CUPID HEARTS COAT HANGER","9","2011-04-14 10:38:00","2.78","15311.0","Netherlands","EMEA"
"537467","21730","GLASS STAR FROSTED T-LIGHT HOLDER","7","2011-04-12 14:06:00","4.39","15291.0","USA","AMER"
"537467","84029G","KNITTED UNION FLAG HOT WATER BOTTLE","5","2011-04-12 14:06:00","3.4","15291.0","USA","AMER"
"537467","22632","HAND WARMER RED POLKA DOT","1","2011-04-12 14:06:00","2.11","15291.0","USA","AMER"
"537468","22632","HAND WARMER RED POLKA DOT","3","2011-04-16 09:24:00","1.93","14606.0","Netherlands","EMEA"
"537469","84029E","RED WOOLLY HOTTIE WHITE HEART","11","2011-04-18 13:43:00","3.63","17850.0","Australia","APAC"
"537469","71053","WHITE METAL LANTERN","11","2011-04-18 13:43:00","3.85","17850.0","Australia","APAC"
"537470","21730","GLASS STAR FROSTED T-LIGHT HOLDER","6","2011-03-24 12:31:00","4.21","14096.0","United Kingdom","EMEA"
"537470","84406B","CREAM CUPID HEARTS COAT HANGER","7","2011-03-24 12:31:00","2.94","14096.0","United Kingdom","EMEA"
"537471","22752","SET 7 BABUSHKA NESTING BOXES","4","2011-04-27 08:29:00","7.76","16029.0","Spain","EMEA"
"537471","84029G","KNITTED UNION FLAG HOT WATER BOTTLE","9","2011-04-27 08:29:00","3.44","16029.0","Spain","EMEA"
"537471","22752","SET 7 BABUSHKA NESTING BOXES","7","2011-04-27 08:29:00","7.65","16029.0","Spain","EMEA"
"537472","22752","SET 7 BABUSHKA NESTING BOXES","2","2011-03-20 13:27:00","7.75","15311.0","EIRE","EMEA"
"537472","22632","HAND WARMER RED POLKA DOT","3","2011-03-20 13:27:00","1.84","15311.0","EIRE","EMEA"
"537472","84029G","KNITTED UNION FLAG HOT WATER BOTTLE","1","2011-03-20 13:27:00","3.65","15311.0","EIRE","EMEA"
"537473","21730","GLASS STAR FROSTED T-LIGHT HOLDER","8","2011-03-03 13:36:00","4.39","14096.0","Australia","APAC"
"537473","20685","DOORMAT RED RETROSPOT","6","2011-03-03 13:36:00","7.38","14096.0","Australia","APAC"
"537474","84029G","KNITTED UNION FLAG HOT WATER BOTTLE","4","2011-03-18 16:43:00","3.75","12583.0","Germany","EMEA"
"537474","84029E","RED WOOLLY HOTTIE WHITE HEART","5","2011-03-18 16:43:00","3.35","12583.0","Germany","EMEA"
"537475","20685","DOORMAT RED RETROSPOT","12","2011-04-23 14:37:00","7.45","16029.0","Australia","APAC"
"537475","22632","HAND WARMER RED POLKA DOT","10","2011-04-23 14:37:00","1.84","16029.0","Australia","APAC"
"537476","47566","PARTY BUNTING","4","2011-03-07 12:41:00","5.41","16029.0","France","EMEA"
"537476","84029G","KNITTED UNION FLAG HOT WATER BOTTLE","6","2011-03-07 12:41:00","3.67","16029.0","France","EMEA"
"537476","85099B","JUMBO BAG RED RETROSPOT","3","2011-03-07 12:41:00","1.92","16029.0","France","EMEA"
"537477","21730","GLASS STAR FROSTED T-LIGHT HOLDER","12","2011-04-18 09:44:00","4.55","13047.0","EIRE","EMEA"
"537477","21730","GLASS STAR FROSTED T-LIGHT HOLDER","8","2011-04-18 09:44:00","4.56","13047.0","EIRE","EMEA"
"537477","84029E","RED WOOLLY HOTTIE WHITE HEART","8","2011-04-18 09:44:00","3.6","13047.0","EIRE","EMEA"
"537478","22633","HAND WARMER UNION JACK","2","2011-03-13 10:00:00","2.07","13777.0","USA","AMER"
"537478","71053","WHITE METAL LANTERN","7","2011-03-13 10:00:00","3.66","13777.0","USA","AMER"
"537479","47566","PARTY BUNTING","8","2011-03-10 14:48:00","5.42","15291.0","Germany","EMEA"
"537479","85099B","JUMBO BAG RED RETROSPOT","2","2011-03-10 14:48:00","1.85","15291.0","Germany","EMEA"
"537480","47566","PARTY BUNTING","9","2011-03-22 11:46:00","5.25","13047.0","United Kingdom","EMEA"
"537480","84029E","RED WOOLLY HOTTIE WHITE HEART","1","2011-03-22 11:46:00","3.5","13047.0","United Kingdom","EMEA"
"537481","20685","DOORMAT RED RETROSPOT","10","2011-03-05 12:45:00","7.3","16029.0","Germany","EMEA"
"537481","22752","SET 7 BABUSHKA NESTING BOXES","11","2011-03-05 12:45:00","8.02","16029.0","Germany","EMEA"
"537482","84029E","RED WOOLLY HOTTIE WHITE HEART","3","2011-03-11 14:05:00","3.38","14606.0","Australia","APAC"
"537483","84406B","CREAM CUPID HEARTS COAT HANGER","3","2011-03-19 13:05:00","2.96","17850.0","Spain","EMEA"
"537483","22752","SET 7 BABUSHKA NESTING BOXES","9","2011-03-19 13:05:00","7.89","17850.0","Spain","EMEA"
"537484","20685","DOORMAT RED RETROSPOT","4","2011-04-05 09:03:00","7.19","17850.0","Australia","APAC"
"537485","47566","PARTY BUNTING","2","2011-04-28 09:35:00","4.87","15311.0","Spain","EMEA"
"537485","84029E","RED WOOLLY HOTTIE WHITE HEART","11","2011-04-28 09:35:00","3.81","15311.0","Spain","EMEA"
"537485","84406B","CREAM CUPID HEARTS COAT HANGER","5","2011-04-28 09:35:00","2.89","15311.0","Spain","EMEA"
"537486","85099B","JUMBO BAG RED RETROSPOT","11","2011-04-10 13:16:00","1.89","15291.0","France","EMEA"
"537487","85099B","JUMBO BAG RED RETROSPOT","6","2011-03-26 11:06:00","1.58","12583.0","Australia","APAC"
"537487","71053","WHITE METAL LANTERN","1","2011-03-26 11:06:00","3.62","12583.0","Australia","APAC"
"537487","21730","GLASS STAR FROSTED T-LIGHT HOLDER","8","2011-03-26 11:06:00","4.65","12583.0","Australia","APAC"
"537488","85123A","WHITE HANGING HEART T-LIGHT HOLDER","4","2011-03-23 15:38:00","2.64","16029.0","France","EMEA"
"537488","85099B","JUMBO BAG RED RETROSPOT","1","2011-03-23 15:38:00","2.05","16029.0","France","EMEA"
"537489","84029G","KNITTED UNION FLAG HOT WATER BOTTLE","6","2011-04-17 16:10:00","3.63","12583.0","Spain","EMEA"
"537489","22632","HAND WARMER RED POLKA DOT","5","2011-04-17 16:10:00","2.24","12583.0","Spain","EMEA"
"537490","20685","DOORMAT RED RETROSPOT","7","2011-04-30 09:34:00","7.15","14096.0","Australia","APAC"
"537490","22632","HAND WARMER RED POLKA DOT","12","2011-04-30 09:34:00","2.31","14096.0","Australia","APAC"
"537490","71053","WHITE METAL LANTERN","3","2011-04-30 09:34:00","3.34","14096.0","Australia","APAC"
"537491","47566","PARTY BUNTING","11","2011-03-25 08:22:00","4.97","16029.0","Spain","EMEA"
"537492","84029G","KNITTED UNION FLAG HOT WATER BOTTLE","6","2011-03-10 15:09:00","3.37","14096.0","United Kingdom","EMEA"
"537492","84029E","RED WOOLLY HOTTIE WHITE HEART","12","2011-03-10 15:09:00","3.87","14096.0","United Kingdom","EMEA"
"537493","22632","HAND WARMER RED POLKA DOT","9","2011-03-08 11:54:00","2.03","13047.0","Belgium","EMEA"
"537494","47566","PARTY BUNTING","9","2011-03-07 14:10:00","5.02","13777.0","Netherlands","EMEA"
"537494","20685","DOORMAT RED RETROSPOT","6","2011-03-07 14:10:00","7.53","13777.0","Netherlands","EMEA"
"537494","22632","HAND WARMER RED POLKA DOT","8","2011-03-07 14:10:00","2.33","13777.0","Netherlands","EMEA"
"537495","71053","WHITE METAL LANTERN","5","2011-03-28 12:26:00","3.52","16029.0","United Kingdom","EMEA"
"537495","47566","PARTY BUNTING","5","2011-03-28 12:26:00","5.16","16029.0","United Kingdom","EMEA"
"537495","22632","HAND WARMER RED POLKA DOT","11","2011-03-28 12:26:00","1.96","16029.0","United Kingdom","EMEA"
"537496","22752","SET 7 BABUSHKA NESTING BOXES","9","2011-03-28 14:32:00","8.1","13047.0","United Kingdom","EMEA"
"537496","21730","GLASS STAR FROSTED T-LIGHT HOLDER","8","2011-03-28 14:32:00","4.74","13047.0","United Kingdom","EMEA"
"537496","22633","HAND WARMER UNION JACK","9","2011-03-28 14:32:00","2.11","13047.0","United Kingdom","EMEA"
"537497","22752","SET 7 BABUSHKA NESTING BOXES","4","2011-04-09 15:49:00","7.92","14606.0","France","EMEA"
"537498","47566","PARTY BUNTING","10","2011-04-29 09:55:00","5.19","14096.0","EIRE","EMEA"
"537499","20685","DOORMAT RED RETROSPOT","12","2011-03-16 16:59:00","7.22","17850.0","Belgium","EMEA"
"537500","20685","DOORMAT RED RETROSPOT","4","2011-04-26 12:08:00","7.5","13777.0","Netherlands","EMEA"
"537501","85099B","JUMBO BAG RED RETROSPOT","4","2011-04-17 16:00:00","1.82","13777.0","EIRE","EMEA"
"537501","22633","HAND WARMER UNION JACK","2","2011-04-17 16:00:00","2.08","13777.0","EIRE","EMEA"
"537501","22752","SET 7 BABUSHKA NESTING BOXES","9","2011-04-17 16:00:00","8.08","13777.0","EIRE","EMEA"
"537502","84406B","CREAM CUPID HEARTS COAT HANGER","1","2011-03-26 09:44:00","2.8","14606.0","Australia","APAC"
"537503","21730","GLASS STAR FROSTED T-LIGHT HOLDER","7","2011-03-21 14:20:00","4.28","14606.0","Netherlands","EMEA"
"537503","21730","GLASS STAR FROSTED T-LIGHT HOLDER","12","2011-03-21 14:20:00","4.6","14606.0","Netherlands","EMEA"
"537504","47566","PARTY BUNTING","3","2011-04-12 09:13:00","5.33","15291.0","EIRE","EMEA"
"537504","84406B","CREAM CUPID HEARTS COAT HANGER","3","2011-04-12 09:13:00","2.78","15291.0","EIRE","EMEA"
"537505","22633","HAND WARMER UNION JACK","10","2011-03-07 08:14:00","2.2","12583.0","Spain","EMEA"
"537506","85099B","JUMBO BAG RED RETROSPOT","9","2011-04-27 08:19:00","1.82","12583.0","USA","AMER"
"537506","20685","DOORMAT RED RETROSPOT","12","2011-04-27 08:19:00","7.11","12583.0","USA","AMER"
"537506","20685","DOORMAT RED RETROSPOT","1","2011-04-27 08:19:00","7.53","12583.0","USA","AMER"
"537507","22633","HAND WARMER UNION JACK","12","2011-03-13 13:49:00","2.09","15311.0","France","EMEA"
"537508","20685","DOORMAT RED RETROSPOT","6","2011-04-10 15:45:00","7.34","13777.0","EIRE","EMEA"
"537508","71053","WHITE METAL LANTERN","3","2011-04-10 15:45:00","3.65","13777.0","EIRE","EMEA"
"537508","47566","PARTY BUNTING","11","2011-04-10 15:45:00","5.22","13777.0","EIRE","EMEA"
"537509","22633","HAND WARMER UNION JACK","1","2011-03-05 11:13:00","2.2","17850.0","France","EMEA"
"537509","22752","SET 7 BABUSHKA NESTING BOXES","8","2011-03-05 11:13:00","8.08","17850.0","France","EMEA"
"537509","20685","DOORMAT RED RETROSPOT","1","2011-03-05 11:13:00","7.38","17850.0","France","EMEA"
"537510","85099B","JUMBO BAG RED RETROSPOT","2","2011-04-15 12:38:00","2.11","13777.0","United Kingdom","EMEA"
"537510","71053","WHITE METAL LANTERN","4","2011-04-15 12:38:00","3.65","13777.0","United Kingdom","EMEA"
"537511","21730","GLASS STAR FROSTED T-LIGHT HOLDER","12","2011-04-25 14:37:00","4.34","15311.0","France","EMEA"
"537511","84029G","KNITTED UNION FLAG HOT WATER BOTTLE","9","2011-04-25 14:37:00","3.79","15311.0","France","EMEA"
"537511","21730","GLASS STAR FROSTED T-LIGHT HOLDER","9","2011-04-25 14:37:00","4.28","15311.0","France","EMEA"
"537512","85099B","JUMBO BAG RED RETROSPOT","4","2011-04-14 08:45:00","2.11","17850.0","USA","AMER"
"537513","22633","HAND WARMER UNION JACK","12","2011-04-28 14:47:00","2.21","15311.0","EIRE","EMEA"
"537513","84029G","KNITTED UNION FLAG HOT WATER BOTTLE","12","2011-04-28 14:47:00","3.53","15311.0","EIRE","EMEA"
"537513","84029E","RED WOOLLY HOTTIE WHITE HEART","12","2011-04-28 14:47:00","3.86","15311.0","EIRE","EMEA"
"537514","22752","SET 7 BABUSHKA NESTING BOXES","7","2011-03-05 12:56:00","7.6","14096.0","Australia","APAC"
"537514","85099B","JUMBO BAG RED RETROSPOT","12","2011-03-05 12:56:00","1.74","14096.0","Australia","APAC"
"537515","21730","GLASS STAR FROSTED T-LIGHT HOLDER","12","2011-04-11 09:00:00","4.72","13047.0","USA","AMER"
"537516","84029G","KNITTED UNION FLAG HOT WATER BOTTLE","2","2011-04-21 10:10:00","3.74","12583.0","Spain","EMEA"
"537516","22633","HAND WARMER UNION JACK","12","2011-04-21 10:10:00","2.05","12583.0","Spain","EMEA"
"537516","20685","DOORMAT RED RETROSPOT","6","2011-04-21 10:10:00","7.41","12583.0","Spain","EMEA"
"537517","71053","WHITE METAL LANTERN","1","2011-04-11 10:02:00","3.89","15311.0","Canada","AMER"
"537517","22632","HAND WARMER RED POLKA DOT","10","2011-04-11 10:02:00","2.23","15311.0","Canada","AMER"
"537517","20685","DOORMAT RED RETROSPOT","2","2011-04-11 10:02:00","7.53","15311.0","Canada","AMER"
"537518","85099B","JUMBO BAG RED RETROSPOT","8","2011-03-10 10:41:00","1.73","15311.0","France","EMEA"
"537518","20685","DOORMAT RED RETROSPOT","8","2011-03-10 10:41:00","7.29","15311.0","France","EMEA"
"537519","71053","WHITE METAL LANTERN","1","2011-04-26 12:17:00","3.6","16029.0","Germany","EMEA"
"537520","84406B","CREAM CUPID HEARTS COAT HANGER","6","2011-04-18 12:16:00","2.8","14606.0","EIRE","EMEA"
"537520","84029E","RED WOOLLY HOTTIE WHITE HEART","3","2011-04-18 12:16:00","3.45","14606.0","EIRE","EMEA"
"537520","84029E","RED WOOLLY HOTTIE WHITE HEART","2","2011-04-18 12:16:00","3.77","14606.0","EIRE","EMEA"
"537521","22633","HAND WARMER UNION JACK","1","2011-03-17 15:47:00","1.84","15291.0","Netherlands","EMEA"
"537521","47566","PARTY BUNTING","3","2011-03-17 15:47:00","5.15","15291.0","Netherlands","EMEA"
"537521","85099B","JUMBO BAG RED RETROSPOT","4","2011-03-17 15:47:00","1.6","15291.0","Netherlands","EMEA"
"537522","71053","WHITE METAL LANTERN","1","2011-03-29 09:38:00","3.47","17809.0","Germany","EMEA"
"537522","84029G","KNITTED UNION FLAG HOT WATER BOTTLE","12","2011-03-29 09:38:00","3.65","17809.0","Germany","EMEA"
"537522","47566","PARTY BUNTING","12","2011-03-29 09:38:00","5.34","17809.0","Germany","EMEA"
"537523","84029E","RED WOOLLY HOTTIE WHITE HEART","3","2011-03-02 10:54:00","3.5","13047.0","Spain","EMEA"
"537524","21730","GLASS STAR FROSTED T-LIGHT HOLDER","3","2011-03-14 09:03:00","4.4","14096.0","Canada","AMER"
"537524","22632","HAND WARMER RED POLKA DOT","5","2011-03-14 09:03:00","1.92","14096.0","Canada","AMER"
"537525","21730","GLASS STAR FROSTED T-LIGHT HOLDER","11","2011-04-20 15:50:00","4.7","13777.0","USA","AMER"
"537526","21730","GLASS STAR FROSTED T-LIGHT HOLDER","11","2011-04-14 15:59:00","4.47","13047.0","Belgium","EMEA"
"537526","20685","DOORMAT RED RETROSPOT","3","2011-04-14 15:59:00","7.32","13047.0","Belgium","EMEA"
"537526","21730","GLASS STAR FROSTED T-LIGHT HOLDER","3","2011-04-14 15:59:00","4.58","13047.0","Belgium","EMEA"
"537527","20685","DOORMAT RED RETROSPOT","9","2011-04-19 15:23:00","7.36","12583.0","Spain","EMEA"
"537528","85123A","WHITE HANGING HEART T-LIGHT HOLDER","9","2011-03-05 08:46:00","2.89","14606.0","Germany","EMEA"
"537529","85123A","WHITE HANGING HEART T-LIGHT HOLDER","7","2011-04-10 10:13:00","2.66","16029.0","Netherlands","EMEA"
"537530","22752","SET 7 BABUSHKA NESTING BOXES","2","2011-04-05 10:54:00","7.74","14096.0","Australia","APAC"
"537531","47566","PARTY BUNTING","7","2011-03-02 08:19:00","5.41","15291.0","USA","AMER"
"537532","85123A","WHITE HANGING HEART T-LIGHT HOLDER","9","2011-04-06 08:23:00","2.63","14096.0","Spain","EMEA"
"537532","85099B","JUMBO BAG RED RETROSPOT","10","2011-04-06 08:23:00","1.99","14096.0","Spain","EMEA"
"537533","84029E","RED WOOLLY HOTTIE WHITE HEART","3","2011-04-17 08:58:00","3.77","13777.0","Germany","EMEA"
"537533","84029E","RED WOOLLY HOTTIE WHITE HEART","8","2011-04-17 08:58:00","3.42","13777.0","Germany","EMEA"
"537533","85123A","WHITE HANGING HEART T-LIGHT HOLDER","9","2011-04-17 08:58:00","2.95","13777.0","Germany","EMEA"
"537534","84029G","KNITTED UNION FLAG HOT WATER BOTTLE","3","2011-03-22 10:24:00","3.39","13777.0","USA","AMER"
"537534","20685","DOORMAT RED RETROSPOT","9","2011-03-22 10:24:00","7.5","13777.0","USA","AMER"
"537534","84029E","RED WOOLLY HOTTIE WHITE HEART","2","2011-03-22 10:24:00","3.43","13777.0","USA","AMER"
"537535","84406B","CREAM CUPID HEARTS COAT HANGER","11","2011-04-05 08:55:00","3.2","17809.0","EIRE","EMEA"
"537535","85123A","WHITE HANGING HEART T-LIGHT HOLDER","4","2011-04-05 08:55:00","2.74","17809.0","EIRE","EMEA"
"537535","22633","HAND WARMER UNION JACK","1","2011-04-05 08:55:00","1.77","17809.0","EIRE","EMEA"
"537536","22752","SET 7 BABUSHKA NESTING BOXES","1","2011-04-04 10:12:00","7.81","17809.0","EIRE","EMEA"
"537537","85123A","WHITE HANGING HEART T-LIGHT HOLDER","9","2011-04-17 13:30:00","3.01","13047.0","Spain","EMEA"
"537537","22632","HAND WARMER RED POLKA DOT","4","2011-04-17 13:30:00","1.85","13047.0","Spain","EMEA"
"537538","84029E","RED WOOLLY HOTTIE WHITE HEART","4","2011-03-07 14:06:00","3.5","14606.0","United Kingdom","EMEA"
"537538","84029E","RED WOOLLY HOTTIE WHITE HEART","4","2011-03-07 14:06:00","3.78","14606.0","United Kingdom","EMEA"
"537539","84406B","CREAM CUPID HEARTS COAT HANGER","5","2011-04-15 16:36:00","3.14","13047.0","Canada","AMER"
"537539","85099B","JUMBO BAG RED RETROSPOT","6","2011-04-15 16:36:00","1.82","13047.0","Canada","AMER"
"537540","84029G","KNITTED UNION FLAG HOT WATER BOTTLE","1","2011-04-16 11:12:00","3.45","14606.0","Belgium","EMEA"
"537540","85123A","WHITE HANGING HEART T-LIGHT HOLDER","4","2011-04-16 11:12:00","2.99","14606.0","Belgium","EMEA"
"537541","71053","WHITE METAL LANTERN","6","2011-04-19 09:32:00","3.69","15291.0","Netherlands","EMEA"
"537542","47566","PARTY BUNTING","3","2011-03-01 14:08:00","5.07","17809.0","EIRE","EMEA"
"537542","22632","HAND WARMER RED POLKA DOT","11","2011-03-01 14:08:00","1.77","17809.0","EIRE","EMEA"
"537543","85099B","JUMBO BAG RED RETROSPOT","5","2011-03-18 09:36:00","2.01","16029.0","Canada","AMER"
"537543","22633","HAND WARMER UNION JACK","4","2011-03-18 09:36:00","1.89","16029.0","Canada","AMER"
"537543","71053","WHITE METAL LANTERN","3","2011-03-18 09:36:00","3.78","16029.0","Canada","AMER"
"537544","21730","GLASS STAR FROSTED T-LIGHT HOLDER","9","2011-03-25 13:21:00","4.35","15291.0","EIRE","EMEA"
"537544","85099B","JUMBO BAG RED RETROSPOT","1","2011-03-25 13:21:00","2.06","15291.0","EIRE","EMEA"
"537544","84406B","CREAM CUPID HEARTS COAT HANGER","1","2011-03-25 13:21:00","3.03","15291.0","EIRE","EMEA"
"537545","22633","HAND WARMER UNION JACK","11","2011-04-04 12:48:00","2.16","15311.0","Netherlands","EMEA"
"537546","84029G","KNITTED UNION FLAG HOT WATER BOTTLE","3","2011-04-08 13:04:00","3.86","13777.0","France","EMEA"
"537546","20685","DOORMAT RED RETROSPOT","5","2011-04-08 13:04:00","7.22","13777.0","France","EMEA"
"537546","71053","WHITE METAL LANTERN","9","2011-04-08 13:04:00","3.4","13777.0","France","EMEA"
"537547","85099B","JUMBO BAG RED RETROSPOT","3","2011-03-17 14:07:00","1.58","13047.0","Canada","AMER"
"537547","20685","DOORMAT RED RETROSPOT","5","2011-03-17 14:07:00","7.0","13047.0","Canada","AMER"
"537548","85123A","WHITE HANGING HEART T-LIGHT HOLDER","1","2011-04-29 11:17:00","2.72","15291.0","Canada","AMER"
"537548","22633","HAND WARMER UNION JACK","2","2011-04-29 11:17:00","2.23","15291.0","Canada","AMER"
"537549","20685","DOORMAT RED RETROSPOT","12","2011-03-07 08:35:00","7.11","17850.0","Belgium","EMEA"
"537549","71053","WHITE METAL LANTERN","8","2011-03-07 08:35:00","3.77","17850.0","Belgium","EMEA"
"537549","84029E","RED WOOLLY HOTTIE WHITE HEART","10","2011-03-07 08:35:00","3.73","17850.0","Belgium","EMEA"
"537550","84029G","KNITTED UNION FLAG HOT WATER BOTTLE","11","2011-03-07 13:23:00","3.75","12583.0","EIRE","EMEA"
"537550","47566","PARTY BUNTING","8","2011-03-07 13:23:00","5.37","12583.0","EIRE","EMEA"
"537551","22632","HAND WARMER RED POLKA DOT","7","2011-04-01 13:08:00","1.81","13047.0","EIRE","EMEA"
"537551","84406B","CREAM CUPID HEARTS COAT HANGER","11","2011-04-01 13:08:00","2.75","13047.0","EIRE","EMEA"
"537552","84029G","KNITTED UNION FLAG HOT WATER BOTTLE","8","2011-03-09 13:36:00","3.79","17850.0","United Kingdom","EMEA"
"537553","85123A","WHITE HANGING HEART T-LIGHT HOLDER","11","2011-04-04 11:21:00","2.48","13047.0","USA","AMER"
"537553","84406B","CREAM CUPID HEARTS COAT HANGER","9","2011-04-04 11:21:00","2.93","13047.0","USA","AMER"
"537554","22633","HAND WARMER UNION JACK","6","2011-04-12 16:37:00","2.34","17850.0","Spain","EMEA"
"537554","22633","HAND WARMER UNION JACK","12","2011-04-12 16:37:00","2.06","17850.0","Spain","EMEA"
"537554","84029E","RED WOOLLY HOTTIE WHITE HEART","3","2011-04-12 16:37:00","3.84","17850.0","Spain","EMEA"
"537555","84406B","CREAM CUPID HEARTS COAT HANGER","7","2011-04-29 08:45:00","2.84","15291.0","Germany","EMEA"
"537555","71053","WHITE METAL LANTERN","11","2011-04-29 08:45:00","3.47","15291.0","Germany","EMEA"
"537556","20685","DOORMAT RED RETROSPOT","4","2011-03-20 09:24:00","7.54","15291.0","USA","AMER"
"537557","47566","PARTY BUNTING","3","2011-04-01 15:41:00","5.14","14606.0","Spain","EMEA"
"537557","47566","PARTY BUNTING","7","2011-04-01 15:41:00","5.22","14606.0","Spain","EMEA"
"537557","20685","DOORMAT RED RETROSPOT","4","2011-04-01 15:41:00","7.35","14606.0","Spain","EMEA"
"537558","22752","SET 7 BABUSHKA NESTING BOXES","12","2011-03-24 09:53:00","7.94","17809.0","United Kingdom","EMEA"
"537559","20685","DOORMAT RED RETROSPOT","4","2011-04-25 11:47:00","6.99","17809.0","Spain","EMEA"
"537560","22752","SET 7 BABUSHKA NESTING BOXES","10","2011-03-18 16:07:00","7.89","16029.0","Spain","EMEA"
"537561","84029E","RED WOOLLY HOTTIE WHITE HEART","4","2011-04-03 15:18:00","3.43","14096.0","France","EMEA"
"537561","22633","HAND WARMER UNION JACK","4","2011-04-03 15:18:00","1.82","14096.0","France","EMEA"
"537561","84029E","RED WOOLLY HOTTIE WHITE HEART","11","2011-04-03 15:18:00","3.85","14096.0","France","EMEA"
"537562","22632","HAND WARMER RED POLKA DOT","2","2011-03-15 08:03:00","2.22","17850.0","Canada","AMER"
"537563","85099B","JUMBO BAG RED RETROSPOT","5","2011-03-06 09:07:00","1.56","16029.0","EIRE","EMEA"
"537564","21730","GLASS STAR FROSTED T-LIGHT HOLDER","3","2011-03-30 16:50:00","4.19","16029.0","Netherlands","EMEA"
"537564","21730","GLASS STAR FROSTED T-LIGHT HOLDER","4","2011-03-30 16:50:00","4.3","16029.0","Netherlands","EMEA"
"537565","84029G","KNITTED UNION FLAG HOT WATER BOTTLE","5","2011-04-30 08:21:00","3.85","15311.0","Spain","EMEA"
"537565","85099B","JUMBO BAG RED RETROSPOT","8","2011-04-30 08:21:00","2.13","15311.0","Spain","EMEA"
"537566","84406B","CREAM CUPID HEARTS COAT HANGER","9","2011-03-10 11:35:00","3.03","15291.0","United Kingdom","EMEA"
"537566","22632","HAND WARMER RED POLKA DOT","2","2011-03-10 11:35:00","2.3","15291.0","United Kingdom","EMEA"
"537567","22752","SET 7 BABUSHKA NESTING BOXES","11","2011-04-11 09:37:00","7.86","13777.0","EIRE","EMEA"
"537568","22633","HAND WARMER UNION JACK","2","2011-04-20 10:58:00","1.93","15311.0","Australia","APAC"
"537569","84029E","RED WOOLLY HOTTIE WHITE HEART","7","2011-03-19 10:34:00","3.78","17809.0","Netherlands","EMEA"
"537570","84029G","KNITTED UNION FLAG HOT WATER BOTTLE","3","2011-03-29 10:03:00","3.41","15291.0","EIRE","EMEA"
"537570","84029G","KNITTED UNION FLAG HOT WATER BOTTLE","3","2011-03-29 10:03:00","3.74","15291.0","EIRE","EMEA"
"537571","84406B","CREAM CUPID HEARTS COAT HANGER","8","2011-04-09 12:15:00","3.23","14606.0","United Kingdom","EMEA"
"537571","84029E","RED WOOLLY HOTTIE WHITE HEART","1","2011-04-09 12:15:00","3.39","14606.0","United Kingdom","EMEA"
"537572","22752","SET 7 BABUSHKA NESTING BOXES","9","2011-03-21 10:16:00","8.11","15291.0","Netherlands","EMEA"
"537572","84406B","CREAM CUPID HEARTS COAT HANGER","4","2011-03-21 10:16:00","3.08","15291.0","Netherlands","EMEA"
"537573","22752","SET 7 BABUSHKA NESTING BOXES","11","2011-04-02 09:32:00","7.72","17850.0","Germany","EMEA"
"537574","84029G","KNITTED UNION FLAG HOT WATER BOTTLE","11","2011-04-17 09:16:00","3.6","17809.0","United Kingdom","EMEA"
"537574","20685","DOORMAT RED RETROSPOT","3","2011-04-17 09:16:00","7.26","17809.0","United Kingdom","EMEA"
"537574","22633","HAND WARMER UNION JACK","11","2011-04-17 09:16:00","2.21","17809.0","United Kingdom","EMEA"
"537575","84029E","RED WOOLLY HOTTIE WHITE HEART","8","2011-04-07 12:42:00","3.89","17850.0","Canada","AMER"
"537575","22632","HAND WARMER RED POLKA DOT","11","2011-04-07 12:42:00","2.22","17850.0","Canada","AMER"
"537576","84406B","CREAM CUPID HEARTS COAT HANGER","2","2011-03-19 08:26:00","3.08","12583.0","EIRE","EMEA"
"537577","22633","HAND WARMER UNION JACK","4","2011-03-14 13:16:00","2.23","15311.0","Germany","EMEA"
"537577","84029G","KNITTED UNION FLAG HOT WATER BOTTLE","8","2011-03-14 13:16:00","3.33","15311.0","Germany","EMEA"
"537578","84029E","RED WOOLLY HOTTIE WHITE HEART","11","2011-04-18 14:12:00","3.62","17809.0","Netherlands","EMEA"
"537578","84029E","RED WOOLLY HOTTIE WHITE HEART","2","2011-04-18 14:12:00","3.8","17809.0","Netherlands","EMEA"
"537579","85123A","WHITE HANGING HEART T-LIGHT HOLDER","12","2011-03-30 09:35:00","2.72","13777.0","Netherlands","EMEA"
"537579","84029E","RED WOOLLY HOTTIE WHITE HEART","10","2011-03-30 09:35:00","3.37","13777.0","Netherlands","EMEA"
"537579","85099B","JUMBO BAG RED RETROSPOT","11","2011-03-30 09:35:00","2.11","13777.0","Netherlands","EMEA"
"537580","22632","HAND WARMER RED POLKA DOT","11","2011-03-27 13:08:00","1.97","14096.0","Canada","AMER"
"537581","84406B","CREAM CUPID HEARTS COAT HANGER","8","2011-04-07 08:32:00","2.82","13047.0","Spain","EMEA"
"537582","47566","PARTY BUNTING","11","2011-03-24 14:22:00","5.3","14606.0","Australia","APAC"
"537582","84406B","CREAM CUPID HEARTS COAT HANGER","6","2011-03-24 14:22:00","2.66","14606.0","Australia","APAC"
"537582","21730","GLASS STAR FROSTED T-LIGHT HOLDER","4","2011-03-24 14:22:00","4.74","14606.0","Australia","APAC"
"537583","84029G","KNITTED UNION FLAG HOT WATER BOTTLE","8","2011-03-19 11:23:00","3.36","14096.0","EIRE","EMEA"
"537583","71053","WHITE METAL LANTERN","5","2011-03-19 11:23:00","3.53","14096.0","EIRE","EMEA"
"537584","22752","SET 7 BABUSHKA NESTING BOXES","9","2011-04-11 08:38:00","7.67","17850.0","Australia","APAC"
"537585","21730","GLASS STAR FROSTED T-LIGHT HOLDER","4","2011-04-19 16:59:00","4.24","12583.0","Spain","EMEA"
"537586","22752","SET 7 BABUSHKA NESTING BOXES","8","2011-03-26 13:44:00","7.72","12583.0","United Kingdom","EMEA"
"537587","22633","HAND WARMER UNION JACK","4","2011-03-13 14:25:00","1.95","16029.0","Spain","EMEA"
"537587","84406B","CREAM CUPID HEARTS COAT HANGER","2","2011-03-13 14:25:00","2.89","16029.0","Spain","EMEA"
"537588","22632","HAND WARMER RED POLKA DOT","10","2011-03-03 10:58:00","2.02","14606.0","EIRE","EMEA"
"537588","84029E","RED WOOLLY HOTTIE WHITE HEART","1","2011-03-03 10:58:00","3.66","14606.0","EIRE","EMEA"
"537588","85099B","JUMBO BAG RED RETROSPOT","10","2011-03-03 10:58:00","1.67","14606.0","EIRE","EMEA"
"537589","84029G","KNITTED UNION FLAG HOT WATER BOTTLE","10","2011-03-31 11:23:00","3.72","14606.0","Belgium","EMEA"
"537589","22752","SET 7 BABUSHKA NESTING BOXES","7","2011-03-31 11:23:00","7.65","14606.0","Belgium","EMEA"
"537589","71053","WHITE METAL LANTERN","12","2011-03-31 11:23:00","3.48","14606.0","Belgium","EMEA"
"537590","71053","WHITE METAL LANTERN","9","2011-04-23 14:29:00","3.61","12583.0","Belgium","EMEA"
"537591","71053","WHITE METAL LANTERN","4","2011-04-17 15:03:00","3.55","14096.0","France","EMEA"
"537591","47566","PARTY BUNTING","2","2011-04-17 15:03:00","5.1","14096.0","France","EMEA"
"537591","22633","HAND WARMER UNION JACK","4","2011-04-17 15:03:00","1.86","14096.0","France","EMEA"
"537592","47566","PARTY BUNTING","5","2011-04-11 15:22:00","5.34","13777.0","Germany","EMEA"
"537593","84029E","RED WOOLLY HOTTIE WHITE HEART","6","2011-03-31 10:01:00","3.43","13777.0","Spain","EMEA"
"537593","84029G","KNITTED UNION FLAG HOT WATER BOTTLE","8","2011-03-31 10:01:00","3.73","13777.0","Spain","EMEA"
"537594","21730","GLASS STAR FROSTED T-LIGHT HOLDER","3","2011-04-08 09:44:00","4.43","13777.0","Canada","AMER"
"537594","84406B","CREAM CUPID HEARTS COAT HANGER","5","2011-04-08 09:44:00","2.8","13777.0","Canada","AMER"
"537595","22633","HAND WARMER UNION JACK","10","2011-03-15 08:02:00","2.07","14096.0","United Kingdom","EMEA"
"537595","84406B","CREAM CUPID HEARTS COAT HANGER","4","2011-03-15 08:02:00","3.08","14096.0","United Kingdom","EMEA"
"537596","22632","HAND WARMER RED POLKA DOT","8","2011-04-26 09:30:00","2.2","16029.0","USA","AMER"
"537596","85099B","JUMBO BAG RED RETROSPOT","11","2011-04-26 09:30:00","1.77","16029.0","USA","AMER"
"537596","21730","GLASS STAR FROSTED T-LIGHT HOLDER","4","2011-04-26 09:30:00","4.52","16029.0","USA","AMER"
"537597","71053","WHITE METAL LANTERN","12","2011-04-30 15:35:00","3.52","15291.0","Germany","EMEA"
"537598","22752","SET 7 BABUSHKA NESTING BOXES","12","2011-03-31 15:14:00","7.95","15291.0","Canada","AMER"
"537598","85123A","WHITE HANGING HEART T-LIGHT HOLDER","6","2011-03-31 15:14:00","2.96","15291.0","Canada","AMER"
"537599","21730","GLASS STAR FROSTED T-LIGHT HOLDER","9","2011-03-14 12:19:00","4.36","13777.0","Canada","AMER"
"537599","85123A","WHITE HANGING HEART T-LIGHT HOLDER","1","2011-03-14 12:19:00","2.82","13777.0","Canada","AMER"
"537599","22633","HAND WARMER UNION JACK","10","2011-03-14 12:19:00","2.16","13777.0","Canada","AMER"
"537600","85099B","JUMBO BAG RED RETROSPOT","7","2011-04-07 11:54:00","2.02","12583.0","Canada","AMER"
"537600","85099B","JUMBO BAG RED RETROSPOT","2","2011-04-07 11:54:00","1.78","12583.0","Canada","AMER"
"537601","22633","HAND WARMER UNION JACK","10","2011-04-30 08:34:00","2.28","16029.0","France","EMEA"
"537601","84406B","CREAM CUPID HEARTS COAT HANGER","10","2011-04-30 08:34:00","2.89","16029.0","France","EMEA"
"537602","21730","GLASS STAR FROSTED T-LIGHT HOLDER","4","2011-04-16 15:28:00","4.52","14096.0","EIRE","EMEA"
"537602","21730","GLASS STAR FROSTED T-LIGHT HOLDER","4","2011-04-16 15:28:00","4.67","14096.0","EIRE","EMEA"
"537603","22633","HAND WARMER UNION JACK","6","2011-03-26 08:01:00","1.97","15311.0","Australia","APAC"
"537604","84029G","KNITTED UNION FLAG HOT WATER BOTTLE","9","2011-03-18 09:45:00","3.43","15291.0","United Kingdom","EMEA"
"537604","22632","HAND WARMER RED POLKA DOT","10","2011-03-18 09:45:00","1.78","15291.0","United Kingdom","EMEA"
"537605","22632","HAND WARMER RED POLKA DOT","11","2011-04-28 10:50:00","1.83","17809.0","Australia","APAC"
"537606","85099B","JUMBO BAG RED RETROSPOT","10","2011-03-01 15:30:00","1.94","16029.0","Australia","APAC"
"537606","20685","DOORMAT RED RETROSPOT","12","2011-03-01 15:30:00","7.3","16029.0","Australia","APAC"
"537606","21730","GLASS STAR FROSTED T-LIGHT HOLDER","2","2011-03-01 15:30:00","4.7","16029.0","Australia","APAC"
"537607","21730","GLASS STAR FROSTED T-LIGHT HOLDER","5","2011-04-15 09:26:00","4.17","14096.0","Netherlands","EMEA"
"537608","84406B","CREAM CUPID HEARTS COAT HANGER","3","2011-03-09 16:01:00","3.19","17850.0","USA","AMER"
"537609","71053","WHITE METAL LANTERN","12","2011-04-23 14:27:00","3.54","14606.0","Spain","EMEA"
"537610","21730","GLASS STAR FROSTED T-LIGHT HOLDER","3","2011-04-05 14:25:00","4.66","17809.0","Australia","APAC"
"537611","22632","HAND WARMER RED POLKA DOT","4","2011-03-20 11:34:00","1.87","17850.0","Australia","APAC"
"537611","47566","PARTY BUNTING","3","2011-03-20 11:34:00","4.97","17850.0","Australia","APAC"
"537612","21730","GLASS STAR FROSTED T-LIGHT HOLDER","10","2011-03-02 09:11:00","4.2","14606.0","USA","AMER"
"537612","21730","GLASS STAR FROSTED T-LIGHT HOLDER","5","2011-03-02 09:11:00","4.5","14606.0","USA","AMER"
"537612","22752","SET 7 BABUSHKA NESTING BOXES","8","2011-03-02 09:11:00","7.82","14606.0","USA","AMER"
"537613","22632","HAND WARMER RED POLKA DOT","5","2011-03-14 13:36:00","2.32","13777.0","France","EMEA"
"537613","85099B","JUMBO BAG RED RETROSPOT","11","2011-03-14 13:36:00","1.96","13777.0","France","EMEA"
"537614","85123A","WHITE HANGING HEART T-LIGHT HOLDER","10","2011-03-20 15:09:00","2.53","17809.0","United Kingdom","EMEA"
"537614","84029E","RED WOOLLY HOTTIE WHITE HEART","7","2011-03-20 15:09:00","3.7","17809.0","United Kingdom","EMEA"
"537615","22633","HAND WARMER UNION JACK","2","2011-03-30 12:57:00","2.05","14096.0","Canada","AMER"
"537616","84029G","KNITTED UNION FLAG HOT WATER BOTTLE","12","2011-04-04 08:31:00","3.36","14096.0","Belgium","EMEA"
"537617","22633","HAND WARMER UNION JACK","8","2011-04-28 15:36:00","1.99","13047.0","United Kingdom","EMEA"
"537618","85123A","WHITE HANGING HEART T-LIGHT HOLDER","11","2011-03-12 10:00:00","3.0","17850.0","United Kingdom","EMEA"
"537618","20685","DOORMAT RED RETROSPOT","12","2011-03-12 10:00:00","7.24","17850.0","United Kingdom","EMEA"
"537618","84406B","CREAM CUPID HEARTS COAT HANGER","4","2011-03-12 10:00:00","2.96","17850.0","United Kingdom","EMEA"
"537619","85123A","WHITE HANGING HEART T-LIGHT HOLDER","10","2011-03-21 10:09:00","2.64","17809.0","EIRE","EMEA"
"537620","85099B","JUMBO BAG RED RETROSPOT","11","2011-04-11 14:11:00","1.62","17809.0","Spain","EMEA"
"537621","85099B","JUMBO BAG RED RETROSPOT","1","2011-03-24 12:52:00","1.9","12583.0","United Kingdom","EMEA"
"537621","71053","WHITE METAL LANTERN","2","2011-03-24 12:52:00","3.82","12583.0","United Kingdom","EMEA"
"537621","47566","PARTY BUNTING","7","2011-03-24 12:52:00","5.05","12583.0","United Kingdom","EMEA"
"537622","22633","HAND WARMER UNION JACK","7","2011-04-14 13:06:00","1.94","17809.0","France","EMEA"
"537622","20685","DOORMAT RED RETROSPOT","10","2011-04-14 13:06:00","7.32","17809.0","France","EMEA"
"537623","47566","PARTY BUNTING","11","2011-04-30 13:01:00","5.38","16029.0","Spain","EMEA"
"537623","21730","GLASS STAR FROSTED T-LIGHT HOLDER","3","2011-04-30 13:01:00","4.46","16029.0","Spain","EMEA"
"537624","85123A","WHITE HANGING HEART T-LIGHT HOLDER","12","2011-04-13 15:09:00","2.85","17809.0","Australia","APAC"
"537624","84029G","KNITTED UNION FLAG HOT WATER BOTTLE","12","2011-04-13 15:09:00","3.83","17809.0","Australia","APAC"
"537624","84029E","RED WOOLLY HOTTIE WHITE HEART","12","2011-04-13 15:09:00","3.41","17809.0","Australia","APAC"
"537625","84406B","CREAM CUPID HEARTS COAT HANGER","9","2011-03-20 11:51:00","2.95","13047.0","Belgium","EMEA"
"537626","85123A","WHITE HANGING HEART T-LIGHT HOLDER","10","2011-04-09 12:28:00","2.85","16029.0","USA","AMER"
"537626","85123A","WHITE HANGING HEART T-LIGHT HOLDER","7","2011-04-09 12:28:00","2.81","16029.0","USA","AMER"
"537627","22633","HAND WARMER UNION JACK","2","2011-04-05 10:14:00","1.79","13047.0","USA","AMER"
"537627","84029E","RED WOOLLY HOTTIE WHITE HEART","10","2011-04-05 10:14:00","3.33","13047.0","USA","AMER"
"537627","71053","WHITE METAL LANTERN","11","2011-04-05 10:14:00","3.35","13047.0","USA","AMER"
"537628","85123A","WHITE HANGING HEART T-LIGHT HOLDER","7","2011-03-28 16:39:00","2.88","14606.0","Belgium","EMEA"
"537628","22632","HAND WARMER RED POLKA DOT","8","2011-03-28 16:39:00","2.06","14606.0","Belgium","EMEA"
"537628","22632","HAND WARMER RED POLKA DOT","1","2011-03-28 16:39:00","1.86","14606.0","Belgium","EMEA"
"537629","85123A","WHITE HANGING HEART T-LIGHT HOLDER","6","2011-04-20 15:39:00","2.56","13777.0","France","EMEA"
"537630","20685","DOORMAT RED RETROSPOT","9","2011-03-22 09:46:00","7.4","13777.0","USA","AMER"
"537630","47566","PARTY BUNTING","6","2011-03-22 09:46:00","4.98","13777.0","USA","AMER"
"537630","84029E","RED WOOLLY HOTTIE WHITE HEART","3","2011-03-22 09:46:00","3.88","13777.0","USA","AMER"
"537631","22633","HAND WARMER UNION JACK","4","2011-03-15 15:46:00","1.89","17850.0","Australia","APAC"
"537631","22632","HAND WARMER RED POLKA DOT","1","2011-03-15 15:46:00","2.27","17850.0","Australia","APAC"
"537631","84029E","RED WOOLLY HOTTIE WHITE HEART","2","2011-03-15 15:46:00","3.44","17850.0","Australia","APAC"
"537632","84029E","RED WOOLLY HOTTIE WHITE HEART","2","2011-04-16 12:40:00","3.76","14096.0","France","EMEA"
"537633","85123A","WHITE HANGING HEART T-LIGHT HOLDER","1","2011-04-22 10:59:00","2.99","15311.0","France","EMEA"
"537633","20685","DOORMAT RED RETROSPOT","11","2011-04-22 10:59:00","7.31","15311.0","France","EMEA"
"537634","20685","DOORMAT RED RETROSPOT","4","2011-03-25 10:44:00","7.54","15291.0","Netherlands","EMEA"
"537634","84029E","RED WOOLLY HOTTIE WHITE HEART","9","2011-03-25 10:44:00","3.58","15291.0","Netherlands","EMEA"
"537635","71053","WHITE METAL LANTERN","2","2011-03-20 10:57:00","3.83","15311.0","Canada","AMER"
"537636","22633","HAND WARMER UNION JACK","4","2011-03-30 13:54:00","1.85","14096.0","Spain","EMEA"
"537636","22752","SET 7 BABUSHKA NESTING BOXES","2","2011-03-30 13:54:00","7.97","14096.0","Spain","EMEA"
"537637","22633","HAND WARMER UNION JACK","4","2011-04-26 14:04:00","2.27","17809.0","Germany","EMEA"
"537637","84406B","CREAM CUPID HEARTS COAT HANGER","5","2011-04-26 14:04:00","2.79","17809.0","Germany","EMEA"
"537638","22633","HAND WARMER UNION JACK","12","2011-04-06 10:16:00","2.17","13777.0","Canada","AMER"
"537639","85099B","JUMBO BAG RED RETROSPOT","12","2011-03-04 11:20:00","1.67","14606.0","Australia","APAC"
"537640","84029E","RED WOOLLY HOTTIE WHITE HEART","2","2011-04-28 14:33:00","3.8","17809.0","United Kingdom","EMEA"
"537641","47566","PARTY BUNTING","8","2011-03-18 08:25:00","5.34","15311.0","Australia","APAC"
"537642","84029G","KNITTED UNION FLAG HOT WATER BOTTLE","12","2011-04-19 10:24:00","3.72","15311.0","Germany","EMEA"
"537642","85099B","JUMBO BAG RED RETROSPOT","2","2011-04-19 10:24:00","2.03","15311.0","Germany","EMEA"
"537643","47566","PARTY BUNTING","9","2011-04-30 10:08:00","4.97","15291.0","United Kingdom","EMEA"
"537643","47566","PARTY BUNTING","3","2011-04-30 10:08:00","4.94","15291.0","United Kingdom","EMEA"
"537644","22752","SET 7 BABUSHKA NESTING BOXES","12","2011-03-02 12:42:00","7.57","13777.0","EIRE","EMEA"
"537645","47566","PARTY BUNTING","5","2011-03-02 15:10:00","4.97","14096.0","USA","AMER"
"537645","21730","GLASS STAR FROSTED T-LIGHT HOLDER","3","2011-03-02 15:10:00","4.45","14096.0","USA","AMER"
"537645","84029G","KNITTED UNION FLAG HOT WATER BOTTLE","5","2011-03-02 15:10:00","3.49","14096.0","USA","AMER"
"537646","22633","HAND WARMER UNION JACK","11","2011-04-22 09:39:00","2.16","17809.0","Canada","AMER"
"537647","22633","HAND WARMER UNION JACK","10","2011-03-22 16:24:00","2.18","17809.0","USA","AMER"
"537648","22632","HAND WARMER RED POLKA DOT","7","2011-04-11 10:30:00","1.87","17850.0","Belgium","EMEA"
"537649","21730","GLASS STAR FROSTED T-LIGHT HOLDER","6","2011-04-29 15:52:00","4.58","15291.0","Spain","EMEA"
"537649","20685","DOORMAT RED RETROSPOT","2","2011-04-29 15:52:00","7.06","15291.0","Spain","EMEA"
"537649","85123A","WHITE HANGING HEART T-LIGHT HOLDER","7","2011-04-29 15:52:00","2.81","15291.0","Spain","EMEA"
"537650","85123A","WHITE HANGING HEART T-LIGHT HOLDER","12","2011-04-26 09:06:00","2.94","12583.0","Netherlands","EMEA"
"537650","22752","SET 7 BABUSHKA NESTING BOXES","4","2011-04-26 09:06:00","7.6","12583.0","Netherlands","EMEA"
"537651","20685","DOORMAT RED RETROSPOT","9","2011-04-21 14:30:00","7.39","14096.0","Netherlands","EMEA"
"537652","71053","WHITE METAL LANTERN","3","2011-03-14 12:04:00","3.65","13047.0","Australia","APAC"
"537652","85099B","JUMBO BAG RED RETROSPOT","9","2011-03-14 12:04:00","1.96","13047.0","Australia","APAC"
"537652","22632","HAND WARMER RED POLKA DOT","2","2011-03-14 12:04:00","1.76","13047.0","Australia","APAC"
"537653","84406B","CREAM CUPID HEARTS COAT HANGER","5","2011-04-10 13:40:00","2.92","15291.0","EIRE","EMEA"
"537654","22632","HAND WARMER RED POLKA DOT","6","2011-03-19 13:02:00","1.94","17809.0","Netherlands","EMEA"
"537654","22632","HAND WARMER RED POLKA DOT","9","2011-03-19 13:02:00","2.28","17809.0","Netherlands","EMEA"
"537655","84029G","KNITTED UNION FLAG HOT WATER BOTTLE","10","2011-03-25 08:19:00","3.76","17850.0","USA","AMER"
"537655","22633","HAND WARMER UNION JACK","9","2011-03-25 08:19:00","2.07","17850.0","USA","AMER"
"537655","47566","PARTY BUNTING","10","2011-03-25 08:19:00","5.2","17850.0","USA","AMER"
"537656","85123A","WHITE HANGING HEART T-LIGHT HOLDER","7","2011-04-19 12:54:00","2.47","14606.0","USA","AMER"
"537656","21730","GLASS STAR FROSTED T-LIGHT HOLDER","10","2011-04-19 12:54:00","4.6","14606.0","USA","AMER"
"537656","85123A","WHITE HANGING HEART T-LIGHT HOLDER","10","2011-04-19 12:54:00","2.83","14606.0","USA","AMER"
"537657","47566","PARTY BUNTING","9","2011-03-23 10:06:00","5.19","17850.0","Spain","EMEA"
"537657","85123A","WHITE HANGING HEART T-LIGHT HOLDER","3","2011-03-23 10:06:00","3.0","17850.0","Spain","EMEA"
"537657","22633","HAND WARMER UNION JACK","8","2011-03-23 10:06:00","2.05","17850.0","Spain","EMEA"
"537658","84029G","KNITTED UNION FLAG HOT WATER BOTTLE","1","2011-04-26 09:21:00","3.39","15291.0","USA","AMER"
"537659","22633","HAND WARMER UNION JACK","8","2011-03-13 14:51:00","1.79","15311.0","EIRE","EMEA"
"537659","84406B","CREAM CUPID HEARTS COAT HANGER","10","2011-03-13 14:51:00","2.95","15311.0","EIRE","EMEA"
"537659","84406B","CREAM CUPID HEARTS COAT HANGER","6","2011-03-13 14:51:00","2.79","15311.0","EIRE","EMEA"
"537660","85099B","JUMBO BAG RED RETROSPOT","2","2011-04-29 15:37:00","2.02","12583.0","Germany","EMEA"
"537660","84406B","CREAM CUPID HEARTS COAT HANGER","6","2011-04-29 15:37:00","2.78","12583.0","Germany","EMEA"
"537661","84029E","RED WOOLLY HOTTIE WHITE HEART","11","2011-04-03 16:32:00","3.76","17809.0","France","EMEA"
"537662","84406B","CREAM CUPID HEARTS COAT HANGER","8","2011-04-18 09:27:00","2.82","14606.0","United Kingdom","EMEA"
"537662","84406B","CREAM CUPID HEARTS COAT HANGER","2","2011-04-18 09:27:00","2.73","14606.0","United Kingdom","EMEA"
"537662","71053","WHITE METAL LANTERN","2","2011-04-18 09:27:00","3.74","14606.0","United Kingdom","EMEA"
"537663","22752","SET 7 BABUSHKA NESTING BOXES","1","2011-03-20 16:48:00","7.64","14606.0","Spain","EMEA"
"537663","84029E","RED WOOLLY HOTTIE WHITE HEART","7","2011-03-20 16:48:00","3.71","14606.0","Spain","EMEA"
"537664","85123A","WHITE HANGING HEART T-LIGHT HOLDER","8","2011-04-23 16:05:00","2.51","14096.0","Germany","EMEA"
"537665","85123A","WHITE HANGING HEART T-LIGHT HOLDER","10","2011-04-24 15:14:00","2.83","16029.0","Australia","APAC"
"537665","22752","SET 7 BABUSHKA NESTING BOXES","2","2011-04-24 15:14:00","7.97","16029.0","Australia","APAC"
"537666","22633","HAND WARMER UNION JACK","3","2011-03-29 11:55:00","1.78","17850.0","Belgium","EMEA"
"537666","85123A","WHITE HANGING HEART T-LIGHT HOLDER","4","2011-03-29 11:55:00","2.83","17850.0","Belgium","EMEA"
"537666","85099B","JUMBO BAG RED RETROSPOT","5","2011-03-29 11:55:00","1.56","17850.0","Belgium","EMEA"
"537667","22632","HAND WARMER RED POLKA DOT","6","2011-03-11 09:28:00","2.32","13047.0","United Kingdom","EMEA"
"537667","20685","DOORMAT RED RETROSPOT","11","2011-03-11 09:28:00","7.51","13047.0","United Kingdom","EMEA"
"537668","22752","SET 7 BABUSHKA NESTING BOXES","6","2011-03-26 09:17:00","8.04","15311.0","Spain","EMEA"
"537669","71053","WHITE METAL LANTERN","3","2011-03-02 12:15:00","3.61","16029.0","France","EMEA"
"537670","22752","SET 7 BABUSHKA NESTING BOXES","7","2011-03-28 15:28:00","7.73","14096.0","USA","AMER"
"537670","47566","PARTY BUNTING","9","2011-03-28 15:28:00","5.31","14096.0","USA","AMER"
"537671","47566","PARTY BUNTING","5","2011-03-14 10:02:00","5.16","15311.0","Belgium","EMEA"
"537672","71053","WHITE METAL LANTERN","10","2011-04-23 13:12:00","3.83","15291.0","Belgium","EMEA"
"537673","85123A","WHITE HANGING HEART T-LIGHT HOLDER","2","2011-04-14 16:30:00","2.9","17850.0","Canada","AMER"
"537673","21730","GLASS STAR FROSTED T-LIGHT HOLDER","2","2011-04-14 16:30:00","4.71","17850.0","Canada","AMER"
"537673","22633","HAND WARMER UNION JACK","1","2011-04-14 16:30:00","2.22","17850.0","Canada","AMER"
"537674","47566","PARTY BUNTING","3","2011-04-14 11:56:00","5.01","13777.0","France","EMEA"
"537674","21730","GLASS STAR FROSTED T-LIGHT HOLDER","8","2011-04-14 11:56:00","4.47","13777.0","France","EMEA"
"537674","84029G","KNITTED UNION FLAG HOT WATER BOTTLE","2","2011-04-14 11:56:00","3.47","13777.0","France","EMEA"
"537675","85123A","WHITE HANGING HEART T-LIGHT HOLDER","9","2011-03-11 13:49:00","2.94","14606.0","Belgium","EMEA"
"537675","20685","DOORMAT RED RETROSPOT","3","2011-03-11 13:49:00","7.12","14606.0","Belgium","EMEA"
"537675","84029E","RED WOOLLY HOTTIE WHITE HEART","11","2011-03-11 13:49:00","3.41","14606.0","Belgium","EMEA"
"537676","85099B","JUMBO BAG RED RETROSPOT","8","2011-04-24 12:45:00","1.96","14096.0","Canada","AMER"
"537676","22633","HAND WARMER UNION JACK","4","2011-04-24 12:45:00","2.32","14096.0","Canada","AMER"
"537677","84406B","CREAM CUPID HEARTS COAT HANGER","11","2011-03-17 10:38:00","2.7","12583.0","Australia","APAC"
"537678","21730","GLASS STAR FROSTED T-LIGHT HOLDER","2","2011-04-30 08:59:00","4.46","14606.0","France","EMEA"
"537679","21730","GLASS STAR FROSTED T-LIGHT HOLDER","10","2011-03-26 08:22:00","4.64","14606.0","Canada","AMER"
"537679","84406B","CREAM CUPID HEARTS COAT HANGER","8","2011-03-26 08:22:00","2.8","14606.0","Canada","AMER"
"537679","22752","SET 7 BABUSHKA NESTING BOXES","1","2011-03-26 08:22:00","8.1","14606.0","Canada","AMER"
"537680","21730","GLASS STAR FROSTED T-LIGHT HOLDER","2","2011-03-23 16:10:00","4.69","16029.0","Belgium","EMEA"
"537680","21730","GLASS STAR FROSTED T-LIGHT HOLDER","12","2011-03-23 16:10:00","4.5","16029.0","Belgium","EMEA"
"537680","84029G","KNITTED UNION FLAG HOT WATER BOTTLE","5","2011-03-23 16:10:00","3.87","16029.0","Belgium","EMEA"
"537681","85123A","WHITE HANGING HEART T-LIGHT HOLDER","3","2011-03-10 13:35:00","2.64","13047.0","USA","AMER"
"537681","21730","GLASS STAR FROSTED T-LIGHT HOLDER","3","2011-03-10 13:35:00","4.2","13047.0","USA","AMER"
"537681","22633","HAND WARMER UNION JACK","5","2011-03-10 13:35:00","2.04","13047.0","USA","AMER"
"537682","84029E","RED WOOLLY HOTTIE WHITE HEART","2","2011-03-04 12:09:00","3.46","14606.0","Spain","EMEA"
"537683","71053","WHITE METAL LANTERN","7","2011-03-25 10:27:00","3.32","17809.0","Belgium","EMEA"
"537683","21730","GLASS STAR FROSTED T-LIGHT HOLDER","5","2011-03-25 10:27:00","4.3","17809.0","Belgium","EMEA"
"537683","20685","DOORMAT RED RETROSPOT","1","2011-03-25 10:27:00","7.24","17809.0","Belgium","EMEA"
"537684","85123A","WHITE HANGING HEART T-LIGHT HOLDER","6","2011-04-27 14:44:00","2.92","14096.0","Australia","APAC"
"537684","84029G","KNITTED UNION FLAG HOT WATER BOTTLE","2","2011-04-27 14:44:00","3.79","14096.0","Australia","APAC"
"537685","22633","HAND WARMER UNION JACK","7","2011-03-14 15:18:00","1.98","15291.0","Australia","APAC"
"537685","20685","DOORMAT RED RETROSPOT","10","2011-03-14 15:18:00","7.45","15291.0","Australia","APAC"
"537685","22633","HAND WARMER UNION JACK","8","2011-03-14 15:18:00","2.19","15291.0","Australia","APAC"
"537686","22633","HAND WARMER UNION JACK","9","2011-04-27 12:10:00","1.94","12583.0","Spain","EMEA"
"537687","22633","HAND WARMER UNION JACK","11","2011-04-24 16:42:00","2.0","12583.0","Germany","EMEA"
"537687","71053","WHITE METAL LANTERN","3","2011-04-24 16:42:00","3.74","12583.0","Germany","EMEA"
"537687","22632","HAND WARMER RED POLKA DOT","3","2011-04-24 16:42:00","2.01","12583.0","Germany","EMEA"
"537688","22633","HAND WARMER UNION JACK","10","2011-04-23 16:29:00","2.09","14606.0","France","EMEA"
"537689","85123A","WHITE HANGING HEART T-LIGHT HOLDER","7","2011-04-07 12:44:00","2.87","13047.0","USA","AMER"
"537689","71053","WHITE METAL LANTERN","3","2011-04-07 12:44:00","3.8","13047.0","USA","AMER"
"537690","85123A","WHITE HANGING HEART T-LIGHT HOLDER","9","2011-04-16 08:18:00","2.71","13047.0","Belgium","EMEA"
"537690","84029G","KNITTED UNION FLAG HOT WATER BOTTLE","3","2011-04-16 08:18:00","3.48","13047.0","Belgium","EMEA"
"537691","85123A","WHITE HANGING HEART T-LIGHT HOLDER","7","2011-03-18 16:04:00","2.96","15291.0","Belgium","EMEA"
"537691","84029E","RED WOOLLY HOTTIE WHITE HEART","8","2011-03-18 16:04:00","3.33","15291.0","Belgium","EMEA"
"537691","21730","GLASS STAR FROSTED T-LIGHT HOLDER","6","2011-03-18 16:04:00","4.7","15291.0","Belgium","EMEA"
"537692","22752","SET 7 BABUSHKA NESTING BOXES","2","2011-04-17 14:57:00","8.11","15291.0","EIRE","EMEA"
"537692","85123A","WHITE HANGING HEART T-LIGHT HOLDER","6","2011-04-17 14:57:00","2.61","15291.0","EIRE","EMEA"
"537692","22752","SET 7 BABUSHKA NESTING BOXES","3","2011-04-17 14:57:00","7.85","15291.0","EIRE","EMEA"
"537693","22633","HAND WARMER UNION JACK","1","2011-03-27 12:29:00","1.82","15291.0","Australia","APAC"
"537693","47566","PARTY BUNTING","7","2011-03-27 12:29:00","5.45","15291.0","Australia","APAC"
"537693","85123A","WHITE HANGING HEART T-LIGHT HOLDER","12","2011-03-27 12:29:00","2.54","15291.0","Australia","APAC"
"537694","21730","GLASS STAR FROSTED T-LIGHT HOLDER","6","2011-03-09 15:01:00","4.61","14096.0","EIRE","EMEA"
"537695","47566","PARTY BUNTING","6","2011-03-14 15:34:00","5.42","13047.0","USA","AMER"
"537695","20685","DOORMAT RED RETROSPOT","3","2011-03-14 15:34:00","7.54","13047.0","USA","AMER"
"537695","22752","SET 7 BABUSHKA NESTING BOXES","5","2011-03-14 15:34:00","8.07","13047.0","USA","AMER"
"537696","22752","SET 7 BABUSHKA NESTING BOXES","9","2011-04-07 08:19:00","8.03","12583.0","Germany","EMEA"
"537696","21730","GLASS STAR FROSTED T-LIGHT HOLDER","4","2011-04-07 08:19:00","4.57","12583.0","Germany","EMEA"
"537697","85123A","WHITE HANGING HEART T-LIGHT HOLDER","6","2011-03-09 12:52:00","2.96","17809.0","Canada","AMER"
"537697","85123A","WHITE HANGING HEART T-LIGHT HOLDER","5","2011-03-09 12:52:00","2.95","17809.0","Canada","AMER"
"537698","21730","GLASS STAR FROSTED T-LIGHT HOLDER","1","2011-04-11 14:48:00","4.37","14096.0","United Kingdom","EMEA"
"537699","84029E","RED WOOLLY HOTTIE WHITE HEART","4","2011-03-21 10:41:00","3.64","16029.0","United Kingdom","EMEA"
"537699","85099B","JUMBO BAG RED RETROSPOT","9","2011-03-21 10:41:00","1.6","16029.0","United Kingdom","EMEA"
"537699","22632","HAND WARMER RED POLKA DOT","11","2011-03-21 10:41:00","2.06","16029.0","United Kingdom","EMEA"
"537700","84406B","CREAM CUPID HEARTS COAT HANGER","2","2011-04-22 15:03:00","2.71","17809.0","France","EMEA"
"537701","22632","HAND WARMER RED POLKA DOT","10","2011-04-12 08:10:00","2.15","14096.0","Belgium","EMEA"
"537701","20685","DOORMAT RED RETROSPOT","3","2011-04-12 08:10:00","7.29","14096.0","Belgium","EMEA"
"537701","71053","WHITE METAL LANTERN","5","2011-04-12 08:10:00","3.66","14096.0","Belgium","EMEA"
"537702","85099B","JUMBO BAG RED RETROSPOT","10","2011-04-26 14:55:00","1.95","17809.0","Belgium","EMEA"
"537702","71053","WHITE METAL LANTERN","12","2011-04-26 14:55:00","3.58","17809.0","Belgium","EMEA"
"537702","71053","WHITE METAL LANTERN","6","2011-04-26 14:55:00","3.88","17809.0","Belgium","EMEA"
"537703","71053","WHITE METAL LANTERN","6","2011-03-25 09:47:00","3.43","15311.0","USA","AMER"
"537703","84029G","KNITTED UNION FLAG HOT WATER BOTTLE","4","2011-03-25 09:47:00","3.86","15311.0","USA","AMER"
"537703","21730","GLASS STAR FROSTED T-LIGHT HOLDER","11","2011-03-25 09:47:00","4.66","15311.0","USA","AMER"
"537704","20685","DOORMAT RED RETROSPOT","5","2011-03-13 12:29:00","7.12","16029.0","Spain","EMEA"
"537704","84029G","KNITTED UNION FLAG HOT WATER BOTTLE","5","2011-03-13 12:29:00","3.68","16029.0","Spain","EMEA"
"537705","22752","SET 7 BABUSHKA NESTING BOXES","7","2011-04-17 12:51:00","7.81","15291.0","Australia","APAC"
"537705","71053","WHITE METAL LANTERN","2","2011-04-17 12:51:00","3.75","15291.0","Australia","APAC"
"537706","21730","GLASS STAR FROSTED T-LIGHT HOLDER","1","2011-04-11 09:57:00","4.51","15291.0","Belgium","EMEA"
"537706","21730","GLASS STAR FROSTED T-LIGHT HOLDER","5","2011-04-11 09:57:00","4.55","15291.0","Belgium","EMEA"
"537707","85123A","WHITE HANGING HEART T-LIGHT HOLDER","12","2011-04-01 14:26:00","3.03","15291.0","Australia","APAC"
"537707","22633","HAND WARMER UNION JACK","9","2011-04-01 14:26:00","1.84","15291.0","Australia","APAC"
"537708","85099B","JUMBO BAG RED RETROSPOT","8","2011-04-25 12:47:00","1.69","13047.0","Belgium","EMEA"
"537708","22633","HAND WARMER UNION JACK","5","2011-04-25 12:47:00","2.3","13047.0","Belgium","EMEA"
"537708","20685","DOORMAT RED RETROSPOT","1","2011-04-25 12:47:00","7.07","13047.0","Belgium","EMEA"
"537709","85123A","WHITE HANGING HEART T-LIGHT HOLDER","2","2011-04-30 15:12:00","2.94","12583.0","Australia","APAC"
"537709","47566","PARTY BUNTING","7","2011-04-30 15:12:00","5.22","12583.0","Australia","APAC"
"537709","47566","PARTY BUNTING","5","2011-04-30 15:12:00","5.09","12583.0","Australia","APAC"
"537710","22752","SET 7 BABUSHKA NESTING BOXES","11","2011-03-31 12:55:00","7.78","13047.0","France","EMEA"
"537710","22632","HAND WARMER RED POLKA DOT","10","2011-03-31 12:55:00","2.3","13047.0","France","EMEA"
"537711","22632","HAND WARMER RED POLKA DOT","5","2011-03-13 16:27:00","2.25","14606.0","USA","AMER"
"537711","84029G","KNITTED UNION FLAG HOT WATER BOTTLE","12","2011-03-13 16:27:00","3.62","14606.0","USA","AMER"
"537711","85099B","JUMBO BAG RED RETROSPOT","7","2011-03-13 16:27:00","2.08","14606.0","USA","AMER"
"537712","47566","PARTY BUNTING","6","2011-03-24 15:57:00","5.45","14606.0","Germany","EMEA"
"537712","20685","DOORMAT RED RETROSPOT","12","2011-03-24 15:57:00","7.46","14606.0","Germany","EMEA"
"537713","85099B","JUMBO BAG RED RETROSPOT","7","2011-04-25 09:21:00","1.98","15291.0","EIRE","EMEA"
"537713","47566","PARTY BUNTING","10","2011-04-25 09:21:00","5.44","15291.0","EIRE","EMEA"
"537714","21730","GLASS STAR FROSTED T-LIGHT HOLDER","2","2011-03-06 13:59:00","4.26","15291.0","France","EMEA"
"537714","85123A","WHITE HANGING HEART T-LIGHT HOLDER","3","2011-03-06 13:59:00","3.04","15291.0","France","EMEA"
"537714","85099B","JUMBO BAG RED RETROSPOT","4","2011-03-06 13:59:00","2.06","15291.0","France","EMEA"
"537715","20685","DOORMAT RED RETROSPOT","11","2011-04-08 09:25:00","7.45","15311.0","Belgium","EMEA"
"537715","84029E","RED WOOLLY HOTTIE WHITE HEART","10","2011-04-08 09:25:00","3.59","15311.0","Belgium","EMEA"
"537716","20685","DOORMAT RED RETROSPOT","7","2011-04-03 15:43:00","7.2","14096.0","Australia","APAC"
"537716","21730","GLASS STAR FROSTED T-LIGHT HOLDER","5","2011-04-03 15:43:00","4.74","14096.0","Australia","APAC"
"537716","22633","HAND WARMER UNION JACK","2","2011-04-03 15:43:00","2.07","14096.0","Australia","APAC"
"537717","47566","PARTY BUNTING","7","2011-03-15 12:02:00","4.91","17809.0","Australia","APAC"
"537718","71053","WHITE METAL LANTERN","8","2011-03-29 13:07:00","3.48","16029.0","Canada","AMER"
"537718","84029G","KNITTED UNION FLAG HOT WATER BOTTLE","5","2011-03-29 13:07:00","3.78","16029.0","Canada","AMER"
"537718","85123A","WHITE HANGING HEART T-LIGHT HOLDER","7","2011-03-29 13:07:00","2.48","16029.0","Canada","AMER"
"537719","84406B","CREAM CUPID HEARTS COAT HANGER","7","2011-03-07 14:52:00","3.02","16029.0","United Kingdom","EMEA"
"537720","22632","HAND WARMER RED POLKA DOT","12","2011-03-11 15:50:00","2.25","13777.0","Belgium","EMEA"
"537720","84029G","KNITTED UNION FLAG HOT WATER BOTTLE","4","2011-03-11 15:50:00","3.4","13777.0","Belgium","EMEA"
"537720","84406B","CREAM CUPID HEARTS COAT HANGER","7","2011-03-11 15:50:00","3.2","13777.0","Belgium","EMEA"
"537721","22632","HAND WARMER RED POLKA DOT","3","2011-04-06 14:50:00","1.93","13047.0","EIRE","EMEA"
"537721","21730","GLASS STAR FROSTED T-LIGHT HOLDER","10","2011-04-06 14:50:00","4.45","13047.0","EIRE","EMEA"
"537722","22632","HAND WARMER RED POLKA DOT","12","2011-03-03 14:30:00","2.12","17850.0","France","EMEA"
"537723","47566","PARTY BUNTING","2","2011-03-08 13:27:00","5.23","13777.0","Belgium","EMEA"
"537724","22632","HAND WARMER RED POLKA DOT","4","2011-03-05 10:39:00","2.32","17850.0","Australia","APAC"
"537724","47566","PARTY BUNTING","12","2011-03-05 10:39:00","5.31","17850.0","Australia","APAC"
"537724","85099B","JUMBO BAG RED RETROSPOT","6","2011-03-05 10:39:00","1.73","17850.0","Australia","APAC"
"537725","71053","WHITE METAL LANTERN","6","2011-03-02 15:43:00","3.32","14096.0","Spain","EMEA"
"537725","21730","GLASS STAR FROSTED T-LIGHT HOLDER","11","2011-03-02 15:43:00","4.57","14096.0","Spain","EMEA"
"537726","84029G","KNITTED UNION FLAG HOT WATER BOTTLE","1","2011-04-05 13:57:00","3.31","12583.0","Netherlands","EMEA"
"537726","22752","SET 7 BABUSHKA NESTING BOXES","6","2011-04-05 13:57:00","7.83","12583.0","Netherlands","EMEA"
"537727","84406B","CREAM CUPID HEARTS COAT HANGER","3","2011-04-04 13:39:00","2.74","14096.0","USA","AMER"
"537727","84406B","CREAM CUPID HEARTS COAT HANGER","12","2011-04-04 13:39:00","3.24","14096.0","USA","AMER"
"537727","85123A","WHITE HANGING HEART T-LIGHT HOLDER","7","2011-04-04 13:39:00","3.01","14096.0","USA","AMER"
"537728","85099B","JUMBO BAG RED RETROSPOT","2","2011-04-11 15:19:00","1.73","13777.0","Canada","AMER"
"537728","84406B","CREAM CUPID HEARTS COAT HANGER","11","2011-04-11 15:19:00","2.68","13777.0","Canada","AMER"
"537729","85123A","WHITE HANGING HEART T-LIGHT HOLDER","12","2011-04-28 12:09:00","2.68","15311.0","United Kingdom","EMEA"
"537729","20685","DOORMAT RED RETROSPOT","9","2011-04-28 12:09:00","7.26","15311.0","United Kingdom","EMEA"
"537729","84406B","CREAM CUPID HEARTS COAT HANGER","2","2011-04-28 12:09:00","3.2","15311.0","United Kingdom","EMEA"
"537730","85099B","JUMBO BAG RED RETROSPOT","1","2011-03-27 16:30:00","2.13","14096.0","Spain","EMEA"
"537731","21730","GLASS STAR FROSTED T-LIGHT HOLDER","3","2011-04-21 15:39:00","4.22","13047.0","USA","AMER"
"537731","21730","GLASS STAR FROSTED T-LIGHT HOLDER","8","2011-04-21 15:39:00","4.22","13047.0","USA","AMER"
"537731","84029G","KNITTED UNION FLAG HOT WATER BOTTLE","1","2011-04-21 15:39:00","3.45","13047.0","USA","AMER"
"537732","22752","SET 7 BABUSHKA NESTING BOXES","10","2011-03-15 14:51:00","7.92","15291.0","Netherlands","EMEA"
"537732","85123A","WHITE HANGING HEART T-LIGHT HOLDER","12","2011-03-15 14:51:00","2.9","15291.0","Netherlands","EMEA"
"537732","85099B","JUMBO BAG RED RETROSPOT","12","2011-03-15 14:51:00","1.61","15291.0","Netherlands","EMEA"
"537733","84029G","KNITTED UNION FLAG HOT WATER BOTTLE","7","2011-04-04 09:53:00","3.77","17809.0","Belgium","EMEA"
"537733","20685","DOORMAT RED RETROSPOT","3","2011-04-04 09:53:00","7.08","17809.0","Belgium","EMEA"
"537733","84406B","CREAM CUPID HEARTS COAT HANGER","1","2011-04-04 09:53:00","2.98","17809.0","Belgium","EMEA"
"537734","85123A","WHITE HANGING HEART T-LIGHT HOLDER","12","2011-03-07 11:54:00","2.87","12583.0","United Kingdom","EMEA"
"537735","47566","PARTY BUNTING","5","2011-04-23 11:38:00","5.14","14096.0","Canada","AMER"
"537736","84029E","RED WOOLLY HOTTIE WHITE HEART","7","2011-04-05 09:44:00","3.29","15291.0","Spain","EMEA"
"537737","85123A","WHITE HANGING HEART T-LIGHT HOLDER","12","2011-03-17 15:19:00","2.73","12583.0","USA","AMER"
"537737","20685","DOORMAT RED RETROSPOT","5","2011-03-17 15:19:00","7.54","12583.0","USA","AMER"
"537737","84029E","RED WOOLLY HOTTIE WHITE HEART","5","2011-03-17 15:19:00","3.46","12583.0","USA","AMER"
"537738","21730","GLASS STAR FROSTED T-LIGHT HOLDER","2","2011-03-25 14:54:00","4.65","17809.0","Australia","APAC"
"537739","84029G","KNITTED UNION FLAG HOT WATER BOTTLE","10","2011-03-06 11:10:00","3.85","12583.0","Belgium","EMEA"
"537739","47566","PARTY BUNTING","6","2011-03-06 11:10:00","4.86","12583.0","Belgium","EMEA"
"537739","85099B","JUMBO BAG RED RETROSPOT","10","2011-03-06 11:10:00","1.84","12583.0","Belgium","EMEA"
"537740","71053","WHITE METAL LANTERN","7","2011-04-18 11:08:00","3.49","17850.0","Germany","EMEA"
"537740","22632","HAND WARMER RED POLKA DOT","12","2011-04-18 11:08:00","1.75","17850.0","Germany","EMEA"
"537741","85123A","WHITE HANGING HEART T-LIGHT HOLDER","12","2011-03-25 15:43:00","2.65","12583.0","Australia","APAC"
"537741","71053","WHITE METAL LANTERN","12","2011-03-25 15:43:00","3.36","12583.0","Australia","APAC"
"537741","84029G","KNITTED UNION FLAG HOT WATER BOTTLE","9","2011-03-25 15:43:00","3.61","12583.0","Australia","APAC"
"537742","85099B","JUMBO BAG RED RETROSPOT","9","2011-03-02 12:21:00","1.6","16029.0","United Kingdom","EMEA"
"537742","85099B","JUMBO BAG RED RETROSPOT","8","2011-03-02 12:21:00","2.05","16029.0","United Kingdom","EMEA"
"537742","47566","PARTY BUNTING","2","2011-03-02 12:21:00","5.21","16029.0","United Kingdom","EMEA"
"537743","22632","HAND WARMER RED POLKA DOT","6","2011-03-09 08:05:00","2.1","14606.0","United Kingdom","EMEA"
"537744","22632","HAND WARMER RED POLKA DOT","8","2011-03-15 09:05:00","2.28","13777.0","France","EMEA"
"537744","22752","SET 7 BABUSHKA NESTING BOXES","7","2011-03-15 09:05:00","7.84","13777.0","France","EMEA"
"537745","21730","GLASS STAR FROSTED T-LIGHT HOLDER","6","2011-03-07 10:32:00","4.59","14606.0","France","EMEA"
"537746","71053","WHITE METAL LANTERN","11","2011-03-20 09:03:00","3.63","15291.0","EIRE","EMEA"
"537746","47566","PARTY BUNTING","10","2011-03-20 09:03:00","5.23","15291.0","EIRE","EMEA"
"537746","84406B","CREAM CUPID HEARTS COAT HANGER","3","2011-03-20 09:03:00","2.76","15291.0","EIRE","EMEA"
"537747","20685","DOORMAT RED RETROSPOT","12","2011-03-17 12:01:00","7.22","14606.0","France","EMEA"
"537747","71053","WHITE METAL LANTERN","6","2011-03-17 12:01:00","3.63","14606.0","France","EMEA"
"537747","84406B","CREAM CUPID HEARTS COAT HANGER","12","2011-03-17 12:01:00","2.73","14606.0","France","EMEA"
"537748","85099B","JUMBO BAG RED RETROSPOT","5","2011-04-22 14:44:00","2.04","13777.0","Canada","AMER"
"537749","22752","SET 7 BABUSHKA NESTING BOXES","6","2011-03-13 16:10:00","7.96","15291.0","Germany","EMEA"
"537749","71053","WHITE METAL LANTERN","5","2011-03-13 16:10:00","3.42","15291.0","Germany","EMEA"
"537750","21730","GLASS STAR FROSTED T-LIGHT HOLDER","12","2011-03-11 12:22:00","4.19","13777.0","Germany","EMEA"
"537751","85099B","JUMBO BAG RED RETROSPOT","1","2011-03-12 08:33:00","1.88","15291.0","Germany","EMEA"
"537751","71053","WHITE METAL LANTERN","8","2011-03-12 08:33:00","3.85","15291.0","Germany","EMEA"
"537752","22752","SET 7 BABUSHKA NESTING BOXES","4","2011-04-28 09:12:00","8.13","13777.0","USA","AMER"
"537753","84029E","RED WOOLLY HOTTIE WHITE HEART","3","2011-04-25 11:09:00","3.83","13777.0","Spain","EMEA"
"537753","20685","DOORMAT RED RETROSPOT","6","2011-04-25 11:09:00","7.26","13777.0","Spain","EMEA"
"537753","20685","DOORMAT RED RETROSPOT","4","2011-04-25 11:09:00","7.24","13777.0","Spain","EMEA"
"537754","85123A","WHITE HANGING HEART T-LIGHT HOLDER","8","2011-03-12 13:30:00","2.89","16029.0","Netherlands","EMEA"
"537754","22633","HAND WARMER UNION JACK","11","2011-03-12 13:30:00","2.2","16029.0","Netherlands","EMEA"
"537754","84406B","CREAM CUPID HEARTS COAT HANGER","10","2011-03-12 13:30:00","2.65","16029.0","Netherlands","EMEA"
"537755","71053","WHITE METAL LANTERN","2","2011-04-30 16:48:00","3.73","16029.0","Belgium","EMEA"
"537755","84406B","CREAM CUPID HEARTS COAT HANGER","2","2011-04-30 16:48:00","3.04","16029.0","Belgium","EMEA"
"537756","71053","WHITE METAL LANTERN","7","2011-03-12 14:46:00","3.58","17850.0","Australia","APAC"
"537757","84406B","CREAM CUPID HEARTS COAT HANGER","3","2011-04-22 15:03:00","3.09","12583.0","Australia","APAC"
"537757","71053","WHITE METAL LANTERN","1","2011-04-22 15:03:00","3.76","12583.0","Australia","APAC"
"537758","85123A","WHITE HANGING HEART T-LIGHT HOLDER","9","2011-03-02 16:13:00","2.57","13047.0","France","EMEA"
"537758","84406B","CREAM CUPID HEARTS COAT HANGER","1","2011-03-02 16:13:00","3.11","13047.0","France","EMEA"
"537759","71053","WHITE METAL LANTERN","10","2011-04-15 11:40:00","3.43","14606.0","Germany","EMEA"
"537759","84029E","RED WOOLLY HOTTIE WHITE HEART","2","2011-04-15 11:40:00","3.76","14606.0","Germany","EMEA"
"537759","84029G","KNITTED UNION FLAG HOT WATER BOTTLE","2","2011-04-15 11:40:00","3.7","14606.0","Germany","EMEA"
"537760","22633","HAND WARMER UNION JACK","4","2011-03-11 11:03:00","1.8","16029.0","USA","AMER"
"537760","47566","PARTY BUNTING","8","2011-03-11 11:03:00","4.94","16029.0","USA","AMER"
"537760","22632","HAND WARMER RED POLKA DOT","9","2011-03-11 11:03:00","2.03","16029.0","USA","AMER"
"537761","84029G","KNITTED UNION FLAG HOT WATER BOTTLE","12","2011-04-29 15:04:00","3.31","13777.0","USA","AMER"
"537762","85123A","WHITE HANGING HEART T-LIGHT HOLDER","12","2011-03-31 14:32:00","2.8","15291.0","EIRE","EMEA"
"537763","84406B","CREAM CUPID HEARTS COAT HANGER","12","2011-04-09 14:18:00","2.93","13777.0","Australia","APAC"
"537764","22752","SET 7 BABUSHKA NESTING BOXES","3","2011-04-26 15:33:00","7.77","16029.0","United Kingdom","EMEA"
"537764","47566","PARTY BUNTING","10","2011-04-26 15:33:00","5.44","16029.0","United Kingdom","EMEA"
"537765","84029G","KNITTED UNION FLAG HOT WATER BOTTLE","2","2011-04-24 12:04:00","3.81","17809.0","USA","AMER"
"537766","20685","DOORMAT RED RETROSPOT","2","2011-04-04 13:51:00","7.46","14606.0","Spain","EMEA"
"537766","22752","SET 7 BABUSHKA NESTING BOXES","5","2011-04-04 13:51:00","7.72","14606.0","Spain","EMEA"
"537767","84406B","CREAM CUPID HEARTS COAT HANGER","6","2011-03-17 12:02:00","3.08","15311.0","EIRE","EMEA"
"537768","71053","WHITE METAL LANTERN","1","2011-04-20 13:58:00","3.61","17809.0","USA","AMER"
"537768","47566","PARTY BUNTING","3","2011-04-20 13:58:00","5.23","17809.0","USA","AMER"
"537768","71053","WHITE METAL LANTERN","8","2011-04-20 13:58:00","3.35","17809.0","USA","AMER"
"537769","84029G","KNITTED UNION FLAG HOT WATER BOTTLE","2","2011-03-18 16:20:00","3.49","13777.0","USA","AMER"
"537770","85123A","WHITE HANGING HEART T-LIGHT HOLDER","9","2011-03-19 14:44:00","2.9","14096.0","Canada","AMER"
"537770","85099B","JUMBO BAG RED RETROSPOT","3","2011-03-19 14:44:00","2.04","14096.0","Canada","AMER"
"537770","22752","SET 7 BABUSHKA NESTING BOXES","5","2011-03-19 14:44:00","7.85","14096.0","Canada","AMER"
"537771","22632","HAND WARMER RED POLKA DOT","2","2011-03-16 16:48:00","2.2","17809.0","Australia","APAC"
"537771","21730","GLASS STAR FROSTED T-LIGHT HOLDER","9","2011-03-16 16:48:00","4.28","17809.0","Australia","APAC"
"537772","20685","DOORMAT RED RETROSPOT","2","2011-03-31 16:05:00","6.99","14606.0","France","EMEA"
"537773","22632","HAND WARMER RED POLKA DOT","10","2011-03-10 09:38:00","2.27","14096.0","Germany","EMEA"
"537773","22633","HAND WARMER UNION JACK","5","2011-03-10 09:38:00","2.22","14096.0","Germany","EMEA"
"537773","84029E","RED WOOLLY HOTTIE WHITE HEART","7","2011-03-10 09:38:00","3.64","14096.0","Germany","EMEA"
"537774","20685","DOORMAT RED RETROSPOT","6","2011-04-05 09:51:00","7.39","14096.0","Germany","EMEA"
"537775","47566","PARTY BUNTING","1","2011-04-09 09:45:00","5.15","14606.0","Belgium","EMEA"
"537776","20685","DOORMAT RED RETROSPOT","7","2011-03-22 09:38:00","7.15","14606.0","Spain","EMEA"
"537776","47566","PARTY BUNTING","3","2011-03-22 09:38:00","4.99","14606.0","Spain","EMEA"
"537776","85123A","WHITE HANGING HEART T-LIGHT HOLDER","7","2011-03-22 09:38:00","2.87","14606.0","Spain","EMEA"
"537777","85099B","JUMBO BAG RED RETROSPOT","5","2011-03-01 09:30:00","2.02","16029.0","Germany","EMEA"
"537777","84029E","RED WOOLLY HOTTIE WHITE HEART","3","2011-03-01 09:30:00","3.87","16029.0","Germany","EMEA"
"537778","47566","PARTY BUNTING","4","2011-04-23 15:07:00","4.89","14096.0","Spain","EMEA"
"537779","47566","PARTY BUNTING","1","2011-04-28 11:44:00","5.31","13777.0","Spain","EMEA"
"537779","22633","HAND WARMER UNION JACK","6","2011-04-28 11:44:00","1.87","13777.0","Spain","EMEA"
"537779","22632","HAND WARMER RED POLKA DOT","11","2011-04-28 11:44:00","2.09","13777.0","Spain","EMEA"
"537780","47566","PARTY BUNTING","12","2011-03-14 13:42:00","5.35","14606.0","France","EMEA"
"537781","20685","DOORMAT RED RETROSPOT","7","2011-03-13 11:04:00","7.43","15311.0","Germany","EMEA"
"537781","22752","SET 7 BABUSHKA NESTING BOXES","5","2011-03-13 11:04:00","7.67","15311.0","Germany","EMEA"
"537782","22752","SET 7 BABUSHKA NESTING BOXES","2","2011-03-27 11:22:00","7.8","14606.0","France","EMEA"
"537783","22633","HAND WARMER UNION JACK","8","2011-04-20 11:42:00","2.04","15291.0","USA","AMER"
"537783","84406B","CREAM CUPID HEARTS COAT HANGER","1","2011-04-20 11:42:00","2.83","15291.0","USA","AMER"
"537784","85099B","JUMBO BAG RED RETROSPOT","5","2011-04-02 16:35:00","1.64","13047.0","Australia","APAC"
"537784","71053","WHITE METAL LANTERN","12","2011-04-02 16:35:00","3.52","13047.0","Australia","APAC"
"537784","47566","PARTY BUNTING","7","2011-04-02 16:35:00","5.04","13047.0","Australia","APAC"
"537785","47566","PARTY BUNTING","3","2011-04-16 11:50:00","5.16","17809.0","Netherlands","EMEA"
"537785","85123A","WHITE HANGING HEART T-LIGHT HOLDER","4","2011-04-16 11:50:00","3.02","17809.0","Netherlands","EMEA"
"537786","22752","SET 7 BABUSHKA NESTING BOXES","12","2011-03-26 12:47:00","7.71","16029.0","Belgium","EMEA"
"537786","84029E","RED WOOLLY HOTTIE WHITE HEART","1","2011-03-26 12:47:00","3.54","16029.0","Belgium","EMEA"
"537787","22752","SET 7 BABUSHKA NESTING BOXES","4","2011-04-16 12:09:00","7.65","16029.0","Canada","AMER"
"537787","84029G","KNITTED UNION FLAG HOT WATER BOTTLE","7","2011-04-16 12:09:00","3.64","16029.0","Canada","AMER"
"537787","85123A","WHITE HANGING HEART T-LIGHT HOLDER","11","2011-04-16 12:09:00","3.02","16029.0","Canada","AMER"
"537788","84406B","CREAM CUPID HEARTS COAT HANGER","2","2011-04-11 16:31:00","3.04","13047.0","Germany","EMEA"
"537789","84406B","CREAM CUPID HEARTS COAT HANGER","1","2011-04-16 08:58:00","3.07","15311.0","USA","AMER"
"537789","22752","SET 7 BABUSHKA NESTING BOXES","7","2011-04-16 08:58:00","7.93","15311.0","USA","AMER"
"537789","22752","SET 7 BABUSHKA NESTING BOXES","8","2011-04-16 08:58:00","8.08","15311.0","USA","AMER"
"537790","20685","DOORMAT RED RETROSPOT","1","2011-03-28 09:26:00","7.03","15291.0","EIRE","EMEA"
"537791","20685","DOORMAT RED RETROSPOT","7","2011-03-07 11:52:00","7.39","16029.0","Germany","EMEA"
"537791","85123A","WHITE HANGING HEART T-LIGHT HOLDER","12","2011-03-07 11:52:00","2.7","16029.0","Germany","EMEA"
"537792","71053","WHITE METAL LANTERN","9","2011-04-20 13:47:00","3.78","17850.0","USA","AMER"
"537792","85123A","WHITE HANGING HEART T-LIGHT HOLDER","5","2011-04-20 13:47:00","2.84","17850.0","USA","AMER"
"537793","71053","WHITE METAL LANTERN","9","2011-03-03 11:51:00","3.76","17809.0","EIRE","EMEA"
"537793","84029E","RED WOOLLY HOTTIE WHITE HEART","10","2011-03-03 11:51:00","3.57","17809.0","EIRE","EMEA"
"537794","22632","HAND WARMER RED POLKA DOT","6","2011-03-15 10:10:00","1.96","14096.0","Germany","EMEA"
"537794","84029G","KNITTED UNION FLAG HOT WATER BOTTLE","4","2011-03-15 10:10:00","3.54","14096.0","Germany","EMEA"
"537795","20685","DOORMAT RED RETROSPOT","2","2011-03-15 13:09:00","7.28","12583.0","United Kingdom","EMEA"
"537795","47566","PARTY BUNTING","11","2011-03-15 13:09:00","4.93","12583.0","United Kingdom","EMEA"
"537795","71053","WHITE METAL LANTERN","2","2011-03-15 13:09:00","3.8","12583.0","United Kingdom","EMEA"
"537796","20685","DOORMAT RED RETROSPOT","6","2011-03-05 11:01:00","7.02","16029.0","USA","AMER"
"537797","85099B","JUMBO BAG RED RETROSPOT","9","2011-04-09 08:22:00","1.6","13047.0","Australia","APAC"
"537798","22752","SET 7 BABUSHKA NESTING BOXES","7","2011-04-12 08:45:00","7.63","14096.0","Canada","AMER"
"537798","84029G","KNITTED UNION FLAG HOT WATER BOTTLE","1","2011-04-12 08:45:00","3.64","14096.0","Canada","AMER"
"537799","22752","SET 7 BABUSHKA NESTING BOXES","12","2011-03-26 16:33:00","7.71","13777.0","Canada","AMER"
"537799","84029E","RED WOOLLY HOTTIE WHITE HEART","11","2011-03-26 16:33:00","3.52","13777.0","Canada","AMER"
"537800","21730","GLASS STAR FROSTED T-LIGHT HOLDER","4","2011-03-10 13:16:00","4.73","15291.0","Netherlands","EMEA"
"537800","22633","HAND WARMER UNION JACK","4","2011-03-10 13:16:00","1.9","15291.0","Netherlands","EMEA"
"537801","22633","HAND WARMER UNION JACK","2","2011-04-16 08:17:00","1.98","15311.0","United Kingdom","EMEA"
"537802","84029G","KNITTED UNION FLAG HOT WATER BOTTLE","12","2011-03-19 10:23:00","3.68","15311.0","France","EMEA"
"537802","85123A","WHITE HANGING HEART T-LIGHT HOLDER","2","2011-03-19 10:23:00","3.0","15311.0","France","EMEA"
"537803","85123A","WHITE HANGING HEART T-LIGHT HOLDER","2","2011-04-07 12:00:00","2.5","13047.0","USA","AMER"
"537803","47566","PARTY BUNTING","6","2011-04-07 12:00:00","4.93","13047.0","USA","AMER"
"537803","22633","HAND WARMER UNION JACK","11","2011-04-07 12:00:00","2.18","13047.0","USA","AMER"
"537804","84029E","RED WOOLLY HOTTIE WHITE HEART","7","2011-04-16 12:06:00","3.5","13777.0","USA","AMER"
"537805","85099B","JUMBO BAG RED RETROSPOT","5","2011-03-03 15:02:00","2.01","13777.0","EIRE","EMEA"
"537805","84029G","KNITTED UNION FLAG HOT WATER BOTTLE","11","2011-03-03 15:02:00","3.69","13777.0","EIRE","EMEA"
"537806","22752","SET 7 BABUSHKA NESTING BOXES","4","2011-03-06 12:15:00","8.07","17809.0","Australia","APAC"
"537807","84406B","CREAM CUPID HEARTS COAT HANGER","11","2011-04-17 10:08:00","2.97","14096.0","Spain","EMEA"
"537807","20685","DOORMAT RED RETROSPOT","5","2011-04-17 10:08:00","7.25","14096.0","Spain","EMEA"
"537808","47566","PARTY BUNTING","1","2011-03-04 15:19:00","5.2","17850.0","Belgium","EMEA"
"537808","71053","WHITE METAL LANTERN","11","2011-03-04 15:19:00","3.38","17850.0","Belgium","EMEA"
"537809","22752","SET 7 BABUSHKA NESTING BOXES","2","2011-03-24 16:06:00","7.73","15311.0","Canada","AMER"
"537810","85123A","WHITE HANGING HEART T-LIGHT HOLDER","5","2011-04-22 12:03:00","3.02","16029.0","Netherlands","EMEA"
"537810","47566","PARTY BUNTING","7","2011-04-22 12:03:00","5.05","16029.0","Netherlands","EMEA"
"537810","85123A","WHITE HANGING HEART T-LIGHT HOLDER","9","2011-04-22 12:03:00","2.6","16029.0","Netherlands","EMEA"
"537811","22752","SET 7 BABUSHKA NESTING BOXES","7","2011-04-12 12:38:00","8.0","14606.0","Netherlands","EMEA"
"537811","47566","PARTY BUNTING","8","2011-04-12 12:38:00","5.42","14606.0","Netherlands","EMEA"
"537811","22752","SET 7 BABUSHKA NESTING BOXES","6","2011-04-12 12:38:00","7.81","14606.0","Netherlands","EMEA"
"537812","71053","WHITE METAL LANTERN","12","2011-03-19 08:02:00","3.49","15311.0","France","EMEA"
"537813","85099B","JUMBO BAG RED RETROSPOT","2","2011-04-26 12:01:00","1.76","17850.0","Canada","AMER"
"537814","85123A","WHITE HANGING HEART T-LIGHT HOLDER","2","2011-04-07 12:10:00","2.54","12583.0","Belgium","EMEA"
"537814","71053","WHITE METAL LANTERN","8","2011-04-07 12:10:00","3.37","12583.0","Belgium","EMEA"
"537815","84406B","CREAM CUPID HEARTS COAT HANGER","3","2011-03-20 11:16:00","2.66","16029.0","United Kingdom","EMEA"
"537816","22752","SET 7 BABUSHKA NESTING BOXES","8","2011-04-13 16:41:00","7.82","13047.0","Spain","EMEA"
"537817","20685","DOORMAT RED RETROSPOT","4","2011-03-19 09:42:00","7.56","15311.0","Australia","APAC"
"537817","84406B","CREAM CUPID HEARTS COAT HANGER","4","2011-03-19 09:42:00","2.67","15311.0","Australia","APAC"
"537817","20685","DOORMAT RED RETROSPOT","8","2011-03-19 09:42:00","7.12","15311.0","Australia","APAC"
"537818","22633","HAND WARMER UNION JACK","8","2011-03-25 09:32:00","1.9","15311.0","Germany","EMEA"
"537818","22633","HAND WARMER UNION JACK","9","2011-03-25 09:32:00","2.3","15311.0","Germany","EMEA"
"537819","84406B","CREAM CUPID HEARTS COAT HANGER","6","2011-04-17 13:58:00","2.97","15311.0","Netherlands","EMEA"
"537819","84029G","KNITTED UNION FLAG HOT WATER BOTTLE","6","2011-04-17 13:58:00","3.48","15311.0","Netherlands","EMEA"
"537819","20685","DOORMAT RED RETROSPOT","10","2011-04-17 13:58:00","7.32","15311.0","Netherlands","EMEA"
"537820","21730","GLASS STAR FROSTED T-LIGHT HOLDER","1","2011-03-07 12:15:00","4.32","14606.0","Netherlands","EMEA"
"537821","85123A","WHITE HANGING HEART T-LIGHT HOLDER","9","2011-04-26 12:15:00","2.76","12583.0","Australia","APAC"
"537821","22632","HAND WARMER RED POLKA DOT","7","2011-04-26 12:15:00","2.19","12583.0","Australia","APAC"
"537821","21730","GLASS STAR FROSTED T-LIGHT HOLDER","5","2011-04-26 12:15:00","4.54","12583.0","Australia","APAC"
"537822","85099B","JUMBO BAG RED RETROSPOT","7","2011-03-24 08:36:00","1.9","12583.0","Spain","EMEA"
"537822","84029G","KNITTED UNION FLAG HOT WATER BOTTLE","8","2011-03-24 08:36:00","3.49","12583.0","Spain","EMEA"
"537823","85123A","WHITE HANGING HEART T-LIGHT HOLDER","9","2011-03-07 13:22:00","2.78","17850.0","Canada","AMER"
"537823","21730","GLASS STAR FROSTED T-LIGHT HOLDER","4","2011-03-07 13:22:00","4.49","17850.0","Canada","AMER"
"537824","85099B","JUMBO BAG RED RETROSPOT","6","2011-03-18 13:00:00","2.09","17809.0","Spain","EMEA"
"537824","85099B","JUMBO BAG RED RETROSPOT","11","2011-03-18 13:00:00","1.66","17809.0","Spain","EMEA"
"537824","47566","PARTY BUNTING","7","2011-03-18 13:00:00","5.06","17809.0","Spain","EMEA"
"537825","22632","HAND WARMER RED POLKA DOT","1","2011-03-31 14:46:00","2.11","14606.0","United Kingdom","EMEA"
"537825","22752","SET 7 BABUSHKA NESTING BOXES","7","2011-03-31 14:46:00","7.88","14606.0","United Kingdom","EMEA"
"537826","84029E","RED WOOLLY HOTTIE WHITE HEART","5","2011-03-07 16:15:00","3.89","17809.0","United Kingdom","EMEA"
"537826","84406B","CREAM CUPID HEARTS COAT HANGER","8","2011-03-07 16:15:00","2.87","17809.0","United Kingdom","EMEA"
"537827","47566","PARTY BUNTING","6","2011-03-08 12:11:00","4.86","17850.0","Australia","APAC"
"537827","85099B","JUMBO BAG RED RETROSPOT","4","2011-03-08 12:11:00","1.81","17850.0","Australia","APAC"
"537828","84406B","CREAM CUPID HEARTS COAT HANGER","2","2011-03-15 12:02:00","2.72","15291.0","Belgium","EMEA"
"537829","85099B","JUMBO BAG RED RETROSPOT","11","2011-04-18 16:02:00","2.05","14606.0","Netherlands","EMEA"
"537829","85099B","JUMBO BAG RED RETROSPOT","5","2011-04-18 16:02:00","1.78","14606.0","Netherlands","EMEA"
"537830","47566","PARTY BUNTING","4","2011-04-28 12:40:00","4.86","15311.0","Netherlands","EMEA"
"537830","21730","GLASS STAR FROSTED T-LIGHT HOLDER","7","2011-04-28 12:40:00","4.67","15311.0","Netherlands","EMEA"
"537831","85123A","WHITE HANGING HEART T-LIGHT HOLDER","6","2011-03-08 14:24:00","2.9","16029.0","Spain","EMEA"
"537832","22752","SET 7 BABUSHKA NESTING BOXES","6","2011-04-24 08:16:00","7.93","15311.0","Australia","APAC"
"537832","84029G","KNITTED UNION FLAG HOT WATER BOTTLE","7","2011-04-24 08:16:00","3.89","15311.0","Australia","APAC"
"537833","20685","DOORMAT RED RETROSPOT","3","2011-04-08 11:04:00","7.39","13047.0","EIRE","EMEA"
"537834","85123A","WHITE HANGING HEART T-LIGHT HOLDER","4","2011-03-08 09:43:00","2.78","15291.0","United Kingdom","EMEA"
"537834","22633","HAND WARMER UNION JACK","4","2011-03-08 09:43:00","2.31","15291.0","United Kingdom","EMEA"
"537834","22632","HAND WARMER RED POLKA DOT","1","2011-03-08 09:43:00","2.28","15291.0","United Kingdom","EMEA"
"537835","47566","PARTY BUNTING","12","2011-04-08 16:06:00","5.09","15291.0","Australia","APAC"
"537835","22633","HAND WARMER UNION JACK","1","2011-04-08 16:06:00","2.17","15291.0","Australia","APAC"
"537836","84029G","KNITTED UNION FLAG HOT WATER BOTTLE","4","2011-04-02 16:19:00","3.85","14096.0","Belgium","EMEA"
"537836","21730","GLASS STAR FROSTED T-LIGHT HOLDER","6","2011-04-02 16:19:00","4.17","14096.0","Belgium","EMEA"
"537837","85099B","JUMBO BAG RED RETROSPOT","3","2011-04-27 16:04:00","1.84","15311.0","EIRE","EMEA"
"537837","84029E","RED WOOLLY HOTTIE WHITE HEART","10","2011-04-27 16:04:00","3.74","15311.0","EIRE","EMEA"
"537837","71053","WHITE METAL LANTERN","5","2011-04-27 16:04:00","3.32","15311.0","EIRE","EMEA"
"537838","47566","PARTY BUNTING","9","2011-03-15 12:24:00","5.21","16029.0","EIRE","EMEA"
"537838","84029E","RED WOOLLY HOTTIE WHITE HEART","8","2011-03-15 12:24:00","3.68","16029.0","EIRE","EMEA"
"537839","84029G","KNITTED UNION FLAG HOT WATER BOTTLE","8","2011-04-07 13:52:00","3.4","15311.0","Spain","EMEA"
"537839","22752","SET 7 BABUSHKA NESTING BOXES","12","2011-04-07 13:52:00","7.86","15311.0","Spain","EMEA"
"537839","71053","WHITE METAL LANTERN","6","2011-04-07 13:52:00","3.75","15311.0","Spain","EMEA"
"537840","85123A","WHITE HANGING HEART T-LIGHT HOLDER","1","2011-03-19 14:09:00","2.57","15291.0","Netherlands","EMEA"
"537840","84029G","KNITTED UNION FLAG HOT WATER BOTTLE","1","2011-03-19 14:09:00","3.39","15291.0","Netherlands","EMEA"
"537840","71053","WHITE METAL LANTERN","12","2011-03-19 14:09:00","3.65","15291.0","Netherlands","EMEA"
"537841","84029G","KNITTED UNION FLAG HOT WATER BOTTLE","9","2011-03-04 09:31:00","3.5","14096.0","USA","AMER"
"537841","20685","DOORMAT RED RETROSPOT","6","2011-03-04 09:31:00","7.2","14096.0","USA","AMER"
"537842","20685","DOORMAT RED RETROSPOT","8","2011-04-10 16:05:00","7.49","13047.0","Netherlands","EMEA"
"537843","21730","GLASS STAR FROSTED T-LIGHT HOLDER","3","2011-03-11 14:50:00","4.33","14606.0","Germany","EMEA"
"537843","84029G","KNITTED UNION FLAG HOT WATER BOTTLE","7","2011-03-11 14:50:00","3.59","14606.0","Germany","EMEA"
"537844","85123A","WHITE HANGING HEART T-LIGHT HOLDER","9","2011-04-10 09:05:00","2.47","14606.0","United Kingdom","EMEA"
"537844","85099B","JUMBO BAG RED RETROSPOT","3","2011-04-10 09:05:00","1.94","14606.0","United Kingdom","EMEA"
"537844","21730","GLASS STAR FROSTED T-LIGHT HOLDER","5","2011-04-10 09:05:00","4.52","14606.0","United Kingdom","EMEA"
"537845","22632","HAND WARMER RED POLKA DOT","10","2011-03-31 12:54:00","1.97","16029.0","Netherlands","EMEA"
"537846","22752","SET 7 BABUSHKA NESTING BOXES","12","2011-03-24 10:31:00","7.68","12583.0","Spain","EMEA"
"537846","22633","HAND WARMER UNION JACK","8","2011-03-24 10:31:00","2.2","12583.0","Spain","EMEA"
"537847","84406B","CREAM CUPID HEARTS COAT HANGER","6","2011-04-19 11:28:00","2.9","17809.0","United Kingdom","EMEA"
"537848","84029G","KNITTED UNION FLAG HOT WATER BOTTLE","5","2011-04-01 11:16:00","3.62","15311.0","EIRE","EMEA"
"537848","47566","PARTY BUNTING","2","2011-04-01 11:16:00","5.22","15311.0","EIRE","EMEA"
"537849","85123A","WHITE HANGING HEART T-LIGHT HOLDER","2","2011-03-11 12:11:00","2.93","17850.0","United Kingdom","EMEA"
"537850","21730","GLASS STAR FROSTED T-LIGHT HOLDER","3","2011-04-20 08:24:00","4.37","14096.0","Australia","APAC"
"537850","47566","PARTY BUNTING","6","2011-04-20 08:24:00","5.44","14096.0","Australia","APAC"
"537851","71053","WHITE METAL LANTERN","3","2011-03-19 12:07:00","3.73","13777.0","USA","AMER"
"537851","84029E","RED WOOLLY HOTTIE WHITE HEART","9","2011-03-19 12:07:00","3.46","13777.0","USA","AMER"
"537852","85099B","JUMBO BAG RED RETROSPOT","3","2011-04-20 15:16:00","1.6","12583.0","Australia","APAC"
"537853","22633","HAND WARMER UNION JACK","9","2011-03-04 12:55:00","2.18","14606.0","Canada","AMER"
"537853","85099B","JUMBO BAG RED RETROSPOT","2","2011-03-04 12:55:00","1.67","14606.0","Canada","AMER"
"537853","22633","HAND WARMER UNION JACK","2","2011-03-04 12:55:00","2.01","14606.0","Canada","AMER"
"537854","20685","DOORMAT RED RETROSPOT","10","2011-03-19 16:40:00","7.34","15291.0","Belgium","EMEA"
"537854","71053","WHITE METAL LANTERN","11","2011-03-19 16:40:00","3.38","15291.0","Belgium","EMEA"
"537854","84029G","KNITTED UNION FLAG HOT WATER BOTTLE","12","2011-03-19 16:40:00","3.61","15291.0","Belgium","EMEA"
"537855","22752","SET 7 BABUSHKA NESTING BOXES","11","2011-03-20 09:19:00","8.1","16029.0","Australia","APAC"
"537856","84029G","KNITTED UNION FLAG HOT WATER BOTTLE","4","2011-03-30 11:55:00","3.83","16029.0","United Kingdom","EMEA"
"537856","47566","PARTY BUNTING","9","2011-03-30 11:55:00","5.14","16029.0","United Kingdom","EMEA"
"537857","84406B","CREAM CUPID HEARTS COAT HANGER","10","2011-04-15 12:53:00","2.98","12583.0","USA","AMER"
"537858","22633","HAND WARMER UNION JACK","11","2011-03-04 12:39:00","2.15","13777.0","France","EMEA"
"537858","84029E","RED WOOLLY HOTTIE WHITE HEART","5","2011-03-04 12:39:00","3.84","13777.0","France","EMEA"
"537858","21730","GLASS STAR FROSTED T-LIGHT HOLDER","4","2011-03-04 12:39:00","4.63","13777.0","France","EMEA"
"537859","21730","GLASS STAR FROSTED T-LIGHT HOLDER","6","2011-03-31 12:36:00","4.49","14606.0","Belgium","EMEA"
"537859","84029G","KNITTED UNION FLAG HOT WATER BOTTLE","2","2011-03-31 12:36:00","3.34","14606.0","Belgium","EMEA"
"537860","71053","WHITE METAL LANTERN","11","2011-04-23 10:46:00","3.61","12583.0","Netherlands","EMEA"
"537861","71053","WHITE METAL LANTERN","3","2011-04-30 16:34:00","3.41","17809.0","Canada","AMER"
"537861","20685","DOORMAT RED RETROSPOT","9","2011-04-30 16:34:00","7.3","17809.0","Canada","AMER"
"537862","84029G","KNITTED UNION FLAG HOT WATER BOTTLE","3","2011-04-12 16:11:00","3.43","15291.0","United Kingdom","EMEA"
"537862","22752","SET 7 BABUSHKA NESTING BOXES","2","2011-04-12 16:11:00","7.59","15291.0","United Kingdom","EMEA"
"537863","22752","SET 7 BABUSHKA NESTING BOXES","12","2011-04-15 10:11:00","7.71","17809.0","Canada","AMER"
"537863","85099B","JUMBO BAG RED RETROSPOT","5","2011-04-15 10:11:00","1.77","17809.0","Canada","AMER"
"537863","85123A","WHITE HANGING HEART T-LIGHT HOLDER","4","2011-04-15 10:11:00","2.5","17809.0","Canada","AMER"
"537864","85099B","JUMBO BAG RED RETROSPOT","4","2011-03-04 09:48:00","2.05","13047.0","USA","AMER"
"537864","84029E","RED WOOLLY HOTTIE WHITE HEART","8","2011-03-04 09:48:00","3.32","13047.0","USA","AMER"
"537865","71053","WHITE METAL LANTERN","5","2011-04-02 09:18:00","3.4","17850.0","EIRE","EMEA"
"537865","84029G","KNITTED UNION FLAG HOT WATER BOTTLE","8","2011-04-02 09:18:00","3.5","17850.0","EIRE","EMEA"
"537866","85099B","JUMBO BAG RED RETROSPOT","2","2011-04-23 13:55:00","2.15","14606.0","Netherlands","EMEA"
"537866","22633","HAND WARMER UNION JACK","4","2011-04-23 13:55:00","2.2","14606.0","Netherlands","EMEA"
"537867","84029E","RED WOOLLY HOTTIE WHITE HEART","9","2011-03-27 13:44:00","3.56","13047.0","United Kingdom","EMEA"
"537868","47566","PARTY BUNTING","2","2011-03-06 13:47:00","5.1","15291.0","Australia","APAC"
"537868","22752","SET 7 BABUSHKA NESTING BOXES","6","2011-03-06 13:47:00","7.93","15291.0","Australia","APAC"
"537869","84029E","RED WOOLLY HOTTIE WHITE HEART","3","2011-04-20 16:24:00","3.34","12583.0","Australia","APAC"
"537870","71053","WHITE METAL LANTERN","5","2011-04-27 09:30:00","3.85","17850.0","Belgium","EMEA"
"537871","84029G","KNITTED UNION FLAG HOT WATER BOTTLE","2","2011-04-08 12:21:00","3.63","12583.0","France","EMEA"
"537872","84029E","RED WOOLLY HOTTIE WHITE HEART","2","2011-03-25 12:50:00","3.62","13047.0","Netherlands","EMEA"
"537872","85123A","WHITE HANGING HEART T-LIGHT HOLDER","6","2011-03-25 12:50:00","2.61","13047.0","Netherlands","EMEA"
"537872","85123A","WHITE HANGING HEART T-LIGHT HOLDER","1","2011-03-25 12:50:00","2.76","13047.0","Netherlands","EMEA"
"537873","85099B","JUMBO BAG RED RETROSPOT","10","2011-04-17 08:42:00","1.71","15291.0","EIRE","EMEA"
"537873","84406B","CREAM CUPID HEARTS COAT HANGER","1","2011-04-17 08:42:00","3.12","15291.0","EIRE","EMEA"
"537873","22633","HAND WARMER UNION JACK","10","2011-04-17 08:42:00","1.99","15291.0","EIRE","EMEA"
"537874","22632","HAND WARMER RED POLKA DOT","10","2011-03-03 15:37:00","2.01","16029.0","Canada","AMER"
"537875","22632","HAND WARMER RED POLKA DOT","8","2011-03-15 09:06:00","1.76","13047.0","Canada","AMER"
"537875","85099B","JUMBO BAG RED RETROSPOT","9","2011-03-15 09:06:00","1.83","13047.0","Canada","AMER"
"537875","20685","DOORMAT RED RETROSPOT","2","2011-03-15 09:06:00","7.18","13047.0","Canada","AMER"
"537876","21730","GLASS STAR FROSTED T-LIGHT HOLDER","6","2011-03-28 15:04:00","4.41","13047.0","Canada","AMER"
"537876","85123A","WHITE HANGING HEART T-LIGHT HOLDER","11","2011-03-28 15:04:00","2.8","13047.0","Canada","AMER"
"537877","22752","SET 7 BABUSHKA NESTING BOXES","2","2011-04-21 16:34:00","7.99","13777.0","Belgium","EMEA"
"537877","22632","HAND WARMER RED POLKA DOT","3","2011-04-21 16:34:00","1.76","13777.0","Belgium","EMEA"
"537878","22633","HAND WARMER UNION JACK","10","2011-04-11 16:23:00","1.93","12583.0","Netherlands","EMEA"
"537878","85123A","WHITE HANGING HEART T-LIGHT HOLDER","2","2011-04-11 16:23:00","2.97","12583.0","Netherlands","EMEA"
"537878","22752","SET 7 BABUSHKA NESTING BOXES","5","2011-04-11 16:23:00","8.11","12583.0","Netherlands","EMEA"
"537879","47566","PARTY BUNTING","9","2011-03-26 16:50:00","5.05","17850.0","Netherlands","EMEA"
"537880","21730","GLASS STAR FROSTED T-LIGHT HOLDER","11","2011-04-11 09:05:00","4.62","15291.0","USA","AMER"
"537881","85123A","WHITE HANGING HEART T-LIGHT HOLDER","9","2011-03-13 12:32:00","2.91","13777.0","USA","AMER"
"537881","71053","WHITE METAL LANTERN","12","2011-03-13 12:32:00","3.44","13777.0","USA","AMER"
"537882","71053","WHITE METAL LANTERN","12","2011-03-24 15:42:00","3.86","13777.0","Belgium","EMEA"
"537882","47566","PARTY BUNTING","6","2011-03-24 15:42:00","5.02","13777.0","Belgium","EMEA"
"537883","20685","DOORMAT RED RETROSPOT","5","2011-04-20 11:48:00","7.56","13047.0","EIRE","EMEA"
"537884","47566","PARTY BUNTING","6","2011-03-13 14:37:00","5.13","15291.0","Belgium","EMEA"
"537884","84029G","KNITTED UNION FLAG HOT WATER BOTTLE","11","2011-03-13 14:37:00","3.67","15291.0","Belgium","EMEA"
"537884","22752","SET 7 BABUSHKA NESTING BOXES","8","2011-03-13 14:37:00","7.56","15291.0","Belgium","EMEA"
"537885","85099B","JUMBO BAG RED RETROSPOT","3","2011-03-19 13:04:00","1.65","15291.0","Belgium","EMEA"
"537886","22633","HAND WARMER UNION JACK","9","2011-03-15 16:48:00","2.12","12583.0","United Kingdom","EMEA"
"537886","84029G","KNITTED UNION FLAG HOT WATER BOTTLE","1","2011-03-15 16:48:00","3.41","12583.0","United Kingdom","EMEA"
"537887","85123A","WHITE HANGING HEART T-LIGHT HOLDER","10","2011-03-26 08:17:00","2.69","13777.0","Spain","EMEA"
"537888","22752","SET 7 BABUSHKA NESTING BOXES","10","2011-03-10 10:09:00","8.02","14096.0","France","EMEA"
"537888","20685","DOORMAT RED RETROSPOT","6","2011-03-10 10:09:00","7.1","14096.0","France","EMEA"
"537888","21730","GLASS STAR FROSTED T-LIGHT HOLDER","3","2011-03-10 10:09:00","4.22","14096.0","France","EMEA"
"537889","84406B","CREAM CUPID HEARTS COAT HANGER","12","2011-04-24 13:12:00","2.92","15291.0","Canada","AMER"
"537890","22752","SET 7 BABUSHKA NESTING BOXES","5","2011-03-28 14:29:00","8.08","17850.0","France","EMEA"
"537890","85099B","JUMBO BAG RED RETROSPOT","1","2011-03-28 14:29:00","1.77","17850.0","France","EMEA"
"537891","22752","SET 7 BABUSHKA NESTING BOXES","11","2011-03-02 11:29:00","7.7","15311.0","Australia","APAC"
"537891","84029E","RED WOOLLY HOTTIE WHITE HEART","6","2011-03-02 11:29:00","3.88","15311.0","Australia","APAC"
"537891","20685","DOORMAT RED RETROSPOT","1","2011-03-02 11:29:00","7.55","15311.0","Australia","APAC"
"537892","84406B","CREAM CUPID HEARTS COAT HANGER","10","2011-03-01 14:35:00","2.81","15311.0","USA","AMER"
"537892","71053","WHITE METAL LANTERN","8","2011-03-01 14:35:00","3.84","15311.0","USA","AMER"
"537892","85123A","WHITE HANGING HEART T-LIGHT HOLDER","5","2011-03-01 14:35:00","3.02","15311.0","USA","AMER"
"537893","22633","HAND WARMER UNION JACK","12","2011-03-10 12:08:00","2.12","13777.0","Belgium","EMEA"
"537893","71053","WHITE METAL LANTERN","10","2011-03-10 12:08:00","3.85","13777.0","Belgium","EMEA"
"537893","21730","GLASS STAR FROSTED T-LIGHT HOLDER","4","2011-03-10 12:08:00","4.42","13777.0","Belgium","EMEA"
"537894","22633","HAND WARMER UNION JACK","3","2011-03-03 12:48:00","1.75","17850.0","USA","AMER"
"537894","20685","DOORMAT RED RETROSPOT","12","2011-03-03 12:48:00","7.3","17850.0","USA","AMER"
"537894","22632","HAND WARMER RED POLKA DOT","9","2011-03-03 12:48:00","2.18","17850.0","USA","AMER"
"537895","22632","HAND WARMER RED POLKA DOT","8","2011-04-06 15:00:00","2.04","13777.0","Canada","AMER"
"537896","84406B","CREAM CUPID HEARTS COAT HANGER","5","2011-04-27 12:43:00","2.82","12583.0","Netherlands","EMEA"
"537897","84406B","CREAM CUPID HEARTS COAT HANGER","2","2011-04-09 11:51:00","2.66","12583.0","United Kingdom","EMEA"
"537898","85123A","WHITE HANGING HEART T-LIGHT HOLDER","1","2011-04-11 12:52:00","2.8","13777.0","Belgium","EMEA"
"537899","47566","PARTY BUNTING","9","2011-03-10 15:01:00","4.98","14606.0","Netherlands","EMEA"
"537899","20685","DOORMAT RED RETROSPOT","9","2011-03-10 15:01:00","7.49","14606.0","Netherlands","EMEA"
"537899","22632","HAND WARMER RED POLKA DOT","1","2011-03-10 15:01:00","1.89","14606.0","Netherlands","EMEA"
"537900","84029E","RED WOOLLY HOTTIE WHITE HEART","9","2011-04-28 15:06:00","3.76","17850.0","EIRE","EMEA"
"537900","85099B","JUMBO BAG RED RETROSPOT","4","2011-04-28 15:06:00","2.08","17850.0","EIRE","EMEA"
"537901","22633","HAND WARMER UNION JACK","11","2011-03-02 16:08:00","1.96","17809.0","Spain","EMEA"
"537901","47566","PARTY BUNTING","9","2011-03-02 16:08:00","5.34","17809.0","Spain","EMEA"
"537902","22633","HAND WARMER UNION JACK","5","2011-04-05 09:38:00","2.05","17809.0","USA","AMER"
"537902","85099B","JUMBO BAG RED RETROSPOT","12","2011-04-05 09:38:00","2.02","17809.0","USA","AMER"
"537903","84029G","KNITTED UNION FLAG HOT WATER BOTTLE","3","2011-04-04 10:10:00","3.76","14606.0","Australia","APAC"
"537903","21730","GLASS STAR FROSTED T-LIGHT HOLDER","5","2011-04-04 10:10:00","4.25","14606.0","Australia","APAC"
"537904","71053","WHITE METAL LANTERN","12","2011-03-27 12:29:00","3.89","14606.0","United Kingdom","EMEA"
"537904","20685","DOORMAT RED RETROSPOT","12","2011-03-27 12:29:00","7.45","14606.0","United Kingdom","EMEA"
"537905","84029E","RED WOOLLY HOTTIE WHITE HEART","1","2011-03-24 16:34:00","3.87","14096.0","France","EMEA"
"537905","21730","GLASS STAR FROSTED T-LIGHT HOLDER","7","2011-03-24 16:34:00","4.63","14096.0","France","EMEA"
"537906","21730","GLASS STAR FROSTED T-LIGHT HOLDER","11","2011-03-02 09:04:00","4.17","17809.0","Spain","EMEA"
"537907","22632","HAND WARMER RED POLKA DOT","2","2011-04-15 09:53:00","1.81","14606.0","France","EMEA"
"537908","71053","WHITE METAL LANTERN","1","2011-03-26 10:47:00","3.64","13777.0","United Kingdom","EMEA"
"537908","21730","GLASS STAR FROSTED T-LIGHT HOLDER","10","2011-03-26 10:47:00","4.54","13777.0","United Kingdom","EMEA"
"537909","21730","GLASS STAR FROSTED T-LIGHT HOLDER","9","2011-04-16 10:05:00","4.31","14096.0","France","EMEA"
"537909","84406B","CREAM CUPID HEARTS COAT HANGER","12","2011-04-16 10:05:00","2.66","14096.0","France","EMEA"
"537909","85123A","WHITE HANGING HEART T-LIGHT HOLDER","7","2011-04-16 10:05:00","2.57","14096.0","France","EMEA"
"537910","84029E","RED WOOLLY HOTTIE WHITE HEART","4","2011-04-28 10:17:00","3.4","17850.0","Germany","EMEA"
"537910","22752","SET 7 BABUSHKA NESTING BOXES","12","2011-04-28 10:17:00","8.09","17850.0","Germany","EMEA"
"537911","22632","HAND WARMER RED POLKA DOT","12","2011-04-21 14:54:00","1.98","17809.0","United Kingdom","EMEA"
"537911","84406B","CREAM CUPID HEARTS COAT HANGER","10","2011-04-21 14:54:00","3.14","17809.0","United Kingdom","EMEA"
"537912","22633","HAND WARMER UNION JACK","3","2011-03-12 12:50:00","2.23","13777.0","Germany","EMEA"
"537912","85099B","JUMBO BAG RED RETROSPOT","4","2011-03-12 12:50:00","1.59","13777.0","Germany","EMEA"
"537912","22632","HAND WARMER RED POLKA DOT","10","2011-03-12 12:50:00","2.04","13777.0","Germany","EMEA"
"537913","85123A","WHITE HANGING HEART T-LIGHT HOLDER","4","2011-03-18 14:09:00","2.72","14606.0","United Kingdom","EMEA"
"537913","84029E","RED WOOLLY HOTTIE WHITE HEART","12","2011-03-18 14:09:00","3.5","14606.0","United Kingdom","EMEA"
"537914","22633","HAND WARMER UNION JACK","4","2011-03-05 14:43:00","1.92","16029.0","Canada","AMER"
"537915","84029E","RED WOOLLY HOTTIE WHITE HEART","1","2011-03-10 09:06:00","3.57","14606.0","Germany","EMEA"
"537916","84029E","RED WOOLLY HOTTIE WHITE HEART","10","2011-03-28 14:52:00","3.37","15311.0","Germany","EMEA"
"537916","47566","PARTY BUNTING","1","2011-03-28 14:52:00","5.15","15311.0","Germany","EMEA"
"537916","84029G","KNITTED UNION FLAG HOT WATER BOTTLE","9","2011-03-28 14:52:00","3.78","15311.0","Germany","EMEA"
"537917","20685","DOORMAT RED RETROSPOT","4","2011-03-30 09:54:00","7.42","12583.0","Spain","EMEA"
"537917","84406B","CREAM CUPID HEARTS COAT HANGER","5","2011-03-30 09:54:00","2.94","12583.0","Spain","EMEA"
"537917","21730","GLASS STAR FROSTED T-LIGHT HOLDER","11","2011-03-30 09:54:00","4.69","12583.0","Spain","EMEA"
"537918","20685","DOORMAT RED RETROSPOT","8","2011-03-09 10:20:00","7.46","12583.0","Canada","AMER"
"537918","71053","WHITE METAL LANTERN","7","2011-03-09 10:20:00","3.72","12583.0","Canada","AMER"
"537918","84029E","RED WOOLLY HOTTIE WHITE HEART","1","2011-03-09 10:20:00","3.77","12583.0","Canada","AMER"
"537919","71053","WHITE METAL LANTERN","5","2011-03-24 10:16:00","3.42","16029.0","USA","AMER"
"537919","84029E","RED WOOLLY HOTTIE WHITE HEART","12","2011-03-24 10:16:00","3.72","16029.0","USA","AMER"
"537920","47566","PARTY BUNTING","8","2011-03-27 14:13:00","4.9","14606.0","Belgium","EMEA"
"537920","22632","HAND WARMER RED POLKA DOT","1","2011-03-27 14:13:00","2.25","14606.0","Belgium","EMEA"
"537921","22633","HAND WARMER UNION JACK","6","2011-03-14 11:22:00","2.13","14096.0","United Kingdom","EMEA"
"537922","21730","GLASS STAR FROSTED T-LIGHT HOLDER","8","2011-03-18 15:20:00","4.36","16029.0","Australia","APAC"
"537922","84029E","RED WOOLLY HOTTIE WHITE HEART","7","2011-03-18 15:20:00","3.69","16029.0","Australia","APAC"
"537922","22633","HAND WARMER UNION JACK","7","2011-03-18 15:20:00","1.99","16029.0","Australia","APAC"
"537923","84029E","RED WOOLLY HOTTIE WHITE HEART","12","2011-04-15 09:14:00","3.6","16029.0","Spain","EMEA"
"537923","21730","GLASS STAR FROSTED T-LIGHT HOLDER","10","2011-04-15 09:14:00","4.61","16029.0","Spain","EMEA"
"537924","84406B","CREAM CUPID HEARTS COAT HANGER","3","2011-03-14 10:19:00","2.72","17850.0","Spain","EMEA"
"537924","20685","DOORMAT RED RETROSPOT","5","2011-03-14 10:19:00","7.43","17850.0","Spain","EMEA"
"537924","84029G","KNITTED UNION FLAG HOT WATER BOTTLE","12","2011-03-14 10:19:00","3.37","17850.0","Spain","EMEA"
"537925","84029E","RED WOOLLY HOTTIE WHITE HEART","7","2011-04-14 10:07:00","3.35","14606.0","Spain","EMEA"
"537925","85123A","WHITE HANGING HEART T-LIGHT HOLDER","5","2011-04-14 10:07:00","2.79","14606.0","Spain","EMEA"
"537925","84029G","KNITTED UNION FLAG HOT WATER BOTTLE","6","2011-04-14 10:07:00","3.86","14606.0","Spain","EMEA"
"537926","47566","PARTY BUNTING","9","2011-04-23 16:06:00","4.97","17809.0","United Kingdom","EMEA"
"537927","47566","PARTY BUNTING","11","2011-03-26 08:20:00","4.9","14606.0","Germany","EMEA"
"537927","84029G","KNITTED UNION FLAG HOT WATER BOTTLE","8","2011-03-26 08:20:00","3.54","14606.0","Germany","EMEA"
"537928","22752","SET 7 BABUSHKA NESTING BOXES","8","2011-04-06 08:02:00","8.14","13777.0","Canada","AMER"
"537929","22633","HAND WARMER UNION JACK","6","2011-03-02 16:03:00","1.77","13047.0","Spain","EMEA"
"537930","84029E","RED WOOLLY HOTTIE WHITE HEART","6","2011-04-12 11:20:00","3.36","17850.0","Netherlands","EMEA"
"537930","21730","GLASS STAR FROSTED T-LIGHT HOLDER","5","2011-04-12 11:20:00","4.17","17850.0","Netherlands","EMEA"
"537930","20685","DOORMAT RED RETROSPOT","12","2011-04-12 11:20:00","7.34","17850.0","Netherlands","EMEA"
"537931","85099B","JUMBO BAG RED RETROSPOT","9","2011-04-14 08:42:00","1.75","12583.0","France","EMEA"
"537931","22752","SET 7 BABUSHKA NESTING BOXES","1","2011-04-14 08:42:00","8.12","12583.0","France","EMEA"
"537932","47566","PARTY BUNTING","6","2011-03-24 13:58:00","5.19","13047.0","France","EMEA"
"537933","84029E","RED WOOLLY HOTTIE WHITE HEART","2","2011-04-19 10:58:00","3.65","16029.0","Netherlands","EMEA"
"537933","22633","HAND WARMER UNION JACK","2","2011-04-19 10:58:00","2.01","16029.0","Netherlands","EMEA"
"537933","22752","SET 7 BABUSHKA NESTING BOXES","6","2011-04-19 10:58:00","8.1","16029.0","Netherlands","EMEA"
"537934","71053","WHITE METAL LANTERN","11","2011-03-08 16:05:00","3.57","17850.0","Belgium","EMEA"
"537935","84029G","KNITTED UNION FLAG HOT WATER BOTTLE","3","2011-04-05 08:42:00","3.71","12583.0","EIRE","EMEA"
"537936","84029E","RED WOOLLY HOTTIE WHITE HEART","5","2011-03-26 09:56:00","3.88","15311.0","USA","AMER"
"537937","71053","WHITE METAL LANTERN","11","2011-03-31 10:52:00","3.54","13047.0","Canada","AMER"
"537937","71053","WHITE METAL LANTERN","5","2011-03-31 10:52:00","3.79","13047.0","Canada","AMER"
"537937","22632","HAND WARMER RED POLKA DOT","2","2011-03-31 10:52:00","2.27","13047.0","Canada","AMER"
"537938","21730","GLASS STAR FROSTED T-LIGHT HOLDER","2","2011-04-05 15:11:00","4.22","14096.0","Spain","EMEA"
"537939","84029G","KNITTED UNION FLAG HOT WATER BOTTLE","9","2011-03-12 09:23:00","3.79","17850.0","Australia","APAC"
"537940","22752","SET 7 BABUSHKA NESTING BOXES","11","2011-04-25 11:23:00","7.9","17850.0","Netherlands","EMEA"
"537940","21730","GLASS STAR FROSTED T-LIGHT HOLDER","8","2011-04-25 11:23:00","4.28","17850.0","Netherlands","EMEA"
"537941","71053","WHITE METAL LANTERN","12","2011-03-08 11:51:00","3.83","12583.0","Germany","EMEA"
"537942","20685","DOORMAT RED RETROSPOT","7","2011-03-17 14:24:00","7.06","15311.0","Spain","EMEA"
"537943","71053","WHITE METAL LANTERN","6","2011-04-29 14:11:00","3.43","15311.0","Germany","EMEA"
"537943","84029E","RED WOOLLY HOTTIE WHITE HEART","5","2011-04-29 14:11:00","3.3","15311.0","Germany","EMEA"
"537943","21730","GLASS STAR FROSTED T-LIGHT HOLDER","1","2011-04-29 14:11:00","4.2","15311.0","Germany","EMEA"
"537944","22752","SET 7 BABUSHKA NESTING BOXES","12","2011-04-14 10:00:00","8.14","13047.0","Belgium","EMEA"
"537944","84029E","RED WOOLLY HOTTIE WHITE HEART","10","2011-04-14 10:00:00","3.62","13047.0","Belgium","EMEA"
"537945","85123A","WHITE HANGING HEART T-LIGHT HOLDER","1","2011-03-15 11:27:00","2.74","17809.0","Australia","APAC"
"537945","22632","HAND WARMER RED POLKA DOT","2","2011-03-15 11:27:00","2.3","17809.0","Australia","APAC"
"537946","84029G","KNITTED UNION FLAG HOT WATER BOTTLE","7","2011-03-16 11:44:00","3.84","17809.0","EIRE","EMEA"
"537946","84029E","RED WOOLLY HOTTIE WHITE HEART","2","2011-03-16 11:44:00","3.81","17809.0","EIRE","EMEA"
"537946","22752","SET 7 BABUSHKA NESTING BOXES","2","2011-03-16 11:44:00","7.85","17809.0","EIRE","EMEA"
"537947","22752","SET 7 BABUSHKA NESTING BOXES","9","2011-04-12 13:24:00","7.64","13777.0","United Kingdom","EMEA"
"537947","22752","SET 7 BABUSHKA NESTING BOXES","5","2011-04-12 13:24:00","7.86","13777.0","United Kingdom","EMEA"
"537947","84029G","KNITTED UNION FLAG HOT WATER BOTTLE","9","2011-04-12 13:24:00","3.55","13777.0","United Kingdom","EMEA"
"537948","85099B","JUMBO BAG RED RETROSPOT","6","2011-03-10 11:57:00","2.01","13047.0","Belgium","EMEA"
"537948","22633","HAND WARMER UNION JACK","10","2011-03-10 11:57:00","1.75","13047.0","Belgium","EMEA"
"537948","22752","SET 7 BABUSHKA NESTING BOXES","1","2011-03-10 11:57:00","7.84","13047.0","Belgium","EMEA"
"537949","84406B","CREAM CUPID HEARTS COAT HANGER","10","2011-03-04 15:55:00","2.8","16029.0","United Kingdom","EMEA"
"537950","21730","GLASS STAR FROSTED T-LIGHT HOLDER","7","2011-03-25 11:24:00","4.42","17809.0","USA","AMER"
"537950","71053","WHITE METAL LANTERN","4","2011-03-25 11:24:00","3.74","17809.0","USA","AMER"
"537950","20685","DOORMAT RED RETROSPOT","7","2011-03-25 11:24:00","7.43","17809.0","USA","AMER"
"537951","47566","PARTY BUNTING","8","2011-03-16 11:34:00","5.05","14096.0","USA","AMER"
"537951","22633","HAND WARMER UNION JACK","1","2011-03-16 11:34:00","1.82","14096.0","USA","AMER"
"537951","71053","WHITE METAL LANTERN","3","2011-03-16 11:34:00","3.34","14096.0","USA","AMER"
"537952","47566","PARTY BUNTING","4","2011-04-22 11:57:00","5.19","16029.0","Netherlands","EMEA"
"537953","22632","HAND WARMER RED POLKA DOT","9","2011-04-02 10:58:00","1.82","12583.0","Australia","APAC"
"537954","84029E","RED WOOLLY HOTTIE WHITE HEART","1","2011-04-17 14:00:00","3.4","17809.0","Belgium","EMEA"
"537954","85099B","JUMBO BAG RED RETROSPOT","8","2011-04-17 14:00:00","1.72","17809.0","Belgium","EMEA"
"537955","71053","WHITE METAL LANTERN","4","2011-03-25 12:34:00","3.43","17850.0","Australia","APAC"
"537955","22633","HAND WARMER UNION JACK","9","2011-03-25 12:34:00","2.34","17850.0","Australia","APAC"
"537956","20685","DOORMAT RED RETROSPOT","5","2011-04-20 10:17:00","7.54","16029.0","Canada","AMER"
"537957","84029E","RED WOOLLY HOTTIE WHITE HEART","4","2011-03-26 16:33:00","3.74","17850.0","Netherlands","EMEA"
"537958","21730","GLASS STAR FROSTED T-LIGHT HOLDER","12","2011-04-12 14:01:00","4.24","15311.0","Canada","AMER"
"537959","47566","PARTY BUNTING","2","2011-04-15 10:14:00","5.21","15291.0","EIRE","EMEA"
"537959","47566","PARTY BUNTING","5","2011-04-15 10:14:00","5.13","15291.0","EIRE","EMEA"
"537960","84029E","RED WOOLLY HOTTIE WHITE HEART","6","2011-03-18 13:50:00","3.54","13777.0","USA","AMER"
"537960","85099B","JUMBO BAG RED RETROSPOT","12","2011-03-18 13:50:00","2.03","13777.0","USA","AMER"
"537960","84029G","KNITTED UNION FLAG HOT WATER BOTTLE","11","2011-03-18 13:50:00","3.36","13777.0","USA","AMER"
"537961","47566","PARTY BUNTING","3","2011-04-02 14:23:00","5.13","14096.0","USA","AMER"
"537961","47566","PARTY BUNTING","5","2011-04-02 14:23:00","5.41","14096.0","USA","AMER"
"537961","71053","WHITE METAL LANTERN","11","2011-04-02 14:23:00","3.4","14096.0","USA","AMER"
"537962","84406B","CREAM CUPID HEARTS COAT HANGER","8","2011-03-21 12:33:00","2.95","14606.0","Belgium","EMEA"
"537962","47566","PARTY BUNTING","12","2011-03-21 12:33:00","5.29","14606.0","Belgium","EMEA"
"537962","47566","PARTY BUNTING","2","2011-03-21 12:33:00","5.42","14606.0","Belgium","EMEA"
"537963","20685","DOORMAT RED RETROSPOT","4","2011-03-17 09:53:00","7.22","16029.0","Canada","AMER"
"537964","22632","HAND WARMER RED POLKA DOT","9","2011-03-11 09:07:00","2.35","13777.0","Australia","APAC"
"537964","84029E","RED WOOLLY HOTTIE WHITE HEART","1","2011-03-11 09:07:00","3.73","13777.0","Australia","APAC"
"537965","84406B","CREAM CUPID HEARTS COAT HANGER","4","2011-04-19 08:35:00","2.7","13777.0","Spain","EMEA"
"537966","22632","HAND WARMER RED POLKA DOT","9","2011-03-31 10:22:00","1.83","13047.0","Belgium","EMEA"
"537966","85099B","JUMBO BAG RED RETROSPOT","9","2011-03-31 10:22:00","1.71","13047.0","Belgium","EMEA"
"537966","84029E","RED WOOLLY HOTTIE WHITE HEART","12","2011-03-31 10:22:00","3.39","13047.0","Belgium","EMEA"
"537967","22752","SET 7 BABUSHKA NESTING BOXES","6","2011-04-24 08:16:00","7.92","15291.0","Germany","EMEA"
"537967","71053","WHITE METAL LANTERN","3","2011-04-24 08:16:00","3.85","15291.0","Germany","EMEA"
"537968","85099B","JUMBO BAG RED RETROSPOT","11","2011-03-08 10:06:00","2.14","17809.0","Canada","AMER"
"537968","84029E","RED WOOLLY HOTTIE WHITE HEART","11","2011-03-08 10:06:00","3.84","17809.0","Canada","AMER"
"537968","22633","HAND WARMER UNION JACK","6","2011-03-08 10:06:00","2.32","17809.0","Canada","AMER"
"537969","22632","HAND WARMER RED POLKA DOT","4","2011-03-22 09:54:00","2.22","14096.0","EIRE","EMEA"
"537969","22633","HAND WARMER UNION JACK","1","2011-03-22 09:54:00","1.93","14096.0","EIRE","EMEA"
"537969","85123A","WHITE HANGING HEART T-LIGHT HOLDER","12","2011-03-22 09:54:00","2.55","14096.0","EIRE","EMEA"
"537970","22632","HAND WARMER RED POLKA DOT","3","2011-03-24 08:24:00","1.82","12583.0","Germany","EMEA"
"537970","84406B","CREAM CUPID HEARTS COAT HANGER","1","2011-03-24 08:24:00","3.21","12583.0","Germany","EMEA"
"537971","47566","PARTY BUNTING","11","2011-03-08 11:49:00","5.25","15291.0","Netherlands","EMEA"
"537972","84406B","CREAM CUPID HEARTS COAT HANGER","12","2011-04-09 14:40:00","2.81","13047.0","Netherlands","EMEA"
"537972","84406B","CREAM CUPID HEARTS COAT HANGER","5","2011-04-09 14:40:00","2.67","13047.0","Netherlands","EMEA"
"537972","22752","SET 7 BABUSHKA NESTING BOXES","9","2011-04-09 14:40:00","7.89","13047.0","Netherlands","EMEA"
"537973","47566","PARTY BUNTING","11","2011-04-08 09:50:00","5.22","17809.0","EIRE","EMEA"
"537974","84406B","CREAM CUPID HEARTS COAT HANGER","10","2011-03-11 10:38:00","2.91","17809.0","Netherlands","EMEA"
"537974","85123A","WHITE HANGING HEART T-LIGHT HOLDER","3","2011-03-11 10:38:00","2.67","17809.0","Netherlands","EMEA"
"537974","47566","PARTY BUNTING","9","2011-03-11 10:38:00","5.02","17809.0","Netherlands","EMEA"
"537975","84406B","CREAM CUPID HEARTS COAT HANGER","1","2011-04-23 12:08:00","2.84","17809.0","Netherlands","EMEA"
"537975","20685","DOORMAT RED RETROSPOT","9","2011-04-23 12:08:00","7.42","17809.0","Netherlands","EMEA"
"537975","22633","HAND WARMER UNION JACK","3","2011-04-23 12:08:00","2.25","17809.0","Netherlands","EMEA"
"537976","20685","DOORMAT RED RETROSPOT","11","2011-04-08 16:42:00","7.32","12583.0","Germany","EMEA"
"537976","22633","HAND WARMER UNION JACK","4","2011-04-08 16:42:00","1.9","12583.0","Germany","EMEA"
"537976","22752","SET 7 BABUSHKA NESTING BOXES","11","2011-04-08 16:42:00","8.07","12583.0","Germany","EMEA"
"537977","84029G","KNITTED UNION FLAG HOT WATER BOTTLE","3","2011-04-24 14:47:00","3.41","17850.0","Australia","APAC"
"537978","22633","HAND WARMER UNION JACK","7","2011-03-06 13:22:00","1.86","13777.0","Germany","EMEA"
"537979","71053","WHITE METAL LANTERN","6","2011-03-26 14:08:00","3.7","13047.0","Netherlands","EMEA"
"537979","85099B","JUMBO BAG RED RETROSPOT","8","2011-03-26 14:08:00","1.71","13047.0","Netherlands","EMEA"
"537979","22632","HAND WARMER RED POLKA DOT","12","2011-03-26 14:08:00","1.98","13047.0","Netherlands","EMEA"
"537980","85123A","WHITE HANGING HEART T-LIGHT HOLDER","4","2011-03-04 11:41:00","2.7","13777.0","Spain","EMEA"
"537980","84029G","KNITTED UNION FLAG HOT WATER BOTTLE","9","2011-03-04 11:41:00","3.55","13777.0","Spain","EMEA"
"537981","71053","WHITE METAL LANTERN","11","2011-03-25 16:29:00","3.56","12583.0","United Kingdom","EMEA"
"537981","22632","HAND WARMER RED POLKA DOT","5","2011-03-25 16:29:00","2.29","12583.0","United Kingdom","EMEA"
"537981","85123A","WHITE HANGING HEART T-LIGHT HOLDER","6","2011-03-25 16:29:00","2.59","12583.0","United Kingdom","EMEA"
"537982","22752","SET 7 BABUSHKA NESTING BOXES","3","2011-03-27 13:34:00","7.66","15291.0","USA","AMER"
"537983","84406B","CREAM CUPID HEARTS COAT HANGER","8","2011-04-16 09:28:00","2.81","14096.0","Australia","APAC"
"537983","21730","GLASS STAR FROSTED T-LIGHT HOLDER","1","2011-04-16 09:28:00","4.16","14096.0","Australia","APAC"
"537983","84029E","RED WOOLLY HOTTIE WHITE HEART","2","2011-04-16 09:28:00","3.29","14096.0","Australia","APAC"
"537984","85123A","WHITE HANGING HEART T-LIGHT HOLDER","4","2011-03-12 16:28:00","2.67","15291.0","USA","AMER"
"537984","22633","HAND WARMER UNION JACK","2","2011-03-12 16:28:00","2.1","15291.0","USA","AMER"
"537985","85123A","WHITE HANGING HEART T-LIGHT HOLDER","10","2011-03-17 13:00:00","2.74","13777.0","Canada","AMER"
"537985","21730","GLASS STAR FROSTED T-LIGHT HOLDER","5","2011-03-17 13:00:00","4.72","13777.0","Canada","AMER"
"537986","84406B","CREAM CUPID HEARTS COAT HANGER","11","2011-04-12 09:40:00","2.84","13777.0","United Kingdom","EMEA"
"537986","84029E","RED WOOLLY HOTTIE WHITE HEART","7","2011-04-12 09:40:00","3.35","13777.0","United Kingdom","EMEA"
"537987","85123A","WHITE HANGING HEART T-LIGHT HOLDER","3","2011-03-12 12:40:00","3.02","17809.0","Netherlands","EMEA"
"537987","22632","HAND WARMER RED POLKA DOT","11","2011-03-12 12:40:00","2.19","17809.0","Netherlands","EMEA"
"537988","84029G","KNITTED UNION FLAG HOT WATER BOTTLE","1","2011-04-05 09:07:00","3.83","17809.0","Germany","EMEA"
"537989","71053","WHITE METAL LANTERN","7","2011-03-23 11:07:00","3.67","16029.0","EIRE","EMEA"
"537989","22752","SET 7 BABUSHKA NESTING BOXES","11","2011-03-23 11:07:00","7.96","16029.0","EIRE","EMEA"
"537989","71053","WHITE METAL LANTERN","6","2011-03-23 11:07:00","3.77","16029.0","EIRE","EMEA"
"537990","22632","HAND WARMER RED POLKA DOT","10","2011-03-21 08:53:00","2.0","14606.0","EIRE","EMEA"
"537991","21730","GLASS STAR FROSTED T-LIGHT HOLDER","7","2011-04-27 11:31:00","4.63","13047.0","Australia","APAC"
"537991","85123A","WHITE HANGING HEART T-LIGHT HOLDER","11","2011-04-27 11:31:00","2.97","13047.0","Australia","APAC"
"537991","85123A","WHITE HANGING HEART T-LIGHT HOLDER","7","2011-04-27 11:31:00","2.91","13047.0","Australia","APAC"
"537992","21730","GLASS STAR FROSTED T-LIGHT HOLDER","5","2011-04-15 08:45:00","4.17","17809.0","United Kingdom","EMEA"
"537992","71053","WHITE METAL LANTERN","2","2011-04-15 08:45:00","3.61","17809.0","United Kingdom","EMEA"
"537993","84029E","RED WOOLLY HOTTIE WHITE HEART","12","2011-03-02 09:42:00","3.46","14606.0","USA","AMER"
"537994","22632","HAND WARMER RED POLKA DOT","10","2011-03-18 11:58:00","2.28","17850.0","Canada","AMER"
"537994","84029G","KNITTED UNION FLAG HOT WATER BOTTLE","6","2011-03-18 11:58:00","3.43","17850.0","Canada","AMER"
"537995","71053","WHITE METAL LANTERN","6","2011-04-25 12:27:00","3.83","12583.0","EIRE","EMEA"
"537995","22752","SET 7 BABUSHKA NESTING BOXES","3","2011-04-25 12:27:00","7.64","12583.0","EIRE","EMEA"
"537996","84029E","RED WOOLLY HOTTIE WHITE HEART","9","2011-03-16 12:05:00","3.78","13047.0","Germany","EMEA"
"537996","71053","WHITE METAL LANTERN","3","2011-03-16 12:05:00","3.54","13047.0","Germany","EMEA"
"537996","22632","HAND WARMER RED POLKA DOT","10","2011-03-16 12:05:00","1.83","13047.0","Germany","EMEA"
"537997","85099B","JUMBO BAG RED RETROSPOT","3","2011-04-14 11:20:00","1.83","15291.0","Netherlands","EMEA"
"537997","22632","HAND WARMER RED POLKA DOT","4","2011-04-14 11:20:00","2.26","15291.0","Netherlands","EMEA"
"537998","22752","SET 7 BABUSHKA NESTING BOXES","7","2011-04-20 16:34:00","7.57","14096.0","Canada","AMER"
"537998","21730","GLASS STAR FROSTED T-LIGHT HOLDER","10","2011-04-20 16:34:00","4.31","14096.0","Canada","AMER"
"537998","21730","GLASS STAR FROSTED T-LIGHT HOLDER","9","2011-04-20 16:34:00","4.53","14096.0","Canada","AMER"
"537999","71053","WHITE METAL LANTERN","10","2011-04-08 11:56:00","3.51","17850.0","Australia","APAC"
"537999","47566","PARTY BUNTING","11","2011-04-08 11:56:00","5.2","17850.0","Australia","APAC"
"538000","20685","DOORMAT RED RETROSPOT","5","2011-03-12 11:38:00","7.5","13047.0","Canada","AMER"
"538000","85099B","JUMBO BAG RED RETROSPOT","10","2011-03-12 11:38:00","1.7","13047.0","Canada","AMER"
"538001","22752","SET 7 BABUSHKA NESTING BOXES","8","2011-04-11 16:19:00","8.06","13777.0","United Kingdom","EMEA"
"538002","84406B","CREAM CUPID HEARTS COAT HANGER","4","2011-04-08 08:47:00","2.69","14606.0","Spain","EMEA"
"538002","22633","HAND WARMER UNION JACK","2","2011-04-08 08:47:00","2.28","14606.0","Spain","EMEA"
"538002","84029E","RED WOOLLY HOTTIE WHITE HEART","11","2011-04-08 08:47:00","3.52","14606.0","Spain","EMEA"
"538003","71053","WHITE METAL LANTERN","2","2011-04-05 14:00:00","3.59","12583.0","United Kingdom","EMEA"
"538003","22633","HAND WARMER UNION JACK","7","2011-04-05 14:00:00","2.25","12583.0","United Kingdom","EMEA"
"538004","47566","PARTY BUNTING","9","2011-03-05 16:45:00","4.91","15291.0","United Kingdom","EMEA"
"538005","71053","WHITE METAL LANTERN","1","2011-04-03 08:07:00","3.46","13777.0","EIRE","EMEA"
"538005","85123A","WHITE HANGING HEART T-LIGHT HOLDER","9","2011-04-03 08:07:00","2.84","13777.0","EIRE","EMEA"
"538005","84029E","RED WOOLLY HOTTIE WHITE HEART","5","2011-04-03 08:07:00","3.71","13777.0","EIRE","EMEA"
"538006","85099B","JUMBO BAG RED RETROSPOT","3","2011-04-24 11:49:00","1.76","17809.0","Spain","EMEA"
"538006","22633","HAND WARMER UNION JACK","3","2011-04-24 11:49:00","1.8","17809.0","Spain","EMEA"
"538007","71053","WHITE METAL LANTERN","1","2011-04-13 13:04:00","3.63","16029.0","Germany","EMEA"
"538007","22752","SET 7 BABUSHKA NESTING BOXES","12","2011-04-13 13:04:00","7.96","16029.0","Germany","EMEA"
"538007","84406B","CREAM CUPID HEARTS COAT HANGER","7","2011-04-13 13:04:00","2.86","16029.0","Germany","EMEA"
"538008","71053","WHITE METAL LANTERN","5","2011-03-27 13:22:00","3.77","13047.0","France","EMEA"
"538008","84406B","CREAM CUPID HEARTS COAT HANGER","11","2011-03-27 13:22:00","3.18","13047.0","France","EMEA"
"538008","85123A","WHITE HANGING HEART T-LIGHT HOLDER","1","2011-03-27 13:22:00","2.45","13047.0","France","EMEA"
"538009","21730","GLASS STAR FROSTED T-LIGHT HOLDER","5","2011-04-11 15:41:00","4.6","15291.0","USA","AMER"
"538009","71053","WHITE METAL LANTERN","5","2011-04-11 15:41:00","3.43","15291.0","USA","AMER"
"538009","22633","HAND WARMER UNION JACK","3","2011-04-11 15:41:00","1.85","15291.0","USA","AMER"
"538010","47566","PARTY BUNTING","12","2011-04-30 14:50:00","5.26","17809.0","Netherlands","EMEA"
"538010","71053","WHITE METAL LANTERN","5","2011-04-30 14:50:00","3.63","17809.0","Netherlands","EMEA"
"538010","22752","SET 7 BABUSHKA NESTING BOXES","5","2011-04-30 14:50:00","7.87","17809.0","Netherlands","EMEA"
"538011","21730","GLASS STAR FROSTED T-LIGHT HOLDER","12","2011-03-13 10:29:00","4.66","13777.0","United Kingdom","EMEA"
"538012","22633","HAND WARMER UNION JACK","4","2011-03-16 15:30:00","1.8","17850.0","Canada","AMER"
"538012","85123A","WHITE HANGING HEART T-LIGHT HOLDER","3","2011-03-16 15:30:00","2.94","17850.0","Canada","AMER"
"538012","22752","SET 7 BABUSHKA NESTING BOXES","12","2011-03-16 15:30:00","8.04","17850.0","Canada","AMER"
"538013","22632","HAND WARMER RED POLKA DOT","6","2011-03-15 11:21:00","1.82","16029.0","Netherlands","EMEA"
"538013","22752","SET 7 BABUSHKA NESTING BOXES","11","2011-03-15 11:21:00","7.59","16029.0","Netherlands","EMEA"
"538014","84029E","RED WOOLLY HOTTIE WHITE HEART","7","2011-03-03 08:31:00","3.81","14606.0","Canada","AMER"
"538014","22633","HAND WARMER UNION JACK","3","2011-03-03 08:31:00","1.89","14606.0","Canada","AMER"
"538015","22632","HAND WARMER RED POLKA DOT","9","2011-04-04 09:06:00","1.84","15291.0","Canada","AMER"
"538015","20685","DOORMAT RED RETROSPOT","1","2011-04-04 09:06:00","7.24","15291.0","Canada","AMER"
"538016","22752","SET 7 BABUSHKA NESTING BOXES","9","2011-04-12 13:57:00","7.94","17809.0","United Kingdom","EMEA"
"538016","85099B","JUMBO BAG RED RETROSPOT","11","2011-04-12 13:57:00","1.83","17809.0","United Kingdom","EMEA"
"538016","85123A","WHITE HANGING HEART T-LIGHT HOLDER","5","2011-04-12 13:57:00","2.54","17809.0","United Kingdom","EMEA"
"538017","20685","DOORMAT RED RETROSPOT","4","2011-03-27 14:30:00","7.06","13777.0","Australia","APAC"
"538018","22633","HAND WARMER UNION JACK","1","2011-03-26 14:01:00","1.86","16029.0","Spain","EMEA"
"538018","85099B","JUMBO BAG RED RETROSPOT","8","2011-03-26 14:01:00","1.68","16029.0","Spain","EMEA"
"538019","22633","HAND WARMER UNION JACK","2","2011-04-05 08:23:00","2.34","15311.0","France","EMEA"
"538019","71053","WHITE METAL LANTERN","7","2011-04-05 08:23:00","3.8","15311.0","France","EMEA"
"538020","21730","GLASS STAR FROSTED T-LIGHT HOLDER","9","2011-04-08 14:43:00","4.53","12583.0","Belgium","EMEA"
"538020","20685","DOORMAT RED RETROSPOT","3","2011-04-08 14:43:00","7.27","12583.0","Belgium","EMEA"
"538020","84029E","RED WOOLLY HOTTIE WHITE HEART","3","2011-04-08 14:43:00","3.6","12583.0","Belgium","EMEA"
"538021","20685","DOORMAT RED RETROSPOT","11","2011-03-26 16:20:00","7.15","12583.0","Spain","EMEA"
"538022","22752","SET 7 BABUSHKA NESTING BOXES","9","2011-04-02 16:36:00","8.13","14096.0","United Kingdom","EMEA"
"538022","47566","PARTY BUNTING","4","2011-04-02 16:36:00","5.44","14096.0","United Kingdom","EMEA"
"538023","20685","DOORMAT RED RETROSPOT","1","2011-04-12 11:12:00","7.53","13047.0","Canada","AMER"
"538024","84029E","RED WOOLLY HOTTIE WHITE HEART","12","2011-03-31 13:13:00","3.61","13047.0","France","EMEA"
"538024","22752","SET 7 BABUSHKA NESTING BOXES","7","2011-03-31 13:13:00","7.7","13047.0","France","EMEA"
"538025","84029E","RED WOOLLY HOTTIE WHITE HEART","1","2011-03-20 14:10:00","3.8","14606.0","United Kingdom","EMEA"
"538025","84029E","RED WOOLLY HOTTIE WHITE HEART","11","2011-03-20 14:10:00","3.75","14606.0","United Kingdom","EMEA"
"538026","21730","GLASS STAR FROSTED T-LIGHT HOLDER","12","2011-03-26 11:05:00","4.55","13047.0","Spain","EMEA"
"538026","20685","DOORMAT RED RETROSPOT","7","2011-03-26 11:05:00","7.44","13047.0","Spain","EMEA"
"538026","84029E","RED WOOLLY HOTTIE WHITE HEART","2","2011-03-26 11:05:00","3.58","13047.0","Spain","EMEA"
"538027","85123A","WHITE HANGING HEART T-LIGHT HOLDER","5","2011-03-15 15:37:00","3.04","15311.0","United Kingdom","EMEA"
"538028","85123A","WHITE HANGING HEART T-LIGHT HOLDER","7","2011-03-08 10:47:00","2.93","12583.0","Spain","EMEA"
"538028","85099B","JUMBO BAG RED RETROSPOT","7","2011-03-08 10:47:00","1.56","12583.0","Spain","EMEA"
"538029","22752","SET 7 BABUSHKA NESTING BOXES","7","2011-04-14 16:49:00","7.91","17850.0","USA","AMER"
"538029","85123A","WHITE HANGING HEART T-LIGHT HOLDER","3","2011-04-14 16:49:00","2.88","17850.0","USA","AMER"
"538029","85099B","JUMBO BAG RED RETROSPOT","10","2011-04-14 16:49:00","1.61","17850.0","USA","AMER"
"538030","85123A","WHITE HANGING HEART T-LIGHT HOLDER","8","2011-04-26 16:32:00","2.94","15291.0","United Kingdom","EMEA"
"538030","84029E","RED WOOLLY HOTTIE WHITE HEART","3","2011-04-26 16:32:00","3.86","15291.0","United Kingdom","EMEA"
"538031","22633","HAND WARMER UNION JACK","8","2011-03-02 16:44:00","1.84","15311.0","Netherlands","EMEA"
"538031","21730","GLASS STAR FROSTED T-LIGHT HOLDER","10","2011-03-02 16:44:00","4.4","15311.0","Netherlands","EMEA"
"538032","22632","HAND WARMER RED POLKA DOT","12","2011-03-18 13:56:00","2.33","15311.0","Australia","APAC"
"538032","21730","GLASS STAR FROSTED T-LIGHT HOLDER","1","2011-03-18 13:56:00","4.2","15311.0","Australia","APAC"
"538033","22632","HAND WARMER RED POLKA DOT","6","2011-04-03 13:50:00","2.21","17850.0","United Kingdom","EMEA"
"538033","47566","PARTY BUNTING","2","2011-04-03 13:50:00","5.28","17850.0","United Kingdom","EMEA"
"538034","22633","HAND WARMER UNION JACK","10","2011-03-05 14:57:00","1.85","17809.0","Belgium","EMEA"
"538034","71053","WHITE METAL LANTERN","3","2011-03-05 14:57:00","3.55","17809.0","Belgium","EMEA"
"538034","20685","DOORMAT RED RETROSPOT","10","2011-03-05 14:57:00","7.55","17809.0","Belgium","EMEA"
"538035","22632","HAND WARMER RED POLKA DOT","7","2011-03-06 15:07:00","2.03","14096.0","France","EMEA"
"538035","85099B","JUMBO BAG RED RETROSPOT","10","2011-03-06 15:07:00","1.81","14096.0","France","EMEA"
"538036","21730","GLASS STAR FROSTED T-LIGHT HOLDER","5","2011-04-26 08:04:00","4.47","12583.0","Australia","APAC"
"538037","84406B","CREAM CUPID HEARTS COAT HANGER","11","2011-03-06 11:14:00","2.85","13777.0","Spain","EMEA"
"538037","71053","WHITE METAL LANTERN","12","2011-03-06 11:14:00","3.64","13777.0","Spain","EMEA"
"538038","85123A","WHITE HANGING HEART T-LIGHT HOLDER","1","2011-04-05 09:14:00","2.63","14606.0","EIRE","EMEA"
"538038","84029G","KNITTED UNION FLAG HOT WATER BOTTLE","7","2011-04-05 09:14:00","3.82","14606.0","EIRE","EMEA"
"538039","20685","DOORMAT RED RETROSPOT","11","2011-03-08 13:15:00","7.42","16029.0","Belgium","EMEA"
"538039","85099B","JUMBO BAG RED RETROSPOT","4","2011-03-08 13:15:00","1.55","16029.0","Belgium","EMEA"
"538040","84029E","RED WOOLLY HOTTIE WHITE HEART","1","2011-04-01 14:10:00","3.46","15291.0","Germany","EMEA"
"538040","21730","GLASS STAR FROSTED T-LIGHT HOLDER","7","2011-04-01 14:10:00","4.21","15291.0","Germany","EMEA"
"538040","71053","WHITE METAL LANTERN","1","2011-04-01 14:10:00","3.55","15291.0","Germany","EMEA"
"538041","71053","WHITE METAL LANTERN","7","2011-03-23 16:54:00","3.34","16029.0","Germany","EMEA"
"538041","47566","PARTY BUNTING","4","2011-03-23 16:54:00","5.28","16029.0","Germany","EMEA"
"538041","47566","PARTY BUNTING","12","2011-03-23 16:54:00","5.18","16029.0","Germany","EMEA"
"538042","22752","SET 7 BABUSHKA NESTING BOXES","1","2011-03-25 09:19:00","7.95","14096.0","EIRE","EMEA"
"538042","22632","HAND WARMER RED POLKA DOT","2","2011-03-25 09:19:00","2.09","14096.0","EIRE","EMEA"
"538043","20685","DOORMAT RED RETROSPOT","4","2011-03-15 15:19:00","7.21","17850.0","Netherlands","EMEA"
"538043","71053","WHITE METAL LANTERN","3","2011-03-15 15:19:00","3.49","17850.0","Netherlands","EMEA"
"538043","84029E","RED WOOLLY HOTTIE WHITE HEART","3","2011-03-15 15:19:00","3.74","17850.0","Netherlands","EMEA"
"538044","85099B","JUMBO BAG RED RETROSPOT","2","2011-04-30 16:38:00","1.63","13047.0","Belgium","EMEA"
"538044","71053","WHITE METAL LANTERN","6","2011-04-30 16:38:00","3.78","13047.0","Belgium","EMEA"
"538044","84406B","CREAM CUPID HEARTS COAT HANGER","2","2011-04-30 16:38:00","2.74","13047.0","Belgium","EMEA"
"538045","22633","HAND WARMER UNION JACK","4","2011-04-20 11:34:00","1.76","15311.0","Canada","AMER"
"538045","85099B","JUMBO BAG RED RETROSPOT","7","2011-04-20 11:34:00","1.57","15311.0","Canada","AMER"
"538045","84029G","KNITTED UNION FLAG HOT WATER BOTTLE","11","2011-04-20 11:34:00","3.39","15311.0","Canada","AMER"
"538046","84029G","KNITTED UNION FLAG HOT WATER BOTTLE","8","2011-04-08 13:29:00","3.74","13777.0","Canada","AMER"
"538046","22633","HAND WARMER UNION JACK","6","2011-04-08 13:29:00","2.01","13777.0","Canada","AMER"
"538046","20685","DOORMAT RED RETROSPOT","12","2011-04-08 13:29:00","7.39","13777.0","Canada","AMER"
"538047","84029E","RED WOOLLY HOTTIE WHITE HEART","6","2011-03-02 16:37:00","3.37","13047.0","Spain","EMEA"
"538047","22633","HAND WARMER UNION JACK","3","2011-03-02 16:37:00","2.33","13047.0","Spain","EMEA"
"538047","22752","SET 7 BABUSHKA NESTING BOXES","10","2011-03-02 16:37:00","8.14","13047.0","Spain","EMEA"
"538048","47566","PARTY BUNTING","5","2011-04-01 14:16:00","5.27","15311.0","United Kingdom","EMEA"
"538048","84029G","KNITTED UNION FLAG HOT WATER BOTTLE","4","2011-04-01 14:16:00","3.85","15311.0","United Kingdom","EMEA"
"538048","47566","PARTY BUNTING","9","2011-04-01 14:16:00","5.37","15311.0","United Kingdom","EMEA"
"538049","22752","SET 7 BABUSHKA NESTING BOXES","6","2011-03-10 10:52:00","7.72","17809.0","Netherlands","EMEA"
"538049","47566","PARTY BUNTING","12","2011-03-10 10:52:00","5.0","17809.0","Netherlands","EMEA"
"538050","71053","WHITE METAL LANTERN","4","2011-03-22 09:16:00","3.74","15291.0","France","EMEA"
"538051","21730","GLASS STAR FROSTED T-LIGHT HOLDER","2","2011-03-23 13:33:00","4.29","12583.0","EIRE","EMEA"
"538051","20685","DOORMAT RED RETROSPOT","4","2011-03-23 13:33:00","7.54","12583.0","EIRE","EMEA"
"538051","84029G","KNITTED UNION FLAG HOT WATER BOTTLE","1","2011-03-23 13:33:00","3.5","12583.0","EIRE","EMEA"
"538052","85099B","JUMBO BAG RED RETROSPOT","12","2011-03-05 09:42:00","1.7","13047.0","EIRE","EMEA"
"538053","84406B","CREAM CUPID HEARTS COAT HANGER","12","2011-03-31 08:32:00","3.22","14096.0","EIRE","EMEA"
"538054","71053","WHITE METAL LANTERN","2","2011-04-17 10:04:00","3.35","12583.0","Netherlands","EMEA"
"538055","20685","DOORMAT RED RETROSPOT","1","2011-04-05 11:42:00","7.28","16029.0","United Kingdom","EMEA"
"538055","47566","PARTY BUNTING","10","2011-04-05 11:42:00","4.98","16029.0","United Kingdom","EMEA"
"538055","84029G","KNITTED UNION FLAG HOT WATER BOTTLE","4","2011-04-05 11:42:00","3.32","16029.0","United Kingdom","EMEA"
"538056","85099B","JUMBO BAG RED RETROSPOT","10","2011-04-03 09:40:00","1.89","15311.0","Germany","EMEA"
"538056","21730","GLASS STAR FROSTED T-LIGHT HOLDER","1","2011-04-03 09:40:00","4.25","15311.0","Germany","EMEA"
"538056","22632","HAND WARMER RED POLKA DOT","3","2011-04-03 09:40:00","2.09","15311.0","Germany","EMEA"
"538057","84029G","KNITTED UNION FLAG HOT WATER BOTTLE","4","2011-04-04 09:17:00","3.75","13047.0","USA","AMER"
"538057","85099B","JUMBO BAG RED RETROSPOT","9","2011-04-04 09:17:00","1.8","13047.0","USA","AMER"
"538058","22752","SET 7 BABUSHKA NESTING BOXES","9","2011-04-02 16:00:00","7.86","17809.0","EIRE","EMEA"
"538058","22633","HAND WARMER UNION JACK","8","2011-04-02 16:00:00","2.15","17809.0","EIRE","EMEA"
"538058","47566","PARTY BUNTING","7","2011-04-02 16:00:00","5.15","17809.0","EIRE","EMEA"
"538059","84029E","RED WOOLLY HOTTIE WHITE HEART","5","2011-04-01 08:11:00","3.54","15291.0","Belgium","EMEA"
"538059","84029E","RED WOOLLY HOTTIE WHITE HEART","3","2011-04-01 08:11:00","3.85","15291.0","Belgium","EMEA"
"538060","22632","HAND WARMER RED POLKA DOT","5","2011-04-03 14:17:00","1.77","16029.0","Netherlands","EMEA"
"538060","20685","DOORMAT RED RETROSPOT","10","2011-04-03 14:17:00","7.09","16029.0","Netherlands","EMEA"
"538060","22633","HAND WARMER UNION JACK","1","2011-04-03 14:17:00","2.28","16029.0","Netherlands","EMEA"
"538061","84406B","CREAM CUPID HEARTS COAT HANGER","3","2011-04-28 13:16:00","3.21","13777.0","United Kingdom","EMEA"
"538061","85099B","JUMBO BAG RED RETROSPOT","5","2011-04-28 13:16:00","1.88","13777.0","United Kingdom","EMEA"
"538061","22632","HAND WARMER RED POLKA DOT","1","2011-04-28 13:16:00","1.8","13777.0","United Kingdom","EMEA"
"538062","84029G","KNITTED UNION FLAG HOT WATER BOTTLE","7","2011-04-06 16:49:00","3.4","15291.0","Belgium","EMEA"
"538062","85099B","JUMBO BAG RED RETROSPOT","10","2011-04-06 16:49:00","2.0","15291.0","Belgium","EMEA"
"538063","21730","GLASS STAR FROSTED T-LIGHT HOLDER","11","2011-03-23 16:24:00","4.46","14096.0","Canada","AMER"
"538063","71053","WHITE METAL LANTERN","5","2011-03-23 16:24:00","3.32","14096.0","Canada","AMER"
"538064","22752","SET 7 BABUSHKA NESTING BOXES","5","2011-04-24 12:56:00","7.74","15291.0","Spain","EMEA"
"538065","84406B","CREAM CUPID HEARTS COAT HANGER","7","2011-04-22 11:41:00","2.76","16029.0","Australia","APAC"
"538065","84029E","RED WOOLLY HOTTIE WHITE HEART","6","2011-04-22 11:41:00","3.7","16029.0","Australia","APAC"
"538066","47566","PARTY BUNTING","7","2011-03-05 15:22:00","5.09","13047.0","USA","AMER"
"538067","22752","SET 7 BABUSHKA NESTING BOXES","9","2011-04-12 14:24:00","7.95","14606.0","Spain","EMEA"
"538068","71053","WHITE METAL LANTERN","1","2011-04-14 13:30:00","3.58","15291.0","United Kingdom","EMEA"
"538068","21730","GLASS STAR FROSTED T-LIGHT HOLDER","2","2011-04-14 13:30:00","4.21","15291.0","United Kingdom","EMEA"
"538068","85123A","WHITE HANGING HEART T-LIGHT HOLDER","3","2011-04-14 13:30:00","2.55","15291.0","United Kingdom","EMEA"
"538069","22752","SET 7 BABUSHKA NESTING BOXES","9","2011-03-27 08:24:00","7.75","16029.0","Netherlands","EMEA"
"538070","47566","PARTY BUNTING","11","2011-04-26 13:01:00","5.03","12583.0","France","EMEA"
"538070","84029G","KNITTED UNION FLAG HOT WATER BOTTLE","7","2011-04-26 13:01:00","3.3","12583.0","France","EMEA"
"538071","85099B","JUMBO BAG RED RETROSPOT","12","2011-04-02 12:34:00","1.98","15291.0","Spain","EMEA"
"538071","21730","GLASS STAR FROSTED T-LIGHT HOLDER","12","2011-04-02 12:34:00","4.61","15291.0","Spain","EMEA"
"538071","22632","HAND WARMER RED POLKA DOT","2","2011-04-02 12:34:00","2.05","15291.0","Spain","EMEA"
"538072","84406B","CREAM CUPID HEARTS COAT HANGER","7","2011-03-29 14:33:00","3.04","17809.0","Australia","APAC"
"538072","21730","GLASS STAR FROSTED T-LIGHT HOLDER","10","2011-03-29 14:33:00","4.57","17809.0","Australia","APAC"
"538073","85099B","JUMBO BAG RED RETROSPOT","1","2011-04-07 15:14:00","1.68","15291.0","United Kingdom","EMEA"
"538074","21730","GLASS STAR FROSTED T-LIGHT HOLDER","8","2011-03-30 15:17:00","4.64","17850.0","Canada","AMER"
"538074","84029E","RED WOOLLY HOTTIE WHITE HEART","4","2011-03-30 15:17:00","3.41","17850.0","Canada","AMER"
"538075","22752","SET 7 BABUSHKA NESTING BOXES","1","2011-03-04 13:21:00","7.62","13777.0","Canada","AMER"
"538076","84029G","KNITTED UNION FLAG HOT WATER BOTTLE","12","2011-03-13 12:55:00","3.34","15311.0","EIRE","EMEA"
"538076","22633","HAND WARMER UNION JACK","12","2011-03-13 12:55:00","1.83","15311.0","EIRE","EMEA"
"538076","85099B","JUMBO BAG RED RETROSPOT","8","2011-03-13 12:55:00","1.97","15311.0","EIRE","EMEA"
"538077","22752","SET 7 BABUSHKA NESTING BOXES","4","2011-03-07 16:32:00","8.0","15311.0","Belgium","EMEA"
"538077","85123A","WHITE HANGING HEART T-LIGHT HOLDER","3","2011-03-07 16:32:00","2.68","15311.0","Belgium","EMEA"
"538077","71053","WHITE METAL LANTERN","11","2011-03-07 16:32:00","3.32","15311.0","Belgium","EMEA"
"538078","84029G","KNITTED UNION FLAG HOT WATER BOTTLE","3","2011-04-25 10:24:00","3.41","17809.0","USA","AMER"
"538078","71053","WHITE METAL LANTERN","1","2011-04-25 10:24:00","3.56","17809.0","USA","AMER"
"538079","22632","HAND WARMER RED POLKA DOT","5","2011-03-31 16:44:00","2.0","13777.0","Netherlands","EMEA"
"538079","85123A","WHITE HANGING HEART T-LIGHT HOLDER","6","2011-03-31 16:44:00","2.95","13777.0","Netherlands","EMEA"
"538079","84406B","CREAM CUPID HEARTS COAT HANGER","1","2011-03-31 16:44:00","3.1","13777.0","Netherlands","EMEA"
"538080","22632","HAND WARMER RED POLKA DOT","3","2011-03-27 14:55:00","2.03","15291.0","Germany","EMEA"
"538081","22632","HAND WARMER RED POLKA DOT","9","2011-03-03 09:49:00","1.81","14606.0","EIRE","EMEA"
"538081","47566","PARTY BUNTING","8","2011-03-03 09:49:00","5.34","14606.0","EIRE","EMEA"
"538082","22632","HAND WARMER RED POLKA DOT","12","2011-04-05 09:52:00","2.27","13047.0","Spain","EMEA"
"538082","22633","HAND WARMER UNION JACK","2","2011-04-05 09:52:00","2.14","13047.0","Spain","EMEA"
"538083","84029E","RED WOOLLY HOTTIE WHITE HEART","9","2011-04-18 09:37:00","3.39","15311.0","Germany","EMEA"
"538083","22632","HAND WARMER RED POLKA DOT","9","2011-04-18 09:37:00","2.21","15311.0","Germany","EMEA"
"538083","22633","HAND WARMER UNION JACK","7","2011-04-18 09:37:00","2.17","15311.0","Germany","EMEA"
"538084","22752","SET 7 BABUSHKA NESTING BOXES","8","2011-03-17 14:14:00","7.99","16029.0","EIRE","EMEA"
"538084","22632","HAND WARMER RED POLKA DOT","12","2011-03-17 14:14:00","2.23","16029.0","EIRE","EMEA"
"538085","84029G","KNITTED UNION FLAG HOT WATER BOTTLE","8","2011-03-21 12:30:00","3.46","15311.0","USA","AMER"
"538085","22633","HAND WARMER UNION JACK","2","2011-03-21 12:30:00","1.94","15311.0","USA","AMER"
"538086","20685","DOORMAT RED RETROSPOT","8","2011-03-29 12:43:00","7.34","12583.0","Australia","APAC"
"538086","84029G","KNITTED UNION FLAG HOT WATER BOTTLE","2","2011-03-29 12:43:00","3.82","12583.0","Australia","APAC"
"538086","85099B","JUMBO BAG RED RETROSPOT","10","2011-03-29 12:43:00","1.87","12583.0","Australia","APAC"
"538087","22633","HAND WARMER UNION JACK","9","2011-03-16 11:27:00","1.81","12583.0","Germany","EMEA"
"538087","84406B","CREAM CUPID HEARTS COAT HANGER","12","2011-03-16 11:27:00","2.71","12583.0","Germany","EMEA"
"538088","84029G","KNITTED UNION FLAG HOT WATER BOTTLE","10","2011-04-23 11:28:00","3.7","12583.0","Spain","EMEA"
"538088","22633","HAND WARMER UNION JACK","8","2011-04-23 11:28:00","2.15","12583.0","Spain","EMEA"
"538089","22632","HAND WARMER RED POLKA DOT","9","2011-03-17 13:58:00","2.29","13047.0","Spain","EMEA"
"538090","84029G","KNITTED UNION FLAG HOT WATER BOTTLE","6","2011-03-18 11:09:00","3.63","14096.0","EIRE","EMEA"
"538091","22633","HAND WARMER UNION JACK","6","2011-03-09 16:29:00","2.2","15311.0","Belgium","EMEA"
"538092","84406B","CREAM CUPID HEARTS COAT HANGER","2","2011-03-03 08:18:00","3.13","14606.0","USA","AMER"
"538092","85099B","JUMBO BAG RED RETROSPOT","10","2011-03-03 08:18:00","1.9","14606.0","USA","AMER"
"538093","20685","DOORMAT RED RETROSPOT","1","2011-03-22 15:26:00","7.02","15291.0","USA","AMER"
"538093","47566","PARTY BUNTING","7","2011-03-22 15:26:00","5.28","15291.0","USA","AMER"
"538093","85099B","JUMBO BAG RED RETROSPOT","7","2011-03-22 15:26:00","1.96","15291.0","USA","AMER"
"538094","22632","HAND WARMER RED POLKA DOT","11","2011-04-06 10:31:00","2.31","16029.0","EIRE","EMEA"
"538094","21730","GLASS STAR FROSTED T-LIGHT HOLDER","11","2011-04-06 10:31:00","4.58","16029.0","EIRE","EMEA"
"538094","20685","DOORMAT RED RETROSPOT","8","2011-04-06 10:31:00","7.33","16029.0","EIRE","EMEA"
"538095","85099B","JUMBO BAG RED RETROSPOT","3","2011-04-01 16:38:00","2.04","16029.0","United Kingdom","EMEA"
"538095","22633","HAND WARMER UNION JACK","11","2011-04-01 16:38:00","2.29","16029.0","United Kingdom","EMEA"
"538095","47566","PARTY BUNTING","9","2011-04-01 16:38:00","5.44","16029.0","United Kingdom","EMEA"
"538096","84029G","KNITTED UNION FLAG HOT WATER BOTTLE","7","2011-03-05 08:06:00","3.82","15291.0","EIRE","EMEA"
"538096","84029E","RED WOOLLY HOTTIE WHITE HEART","1","2011-03-05 08:06:00","3.59","15291.0","EIRE","EMEA"
"538096","84029G","KNITTED UNION FLAG HOT WATER BOTTLE","2","2011-03-05 08:06:00","3.66","15291.0","EIRE","EMEA"
"538097","84029E","RED WOOLLY HOTTIE WHITE HEART","5","2011-03-17 14:30:00","3.85","14096.0","France","EMEA"
"538097","21730","GLASS STAR FROSTED T-LIGHT HOLDER","12","2011-03-17 14:30:00","4.68","14096.0","France","EMEA"
"538097","20685","DOORMAT RED RETROSPOT","12","2011-03-17 14:30:00","7.48","14096.0","France","EMEA"
"538098","21730","GLASS STAR FROSTED T-LIGHT HOLDER","8","2011-03-24 12:41:00","4.59","17850.0","Netherlands","EMEA"
"538099","85123A","WHITE HANGING HEART T-LIGHT HOLDER","6","2011-04-25 16:53:00","2.8","15291.0","Spain","EMEA"
"538099","84029E","RED WOOLLY HOTTIE WHITE HEART","8","2011-04-25 16:53:00","3.46","15291.0","Spain","EMEA"
"538099","85123A","WHITE HANGING HEART T-LIGHT HOLDER","1","2011-04-25 16:53:00","2.53","15291.0","Spain","EMEA"
"538100","22633","HAND WARMER UNION JACK","2","2011-03-20 11:42:00","2.33","15311.0","France","EMEA"
"538100","84406B","CREAM CUPID HEARTS COAT HANGER","12","2011-03-20 11:42:00","2.82","15311.0","France","EMEA"
"538100","85099B","JUMBO BAG RED RETROSPOT","9","2011-03-20 11:42:00","1.95","15311.0","France","EMEA"
"538101","84406B","CREAM CUPID HEARTS COAT HANGER","11","2011-04-28 15:55:00","2.81","15311.0","Germany","EMEA"
"538102","85123A","WHITE HANGING HEART T-LIGHT HOLDER","12","2011-04-25 12:52:00","2.93","15291.0","USA","AMER"
"538103","22632","HAND WARMER RED POLKA DOT","11","2011-03-21 15:14:00","2.28","14096.0","Canada","AMER"
"538103","84029G","KNITTED UNION FLAG HOT WATER BOTTLE","11","2011-03-21 15:14:00","3.57","14096.0","Canada","AMER"
"538104","71053","WHITE METAL LANTERN","6","2011-03-01 15:08:00","3.77","12583.0","France","EMEA"
"538105","84406B","CREAM CUPID HEARTS COAT HANGER","3","2011-03-22 14:00:00","2.74","17850.0","USA","AMER"
"538105","22633","HAND WARMER UNION JACK","11","2011-03-22 14:00:00","1.77","17850.0","USA","AMER"
"538105","84406B","CREAM CUPID HEARTS COAT HANGER","11","2011-03-22 14:00:00","3.2","17850.0","USA","AMER"
"538106","22632","HAND WARMER RED POLKA DOT","1","2011-04-20 11:29:00","1.79","15311.0","Germany","EMEA"
"538106","22632","HAND WARMER RED POLKA DOT","5","2011-04-20 11:29:00","1.76","15311.0","Germany","EMEA"
"538106","85099B","JUMBO BAG RED RETROSPOT","7","2011-04-20 11:29:00","1.72","15311.0","Germany","EMEA"
"538107","22752","SET 7 BABUSHKA NESTING BOXES","1","2011-04-05 13:20:00","7.81","15311.0","Canada","AMER"
"538108","20685","DOORMAT RED RETROSPOT","12","2011-04-19 08:02:00","7.42","12583.0","EIRE","EMEA"
"538108","84406B","CREAM CUPID HEARTS COAT HANGER","11","2011-04-19 08:02:00","2.73","12583.0","EIRE","EMEA"
"538108","84029E","RED WOOLLY HOTTIE WHITE HEART","5","2011-04-19 08:02:00","3.7","12583.0","EIRE","EMEA"
"538109","21730","GLASS STAR FROSTED T-LIGHT HOLDER","2","2011-03-15 08:40:00","4.15","13047.0","Canada","AMER"
"538109","22752","SET 7 BABUSHKA NESTING BOXES","6","2011-03-15 08:40:00","7.94","13047.0","Canada","AMER"
"538109","22633","HAND WARMER UNION JACK","1","2011-03-15 08:40:00","1.92","13047.0","Canada","AMER"
"538110","21730","GLASS STAR FROSTED T-LIGHT HOLDER","5","2011-03-17 08:51:00","4.74","14096.0","EIRE","EMEA"
"538110","22752","SET 7 BABUSHKA NESTING BOXES","2","2011-03-17 08:51:00","8.13","14096.0","EIRE","EMEA"
"538110","71053","WHITE METAL LANTERN","9","2011-03-17 08:51:00","3.37","14096.0","EIRE","EMEA"
"538111","20685","DOORMAT RED RETROSPOT","10","2011-03-15 10:47:00","7.2","13047.0","Spain","EMEA"
"538112","20685","DOORMAT RED RETROSPOT","3","2011-03-16 10:12:00","7.41","12583.0","United Kingdom","EMEA"
"538113","20685","DOORMAT RED RETROSPOT","9","2011-04-06 10:59:00","7.17","16029.0","EIRE","EMEA"
"538114","22752","SET 7 BABUSHKA NESTING BOXES","1","2011-03-12 15:14:00","7.65","14606.0","Germany","EMEA"
"538114","71053","WHITE METAL LANTERN","12","2011-03-12 15:14:00","3.45","14606.0","Germany","EMEA"
"538114","47566","PARTY BUNTING","2","2011-03-12 15:14:00","5.09","14606.0","Germany","EMEA"
"538115","85099B","JUMBO BAG RED RETROSPOT","3","2011-04-08 13:14:00","2.13","13047.0","United Kingdom","EMEA"
"538116","84029E","RED WOOLLY HOTTIE WHITE HEART","11","2011-03-31 16:41:00","3.76","16029.0","Netherlands","EMEA"
"538117","85099B","JUMBO BAG RED RETROSPOT","4","2011-04-21 12:59:00","1.93","13047.0","USA","AMER"
"538117","71053","WHITE METAL LANTERN","12","2011-04-21 12:59:00","3.68","13047.0","USA","AMER"
"538117","85099B","JUMBO BAG RED RETROSPOT","5","2011-04-21 12:59:00","1.96","13047.0","USA","AMER"
"538118","71053","WHITE METAL LANTERN","8","2011-03-30 16:55:00","3.53","16029.0","Canada","AMER"
"538119","22752","SET 7 BABUSHKA NESTING BOXES","5","2011-04-22 09:06:00","8.03","16029.0","Germany","EMEA"
"538120","71053","WHITE METAL LANTERN","11","2011-04-14 15:03:00","3.47","14096.0","Germany","EMEA"
"538121","85123A","WHITE HANGING HEART T-LIGHT HOLDER","7","2011-04-03 10:52:00","2.61","15291.0","Spain","EMEA"
"538122","85123A","WHITE HANGING HEART T-LIGHT HOLDER","10","2011-04-11 08:40:00","2.78","12583.0","Belgium","EMEA"
"538122","85099B","JUMBO BAG RED RETROSPOT","3","2011-04-11 08:40:00","1.97","12583.0","Belgium","EMEA"
"538123","22633","HAND WARMER UNION JACK","3","2011-03-10 11:39:00","1.97","17809.0","Belgium","EMEA"
"538124","22752","SET 7 BABUSHKA NESTING BOXES","7","2011-04-17 13:24:00","7.96","17850.0","France","EMEA"
"538124","22633","HAND WARMER UNION JACK","10","2011-04-17 13:24:00","2.18","17850.0","France","EMEA"
"538124","21730","GLASS STAR FROSTED T-LIGHT HOLDER","8","2011-04-17 13:24:00","4.72","17850.0","France","EMEA"
"538125","84029E","RED WOOLLY HOTTIE WHITE HEART","12","2011-04-22 12:51:00","3.3","13777.0","France","EMEA"
"538126","22752","SET 7 BABUSHKA NESTING BOXES","4","2011-04-06 15:08:00","7.7","17809.0","United Kingdom","EMEA"
"538127","85123A","WHITE HANGING HEART T-LIGHT HOLDER","8","2011-04-19 15:51:00","2.85","14606.0","France","EMEA"
"538127","85123A","WHITE HANGING HEART T-LIGHT HOLDER","7","2011-04-19 15:51:00","2.78","14606.0","France","EMEA"
"538127","22632","HAND WARMER RED POLKA DOT","9","2011-04-19 15:51:00","2.03","14606.0","France","EMEA"
"538128","85123A","WHITE HANGING HEART T-LIGHT HOLDER","12","2011-04-06 10:59:00","2.85","13047.0","Belgium","EMEA"
"538128","84406B","CREAM CUPID HEARTS COAT HANGER","12","2011-04-06 10:59:00","2.73","13047.0","Belgium","EMEA"
"538128","20685","DOORMAT RED RETROSPOT","6","2011-04-06 10:59:00","7.15","13047.0","Belgium","EMEA"
"538129","21730","GLASS STAR FROSTED T-LIGHT HOLDER","9","2011-03-26 09:27:00","4.54","12583.0","United Kingdom","EMEA"
"538129","22752","SET 7 BABUSHKA NESTING BOXES","11","2011-03-26 09:27:00","7.59","12583.0","United Kingdom","EMEA"
"538130","22632","HAND WARMER RED POLKA DOT","5","2011-03-11 13:51:00","2.06","12583.0","Belgium","EMEA"
"538130","47566","PARTY BUNTING","1","2011-03-11 13:51:00","5.09","12583.0","Belgium","EMEA"
"538131","22633","HAND WARMER UNION JACK","9","2011-04-04 10:45:00","1.79","16029.0","Netherlands","EMEA"
"538131","22633","HAND WARMER UNION JACK","1","2011-04-04 10:45:00","1.95","16029.0","Netherlands","EMEA"
"538132","71053","WHITE METAL LANTERN","8","2011-04-09 15:43:00","3.38","14606.0","Belgium","EMEA"
"538132","71053","WHITE METAL LANTERN","3","2011-04-09 15:43:00","3.53","14606.0","Belgium","EMEA"
"538132","22632","HAND WARMER RED POLKA DOT","2","2011-04-09 15:43:00","1.94","14606.0","Belgium","EMEA"
"538133","22632","HAND WARMER RED POLKA DOT","5","2011-03-23 11:12:00","2.24","14606.0","EIRE","EMEA"
"538134","22632","HAND WARMER RED POLKA DOT","11","2011-03-27 15:32:00","1.87","12583.0","Canada","AMER"
"538135","22752","SET 7 BABUSHKA NESTING BOXES","12","2011-04-28 08:32:00","7.64","12583.0","United Kingdom","EMEA"
"538136","22632","HAND WARMER RED POLKA DOT","1","2011-03-17 13:39:00","2.34","14096.0","Netherlands","EMEA"
"538136","84029E","RED WOOLLY HOTTIE WHITE HEART","5","2011-03-17 13:39:00","3.32","14096.0","Netherlands","EMEA"
"538136","22632","HAND WARMER RED POLKA DOT","6","2011-03-17 13:39:00","2.01","14096.0","Netherlands","EMEA"
"538137","84029E","RED WOOLLY HOTTIE WHITE HEART","12","2011-03-06 15:47:00","3.44","17809.0","Canada","AMER"
"538137","47566","PARTY BUNTING","6","2011-03-06 15:47:00","5.42","17809.0","Canada","AMER"
"538137","84029E","RED WOOLLY HOTTIE WHITE HEART","5","2011-03-06 15:47:00","3.74","17809.0","Canada","AMER"
"538138","85099B","JUMBO BAG RED RETROSPOT","1","2011-04-16 10:48:00","1.91","16029.0","Spain","EMEA"
"538138","84029E","RED WOOLLY HOTTIE WHITE HEART","6","2011-04-16 10:48:00","3.51","16029.0","Spain","EMEA"
"538138","47566","PARTY BUNTING","2","2011-04-16 10:48:00","4.96","16029.0","Spain","EMEA"
"538139","22633","HAND WARMER UNION JACK","12","2011-04-23 09:51:00","2.09","13047.0","EIRE","EMEA"
"538139","84029E","RED WOOLLY HOTTIE WHITE HEART","10","2011-04-23 09:51:00","3.47","13047.0","EIRE","EMEA"
"538139","84029E","RED WOOLLY HOTTIE WHITE HEART","3","2011-04-23 09:51:00","3.4","13047.0","EIRE","EMEA"
"538140","22632","HAND WARMER RED POLKA DOT","8","2011-04-09 13:42:00","2.34","12583.0","EIRE","EMEA"
"538140","84029E","RED WOOLLY HOTTIE WHITE HEART","3","2011-04-09 13:42:00","3.55","12583.0","EIRE","EMEA"
"538140","47566","PARTY BUNTING","7","2011-04-09 13:42:00","5.29","12583.0","EIRE","EMEA"
"538141","85099B","JUMBO BAG RED RETROSPOT","6","2011-04-24 13:52:00","1.56","16029.0","Spain","EMEA"
"538142","84029E","RED WOOLLY HOTTIE WHITE HEART","2","2011-04-11 14:45:00","3.82","15291.0","Australia","APAC"
"538142","84029G","KNITTED UNION FLAG HOT WATER BOTTLE","9","2011-04-11 14:45:00","3.62","15291.0","Australia","APAC"
"538143","47566","PARTY BUNTING","3","2011-03-01 13:46:00","5.06","13047.0","USA","AMER"
"538144","20685","DOORMAT RED RETROSPOT","5","2011-04-25 16:37:00","7.21","13047.0","Germany","EMEA"
"538145","22752","SET 7 BABUSHKA NESTING BOXES","7","2011-03-28 14:23:00","7.68","13047.0","Germany","EMEA"
"538146","85099B","JUMBO BAG RED RETROSPOT","5","2011-03-01 08:59:00","2.04","15311.0","Belgium","EMEA"
"538146","84029G","KNITTED UNION FLAG HOT WATER BOTTLE","4","2011-03-01 08:59:00","3.48","15311.0","Belgium","EMEA"
"538146","85123A","WHITE HANGING HEART T-LIGHT HOLDER","2","2011-03-01 08:59:00","2.66","15311.0","Belgium","EMEA"
"538147","22752","SET 7 BABUSHKA NESTING BOXES","12","2011-04-12 13:53:00","7.79","13777.0","United Kingdom","EMEA"
"538147","84029E","RED WOOLLY HOTTIE WHITE HEART","2","2011-04-12 13:53:00","3.45","13777.0","United Kingdom","EMEA"
"538148","22632","HAND WARMER RED POLKA DOT","4","2011-03-22 10:44:00","2.18","15311.0","Australia","APAC"
"538148","47566","PARTY BUNTING","7","2011-03-22 10:44:00","5.34","15311.0","Australia","APAC"
"538149","21730","GLASS STAR FROSTED T-LIGHT HOLDER","2","2011-03-17 09:42:00","4.63","13777.0","Australia","APAC"
"538149","21730","GLASS STAR FROSTED T-LIGHT HOLDER","6","2011-03-17 09:42:00","4.4","13777.0","Australia","APAC"
"538150","21730","GLASS STAR FROSTED T-LIGHT HOLDER","4","2011-03-26 12:00:00","4.3","13777.0","Netherlands","EMEA"
"538150","22752","SET 7 BABUSHKA NESTING BOXES","6","2011-03-26 12:00:00","7.86","13777.0","Netherlands","EMEA"
"538151","47566","PARTY BUNTING","7","2011-03-06 08:27:00","5.13","13047.0","Australia","APAC"
"538152","47566","PARTY BUNTING","11","2011-04-09 10:17:00","5.09","15311.0","Canada","AMER"
"538152","84406B","CREAM CUPID HEARTS COAT HANGER","4","2011-04-09 10:17:00","2.84","15311.0","Canada","AMER"
"538153","22752","SET 7 BABUSHKA NESTING BOXES","2","2011-04-28 10:32:00","7.76","16029.0","Belgium","EMEA"
"538154","22633","HAND WARMER UNION JACK","11","2011-04-01 12:28:00","1.92","15311.0","USA","AMER"
"538155","20685","DOORMAT RED RETROSPOT","1","2011-04-14 11:26:00","7.05","15311.0","EIRE","EMEA"
"538155","22633","HAND WARMER UNION JACK","9","2011-04-14 11:26:00","2.32","15311.0","EIRE","EMEA"
"538156","20685","DOORMAT RED RETROSPOT","6","2011-03-24 11:18:00","7.0","17850.0","Belgium","EMEA"
"538156","22752","SET 7 BABUSHKA NESTING BOXES","9","2011-03-24 11:18:00","8.05","17850.0","Belgium","EMEA"
"538157","20685","DOORMAT RED RETROSPOT","9","2011-04-28 12:39:00","7.36","17809.0","Belgium","EMEA"
"538158","84029E","RED WOOLLY HOTTIE WHITE HEART","7","2011-03-07 16:54:00","3.47","14096.0","United Kingdom","EMEA"
"538158","22633","HAND WARMER UNION JACK","7","2011-03-07 16:54:00","1.75","14096.0","United Kingdom","EMEA"
"538158","22632","HAND WARMER RED POLKA DOT","11","2011-03-07 16:54:00","2.32","14096.0","United Kingdom","EMEA"
"538159","21730","GLASS STAR FROSTED T-LIGHT HOLDER","4","2011-03-28 08:13:00","4.55","14606.0","Belgium","EMEA"
"538159","84029E","RED WOOLLY HOTTIE WHITE HEART","3","2011-03-28 08:13:00","3.61","14606.0","Belgium","EMEA"
"538160","47566","PARTY BUNTING","11","2011-03-10 15:06:00","4.94","12583.0","Belgium","EMEA"
"538160","22633","HAND WARMER UNION JACK","4","2011-03-10 15:06:00","2.0","12583.0","Belgium","EMEA"
"538161","47566","PARTY BUNTING","1","2011-03-27 15:14:00","5.08","14096.0","Netherlands","EMEA"
"538161","85099B","JUMBO BAG RED RETROSPOT","1","2011-03-27 15:14:00","2.11","14096.0","Netherlands","EMEA"
"538161","84406B","CREAM CUPID HEARTS COAT HANGER","8","2011-03-27 15:14:00","3.06","14096.0","Netherlands","EMEA"
"538162","71053","WHITE METAL LANTERN","5","2011-03-24 15:26:00","3.57","14096.0","EIRE","EMEA"
"538163","71053","WHITE METAL LANTERN","7","2011-04-14 15:40:00","3.44","17809.0","Belgium","EMEA"
"538163","84406B","CREAM CUPID HEARTS COAT HANGER","3","2011-04-14 15:40:00","2.89","17809.0","Belgium","EMEA"
"538164","22752","SET 7 BABUSHKA NESTING BOXES","12","2011-03-17 12:52:00","7.82","15311.0","France","EMEA"
"538164","84029E","RED WOOLLY HOTTIE WHITE HEART","12","2011-03-17 12:52:00","3.45","15311.0","France","EMEA"
"538164","71053","WHITE METAL LANTERN","8","2011-03-17 12:52:00","3.55","15311.0","France","EMEA"
"538165","22632","HAND WARMER RED POLKA DOT","11","2011-03-07 12:51:00","1.79","14096.0","France","EMEA"
"538165","47566","PARTY BUNTING","10","2011-03-07 12:51:00","5.39","14096.0","France","EMEA"
"538165","22752","SET 7 BABUSHKA NESTING BOXES","11","2011-03-07 12:51:00","7.84","14096.0","France","EMEA"
"538166","85123A","WHITE HANGING HEART T-LIGHT HOLDER","8","2011-03-14 16:40:00","3.05","15311.0","USA","AMER"
"538167","21730","GLASS STAR FROSTED T-LIGHT HOLDER","8","2011-03-23 14:48:00","4.16","13047.0","EIRE","EMEA"
"538168","47566","PARTY BUNTING","9","2011-04-04 13:05:00","4.97","17850.0","EIRE","EMEA"
"538169","84406B","CREAM CUPID HEARTS COAT HANGER","5","2011-03-26 14:44:00","3.25","17850.0","Belgium","EMEA"
"538169","22632","HAND WARMER RED POLKA DOT","10","2011-03-26 14:44:00","1.97","17850.0","Belgium","EMEA"
"538169","20685","DOORMAT RED RETROSPOT","10","2011-03-26 14:44:00","7.03","17850.0","Belgium","EMEA"
"538170","47566","PARTY BUNTING","8","2011-04-30 16:53:00","5.37","17850.0","EIRE","EMEA"
"538171","84029E","RED WOOLLY HOTTIE WHITE HEART","1","2011-04-05 08:59:00","3.77","15311.0","Belgium","EMEA"
"538171","84029E","RED WOOLLY HOTTIE WHITE HEART","2","2011-04-05 08:59:00","3.85","15311.0","Belgium","EMEA"
"538171","71053","WHITE METAL LANTERN","7","2011-04-05 08:59:00","3.53","15311.0","Belgium","EMEA"
"538172","84029G","KNITTED UNION FLAG HOT WATER BOTTLE","6","2011-04-21 08:25:00","3.46","15311.0","Germany","EMEA"
"538172","22752","SET 7 BABUSHKA NESTING BOXES","4","2011-04-21 08:25:00","7.89","15311.0","Germany","EMEA"
"538172","21730","GLASS STAR FROSTED T-LIGHT HOLDER","2","2011-04-21 08:25:00","4.53","15311.0","Germany","EMEA"
"538173","22632","HAND WARMER RED POLKA DOT","1","2011-04-20 08:32:00","1.94","15291.0","Spain","EMEA"
"538174","20685","DOORMAT RED RETROSPOT","8","2011-04-25 16:45:00","7.2","14606.0","Australia","APAC"
"538174","20685","DOORMAT RED RETROSPOT","5","2011-04-25 16:45:00","7.45","14606.0","Australia","APAC"
"538174","85123A","WHITE HANGING HEART T-LIGHT HOLDER","3","2011-04-25 16:45:00","2.63","14606.0","Australia","APAC"
"538175","84029G","KNITTED UNION FLAG HOT WATER BOTTLE","9","2011-03-30 09:52:00","3.65","15291.0","EIRE","EMEA"
"538175","84406B","CREAM CUPID HEARTS COAT HANGER","8","2011-03-30 09:52:00","2.99","15291.0","EIRE","EMEA"
"538175","84029G","KNITTED UNION FLAG HOT WATER BOTTLE","6","2011-03-30 09:52:00","3.69","15291.0","EIRE","EMEA"
"538176","20685","DOORMAT RED RETROSPOT","10","2011-04-20 16:57:00","6.99","17809.0","Spain","EMEA"
"538176","20685","DOORMAT RED RETROSPOT","8","2011-04-20 16:57:00","7.52","17809.0","Spain","EMEA"
"538177","21730","GLASS STAR FROSTED T-LIGHT HOLDER","2","2011-04-07 13:08:00","4.61","13047.0","United Kingdom","EMEA"
"538178","84029E","RED WOOLLY HOTTIE WHITE HEART","6","2011-04-10 16:10:00","3.73","13777.0","Netherlands","EMEA"
"538178","21730","GLASS STAR FROSTED T-LIGHT HOLDER","7","2011-04-10 16:10:00","4.29","13777.0","Netherlands","EMEA"
"538178","84029G","KNITTED UNION FLAG HOT WATER BOTTLE","1","2011-04-10 16:10:00","3.51","13777.0","Netherlands","EMEA"
"538179","22633","HAND WARMER UNION JACK","10","2011-03-27 11:53:00","2.1","13047.0","USA","AMER"
"538180","84029G","KNITTED UNION FLAG HOT WATER BOTTLE","9","2011-03-16 11:48:00","3.79","13777.0","Germany","EMEA"
"538181","85123A","WHITE HANGING HEART T-LIGHT HOLDER","12","2011-03-26 13:28:00","2.89","15311.0","USA","AMER"
"538181","85123A","WHITE HANGING HEART T-LIGHT HOLDER","2","2011-03-26 13:28:00","2.65","15311.0","USA","AMER"
"538182","21730","GLASS STAR FROSTED T-LIGHT HOLDER","3","2011-03-14 09:54:00","4.52","14606.0","EIRE","EMEA"
"538183","84029G","KNITTED UNION FLAG HOT WATER BOTTLE","5","2011-03-12 09:54:00","3.78","14096.0","Netherlands","EMEA"
"538184","22752","SET 7 BABUSHKA NESTING BOXES","8","2011-03-06 10:01:00","7.74","13777.0","Netherlands","EMEA"
"538185","85123A","WHITE HANGING HEART T-LIGHT HOLDER","7","2011-04-10 16:27:00","2.75","15311.0","Germany","EMEA"
"538186","85099B","JUMBO BAG RED RETROSPOT","11","2011-04-19 10:50:00","1.86","13777.0","Canada","AMER"
"538186","85123A","WHITE HANGING HEART T-LIGHT HOLDER","3","2011-04-19 10:50:00","3.04","13777.0","Canada","AMER"
"538186","22752","SET 7 BABUSHKA NESTING BOXES","7","2011-04-19 10:50:00","7.74","13777.0","Canada","AMER"
"538187","85123A","WHITE HANGING HEART T-LIGHT HOLDER","8","2011-04-27 09:43:00","2.69","15311.0","Netherlands","EMEA"
"538187","47566","PARTY BUNTING","12","2011-04-27 09:43:00","4.88","15311.0","Netherlands","EMEA"
"538187","85123A","WHITE HANGING HEART T-LIGHT HOLDER","1","2011-04-27 09:43:00","2.91","15311.0","Netherlands","EMEA"
"538188","21730","GLASS STAR FROSTED T-LIGHT HOLDER","8","2011-03-03 16:36:00","4.33","14096.0","Canada","AMER"
"538188","84029G","KNITTED UNION FLAG HOT WATER BOTTLE","11","2011-03-03 16:36:00","3.84","14096.0","Canada","AMER"
"538188","47566","PARTY BUNTING","4","2011-03-03 16:36:00","5.02","14096.0","Canada","AMER"
"538189","22752","SET 7 BABUSHKA NESTING BOXES","11","2011-03-27 09:55:00","7.94","13047.0","Australia","APAC"
"538189","21730","GLASS STAR FROSTED T-LIGHT HOLDER","4","2011-03-27 09:55:00","4.3","13047.0","Australia","APAC"
"538189","85123A","WHITE HANGING HEART T-LIGHT HOLDER","7","2011-03-27 09:55:00","2.86","13047.0","Australia","APAC"
"538190","84406B","CREAM CUPID HEARTS COAT HANGER","4","2011-04-24 11:43:00","2.69","13047.0","United Kingdom","EMEA"
"538191","84406B","CREAM CUPID HEARTS COAT HANGER","7","2011-04-26 14:31:00","2.95","15311.0","United Kingdom","EMEA"
"538192","47566","PARTY BUNTING","1","2011-04-04 09:26:00","4.97","17850.0","EIRE","EMEA"
"538192","85123A","WHITE HANGING HEART T-LIGHT HOLDER","4","2011-04-04 09:26:00","2.88","17850.0","EIRE","EMEA"
"538193","20685","DOORMAT RED RETROSPOT","10","2011-03-26 10:32:00","7.19","17850.0","France","EMEA"
"538193","22632","HAND WARMER RED POLKA DOT","12","2011-03-26 10:32:00","1.76","17850.0","France","EMEA"
"538194","71053","WHITE METAL LANTERN","11","2011-03-22 09:40:00","3.55","15291.0","Spain","EMEA"
"538195","71053","WHITE METAL LANTERN","5","2011-04-07 10:04:00","3.76","15311.0","USA","AMER"
"538195","85099B","JUMBO BAG RED RETROSPOT","7","2011-04-07 10:04:00","1.85","15311.0","USA","AMER"
"538195","22752","SET 7 BABUSHKA NESTING BOXES","9","2011-04-07 10:04:00","7.82","15311.0","USA","AMER"
"538196","20685","DOORMAT RED RETROSPOT","7","2011-03-25 15:27:00","7.3","14096.0","Spain","EMEA"
"538197","22633","HAND WARMER UNION JACK","1","2011-03-02 15:13:00","1.89","17850.0","EIRE","EMEA"
"538197","22632","HAND WARMER RED POLKA DOT","8","2011-03-02 15:13:00","2.23","17850.0","EIRE","EMEA"
"538197","84029E","RED WOOLLY HOTTIE WHITE HEART","7","2011-03-02 15:13:00","3.8","17850.0","EIRE","EMEA"
"538198","22632","HAND WARMER RED POLKA DOT","9","2011-04-12 13:01:00","2.26","15291.0","EIRE","EMEA"
"538198","22752","SET 7 BABUSHKA NESTING BOXES","11","2011-04-12 13:01:00","7.82","15291.0","EIRE","EMEA"
"538199","84406B","CREAM CUPID HEARTS COAT HANGER","9","2011-04-19 13:16:00","2.8","17809.0","Spain","EMEA"
"538199","85099B","JUMBO BAG RED RETROSPOT","9","2011-04-19 13:16:00","1.87","17809.0","Spain","EMEA"
"538200","84029E","RED WOOLLY HOTTIE WHITE HEART","4","2011-03-07 08:37:00","3.8","12583.0","Spain","EMEA"
"538200","85123A","WHITE HANGING HEART T-LIGHT HOLDER","6","2011-03-07 08:37:00","2.92","12583.0","Spain","EMEA"
"538201","22632","HAND WARMER RED POLKA DOT","10","2011-04-11 12:47:00","2.06","16029.0","Australia","APAC"
"538201","85123A","WHITE HANGING HEART T-LIGHT HOLDER","2","2011-04-11 12:47:00","2.76","16029.0","Australia","APAC"
"538201","21730","GLASS STAR FROSTED T-LIGHT HOLDER","1","2011-04-11 12:47:00","4.7","16029.0","Australia","APAC"
"538202","84029G","KNITTED UNION FLAG HOT WATER BOTTLE","11","2011-04-20 11:36:00","3.71","17809.0","Australia","APAC"
"538203","21730","GLASS STAR FROSTED T-LIGHT HOLDER","1","2011-04-19 14:28:00","4.72","17809.0","USA","AMER"
"538203","20685","DOORMAT RED RETROSPOT","5","2011-04-19 14:28:00","7.09","17809.0","USA","AMER"
"538203","85123A","WHITE HANGING HEART T-LIGHT HOLDER","10","2011-04-19 14:28:00","2.76","17809.0","USA","AMER"
"538204","85099B","JUMBO BAG RED RETROSPOT","10","2011-03-19 16:56:00","2.08","17809.0","Belgium","EMEA"
"538204","84029E","RED WOOLLY HOTTIE WHITE HEART","11","2011-03-19 16:56:00","3.41","17809.0","Belgium","EMEA"
"538204","84029G","KNITTED UNION FLAG HOT WATER BOTTLE","9","2011-03-19 16:56:00","3.68","17809.0","Belgium","EMEA"
"538205","84029E","RED WOOLLY HOTTIE WHITE HEART","8","2011-04-29 14:14:00","3.76","15311.0","Netherlands","EMEA"
"538206","84029E","RED WOOLLY HOTTIE WHITE HEART","8","2011-04-01 16:02:00","3.68","14096.0","Germany","EMEA"
"538206","22632","HAND WARMER RED POLKA DOT","1","2011-04-01 16:02:00","1.96","14096.0","Germany","EMEA"
"538206","85099B","JUMBO BAG RED RETROSPOT","12","2011-04-01 16:02:00","1.74","14096.0","Germany","EMEA"
"538207","84406B","CREAM CUPID HEARTS COAT HANGER","5","2011-03-11 13:32:00","3.0","16029.0","France","EMEA"
"538207","84029E","RED WOOLLY HOTTIE WHITE HEART","9","2011-03-11 13:32:00","3.29","16029.0","France","EMEA"
"538208","85099B","JUMBO BAG RED RETROSPOT","9","2011-04-06 10:06:00","1.89","17809.0","Spain","EMEA"
"538208","71053","WHITE METAL LANTERN","12","2011-04-06 10:06:00","3.31","17809.0","Spain","EMEA"
"538209","47566","PARTY BUNTING","12","2011-04-19 16:25:00","5.0","14096.0","Australia","APAC"
"538209","21730","GLASS STAR FROSTED T-LIGHT HOLDER","2","2011-04-19 16:25:00","4.48","14096.0","Australia","APAC"
"538209","84029E","RED WOOLLY HOTTIE WHITE HEART","2","2011-04-19 16:25:00","3.52","14096.0","Australia","APAC"
"538210","22633","HAND WARMER UNION JACK","9","2011-03-17 09:42:00","2.16","13047.0","Australia","APAC"
"538210","84029E","RED WOOLLY HOTTIE WHITE HEART","11","2011-03-17 09:42:00","3.72","13047.0","Australia","APAC"
"538210","85123A","WHITE HANGING HEART T-LIGHT HOLDER","6","2011-03-17 09:42:00","2.69","13047.0","Australia","APAC"
"538211","84029E","RED WOOLLY HOTTIE WHITE HEART","7","2011-04-27 10:54:00","3.42","14096.0","France","EMEA"
"538212","20685","DOORMAT RED RETROSPOT","7","2011-04-28 15:34:00","7.18","17809.0","France","EMEA"
"538213","21730","GLASS STAR FROSTED T-LIGHT HOLDER","8","2011-04-05 14:26:00","4.69","13777.0","Netherlands","EMEA"
"538214","71053","WHITE METAL LANTERN","2","2011-04-28 10:55:00","3.67","15311.0","United Kingdom","EMEA"
"538214","20685","DOORMAT RED RETROSPOT","3","2011-04-28 10:55:00","7.15","15311.0","United Kingdom","EMEA"
"538215","47566","PARTY BUNTING","10","2011-03-23 12:30:00","5.42","13047.0","Belgium","EMEA"
"538215","84029E","RED WOOLLY HOTTIE WHITE HEART","5","2011-03-23 12:30:00","3.7","13047.0","Belgium","EMEA"
"538215","71053","WHITE METAL LANTERN","9","2011-03-23 12:30:00","3.7","13047.0","Belgium","EMEA"
"538216","20685","DOORMAT RED RETROSPOT","3","2011-03-27 16:13:00","7.27","16029.0","Canada","AMER"
"538217","84406B","CREAM CUPID HEARTS COAT HANGER","4","2011-04-07 08:32:00","2.94","15291.0","France","EMEA"
"538217","85123A","WHITE HANGING HEART T-LIGHT HOLDER","6","2011-04-07 08:32:00","2.81","15291.0","France","EMEA"
"538218","84029E","RED WOOLLY HOTTIE WHITE HEART","8","2011-03-15 16:01:00","3.71","15311.0","France","EMEA"
"538219","84029E","RED WOOLLY HOTTIE WHITE HEART","4","2011-04-20 10:08:00","3.71","13777.0","France","EMEA"
"538220","21730","GLASS STAR FROSTED T-LIGHT HOLDER","3","2011-04-17 09:06:00","4.36","15291.0","Netherlands","EMEA"
"538220","21730","GLASS STAR FROSTED T-LIGHT HOLDER","12","2011-04-17 09:06:00","4.52","15291.0","Netherlands","EMEA"
"538221","71053","WHITE METAL LANTERN","5","2011-04-02 13:04:00","3.69","13047.0","Australia","APAC"
"538221","22633","HAND WARMER UNION JACK","8","2011-04-02 13:04:00","2.03","13047.0","Australia","APAC"
"538221","71053","WHITE METAL LANTERN","7","2011-04-02 13:04:00","3.41","13047.0","Australia","APAC"
"538222","47566","PARTY BUNTING","7","2011-03-13 16:03:00","4.94","16029.0","Netherlands","EMEA"
"538222","20685","DOORMAT RED RETROSPOT","8","2011-03-13 16:03:00","7.29","16029.0","Netherlands","EMEA"
"538222","21730","GLASS STAR FROSTED T-LIGHT HOLDER","2","2011-03-13 16:03:00","4.21","16029.0","Netherlands","EMEA"
"538223","84029G","KNITTED UNION FLAG HOT WATER BOTTLE","11","2011-04-06 10:35:00","3.72","13047.0","Canada","AMER"
"538223","20685","DOORMAT RED RETROSPOT","11","2011-04-06 10:35:00","7.14","13047.0","Canada","AMER"
"538223","84406B","CREAM CUPID HEARTS COAT HANGER","7","2011-04-06 10:35:00","3.03","13047.0","Canada","AMER"
"538224","20685","DOORMAT RED RETROSPOT","9","2011-03-22 16:57:00","7.43","15311.0","USA","AMER"
"538225","22632","HAND WARMER RED POLKA DOT","6","2011-03-24 12:03:00","2.21","15311.0","Spain","EMEA"
"538225","22632","HAND WARMER RED POLKA DOT","5","2011-03-24 12:03:00","1.85","15311.0","Spain","EMEA"
"538226","84029E","RED WOOLLY HOTTIE WHITE HEART","10","2011-04-18 13:40:00","3.4","16029.0","Spain","EMEA"
"538227","22633","HAND WARMER UNION JACK","6","2011-04-12 13:27:00","1.89","13777.0","Belgium","EMEA"
"538227","22632","HAND WARMER RED POLKA DOT","7","2011-04-12 13:27:00","2.0","13777.0","Belgium","EMEA"
"538228","47566","PARTY BUNTING","3","2011-03-22 11:48:00","5.25","14606.0","Germany","EMEA"
"538228","71053","WHITE METAL LANTERN","4","2011-03-22 11:48:00","3.74","14606.0","Germany","EMEA"
"538228","84029G","KNITTED UNION FLAG HOT WATER BOTTLE","8","2011-03-22 11:48:00","3.41","14606.0","Germany","EMEA"
"538229","71053","WHITE METAL LANTERN","10","2011-04-23 08:33:00","3.67","14606.0","Belgium","EMEA"
"538230","84406B","CREAM CUPID HEARTS COAT HANGER","1","2011-04-06 08:49:00","2.96","15291.0","Spain","EMEA"
"538230","84406B","CREAM CUPID HEARTS COAT HANGER","8","2011-04-06 08:49:00","2.79","15291.0","Spain","EMEA"
"538231","22752","SET 7 BABUSHKA NESTING BOXES","8","2011-04-06 10:05:00","8.14","13047.0","Canada","AMER"
"538231","22632","HAND WARMER RED POLKA DOT","7","2011-04-06 10:05:00","2.24","13047.0","Canada","AMER"
"538231","84029E","RED WOOLLY HOTTIE WHITE HEART","12","2011-04-06 10:05:00","3.46","13047.0","Canada","AMER"
"538232","84406B","CREAM CUPID HEARTS COAT HANGER","1","2011-04-30 14:05:00","3.12","16029.0","France","EMEA"
"538232","22752","SET 7 BABUSHKA NESTING BOXES","3","2011-04-30 14:05:00","7.95","16029.0","France","EMEA"
"538232","22632","HAND WARMER RED POLKA DOT","8","2011-04-30 14:05:00","1.77","16029.0","France","EMEA"
"538233","21730","GLASS STAR FROSTED T-LIGHT HOLDER","6","2011-03-25 10:18:00","4.24","17850.0","Canada","AMER"
"538234","84029E","RED WOOLLY HOTTIE WHITE HEART","5","2011-03-23 14:09:00","3.42","12583.0","France","EMEA"
"538235","85123A","WHITE HANGING HEART T-LIGHT HOLDER","7","2011-04-30 10:46:00","2.7","16029.0","France","EMEA"
"538235","22752","SET 7 BABUSHKA NESTING BOXES","5","2011-04-30 10:46:00","7.77","16029.0","France","EMEA"
"538236","85123A","WHITE HANGING HEART T-LIGHT HOLDER","8","2011-03-04 11:28:00","2.48","13777.0","Belgium","EMEA"
"538236","85123A","WHITE HANGING HEART T-LIGHT HOLDER","10","2011-03-04 11:28:00","2.99","13777.0","Belgium","EMEA"
"538237","22632","HAND WARMER RED POLKA DOT","9","2011-04-19 13:14:00","2.32","13777.0","Netherlands","EMEA"
"538237","84406B","CREAM CUPID HEARTS COAT HANGER","6","2011-04-19 13:14:00","3.12","13777.0","Netherlands","EMEA"
"538238","71053","WHITE METAL LANTERN","2","2011-04-14 11:29:00","3.58","14606.0","USA","AMER"
"538238","71053","WHITE METAL LANTERN","11","2011-04-14 11:29:00","3.7","14606.0","USA","AMER"
"538239","71053","WHITE METAL LANTERN","12","2011-04-09 09:44:00","3.72","14096.0","Netherlands","EMEA"
"538239","22632","HAND WARMER RED POLKA DOT","2","2011-04-09 09:44:00","2.05","14096.0","Netherlands","EMEA"
"538239","22633","HAND WARMER UNION JACK","6","2011-04-09 09:44:00","2.3","14096.0","Netherlands","EMEA"
"538240","85099B","JUMBO BAG RED RETROSPOT","7","2011-04-05 09:33:00","1.63","17809.0","Germany","EMEA"
"538240","47566","PARTY BUNTING","4","2011-04-05 09:33:00","5.13","17809.0","Germany","EMEA"
"538240","84029E","RED WOOLLY HOTTIE WHITE HEART","1","2011-04-05 09:33:00","3.59","17809.0","Germany","EMEA"
"538241","22752","SET 7 BABUSHKA NESTING BOXES","7","2011-03-24 15:05:00","8.14","16029.0","Germany","EMEA"
"538241","84406B","CREAM CUPID HEARTS COAT HANGER","2","2011-03-24 15:05:00","2.66","16029.0","Germany","EMEA"
"538242","71053","WHITE METAL LANTERN","10","2011-04-27 15:45:00","3.74","14606.0","United Kingdom","EMEA"
"538243","22752","SET 7 BABUSHKA NESTING BOXES","10","2011-04-27 14:33:00","7.57","17809.0","Belgium","EMEA"
"538244","22632","HAND WARMER RED POLKA DOT","7","2011-04-28 08:56:00","2.35","13777.0","EIRE","EMEA"
"538245","71053","WHITE METAL LANTERN","1","2011-04-24 11:37:00","3.38","14096.0","Spain","EMEA"
"538246","22632","HAND WARMER RED POLKA DOT","4","2011-03-14 15:50:00","2.02","12583.0","Spain","EMEA"
"538246","85099B","JUMBO BAG RED RETROSPOT","7","2011-03-14 15:50:00","1.63","12583.0","Spain","EMEA"
"538247","84406B","CREAM CUPID HEARTS COAT HANGER","7","2011-03-31 08:05:00","3.06","14606.0","Germany","EMEA"
"538248","84406B","CREAM CUPID HEARTS COAT HANGER","7","2011-04-27 10:39:00","2.88","14096.0","Netherlands","EMEA"
"538248","84406B","CREAM CUPID HEARTS COAT HANGER","4","2011-04-27 10:39:00","2.88","14096.0","Netherlands","EMEA"
"538248","85123A","WHITE HANGING HEART T-LIGHT HOLDER","2","2011-04-27 10:39:00","3.05","14096.0","Netherlands","EMEA"
"538249","20685","DOORMAT RED RETROSPOT","9","2011-04-25 09:16:00","7.47","12583.0","Spain","EMEA"
"538250","84406B","CREAM CUPID HEARTS COAT HANGER","9","2011-03-10 16:25:00","2.72","17850.0","EIRE","EMEA"
"538250","22632","HAND WARMER RED POLKA DOT","1","2011-03-10 16:25:00","1.87","17850.0","EIRE","EMEA"
"538251","22752","SET 7 BABUSHKA NESTING BOXES","10","2011-04-04 13:12:00","7.59","15291.0","Belgium","EMEA"
"538251","20685","DOORMAT RED RETROSPOT","6","2011-04-04 13:12:00","7.54","15291.0","Belgium","EMEA"
"538251","84406B","CREAM CUPID HEARTS COAT HANGER","11","2011-04-04 13:12:00","2.91","15291.0","Belgium","EMEA"
"538252","20685","DOORMAT RED RETROSPOT","9","2011-04-03 16:55:00","7.52","13777.0","Spain","EMEA"
"538252","84029E","RED WOOLLY HOTTIE WHITE HEART","6","2011-04-03 16:55:00","3.7","13777.0","Spain","EMEA"
"538253","20685","DOORMAT RED RETROSPOT","4","2011-04-01 16:07:00","7.11","15291.0","Canada","AMER"
"538254","22632","HAND WARMER RED POLKA DOT","3","2011-03-13 10:35:00","2.14","12583.0","Australia","APAC"
"538255","84029E","RED WOOLLY HOTTIE WHITE HEART","2","2011-04-15 15:20:00","3.76","12583.0","Canada","AMER"
"538256","84029E","RED WOOLLY HOTTIE WHITE HEART","1","2011-03-24 13:18:00","3.77","17850.0","Australia","APAC"
"538256","22752","SET 7 BABUSHKA NESTING BOXES","12","2011-03-24 13:18:00","7.73","17850.0","Australia","APAC"
"538256","22752","SET 7 BABUSHKA NESTING BOXES","6","2011-03-24 13:18:00","7.67","17850.0","Australia","APAC"
"538257","22633","HAND WARMER UNION JACK","1","2011-03-27 08:51:00","2.23","15311.0","Germany","EMEA"
"538257","84406B","CREAM CUPID HEARTS COAT HANGER","12","2011-03-27 08:51:00","3.03","15311.0","Germany","EMEA"
"538258","20685","DOORMAT RED RETROSPOT","8","2011-03-18 09:00:00","7.5","13047.0","Canada","AMER"
"538258","22633","HAND WARMER UNION JACK","9","2011-03-18 09:00:00","2.03","13047.0","Canada","AMER"
"538258","47566","PARTY BUNTING","7","2011-03-18 09:00:00","5.15","13047.0","Canada","AMER"
"538259","84029E","RED WOOLLY HOTTIE WHITE HEART","6","2011-04-28 08:00:00","3.74","14096.0","EIRE","EMEA"
"538259","84029E","RED WOOLLY HOTTIE WHITE HEART","6","2011-04-28 08:00:00","3.59","14096.0","EIRE","EMEA"
"538260","22633","HAND WARMER UNION JACK","4","2011-04-25 13:14:00","2.02","13777.0","France","EMEA"
"538260","84406B","CREAM CUPID HEARTS COAT HANGER","7","2011-04-25 13:14:00","3.16","13777.0","France","EMEA"
"538261","84029E","RED WOOLLY HOTTIE WHITE HEART","5","2011-03-13 15:09:00","3.45","17809.0","Canada","AMER"
"538261","22633","HAND WARMER UNION JACK","12","2011-03-13 15:09:00","2.32","17809.0","Canada","AMER"
"538261","84406B","CREAM CUPID HEARTS COAT HANGER","3","2011-03-13 15:09:00","2.88","17809.0","Canada","AMER"
"538262","47566","PARTY BUNTING","3","2011-03-19 11:26:00","5.4","13047.0","Netherlands","EMEA"
"538262","85123A","WHITE HANGING HEART T-LIGHT HOLDER","1","2011-03-19 11:26:00","2.8","13047.0","Netherlands","EMEA"
"538262","84406B","CREAM CUPID HEARTS COAT HANGER","6","2011-03-19 11:26:00","3.08","13047.0","Netherlands","EMEA"
"538263","85123A","WHITE HANGING HEART T-LIGHT HOLDER","3","2011-04-25 12:47:00","2.81","15311.0","Netherlands","EMEA"
"538263","85123A","WHITE HANGING HEART T-LIGHT HOLDER","9","2011-04-25 12:47:00","3.0","15311.0","Netherlands","EMEA"
"538263","22752","SET 7 BABUSHKA NESTING BOXES","4","2011-04-25 12:47:00","7.85","15311.0","Netherlands","EMEA"
"538264","84029E","RED WOOLLY HOTTIE WHITE HEART","1","2011-03-02 14:42:00","3.34","13777.0","Canada","AMER"
"538264","22633","HAND WARMER UNION JACK","5","2011-03-02 14:42:00","2.08","13777.0","Canada","AMER"
"538264","21730","GLASS STAR FROSTED T-LIGHT HOLDER","8","2011-03-02 14:42:00","4.48","13777.0","Canada","AMER"
"538265","47566","PARTY BUNTING","3","2011-04-27 15:24:00","5.01","15311.0","Belgium","EMEA"
"538266","22632","HAND WARMER RED POLKA DOT","1","2011-04-16 11:07:00","1.93","17809.0","United Kingdom","EMEA"
"538267","85123A","WHITE HANGING HEART T-LIGHT HOLDER","12","2011-03-19 08:20:00","3.04","16029.0","Australia","APAC"
"538267","22752","SET 7 BABUSHKA NESTING BOXES","2","2011-03-19 08:20:00","7.75","16029.0","Australia","APAC"
"538268","22752","SET 7 BABUSHKA NESTING BOXES","7","2011-03-27 08:15:00","7.93","17850.0","Canada","AMER"
"538268","84406B","CREAM CUPID HEARTS COAT HANGER","8","2011-03-27 08:15:00","3.24","17850.0","Canada","AMER"
"538269","85123A","WHITE HANGING HEART T-LIGHT HOLDER","10","2011-04-12 13:02:00","2.51","17850.0","Germany","EMEA"
"538269","71053","WHITE METAL LANTERN","10","2011-04-12 13:02:00","3.67","17850.0","Germany","EMEA"
"538270","22633","HAND WARMER UNION JACK","12","2011-04-05 09:29:00","1.91","12583.0","Australia","APAC"
"538271","47566","PARTY BUNTING","8","2011-04-03 12:30:00","5.07","15291.0","Canada","AMER"
"538271","84029G","KNITTED UNION FLAG HOT WATER BOTTLE","2","2011-04-03 12:30:00","3.76","15291.0","Canada","AMER"
"538271","20685","DOORMAT RED RETROSPOT","2","2011-04-03 12:30:00","7.2","15291.0","Canada","AMER"
"538272","20685","DOORMAT RED RETROSPOT","4","2011-03-27 12:13:00","7.39","13047.0","Netherlands","EMEA"
"538272","47566","PARTY BUNTING","9","2011-03-27 12:13:00","4.93","13047.0","Netherlands","EMEA"
"538273","85123A","WHITE HANGING HEART T-LIGHT HOLDER","10","2011-04-24 15:00:00","2.72","14096.0","EIRE","EMEA"
"538273","71053","WHITE METAL LANTERN","9","2011-04-24 15:00:00","3.62","14096.0","EIRE","EMEA"
"538273","22632","HAND WARMER RED POLKA DOT","3","2011-04-24 15:00:00","2.21","14096.0","EIRE","EMEA"
"538274","85099B","JUMBO BAG RED RETROSPOT","9","2011-04-01 09:37:00","1.88","17809.0","Australia","APAC"
"538274","84406B","CREAM CUPID HEARTS COAT HANGER","11","2011-04-01 09:37:00","3.11","17809.0","Australia","APAC"
"538274","84029G","KNITTED UNION FLAG HOT WATER BOTTLE","1","2011-04-01 09:37:00","3.7","17809.0","Australia","APAC"
"538275","85099B","JUMBO BAG RED RETROSPOT","2","2011-04-23 16:26:00","1.78","13777.0","Netherlands","EMEA"
"538275","22632","HAND WARMER RED POLKA DOT","5","2011-04-23 16:26:00","1.81","13777.0","Netherlands","EMEA"
"538276","84406B","CREAM CUPID HEARTS COAT HANGER","3","2011-04-16 11:59:00","2.66","17850.0","United Kingdom","EMEA"
"538277","21730","GLASS STAR FROSTED T-LIGHT HOLDER","8","2011-03-02 14:41:00","4.25","12583.0","Belgium","EMEA"
"538277","22632","HAND WARMER RED POLKA DOT","4","2011-03-02 14:41:00","2.0","12583.0","Belgium","EMEA"
"538278","85123A","WHITE HANGING HEART T-LIGHT HOLDER","3","2011-04-15 09:46:00","2.96","14606.0","Canada","AMER"
"538279","22632","HAND WARMER RED POLKA DOT","11","2011-03-26 11:46:00","1.75","16029.0","France","EMEA"
"538279","21730","GLASS STAR FROSTED T-LIGHT HOLDER","5","2011-03-26 11:46:00","4.6","16029.0","France","EMEA"
"538279","85099B","JUMBO BAG RED RETROSPOT","12","2011-03-26 11:46:00","1.64","16029.0","France","EMEA"
"538280","85099B","JUMBO BAG RED RETROSPOT","3","2011-03-05 13:06:00","1.65","15311.0","United Kingdom","EMEA"
"538280","21730","GLASS STAR FROSTED T-LIGHT HOLDER","6","2011-03-05 13:06:00","4.54","15311.0","United Kingdom","EMEA"
"538280","22632","HAND WARMER RED POLKA DOT","2","2011-03-05 13:06:00","2.17","15311.0","United Kingdom","EMEA"
"538281","22633","HAND WARMER UNION JACK","9","2011-04-07 10:22:00","1.87","12583.0","Australia","APAC"
"538281","84029G","KNITTED UNION FLAG HOT WATER BOTTLE","7","2011-04-07 10:22:00","3.61","12583.0","Australia","APAC"
"538282","22752","SET 7 BABUSHKA NESTING BOXES","3","2011-03-21 11:09:00","7.81","17850.0","EIRE","EMEA"
"538283","84406B","CREAM CUPID HEARTS COAT HANGER","4","2011-04-04 09:56:00","3.2","13047.0","Germany","EMEA"
"538284","85123A","WHITE HANGING HEART T-LIGHT HOLDER","2","2011-04-03 16:42:00","2.83","15291.0","EIRE","EMEA"
"538284","84406B","CREAM CUPID HEARTS COAT HANGER","2","2011-04-03 16:42:00","2.73","15291.0","EIRE","EMEA"
"538285","71053","WHITE METAL LANTERN","1","2011-03-23 10:52:00","3.34","14096.0","EIRE","EMEA"
"538285","22633","HAND WARMER UNION JACK","11","2011-03-23 10:52:00","1.91","14096.0","EIRE","EMEA"
"538285","84406B","CREAM CUPID HEARTS COAT HANGER","1","2011-03-23 10:52:00","3.09","14096.0","EIRE","EMEA"
"538286","47566","PARTY BUNTING","11","2011-04-07 09:04:00","5.28","17850.0","United Kingdom","EMEA"
"538286","71053","WHITE METAL LANTERN","6","2011-04-07 09:04:00","3.59","17850.0","United Kingdom","EMEA"
"538286","22632","HAND WARMER RED POLKA DOT","6","2011-04-07 09:04:00","2.13","17850.0","United Kingdom","EMEA"
"538287","84406B","CREAM CUPID HEARTS COAT HANGER","3","2011-03-02 12:06:00","3.09","17809.0","Germany","EMEA"
"538288","22632","HAND WARMER RED POLKA DOT","8","2011-03-08 10:57:00","2.22","13047.0","United Kingdom","EMEA"
"538288","22752","SET 7 BABUSHKA NESTING BOXES","1","2011-03-08 10:57:00","8.14","13047.0","United Kingdom","EMEA"
"538289","47566","PARTY BUNTING","1","2011-04-21 08:12:00","5.2","13777.0","Belgium","EMEA"
"538290","47566","PARTY BUNTING","4","2011-03-29 09:18:00","5.15","17850.0","USA","AMER"
"538291","71053","WHITE METAL LANTERN","5","2011-03-03 12:23:00","3.36","13047.0","Canada","AMER"
"538292","22633","HAND WARMER UNION JACK","6","2011-04-20 09:50:00","2.2","15291.0","USA","AMER"
"538292","71053","WHITE METAL LANTERN","1","2011-04-20 09:50:00","3.63","15291.0","USA","AMER"
"538293","47566","PARTY BUNTING","2","2011-04-04 11:21:00","5.34","14606.0","EIRE","EMEA"
"538293","22633","HAND WARMER UNION JACK","6","2011-04-04 11:21:00","2.28","14606.0","EIRE","EMEA"
"538293","21730","GLASS STAR FROSTED T-LIGHT HOLDER","12","2011-04-04 11:21:00","4.26","14606.0","EIRE","EMEA"
"538294","84406B","CREAM CUPID HEARTS COAT HANGER","4","2011-04-17 08:22:00","3.06","16029.0","Canada","AMER"
"538294","20685","DOORMAT RED RETROSPOT","11","2011-04-17 08:22:00","7.41","16029.0","Canada","AMER"
"538295","22633","HAND WARMER UNION JACK","9","2011-04-21 09:57:00","1.87","17850.0","Netherlands","EMEA"
"538295","20685","DOORMAT RED RETROSPOT","7","2011-04-21 09:57:00","7.09","17850.0","Netherlands","EMEA"
"538296","85099B","JUMBO BAG RED RETROSPOT","11","2011-04-23 08:40:00","1.77","14606.0","Belgium","EMEA"
"538296","22752","SET 7 BABUSHKA NESTING BOXES","9","2011-04-23 08:40:00","7.88","14606.0","Belgium","EMEA"
"538296","71053","WHITE METAL LANTERN","9","2011-04-23 08:40:00","3.51","14606.0","Belgium","EMEA"
"538297","22633","HAND WARMER UNION JACK","6","2011-03-31 08:28:00","2.03","13047.0","Australia","APAC"
"538297","21730","GLASS STAR FROSTED T-LIGHT HOLDER","3","2011-03-31 08:28:00","4.74","13047.0","Australia","APAC"
"538298","85123A","WHITE HANGING HEART T-LIGHT HOLDER","5","2011-04-24 14:06:00","2.55","17850.0","Germany","EMEA"
"538298","85123A","WHITE HANGING HEART T-LIGHT HOLDER","4","2011-04-24 14:06:00","2.46","17850.0","Germany","EMEA"
"538299","84406B","CREAM CUPID HEARTS COAT HANGER","9","2011-04-05 14:33:00","2.69","15311.0","Netherlands","EMEA"
"538300","22633","HAND WARMER UNION JACK","11","2011-03-02 08:46:00","2.26","15291.0","Australia","APAC"
"538300","21730","GLASS STAR FROSTED T-LIGHT HOLDER","2","2011-03-02 08:46:00","4.7","15291.0","Australia","APAC"
"538300","21730","GLASS STAR FROSTED T-LIGHT HOLDER","10","2011-03-02 08:46:00","4.15","15291.0","Australia","APAC"
"538301","22752","SET 7 BABUSHKA NESTING BOXES","1","2011-03-17 15:20:00","8.0","15311.0","Netherlands","EMEA"
"538301","84029E","RED WOOLLY HOTTIE WHITE HEART","9","2011-03-17 15:20:00","3.35","15311.0","Netherlands","EMEA"
"538301","84029E","RED WOOLLY HOTTIE WHITE HEART","5","2011-03-17 15:20:00","3.43","15311.0","Netherlands","EMEA"
"538302","21730","GLASS STAR FROSTED T-LIGHT HOLDER","3","2011-03-27 10:25:00","4.4","14606.0","Spain","EMEA"
"538302","84029G","KNITTED UNION FLAG HOT WATER BOTTLE","10","2011-03-27 10:25:00","3.83","14606.0","Spain","EMEA"
"538302","71053","WHITE METAL LANTERN","10","2011-03-27 10:25:00","3.87","14606.0","Spain","EMEA"
"538303","84029E","RED WOOLLY HOTTIE WHITE HEART","12","2011-04-04 11:12:00","3.81","15311.0","Germany","EMEA"
"538303","85099B","JUMBO BAG RED RETROSPOT","5","2011-04-04 11:12:00","2.12","15311.0","Germany","EMEA"
"538303","22752","SET 7 BABUSHKA NESTING BOXES","6","2011-04-04 11:12:00","8.09","15311.0","Germany","EMEA"
"538304","85099B","JUMBO BAG RED RETROSPOT","8","2011-03-30 15:30:00","1.6","12583.0","Canada","AMER"
"538304","22752","SET 7 BABUSHKA NESTING BOXES","9","2011-03-30 15:30:00","7.92","12583.0","Canada","AMER"
"538304","85099B","JUMBO BAG RED RETROSPOT","7","2011-03-30 15:30:00","1.62","12583.0","Canada","AMER"
"538305","71053","WHITE METAL LANTERN","4","2011-03-06 11:06:00","3.78","17850.0","United Kingdom","EMEA"
"538305","85099B","JUMBO BAG RED RETROSPOT","11","2011-03-06 11:06:00","1.85","17850.0","United Kingdom","EMEA"
"538306","20685","DOORMAT RED RETROSPOT","9","2011-03-31 15:42:00","7.36","15291.0","Germany","EMEA"
"538306","47566","PARTY BUNTING","3","2011-03-31 15:42:00","5.19","15291.0","Germany","EMEA"
"538307","84406B","CREAM CUPID HEARTS COAT HANGER","6","2011-03-04 15:30:00","2.98","16029.0","United Kingdom","EMEA"
"538308","21730","GLASS STAR FROSTED T-LIGHT HOLDER","3","2011-04-11 08:54:00","4.53","16029.0","United Kingdom","EMEA"
"538309","21730","GLASS STAR FROSTED T-LIGHT HOLDER","1","2011-03-27 14:42:00","4.35","14606.0","Canada","AMER"
"538310","84406B","CREAM CUPID HEARTS COAT HANGER","6","2011-04-06 08:59:00","3.09","15291.0","Belgium","EMEA"
"538311","22633","HAND WARMER UNION JACK","11","2011-04-03 15:12:00","2.09","15291.0","France","EMEA"
"538311","85123A","WHITE HANGING HEART T-LIGHT HOLDER","8","2011-04-03 15:12:00","2.85","15291.0","France","EMEA"
"538311","84029E","RED WOOLLY HOTTIE WHITE HEART","2","2011-04-03 15:12:00","3.64","15291.0","France","EMEA"
"538312","22633","HAND WARMER UNION JACK","3","2011-03-27 09:31:00","1.86","13047.0","Spain","EMEA"
"538313","47566","PARTY BUNTING","1","2011-04-18 11:02:00","5.05","13777.0","Canada","AMER"
"538313","84029G","KNITTED UNION FLAG HOT WATER BOTTLE","4","2011-04-18 11:02:00","3.75","13777.0","Canada","AMER"
"538314","22632","HAND WARMER RED POLKA DOT","7","2011-03-22 09:54:00","1.92","12583.0","Canada","AMER"
"538315","84406B","CREAM CUPID HEARTS COAT HANGER","4","2011-03-24 13:02:00","2.7","15291.0","Spain","EMEA"
"538316","22752","SET 7 BABUSHKA NESTING BOXES","7","2011-04-23 15:07:00","7.76","14606.0","Spain","EMEA"
"538316","84029G","KNITTED UNION FLAG HOT WATER BOTTLE","8","2011-04-23 15:07:00","3.35","14606.0","Spain","EMEA"
"538317","22632","HAND WARMER RED POLKA DOT","4","2011-03-31 12:35:00","2.28","17850.0","United Kingdom","EMEA"
"538317","84406B","CREAM CUPID HEARTS COAT HANGER","7","2011-03-31 12:35:00","2.97","17850.0","United Kingdom","EMEA"
"538317","85123A","WHITE HANGING HEART T-LIGHT HOLDER","2","2011-03-31 12:35:00","2.54","17850.0","United Kingdom","EMEA"
"538318","84406B","CREAM CUPID HEARTS COAT HANGER","1","2011-04-21 10:25:00","2.94","17809.0","Germany","EMEA"
"538319","22633","HAND WARMER UNION JACK","6","2011-04-06 13:45:00","2.16","13777.0","Belgium","EMEA"
"538319","71053","WHITE METAL LANTERN","12","2011-04-06 13:45:00","3.74","13777.0","Belgium","EMEA"
"538319","21730","GLASS STAR FROSTED T-LIGHT HOLDER","10","2011-04-06 13:45:00","4.62","13777.0","Belgium","EMEA"
"538320","47566","PARTY BUNTING","8","2011-03-02 08:27:00","5.0","17809.0","France","EMEA"
"538320","22752","SET 7 BABUSHKA NESTING BOXES","9","2011-03-02 08:27:00","7.82","17809.0","France","EMEA"
"538321","85099B","JUMBO BAG RED RETROSPOT","4","2011-04-07 10:54:00","1.62","14606.0","Canada","AMER"
"538321","22752","SET 7 BABUSHKA NESTING BOXES","2","2011-04-07 10:54:00","7.62","14606.0","Canada","AMER"
"538321","85099B","JUMBO BAG RED RETROSPOT","9","2011-04-07 10:54:00","1.6","14606.0","Canada","AMER"
"538322","22633","HAND WARMER UNION JACK","2","2011-03-06 11:21:00","2.29","15311.0","USA","AMER"
"538322","85123A","WHITE HANGING HEART T-LIGHT HOLDER","10","2011-03-06 11:21:00","2.86","15311.0","USA","AMER"
"538323","21730","GLASS STAR FROSTED T-LIGHT HOLDER","6","2011-04-16 09:30:00","4.45","14096.0","Belgium","EMEA"
"538323","22632","HAND WARMER RED POLKA DOT","2","2011-04-16 09:30:00","2.07","14096.0","Belgium","EMEA"
"538323","22632","HAND WARMER RED POLKA DOT","4","2011-04-16 09:30:00","2.23","14096.0","Belgium","EMEA"
"538324","84406B","CREAM CUPID HEARTS COAT HANGER","6","2011-03-05 15:04:00","2.85","14096.0","United Kingdom","EMEA"
"538324","85123A","WHITE HANGING HEART T-LIGHT HOLDER","8","2011-03-05 15:04:00","2.66","14096.0","United Kingdom","EMEA"
"538325","85099B","JUMBO BAG RED RETROSPOT","8","2011-04-09 09:51:00","2.12","15311.0","Canada","AMER"
"538325","84406B","CREAM CUPID HEARTS COAT HANGER","7","2011-04-09 09:51:00","2.81","15311.0","Canada","AMER"
"538326","84029G","KNITTED UNION FLAG HOT WATER BOTTLE","5","2011-03-18 12:19:00","3.33","15311.0","USA","AMER"
"538327","47566","PARTY BUNTING","2","2011-04-14 13:37:00","4.88","17809.0","USA","AMER"
"538327","22633","HAND WARMER UNION JACK","8","2011-04-14 13:37:00","1.81","17809.0","USA","AMER"
"538327","22752","SET 7 BABUSHKA NESTING BOXES","7","2011-04-14 13:37:00","7.78","17809.0","USA","AMER"
"538328","84029G","KNITTED UNION FLAG HOT WATER BOTTLE","12","2011-04-01 08:53:00","3.59","17809.0","EIRE","EMEA"
"538328","22632","HAND WARMER RED POLKA DOT","7","2011-04-01 08:53:00","2.21","17809.0","EIRE","EMEA"
"538328","84029G","KNITTED UNION FLAG HOT WATER BOTTLE","3","2011-04-01 08:53:00","3.33","17809.0","EIRE","EMEA"
"538329","84029E","RED WOOLLY HOTTIE WHITE HEART","4","2011-04-16 14:21:00","3.56","15291.0","EIRE","EMEA"
"538329","71053","WHITE METAL LANTERN","2","2011-04-16 14:21:00","3.37","15291.0","EIRE","EMEA"
"538330","22633","HAND WARMER UNION JACK","11","2011-03-12 16:38:00","1.83","16029.0","Canada","AMER"
"538330","84029E","RED WOOLLY HOTTIE WHITE HEART","10","2011-03-12 16:38:00","3.84","16029.0","Canada","AMER"
"538331","22632","HAND WARMER RED POLKA DOT","8","2011-04-19 11:19:00","2.03","16029.0","Germany","EMEA"
"538331","85099B","JUMBO BAG RED RETROSPOT","7","2011-04-19 11:19:00","1.58","16029.0","Germany","EMEA"
"538332","21730","GLASS STAR FROSTED T-LIGHT HOLDER","3","2011-04-15 16:59:00","4.31","17850.0","Germany","EMEA"
"538333","22633","HAND WARMER UNION JACK","2","2011-04-28 13:48:00","2.08","13047.0","Germany","EMEA"
"538334","22633","HAND WARMER UNION JACK","2","2011-03-09 10:55:00","2.17","17809.0","Belgium","EMEA"
"538335","21730","GLASS STAR FROSTED T-LIGHT HOLDER","6","2011-03-27 14:53:00","4.67","14606.0","USA","AMER"
"538335","22752","SET 7 BABUSHKA NESTING BOXES","9","2011-03-27 14:53:00","7.7","14606.0","USA","AMER"
"538336","22633","HAND WARMER UNION JACK","5","2011-03-06 08:13:00","2.1","16029.0","France","EMEA"
"538336","22633","HAND WARMER UNION JACK","4","2011-03-06 08:13:00","2.0","16029.0","France","EMEA"
"538337","71053","WHITE METAL LANTERN","12","2011-03-05 10:52:00","3.39","13777.0","Belgium","EMEA"
"538337","47566","PARTY BUNTING","9","2011-03-05 10:52:00","5.29","13777.0","Belgium","EMEA"
"538338","22633","HAND WARMER UNION JACK","12","2011-03-05 13:22:00","2.24","14606.0","Belgium","EMEA"
"538338","84406B","CREAM CUPID HEARTS COAT HANGER","2","2011-03-05 13:22:00","3.06","14606.0","Belgium","EMEA"
"538339","84029G","KNITTED UNION FLAG HOT WATER BOTTLE","10","2011-03-16 14:33:00","3.81","13047.0","Canada","AMER"
"538340","22633","HAND WARMER UNION JACK","12","2011-03-11 15:27:00","1.86","15291.0","France","EMEA"
"538341","22752","SET 7 BABUSHKA NESTING BOXES","1","2011-04-19 09:13:00","8.04","13047.0","Australia","APAC"
"538342","47566","PARTY BUNTING","5","2011-03-27 14:33:00","5.34","15311.0","EIRE","EMEA"
"538342","84029E","RED WOOLLY HOTTIE WHITE HEART","10","2011-03-27 14:33:00","3.37","15311.0","EIRE","EMEA"
"538342","22632","HAND WARMER RED POLKA DOT","4","2011-03-27 14:33:00","2.01","15311.0","EIRE","EMEA"
"538343","84029E","RED WOOLLY HOTTIE WHITE HEART","6","2011-04-01 11:10:00","3.56","14606.0","Spain","EMEA"
"538343","47566","PARTY BUNTING","6","2011-04-01 11:10:00","5.42","14606.0","Spain","EMEA"
"538344","84029E","RED WOOLLY HOTTIE WHITE HEART","8","2011-04-18 14:34:00","3.38","16029.0","Spain","EMEA"
"538344","22633","HAND WARMER UNION JACK","11","2011-04-18 14:34:00","1.99","16029.0","Spain","EMEA"
"538345","22633","HAND WARMER UNION JACK","8","2011-04-27 16:05:00","1.82","12583.0","Germany","EMEA"
"538345","71053","WHITE METAL LANTERN","7","2011-04-27 16:05:00","3.88","12583.0","Germany","EMEA"
"538346","22632","HAND WARMER RED POLKA DOT","4","2011-03-20 10:41:00","2.1","14606.0","Spain","EMEA"
"538346","84029G","KNITTED UNION FLAG HOT WATER BOTTLE","3","2011-03-20 10:41:00","3.45","14606.0","Spain","EMEA"
"538346","85123A","WHITE HANGING HEART T-LIGHT HOLDER","1","2011-03-20 10:41:00","2.64","14606.0","Spain","EMEA"
"538347","71053","WHITE METAL LANTERN","3","2011-04-30 12:30:00","3.32","17809.0","Netherlands","EMEA"
"538347","22633","HAND WARMER UNION JACK","4","2011-04-30 12:30:00","2.34","17809.0","Netherlands","EMEA"
"538347","71053","WHITE METAL LANTERN","7","2011-04-30 12:30:00","3.62","17809.0","Netherlands","EMEA"
"538348","84029E","RED WOOLLY HOTTIE WHITE HEART","3","2011-04-20 16:11:00","3.44","14096.0","United Kingdom","EMEA"
"538348","85099B","JUMBO BAG RED RETROSPOT","10","2011-04-20 16:11:00","1.83","14096.0","United Kingdom","EMEA"
"538348","22633","HAND WARMER UNION JACK","7","2011-04-20 16:11:00","2.17","14096.0","United Kingdom","EMEA"
"538349","47566","PARTY BUNTING","2","2011-04-30 16:14:00","5.18","12583.0","EIRE","EMEA"
"538349","20685","DOORMAT RED RETROSPOT","6","2011-04-30 16:14:00","7.34","12583.0","EIRE","EMEA"
"538350","47566","PARTY BUNTING","11","2011-04-03 12:07:00","5.3","15291.0","Netherlands","EMEA"
"538351","84029E","RED WOOLLY HOTTIE WHITE HEART","11","2011-03-18 14:52:00","3.84","12583.0","USA","AMER"
"538351","71053","WHITE METAL LANTERN","2","2011-03-18 14:52:00","3.81","12583.0","USA","AMER"
"538352","22633","HAND WARMER UNION JACK","1","2011-04-16 12:25:00","2.17","15311.0","United Kingdom","EMEA"
"538352","21730","GLASS STAR FROSTED T-LIGHT HOLDER","2","2011-04-16 12:25:00","4.6","15311.0","United Kingdom","EMEA"
"538352","47566","PARTY BUNTING","4","2011-04-16 12:25:00","5.17","15311.0","United Kingdom","EMEA"
"538353","20685","DOORMAT RED RETROSPOT","7","2011-04-02 09:01:00","7.13","15311.0","Australia","APAC"
"538353","85123A","WHITE HANGING HEART T-LIGHT HOLDER","11","2011-04-02 09:01:00","2.71","15311.0","Australia","APAC"
"538354","84406B","CREAM CUPID HEARTS COAT HANGER","7","2011-03-03 16:08:00","2.69","17809.0","USA","AMER"
"538355","84029E","RED WOOLLY HOTTIE WHITE HEART","10","2011-03-22 12:24:00","3.59","17850.0","Spain","EMEA"
"538356","22752","SET 7 BABUSHKA NESTING BOXES","3","2011-04-18 09:30:00","8.04","17850.0","Canada","AMER"
"538356","85123A","WHITE HANGING HEART T-LIGHT HOLDER","12","2011-04-18 09:30:00","3.04","17850.0","Canada","AMER"
"538357","47566","PARTY BUNTING","11","2011-03-24 08:18:00","4.99","17809.0","Australia","APAC"
"538358","22633","HAND WARMER UNION JACK","8","2011-03-19 09:09:00","1.76","13047.0","USA","AMER"
"538358","20685","DOORMAT RED RETROSPOT","6","2011-03-19 09:09:00","7.12","13047.0","USA","AMER"
"538359","22632","HAND WARMER RED POLKA DOT","4","2011-04-29 10:42:00","2.25","16029.0","Australia","APAC"
"538359","84406B","CREAM CUPID HEARTS COAT HANGER","10","2011-04-29 10:42:00","2.72","16029.0","Australia","APAC"
"538359","84406B","CREAM CUPID HEARTS COAT HANGER","4","2011-04-29 10:42:00","2.95","16029.0","Australia","APAC"
"538360","85099B","JUMBO BAG RED RETROSPOT","1","2011-04-01 12:57:00","1.58","15291.0","Germany","EMEA"
"538361","84406B","CREAM CUPID HEARTS COAT HANGER","9","2011-04-18 10:24:00","3.19","15311.0","Spain","EMEA"
"538361","85099B","JUMBO BAG RED RETROSPOT","5","2011-04-18 10:24:00","1.68","15311.0","Spain","EMEA"
"538362","21730","GLASS STAR FROSTED T-LIGHT HOLDER","8","2011-03-03 11:20:00","4.73","14096.0","Australia","APAC"
"538363","22633","HAND WARMER UNION JACK","3","2011-04-27 10:18:00","2.26","14606.0","Spain","EMEA"
"538363","84406B","CREAM CUPID HEARTS COAT HANGER","7","2011-04-27 10:18:00","2.82","14606.0","Spain","EMEA"
"538363","22633","HAND WARMER UNION JACK","3","2011-04-27 10:18:00","2.05","14606.0","Spain","EMEA"
"538364","85099B","JUMBO BAG RED RETROSPOT","7","2011-03-20 11:10:00","1.58","15311.0","EIRE","EMEA"
"538365","22633","HAND WARMER UNION JACK","6","2011-03-09 10:42:00","1.98","12583.0","EIRE","EMEA"
"538365","22633","HAND WARMER UNION JACK","11","2011-03-09 10:42:00","2.28","12583.0","EIRE","EMEA"
"538365","22752","SET 7 BABUSHKA NESTING BOXES","9","2011-03-09 10:42:00","7.68","12583.0","EIRE","EMEA"
"538366","85123A","WHITE HANGING HEART T-LIGHT HOLDER","10","2011-04-22 15:14:00","2.94","13047.0","Spain","EMEA"
"538366","22632","HAND WARMER RED POLKA DOT","12","2011-04-22 15:14:00","1.8","13047.0","Spain","EMEA"
"538366","22632","HAND WARMER RED POLKA DOT","2","2011-04-22 15:14:00","2.18","13047.0","Spain","EMEA"
"538367","71053","WHITE METAL LANTERN","3","2011-04-16 10:17:00","3.65","14606.0","France","EMEA"
"538367","84029G","KNITTED UNION FLAG HOT WATER BOTTLE","6","2011-04-16 10:17:00","3.78","14606.0","France","EMEA"
"538367","22633","HAND WARMER UNION JACK","6","2011-04-16 10:17:00","1.85","14606.0","France","EMEA"
"538368","47566","PARTY BUNTING","4","2011-03-10 08:48:00","5.2","15311.0","USA","AMER"
"538368","84029E","RED WOOLLY HOTTIE WHITE HEART","10","2011-03-10 08:48:00","3.62","15311.0","USA","AMER"
"538368","85123A","WHITE HANGING HEART T-LIGHT HOLDER","10","2011-03-10 08:48:00","2.56","15311.0","USA","AMER"
"538369","71053","WHITE METAL LANTERN","5","2011-03-29 16:23:00","3.85","13777.0","Belgium","EMEA"
"538370","20685","DOORMAT RED RETROSPOT","5","2011-03-20 12:17:00","7.06","16029.0","Spain","EMEA"
"538370","47566","PARTY BUNTING","11","2011-03-20 12:17:00","5.13","16029.0","Spain","EMEA"
"538371","84406B","CREAM CUPID HEARTS COAT HANGER","4","2011-03-28 16:12:00","2.77","12583.0","Australia","APAC"
"538372","22752","SET 7 BABUSHKA NESTING BOXES","6","2011-03-13 15:43:00","8.14","15311.0","USA","AMER"
"538372","22633","HAND WARMER UNION JACK","11","2011-03-13 15:43:00","2.13","15311.0","USA","AMER"
"538373","47566","PARTY BUNTING","4","2011-03-22 09:14:00","5.44","15291.0","Australia","APAC"
"538374","84406B","CREAM CUPID HEARTS COAT HANGER","7","2011-03-22 11:07:00","2.8","14096.0","Germany","EMEA"
"538375","22633","HAND WARMER UNION JACK","1","2011-03-29 13:53:00","1.96","14096.0","Canada","AMER"
"538375","71053","WHITE METAL LANTERN","8","2011-03-29 13:53:00","3.35","14096.0","Canada","AMER"
"538376","84029G","KNITTED UNION FLAG HOT WATER BOTTLE","4","2011-03-15 11:50:00","3.51","15291.0","Germany","EMEA"
"538376","84406B","CREAM CUPID HEARTS COAT HANGER","11","2011-03-15 11:50:00","3.04","15291.0","Germany","EMEA"
"538376","22752","SET 7 BABUSHKA NESTING BOXES","6","2011-03-15 11:50:00","7.56","15291.0","Germany","EMEA"
"538377","85123A","WHITE HANGING HEART T-LIGHT HOLDER","12","2011-03-20 09:48:00","2.89","15291.0","Netherlands","EMEA"
"538378","84029G","KNITTED UNION FLAG HOT WATER BOTTLE","11","2011-03-05 11:28:00","3.37","13047.0","Spain","EMEA"
"538378","85099B","JUMBO BAG RED RETROSPOT","11","2011-03-05 11:28:00","1.94","13047.0","Spain","EMEA"
"538378","84406B","CREAM CUPID HEARTS COAT HANGER","1","2011-03-05 11:28:00","2.7","13047.0","Spain","EMEA"
"538379","21730","GLASS STAR FROSTED T-LIGHT HOLDER","1","2011-03-12 10:40:00","4.73","15291.0","EIRE","EMEA"
"538379","21730","GLASS STAR FROSTED T-LIGHT HOLDER","9","2011-03-12 10:40:00","4.39","15291.0","EIRE","EMEA"
"538380","22633","HAND WARMER UNION JACK","1","2011-03-15 08:48:00","2.12","14096.0","Belgium","EMEA"
"538380","21730","GLASS STAR FROSTED T-LIGHT HOLDER","5","2011-03-15 08:48:00","4.48","14096.0","Belgium","EMEA"
"538380","22632","HAND WARMER RED POLKA DOT","7","2011-03-15 08:48:00","2.23","14096.0","Belgium","EMEA"
"538381","21730","GLASS STAR FROSTED T-LIGHT HOLDER","9","2011-04-24 15:20:00","4.72","15291.0","Canada","AMER"
"538381","47566","PARTY BUNTING","3","2011-04-24 15:20:00","5.22","15291.0","Canada","AMER"
"538381","22752","SET 7 BABUSHKA NESTING BOXES","10","2011-04-24 15:20:00","8.02","15291.0","Canada","AMER"
"538382","47566","PARTY BUNTING","11","2011-03-09 16:19:00","4.97","17850.0","Germany","EMEA"
"538383","22633","HAND WARMER UNION JACK","6","2011-04-22 11:09:00","1.86","17850.0","Netherlands","EMEA"
"538384","21730","GLASS STAR FROSTED T-LIGHT HOLDER","4","2011-03-19 16:47:00","4.67","16029.0","Belgium","EMEA"
"538384","85099B","JUMBO BAG RED RETROSPOT","3","2011-03-19 16:47:00","1.58","16029.0","Belgium","EMEA"
"538384","71053","WHITE METAL LANTERN","4","2011-03-19 16:47:00","3.73","16029.0","Belgium","EMEA"
"538385","84406B","CREAM CUPID HEARTS COAT HANGER","4","2011-04-19 11:12:00","3.01","17809.0","Belgium","EMEA"
"538386","22632","HAND WARMER RED POLKA DOT","7","2011-04-22 09:42:00","1.98","13047.0","Canada","AMER"
"538386","85099B","JUMBO BAG RED RETROSPOT","2","2011-04-22 09:42:00","2.14","13047.0","Canada","AMER"
"538387","21730","GLASS STAR FROSTED T-LIGHT HOLDER","6","2011-03-19 12:59:00","4.51","14096.0","Germany","EMEA"
"538387","84406B","CREAM CUPID HEARTS COAT HANGER","4","2011-03-19 12:59:00","3.02","14096.0","Germany","EMEA"
"538388","47566","PARTY BUNTING","1","2011-04-05 10:27:00","4.88","13777.0","Canada","AMER"
"538388","85123A","WHITE HANGING HEART T-LIGHT HOLDER","1","2011-04-05 10:27:00","2.62","13777.0","Canada","AMER"
"538389","20685","DOORMAT RED RETROSPOT","1","2011-03-11 14:02:00","7.48","12583.0","EIRE","EMEA"
"538390","47566","PARTY BUNTING","2","2011-04-24 11:58:00","4.97","14606.0","USA","AMER"
"538390","84029E","RED WOOLLY HOTTIE WHITE HEART","10","2011-04-24 11:58:00","3.57","14606.0","USA","AMER"
"538390","71053","WHITE METAL LANTERN","1","2011-04-24 11:58:00","3.87","14606.0","USA","AMER"
"538391","84406B","CREAM CUPID HEARTS COAT HANGER","10","2011-04-03 11:06:00","3.07","15291.0","USA","AMER"
"538392","20685","DOORMAT RED RETROSPOT","7","2011-04-02 10:15:00","7.05","12583.0","Spain","EMEA"
"538392","85123A","WHITE HANGING HEART T-LIGHT HOLDER","2","2011-04-02 10:15:00","2.46","12583.0","Spain","EMEA"
"538393","85099B","JUMBO BAG RED RETROSPOT","4","2011-04-17 16:39:00","1.98","12583.0","Australia","APAC"
"538393","84406B","CREAM CUPID HEARTS COAT HANGER","2","2011-04-17 16:39:00","2.73","12583.0","Australia","APAC"
"538393","20685","DOORMAT RED RETROSPOT","11","2011-04-17 16:39:00","7.04","12583.0","Australia","APAC"
"538394","20685","DOORMAT RED RETROSPOT","10","2011-03-01 14:03:00","7.27","13047.0","Netherlands","EMEA"
"538395","85099B","JUMBO BAG RED RETROSPOT","11","2011-03-31 08:18:00","1.64","16029.0","Spain","EMEA"
"538395","85123A","WHITE HANGING HEART T-LIGHT HOLDER","10","2011-03-31 08:18:00","2.71","16029.0","Spain","EMEA"
"538395","22633","HAND WARMER UNION JACK","11","2011-03-31 08:18:00","1.99","16029.0","Spain","EMEA"
"538396","84029E","RED WOOLLY HOTTIE WHITE HEART","6","2011-03-03 08:38:00","3.41","13047.0","EIRE","EMEA"
"538396","47566","PARTY BUNTING","12","2011-03-03 08:38:00","5.36","13047.0","EIRE","EMEA"
"538397","22752","SET 7 BABUSHKA NESTING BOXES","12","2011-03-09 11:24:00","8.04","12583.0","Spain","EMEA"
"538397","84406B","CREAM CUPID HEARTS COAT HANGER","8","2011-03-09 11:24:00","2.7","12583.0","Spain","EMEA"
"538397","22633","HAND WARMER UNION JACK","12","2011-03-09 11:24:00","1.86","12583.0","Spain","EMEA"
"538398","84406B","CREAM CUPID HEARTS COAT HANGER","4","2011-03-31 14:51:00","2.79","17850.0","Netherlands","EMEA"
"538398","84406B","CREAM CUPID HEARTS COAT HANGER","8","2011-03-31 14:51:00","3.2","17850.0","Netherlands","EMEA"
"538398","22752","SET 7 BABUSHKA NESTING BOXES","1","2011-03-31 14:51:00","7.9","17850.0","Netherlands","EMEA"
"538399","22633","HAND WARMER UNION JACK","11","2011-04-02 11:05:00","2.34","14606.0","Spain","EMEA"
"538399","20685","DOORMAT RED RETROSPOT","10","2011-04-02 11:05:00","7.51","14606.0","Spain","EMEA"
"538400","71053","WHITE METAL LANTERN","7","2011-04-21 09:25:00","3.72","17850.0","Belgium","EMEA"
"538401","22633","HAND WARMER UNION JACK","4","2011-04-17 08:59:00","2.03","15311.0","Belgium","EMEA"
"538401","84406B","CREAM CUPID HEARTS COAT HANGER","11","2011-04-17 08:59:00","2.84","15311.0","Belgium","EMEA"
"538402","84029G","KNITTED UNION FLAG HOT WATER BOTTLE","10","2011-04-03 11:25:00","3.36","14606.0","USA","AMER"
"538402","85123A","WHITE HANGING HEART T-LIGHT HOLDER","2","2011-04-03 11:25:00","2.94","14606.0","USA","AMER"
"538403","84406B","CREAM CUPID HEARTS COAT HANGER","10","2011-04-04 09:00:00","2.84","15291.0","Canada","AMER"
"538403","22633","HAND WARMER UNION JACK","9","2011-04-04 09:00:00","2.06","15291.0","Canada","AMER"
"538403","84406B","CREAM CUPID HEARTS COAT HANGER","11","2011-04-04 09:00:00","2.78","15291.0","Canada","AMER"
"538404","84029E","RED WOOLLY HOTTIE WHITE HEART","3","2011-03-28 10:13:00","3.68","15291.0","Netherlands","EMEA"
"538405","71053","WHITE METAL LANTERN","1","2011-03-10 14:19:00","3.36","12583.0","Spain","EMEA"
"538406","21730","GLASS STAR FROSTED T-LIGHT HOLDER","7","2011-03-13 08:23:00","4.62","12583.0","Spain","EMEA"
"538406","22633","HAND WARMER UNION JACK","8","2011-03-13 08:23:00","2.0","12583.0","Spain","EMEA"
"538406","20685","DOORMAT RED RETROSPOT","7","2011-03-13 08:23:00","7.04","12583.0","Spain","EMEA"
"538407","84029G","KNITTED UNION FLAG HOT WATER BOTTLE","5","2011-03-08 15:16:00","3.39","17809.0","France","EMEA"
"538407","85123A","WHITE HANGING HEART T-LIGHT HOLDER","9","2011-03-08 15:16:00","2.64","17809.0","France","EMEA"
"538407","47566","PARTY BUNTING","9","2011-03-08 15:16:00","5.35","17809.0","France","EMEA"
"538408","71053","WHITE METAL LANTERN","7","2011-03-02 11:45:00","3.65","16029.0","EIRE","EMEA"
"538408","84029E","RED WOOLLY HOTTIE WHITE HEART","7","2011-03-02 11:45:00","3.55","16029.0","EIRE","EMEA"
"538408","22632","HAND WARMER RED POLKA DOT","1","2011-03-02 11:45:00","2.21","16029.0","EIRE","EMEA"
"538409","22632","HAND WARMER RED POLKA DOT","6","2011-03-31 12:47:00","1.82","15291.0","Belgium","EMEA"
"538410","20685","DOORMAT RED RETROSPOT","12","2011-04-22 14:42:00","7.24","13777.0","Germany","EMEA"
"538410","84406B","CREAM CUPID HEARTS COAT HANGER","5","2011-04-22 14:42:00","2.94","13777.0","Germany","EMEA"
"538410","85099B","JUMBO BAG RED RETROSPOT","7","2011-04-22 14:42:00","2.1","13777.0","Germany","EMEA"
"538411","84029E","RED WOOLLY HOTTIE WHITE HEART","7","2011-03-30 14:27:00","3.63","16029.0","Netherlands","EMEA"
"538411","21730","GLASS STAR FROSTED T-LIGHT HOLDER","6","2011-03-30 14:27:00","4.51","16029.0","Netherlands","EMEA"
"538411","85099B","JUMBO BAG RED RETROSPOT","1","2011-03-30 14:27:00","1.66","16029.0","Netherlands","EMEA"
"538412","47566","PARTY BUNTING","5","2011-04-14 12:26:00","5.45","13777.0","Australia","APAC"
"538413","22752","SET 7 BABUSHKA NESTING BOXES","8","2011-04-15 12:51:00","7.78","17809.0","France","EMEA"
"538413","84029E","RED WOOLLY HOTTIE WHITE HEART","5","2011-04-15 12:51:00","3.78","17809.0","France","EMEA"
"538413","85099B","JUMBO BAG RED RETROSPOT","9","2011-04-15 12:51:00","2.15","17809.0","France","EMEA"
"538414","21730","GLASS STAR FROSTED T-LIGHT HOLDER","9","2011-03-13 15:42:00","4.3","13047.0","United Kingdom","EMEA"
"538415","85099B","JUMBO BAG RED RETROSPOT","5","2011-03-16 15:08:00","1.65","13047.0","USA","AMER"
"538416","22752","SET 7 BABUSHKA NESTING BOXES","3","2011-04-17 13:14:00","7.59","14096.0","Spain","EMEA"
"538417","21730","GLASS STAR FROSTED T-LIGHT HOLDER","8","2011-04-21 15:08:00","4.42","17809.0","United Kingdom","EMEA"
"538417","22632","HAND WARMER RED POLKA DOT","4","2011-04-21 15:08:00","2.28","17809.0","United Kingdom","EMEA"
"538418","84029G","KNITTED UNION FLAG HOT WATER BOTTLE","4","2011-03-13 08:17:00","3.32","17850.0","France","EMEA"
"538419","85123A","WHITE HANGING HEART T-LIGHT HOLDER","11","2011-04-23 08:46:00","2.51","16029.0","Australia","APAC"
"538419","71053","WHITE METAL LANTERN","6","2011-04-23 08:46:00","3.82","16029.0","Australia","APAC"
"538420","47566","PARTY BUNTING","10","2011-04-04 12:03:00","5.05","15291.0","EIRE","EMEA"
"538421","71053","WHITE METAL LANTERN","9","2011-04-23 10:31:00","3.36","14096.0","United Kingdom","EMEA"
"538421","21730","GLASS STAR FROSTED T-LIGHT HOLDER","4","2011-04-23 10:31:00","4.19","14096.0","United Kingdom","EMEA"
"538422","21730","GLASS STAR FROSTED T-LIGHT HOLDER","7","2011-03-18 16:03:00","4.42","14606.0","Netherlands","EMEA"
"538422","20685","DOORMAT RED RETROSPOT","7","2011-03-18 16:03:00","7.14","14606.0","Netherlands","EMEA"
"538422","21730","GLASS STAR FROSTED T-LIGHT HOLDER","3","2011-03-18 16:03:00","4.53","14606.0","Netherlands","EMEA"
"538423","22752","SET 7 BABUSHKA NESTING BOXES","2","2011-03-21 09:25:00","7.63","14096.0","United Kingdom","EMEA"
"538423","21730","GLASS STAR FROSTED T-LIGHT HOLDER","6","2011-03-21 09:25:00","4.67","14096.0","United Kingdom","EMEA"
"538423","84029E","RED WOOLLY HOTTIE WHITE HEART","8","2011-03-21 09:25:00","3.79","14096.0","United Kingdom","EMEA"
"538424","84029E","RED WOOLLY HOTTIE WHITE HEART","2","2011-03-11 09:50:00","3.51","14606.0","United Kingdom","EMEA"
"538424","84029G","KNITTED UNION FLAG HOT WATER BOTTLE","9","2011-03-11 09:50:00","3.56","14606.0","United Kingdom","EMEA"
"538425","47566","PARTY BUNTING","9","2011-04-19 08:00:00","5.05","17850.0","Australia","APAC"
"538425","22752","SET 7 BABUSHKA NESTING BOXES","1","2011-04-19 08:00:00","7.79","17850.0","Australia","APAC"
"538425","47566","PARTY BUNTING","4","2011-04-19 08:00:00","5.33","17850.0","Australia","APAC"
"538426","85099B","JUMBO BAG RED RETROSPOT","2","2011-03-16 11:32:00","1.66","14096.0","Australia","APAC"
"538426","22752","SET 7 BABUSHKA NESTING BOXES","5","2011-03-16 11:32:00","8.12","14096.0","Australia","APAC"
"538426","84029G","KNITTED UNION FLAG HOT WATER BOTTLE","11","2011-03-16 11:32:00","3.42","14096.0","Australia","APAC"
"538427","21730","GLASS STAR FROSTED T-LIGHT HOLDER","1","2011-03-01 11:31:00","4.23","12583.0","Belgium","EMEA"
"538428","84029G","KNITTED UNION FLAG HOT WATER BOTTLE","7","2011-03-29 11:30:00","3.54","17850.0","Australia","APAC"
"538429","47566","PARTY BUNTING","11","2011-03-06 14:53:00","5.12","15311.0","United Kingdom","EMEA"
"538429","85123A","WHITE HANGING HEART T-LIGHT HOLDER","8","2011-03-06 14:53:00","2.88","15311.0","United Kingdom","EMEA"
"538429","85123A","WHITE HANGING HEART T-LIGHT HOLDER","5","2011-03-06 14:53:00","2.99","15311.0","United Kingdom","EMEA"
"538430","47566","PARTY BUNTING","4","2011-03-03 13:21:00","5.29","17850.0","Belgium","EMEA"
"538430","47566","PARTY BUNTING","10","2011-03-03 13:21:00","5.02","17850.0","Belgium","EMEA"
"538430","84029G","KNITTED UNION FLAG HOT WATER BOTTLE","5","2011-03-03 13:21:00","3.45","17850.0","Belgium","EMEA"
"538431","22752","SET 7 BABUSHKA NESTING BOXES","10","2011-04-11 14:05:00","7.58","13047.0","Canada","AMER"
"538431","22632","HAND WARMER RED POLKA DOT","8","2011-04-11 14:05:00","2.12","13047.0","Canada","AMER"
"538431","22632","HAND WARMER RED POLKA DOT","3","2011-04-11 14:05:00","2.0","13047.0","Canada","AMER"
"538432","84029E","RED WOOLLY HOTTIE WHITE HEART","2","2011-03-22 13:28:00","3.66","17809.0","France","EMEA"
"538433","21730","GLASS STAR FROSTED T-LIGHT HOLDER","1","2011-04-03 08:27:00","4.29","17850.0","Netherlands","EMEA"
"538433","84029G","KNITTED UNION FLAG HOT WATER BOTTLE","5","2011-04-03 08:27:00","3.3","17850.0","Netherlands","EMEA"
"538434","21730","GLASS STAR FROSTED T-LIGHT HOLDER","10","2011-04-26 09:58:00","4.28","14096.0","Germany","EMEA"
"538434","84029G","KNITTED UNION FLAG HOT WATER BOTTLE","4","2011-04-26 09:58:00","3.44","14096.0","Germany","EMEA"
"538434","84029G","KNITTED UNION FLAG HOT WATER BOTTLE","5","2011-04-26 09:58:00","3.48","14096.0","Germany","EMEA"
"538435","84406B","CREAM CUPID HEARTS COAT HANGER","12","2011-03-18 11:12:00","3.11","17850.0","USA","AMER"
"538436","22632","HAND WARMER RED POLKA DOT","2","2011-04-22 13:50:00","1.99","14606.0","Spain","EMEA"
"538436","47566","PARTY BUNTING","5","2011-04-22 13:50:00","5.1","14606.0","Spain","EMEA"
"538437","22632","HAND WARMER RED POLKA DOT","2","2011-04-10 16:26:00","1.95","12583.0","Netherlands","EMEA"
"538438","85099B","JUMBO BAG RED RETROSPOT","1","2011-03-27 15:19:00","1.93","17809.0","Germany","EMEA"
"538438","20685","DOORMAT RED RETROSPOT","10","2011-03-27 15:19:00","7.13","17809.0","Germany","EMEA"
"538438","71053","WHITE METAL LANTERN","8","2011-03-27 15:19:00","3.68","17809.0","Germany","EMEA"
"538439","84406B","CREAM CUPID HEARTS COAT HANGER","6","2011-03-02 16:06:00","2.91","14096.0","United Kingdom","EMEA"
"538439","85123A","WHITE HANGING HEART T-LIGHT HOLDER","7","2011-03-02 16:06:00","2.47","14096.0","United Kingdom","EMEA"
"538439","20685","DOORMAT RED RETROSPOT","10","2011-03-02 16:06:00","7.3","14096.0","United Kingdom","EMEA"
"538440","20685","DOORMAT RED RETROSPOT","8","2011-04-28 16:37:00","7.02","14606.0","France","EMEA"
"538441","21730","GLASS STAR FROSTED T-LIGHT HOLDER","6","2011-04-01 13:38:00","4.17","14096.0","United Kingdom","EMEA"
"538441","85123A","WHITE HANGING HEART T-LIGHT HOLDER","11","2011-04-01 13:38:00","2.85","14096.0","United Kingdom","EMEA"
"538442","22633","HAND WARMER UNION JACK","12","2011-04-17 15:39:00","2.0","16029.0","Germany","EMEA"
"538443","22632","HAND WARMER RED POLKA DOT","7","2011-04-11 12:44:00","2.15","17850.0","Australia","APAC"
"538443","71053","WHITE METAL LANTERN","7","2011-04-11 12:44:00","3.49","17850.0","Australia","APAC"
"538443","71053","WHITE METAL LANTERN","3","2011-04-11 12:44:00","3.48","17850.0","Australia","APAC"
"538444","84406B","CREAM CUPID HEARTS COAT HANGER","6","2011-03-27 13:04:00","2.69","17809.0","France","EMEA"
"538444","84406B","CREAM CUPID HEARTS COAT HANGER","9","2011-03-27 13:04:00","3.08","17809.0","France","EMEA"
"538445","84029E","RED WOOLLY HOTTIE WHITE HEART","3","2011-04-28 09:50:00","3.84","14096.0","France","EMEA"
"538446","22633","HAND WARMER UNION JACK","9","2011-03-19 14:37:00","1.96","13777.0","Spain","EMEA"
"538446","71053","WHITE METAL LANTERN","4","2011-03-19 14:37:00","3.54","13777.0","Spain","EMEA"
"538446","22632","HAND WARMER RED POLKA DOT","2","2011-03-19 14:37:00","2.11","13777.0","Spain","EMEA"
"538447","22752","SET 7 BABUSHKA NESTING BOXES","11","2011-03-18 14:14:00","7.88","14606.0","United Kingdom","EMEA"
"538447","85123A","WHITE HANGING HEART T-LIGHT HOLDER","1","2011-03-18 14:14:00","2.9","14606.0","United Kingdom","EMEA"
"538447","85099B","JUMBO BAG RED RETROSPOT","3","2011-03-18 14:14:00","2.11","14606.0","United Kingdom","EMEA"
"538448","84029E","RED WOOLLY HOTTIE WHITE HEART","2","2011-03-06 15:06:00","3.35","16029.0","France","EMEA"
"538448","71053","WHITE METAL LANTERN","3","2011-03-06 15:06:00","3.66","16029.0","France","EMEA"
"538449","71053","WHITE METAL LANTERN","10","2011-04-29 16:18:00","3.89","15291.0","USA","AMER"
"538449","21730","GLASS STAR FROSTED T-LIGHT HOLDER","11","2011-04-29 16:18:00","4.53","15291.0","USA","AMER"
"538450","84029E","RED WOOLLY HOTTIE WHITE HEART","10","2011-03-06 11:44:00","3.44","15311.0","Belgium","EMEA"
"538451","47566","PARTY BUNTING","6","2011-03-05 16:10:00","5.42","15291.0","Australia","APAC"
"538452","22752","SET 7 BABUSHKA NESTING BOXES","3","2011-04-12 11:34:00","7.63","16029.0","Germany","EMEA"
"538453","84406B","CREAM CUPID HEARTS COAT HANGER","4","2011-04-30 09:19:00","2.7","13047.0","EIRE","EMEA"
"538453","22752","SET 7 BABUSHKA NESTING BOXES","5","2011-04-30 09:19:00","7.84","13047.0","EIRE","EMEA"
"538453","47566","PARTY BUNTING","12","2011-04-30 09:19:00","5.12","13047.0","EIRE","EMEA"
"538454","22632","HAND WARMER RED POLKA DOT","11","2011-04-25 16:42:00","2.35","14606.0","United Kingdom","EMEA"
"538454","71053","WHITE METAL LANTERN","12","2011-04-25 16:42:00","3.85","14606.0","United Kingdom","EMEA"
"538454","85123A","WHITE HANGING HEART T-LIGHT HOLDER","7","2011-04-25 16:42:00","2.85","14606.0","United Kingdom","EMEA"
"538455","20685","DOORMAT RED RETROSPOT","3","2011-03-22 12:15:00","7.52","16029.0","EIRE","EMEA"
"538455","84029E","RED WOOLLY HOTTIE WHITE HEART","6","2011-03-22 12:15:00","3.8","16029.0","EIRE","EMEA"
"538456","22633","HAND WARMER UNION JACK","12","2011-04-12 11:34:00","2.06","16029.0","France","EMEA"
"538457","84029E","RED WOOLLY HOTTIE WHITE HEART","10","2011-03-05 08:28:00","3.83","15311.0","Spain","EMEA"
"538457","84029E","RED WOOLLY HOTTIE WHITE HEART","9","2011-03-05 08:28:00","3.56","15311.0","Spain","EMEA"
"538457","84029E","RED WOOLLY HOTTIE WHITE HEART","3","2011-03-05 08:28:00","3.56","15311.0","Spain","EMEA"
"538458","71053","WHITE METAL LANTERN","9","2011-03-11 08:53:00","3.63","16029.0","United Kingdom","EMEA"
"538459","84406B","CREAM CUPID HEARTS COAT HANGER","10","2011-04-10 16:12:00","2.74","14096.0","United Kingdom","EMEA"
"538459","84029E","RED WOOLLY HOTTIE WHITE HEART","1","2011-04-10 16:12:00","3.34","14096.0","United Kingdom","EMEA"
"538460","21730","GLASS STAR FROSTED T-LIGHT HOLDER","9","2011-04-29 08:05:00","4.63","15291.0","France","EMEA"
"538460","22633","HAND WARMER UNION JACK","4","2011-04-29 08:05:00","2.33","15291.0","France","EMEA"
"538461","85099B","JUMBO BAG RED RETROSPOT","11","2011-03-30 13:40:00","1.98","16029.0","Germany","EMEA"
"538461","22633","HAND WARMER UNION JACK","8","2011-03-30 13:40:00","1.84","16029.0","Germany","EMEA"
"538461","22632","HAND WARMER RED POLKA DOT","9","2011-03-30 13:40:00","2.12","16029.0","Germany","EMEA"
"538462","85123A","WHITE HANGING HEART T-LIGHT HOLDER","11","2011-04-28 13:41:00","2.65","14096.0","Belgium","EMEA"
"538463","84406B","CREAM CUPID HEARTS COAT HANGER","7","2011-03-18 08:03:00","3.06","15311.0","Netherlands","EMEA"
"538463","22633","HAND WARMER UNION JACK","2","2011-03-18 08:03:00","2.0","15311.0","Netherlands","EMEA"
"538464","85099B","JUMBO BAG RED RETROSPOT","10","2011-03-29 13:14:00","2.06","13777.0","France","EMEA"
"538464","22752","SET 7 BABUSHKA NESTING BOXES","5","2011-03-29 13:14:00","8.08","13777.0","France","EMEA"
"538465","21730","GLASS STAR FROSTED T-LIGHT HOLDER","10","2011-03-07 09:34:00","4.46","14096.0","Germany","EMEA"
"538465","84029E","RED WOOLLY HOTTIE WHITE HEART","12","2011-03-07 09:34:00","3.83","14096.0","Germany","EMEA"
"538465","85099B","JUMBO BAG RED RETROSPOT","2","2011-03-07 09:34:00","1.85","14096.0","Germany","EMEA"
"538466","85123A","WHITE HANGING HEART T-LIGHT HOLDER","5","2011-04-29 11:03:00","2.86","16029.0","France","EMEA"
"538466","84029E","RED WOOLLY HOTTIE WHITE HEART","10","2011-04-29 11:03:00","3.38","16029.0","France","EMEA"
"538466","47566","PARTY BUNTING","5","2011-04-29 11:03:00","5.1","16029.0","France","EMEA"
"538467","21730","GLASS STAR FROSTED T-LIGHT HOLDER","2","2011-03-26 09:26:00","4.22","13777.0","Canada","AMER"
"538467","22752","SET 7 BABUSHKA NESTING BOXES","8","2011-03-26 09:26:00","7.57","13777.0","Canada","AMER"
"538467","85123A","WHITE HANGING HEART T-LIGHT HOLDER","2","2011-03-26 09:26:00","2.95","13777.0","Canada","AMER"
"538468","22633","HAND WARMER UNION JACK","9","2011-04-29 15:14:00","2.3","17850.0","France","EMEA"
"538468","21730","GLASS STAR FROSTED T-LIGHT HOLDER","7","2011-04-29 15:14:00","4.34","17850.0","France","EMEA"
"538468","85099B","JUMBO BAG RED RETROSPOT","8","2011-04-29 15:14:00","2.08","17850.0","France","EMEA"
"538469","85123A","WHITE HANGING HEART T-LIGHT HOLDER","4","2011-03-31 10:36:00","2.61","17809.0","Netherlands","EMEA"
"538469","85099B","JUMBO BAG RED RETROSPOT","4","2011-03-31 10:36:00","1.88","17809.0","Netherlands","EMEA"
"538469","22752","SET 7 BABUSHKA NESTING BOXES","2","2011-03-31 10:36:00","7.83","17809.0","Netherlands","EMEA"
"538470","22752","SET 7 BABUSHKA NESTING BOXES","10","2011-03-10 15:10:00","8.03","13777.0","EIRE","EMEA"
"538470","85123A","WHITE HANGING HEART T-LIGHT HOLDER","7","2011-03-10 15:10:00","3.02","13777.0","EIRE","EMEA"
"538471","71053","WHITE METAL LANTERN","12","2011-03-08 10:49:00","3.51","15311.0","Canada","AMER"
"538471","85099B","JUMBO BAG RED RETROSPOT","1","2011-03-08 10:49:00","1.57","15311.0","Canada","AMER"
"538472","20685","DOORMAT RED RETROSPOT","5","2011-03-12 16:11:00","7.29","13047.0","Canada","AMER"
"538472","21730","GLASS STAR FROSTED T-LIGHT HOLDER","2","2011-03-12 16:11:00","4.28","13047.0","Canada","AMER"
"538472","71053","WHITE METAL LANTERN","2","2011-03-12 16:11:00","3.29","13047.0","Canada","AMER"
"538473","20685","DOORMAT RED RETROSPOT","2","2011-03-30 15:55:00","7.01","17850.0","USA","AMER"
"538473","47566","PARTY BUNTING","2","2011-03-30 15:55:00","4.95","17850.0","USA","AMER"
"538474","22633","HAND WARMER UNION JACK","10","2011-04-23 11:32:00","1.97","17809.0","Spain","EMEA"
"538474","21730","GLASS STAR FROSTED T-LIGHT HOLDER","4","2011-04-23 11:32:00","4.46","17809.0","Spain","EMEA"
"538474","84029E","RED WOOLLY HOTTIE WHITE HEART","6","2011-04-23 11:32:00","3.44","17809.0","Spain","EMEA"
"538475","21730","GLASS STAR FROSTED T-LIGHT HOLDER","7","2011-04-04 09:39:00","4.25","14096.0","Spain","EMEA"
"538475","84029G","KNITTED UNION FLAG HOT WATER BOTTLE","12","2011-04-04 09:39:00","3.7","14096.0","Spain","EMEA"
"538475","85123A","WHITE HANGING HEART T-LIGHT HOLDER","4","2011-04-04 09:39:00","2.97","14096.0","Spain","EMEA"
"538476","85123A","WHITE HANGING HEART T-LIGHT HOLDER","9","2011-03-30 13:30:00","2.49","15311.0","Belgium","EMEA"
"538477","22632","HAND WARMER RED POLKA DOT","4","2011-04-30 15:31:00","1.88","17850.0","USA","AMER"
"538478","20685","DOORMAT RED RETROSPOT","12","2011-03-27 09:18:00","7.16","12583.0","USA","AMER"
"538478","84029E","RED WOOLLY HOTTIE WHITE HEART","6","2011-03-27 09:18:00","3.87","12583.0","USA","AMER"
"538479","85123A","WHITE HANGING HEART T-LIGHT HOLDER","3","2011-03-05 08:56:00","3.04","15311.0","Netherlands","EMEA"
"538479","21730","GLASS STAR FROSTED T-LIGHT HOLDER","9","2011-03-05 08:56:00","4.52","15311.0","Netherlands","EMEA"
"538480","71053","WHITE METAL LANTERN","5","2011-03-31 13:28:00","3.6","12583.0","Spain","EMEA"
"538480","71053","WHITE METAL LANTERN","3","2011-03-31 13:28:00","3.89","12583.0","Spain","EMEA"
"538481","84029G","KNITTED UNION FLAG HOT WATER BOTTLE","10","2011-03-07 14:22:00","3.78","16029.0","France","EMEA"
"538481","47566","PARTY BUNTING","5","2011-03-07 14:22:00","5.02","16029.0","France","EMEA"
"538482","85099B","JUMBO BAG RED RETROSPOT","7","2011-04-12 13:35:00","2.04","13047.0","United Kingdom","EMEA"
"538482","21730","GLASS STAR FROSTED T-LIGHT HOLDER","9","2011-04-12 13:35:00","4.67","13047.0","United Kingdom","EMEA"
"538483","84029E","RED WOOLLY HOTTIE WHITE HEART","6","2011-03-29 10:23:00","3.8","12583.0","Canada","AMER"
"538483","84406B","CREAM CUPID HEARTS COAT HANGER","9","2011-03-29 10:23:00","2.76","12583.0","Canada","AMER"
"538484","85123A","WHITE HANGING HEART T-LIGHT HOLDER","9","2011-03-02 10:12:00","2.89","14606.0","France","EMEA"
"538484","20685","DOORMAT RED RETROSPOT","2","2011-03-02 10:12:00","7.06","14606.0","France","EMEA"
"538484","20685","DOORMAT RED RETROSPOT","10","2011-03-02 10:12:00","7.15","14606.0","France","EMEA"
"538485","71053","WHITE METAL LANTERN","1","2011-04-17 13:02:00","3.38","13047.0","Australia","APAC"
"538485","85099B","JUMBO BAG RED RETROSPOT","4","2011-04-17 13:02:00","1.89","13047.0","Australia","APAC"
"538485","71053","WHITE METAL LANTERN","5","2011-04-17 13:02:00","3.69","13047.0","Australia","APAC"
"538486","71053","WHITE METAL LANTERN","8","2011-03-04 12:02:00","3.79","17850.0","Canada","AMER"
"538486","20685","DOORMAT RED RETROSPOT","5","2011-03-04 12:02:00","7.35","17850.0","Canada","AMER"
"538486","71053","WHITE METAL LANTERN","10","2011-03-04 12:02:00","3.39","17850.0","Canada","AMER"
"538487","71053","WHITE METAL LANTERN","2","2011-03-19 13:52:00","3.29","12583.0","EIRE","EMEA"
"538487","20685","DOORMAT RED RETROSPOT","7","2011-03-19 13:52:00","7.51","12583.0","EIRE","EMEA"
"538487","20685","DOORMAT RED RETROSPOT","8","2011-03-19 13:52:00","7.0","12583.0","EIRE","EMEA"
"538488","21730","GLASS STAR FROSTED T-LIGHT HOLDER","10","2011-03-05 09:48:00","4.67","16029.0","Spain","EMEA"
"538489","22633","HAND WARMER UNION JACK","8","2011-04-11 16:49:00","2.0","13777.0","Spain","EMEA"
"538490","47566","PARTY BUNTING","4","2011-04-17 14:28:00","5.4","14606.0","Australia","APAC"
"538490","20685","DOORMAT RED RETROSPOT","8","2011-04-17 14:28:00","7.07","14606.0","Australia","APAC"
"538490","20685","DOORMAT RED RETROSPOT","8","2011-04-17 14:28:00","7.49","14606.0","Australia","APAC"
"538491","47566","PARTY BUNTING","1","2011-04-14 10:30:00","5.28","16029.0","Germany","EMEA"
"538492","21730","GLASS STAR FROSTED T-LIGHT HOLDER","5","2011-04-11 12:54:00","4.26","15291.0","Belgium","EMEA"
"538493","21730","GLASS STAR FROSTED T-LIGHT HOLDER","4","2011-03-24 15:59:00","4.56","14606.0","EIRE","EMEA"
"538493","22752","SET 7 BABUSHKA NESTING BOXES","9","2011-03-24 15:59:00","8.06","14606.0","EIRE","EMEA"
"538494","84029G","KNITTED UNION FLAG HOT WATER BOTTLE","6","2011-03-06 09:55:00","3.46","13047.0","EIRE","EMEA"
"538494","47566","PARTY BUNTING","3","2011-03-06 09:55:00","5.04","13047.0","EIRE","EMEA"
"538495","84029E","RED WOOLLY HOTTIE WHITE HEART","5","2011-03-21 14:50:00","3.89","14606.0","Australia","APAC"
"538495","71053","WHITE METAL LANTERN","4","2011-03-21 14:50:00","3.39","14606.0","Australia","APAC"
"538496","84029G","KNITTED UNION FLAG HOT WATER BOTTLE","7","2011-04-29 14:04:00","3.59","17809.0","Germany","EMEA"
"538496","84029G","KNITTED UNION FLAG HOT WATER BOTTLE","4","2011-04-29 14:04:00","3.88","17809.0","Germany","EMEA"
"538496","20685","DOORMAT RED RETROSPOT","3","2011-04-29 14:04:00","7.35","17809.0","Germany","EMEA"
"538497","21730","GLASS STAR FROSTED T-LIGHT HOLDER","11","2011-03-01 16:18:00","4.7","14096.0","Spain","EMEA"
"538498","22632","HAND WARMER RED POLKA DOT","1","2011-03-31 10:18:00","2.2","17850.0","Spain","EMEA"
"538498","71053","WHITE METAL LANTERN","9","2011-03-31 10:18:00","3.58","17850.0","Spain","EMEA"
"538499","47566","PARTY BUNTING","1","2011-03-07 15:59:00","5.17","13777.0","Canada","AMER"
"538499","84029E","RED WOOLLY HOTTIE WHITE HEART","9","2011-03-07 15:59:00","3.34","13777.0","Canada","AMER"
"538499","20685","DOORMAT RED RETROSPOT","3","2011-03-07 15:59:00","7.27","13777.0","Canada","AMER"
"538500","22752","SET 7 BABUSHKA NESTING BOXES","12","2011-03-23 10:31:00","7.56","13047.0","Germany","EMEA"
"538500","85099B","JUMBO BAG RED RETROSPOT","12","2011-03-23 10:31:00","2.12","13047.0","Germany","EMEA"
"538500","21730","GLASS STAR FROSTED T-LIGHT HOLDER","2","2011-03-23 10:31:00","4.66","13047.0","Germany","EMEA"
"538501","21730","GLASS STAR FROSTED T-LIGHT HOLDER","4","2011-03-20 08:51:00","4.61","17850.0","France","EMEA"
"538502","85099B","JUMBO BAG RED RETROSPOT","12","2011-03-12 16:06:00","1.99","14096.0","EIRE","EMEA"
"538503","71053","WHITE METAL LANTERN","2","2011-04-09 09:51:00","3.42","16029.0","Australia","APAC"
"538503","22633","HAND WARMER UNION JACK","4","2011-04-09 09:51:00","2.34","16029.0","Australia","APAC"
"538503","21730","GLASS STAR FROSTED T-LIGHT HOLDER","2","2011-04-09 09:51:00","4.63","16029.0","Australia","APAC"
"538504","22633","HAND WARMER UNION JACK","10","2011-04-27 09:37:00","2.32","13777.0","Belgium","EMEA"
"538504","21730","GLASS STAR FROSTED T-LIGHT HOLDER","10","2011-04-27 09:37:00","4.41","13777.0","Belgium","EMEA"
"538504","71053","WHITE METAL LANTERN","7","2011-04-27 09:37:00","3.39","13777.0","Belgium","EMEA"
"538505","21730","GLASS STAR FROSTED T-LIGHT HOLDER","9","2011-04-18 12:04:00","4.25","13047.0","Australia","APAC"
"538505","85099B","JUMBO BAG RED RETROSPOT","12","2011-04-18 12:04:00","1.77","13047.0","Australia","APAC"
"538506","84406B","CREAM CUPID HEARTS COAT HANGER","2","2011-03-29 11:59:00","3.25","17850.0","United Kingdom","EMEA"
"538506","84406B","CREAM CUPID HEARTS COAT HANGER","8","2011-03-29 11:59:00","2.69","17850.0","United Kingdom","EMEA"
"538507","47566","PARTY BUNTING","8","2011-04-21 13:07:00","5.38","13047.0","France","EMEA"
"538507","85123A","WHITE HANGING HEART T-LIGHT HOLDER","10","2011-04-21 13:07:00","2.96","13047.0","France","EMEA"
"538507","84406B","CREAM CUPID HEARTS COAT HANGER","8","2011-04-21 13:07:00","2.78","13047.0","France","EMEA"
"538508","47566","PARTY BUNTING","3","2011-04-23 12:36:00","5.18","15311.0","Australia","APAC"
"538508","84029E","RED WOOLLY HOTTIE WHITE HEART","3","2011-04-23 12:36:00","3.55","15311.0","Australia","APAC"
"538509","84029E","RED WOOLLY HOTTIE WHITE HEART","1","2011-04-22 15:32:00","3.48","13047.0","Belgium","EMEA"
"538509","22632","HAND WARMER RED POLKA DOT","6","2011-04-22 15:32:00","2.3","13047.0","Belgium","EMEA"
"538509","85099B","JUMBO BAG RED RETROSPOT","2","2011-04-22 15:32:00","1.63","13047.0","Belgium","EMEA"
"538510","22633","HAND WARMER UNION JACK","4","2011-04-17 14:32:00","2.03","12583.0","Germany","EMEA"
"538510","71053","WHITE METAL LANTERN","5","2011-04-17 14:32:00","3.45","12583.0","Germany","EMEA"
"538511","20685","DOORMAT RED RETROSPOT","12","2011-03-31 09:58:00","7.2","13777.0","USA","AMER"
"538511","85099B","JUMBO BAG RED RETROSPOT","10","2011-03-31 09:58:00","2.0","13777.0","USA","AMER"
"538511","84406B","CREAM CUPID HEARTS COAT HANGER","8","2011-03-31 09:58:00","2.98","13777.0","USA","AMER"
"538512","84029G","KNITTED UNION FLAG HOT WATER BOTTLE","12","2011-04-08 16:14:00","3.88","17809.0","France","EMEA"
"538513","20685","DOORMAT RED RETROSPOT","11","2011-04-07 15:56:00","7.33","13047.0","Canada","AMER"
"538513","21730","GLASS STAR FROSTED T-LIGHT HOLDER","9","2011-04-07 15:56:00","4.4","13047.0","Canada","AMER"
"538513","84029E","RED WOOLLY HOTTIE WHITE HEART","3","2011-04-07 15:56:00","3.36","13047.0","Canada","AMER"
"538514","85123A","WHITE HANGING HEART T-LIGHT HOLDER","10","2011-04-15 14:04:00","2.89","12583.0","Germany","EMEA"
"538515","22633","HAND WARMER UNION JACK","6","2011-04-15 10:30:00","1.98","15291.0","France","EMEA"
"538515","22752","SET 7 BABUSHKA NESTING BOXES","4","2011-04-15 10:30:00","7.91","15291.0","France","EMEA"
"538515","22632","HAND WARMER RED POLKA DOT","12","2011-04-15 10:30:00","1.88","15291.0","France","EMEA"
"538516","84029E","RED WOOLLY HOTTIE WHITE HEART","3","2011-03-15 10:26:00","3.55","13777.0","Belgium","EMEA"
"538516","21730","GLASS STAR FROSTED T-LIGHT HOLDER","8","2011-03-15 10:26:00","4.42","13777.0","Belgium","EMEA"
"538517","84029G","KNITTED UNION FLAG HOT WATER BOTTLE","6","2011-04-29 10:52:00","3.69","14606.0","Germany","EMEA"
"538518","22633","HAND WARMER UNION JACK","2","2011-03-16 12:02:00","2.17","14606.0","Canada","AMER"
"538518","20685","DOORMAT RED RETROSPOT","7","2011-03-16 12:02:00","7.07","14606.0","Canada","AMER"
"538519","22632","HAND WARMER RED POLKA DOT","12","2011-03-28 12:30:00","2.27","14096.0","Australia","APAC"
"538519","84029E","RED WOOLLY HOTTIE WHITE HEART","9","2011-03-28 12:30:00","3.55","14096.0","Australia","APAC"
"538519","85099B","JUMBO BAG RED RETROSPOT","6","2011-03-28 12:30:00","1.78","14096.0","Australia","APAC"
"538520","21730","GLASS STAR FROSTED T-LIGHT HOLDER","7","2011-04-15 08:25:00","4.7","13047.0","EIRE","EMEA"
"538521","47566","PARTY BUNTING","5","2011-04-14 15:09:00","5.05","16029.0","France","EMEA"
"538522","85099B","JUMBO BAG RED RETROSPOT","5","2011-03-01 08:04:00","2.03","14096.0","Netherlands","EMEA"
"538523","21730","GLASS STAR FROSTED T-LIGHT HOLDER","11","2011-03-05 08:56:00","4.35","15291.0","Belgium","EMEA"
"538524","84029G","KNITTED UNION FLAG HOT WATER BOTTLE","11","2011-03-14 14:53:00","3.76","17850.0","Netherlands","EMEA"
"538524","21730","GLASS STAR FROSTED T-LIGHT HOLDER","3","2011-03-14 14:53:00","4.74","17850.0","Netherlands","EMEA"
"538524","22633","HAND WARMER UNION JACK","6","2011-03-14 14:53:00","1.76","17850.0","Netherlands","EMEA"
"538525","21730","GLASS STAR FROSTED T-LIGHT HOLDER","1","2011-03-10 10:46:00","4.73","15311.0","Spain","EMEA"
"538525","22633","HAND WARMER UNION JACK","9","2011-03-10 10:46:00","1.91","15311.0","Spain","EMEA"
"538525","21730","GLASS STAR FROSTED T-LIGHT HOLDER","12","2011-03-10 10:46:00","4.7","15311.0","Spain","EMEA"
"538526","22633","HAND WARMER UNION JACK","6","2011-04-27 16:13:00","2.11","14096.0","United Kingdom","EMEA"
"538526","84029E","RED WOOLLY HOTTIE WHITE HEART","12","2011-04-27 16:13:00","3.5","14096.0","United Kingdom","EMEA"
"538527","85099B","JUMBO BAG RED RETROSPOT","2","2011-03-14 08:30:00","1.58","12583.0","United Kingdom","EMEA"
"538527","22752","SET 7 BABUSHKA NESTING BOXES","7","2011-03-14 08:30:00","7.73","12583.0","United Kingdom","EMEA"
"538528","22752","SET 7 BABUSHKA NESTING BOXES","9","2011-03-29 12:06:00","7.78","14096.0","United Kingdom","EMEA"
"538528","47566","PARTY BUNTING","6","2011-03-29 12:06:00","5.25","14096.0","United Kingdom","EMEA"
"538528","84029E","RED WOOLLY HOTTIE WHITE HEART","12","2011-03-29 12:06:00","3.3","14096.0","United Kingdom","EMEA"
"538529","85099B","JUMBO BAG RED RETROSPOT","11","2011-04-23 09:20:00","1.77","14606.0","Australia","APAC"
"538529","85123A","WHITE HANGING HEART T-LIGHT HOLDER","8","2011-04-23 09:20:00","2.65","14606.0","Australia","APAC"
"538529","21730","GLASS STAR FROSTED T-LIGHT HOLDER","5","2011-04-23 09:20:00","4.33","14606.0","Australia","APAC"
"538530","22632","HAND WARMER RED POLKA DOT","2","2011-03-12 09:19:00","2.09","16029.0","EIRE","EMEA"
"538530","84029E","RED WOOLLY HOTTIE WHITE HEART","3","2011-03-12 09:19:00","3.8","16029.0","EIRE","EMEA"
"538531","22752","SET 7 BABUSHKA NESTING BOXES","5","2011-04-19 11:25:00","8.0","14606.0","United Kingdom","EMEA"
"538531","71053","WHITE METAL LANTERN","10","2011-04-19 11:25:00","3.89","14606.0","United Kingdom","EMEA"
"538531","20685","DOORMAT RED RETROSPOT","7","2011-04-19 11:25:00","7.01","14606.0","United Kingdom","EMEA"
"538532","22752","SET 7 BABUSHKA NESTING BOXES","12","2011-03-10 14:43:00","7.8","12583.0","France","EMEA"
"538532","47566","PARTY BUNTING","10","2011-03-10 14:43:00","4.94","12583.0","France","EMEA"
"538532","21730","GLASS STAR FROSTED T-LIGHT HOLDER","3","2011-03-10 14:43:00","4.33","12583.0","France","EMEA"
"538533","71053","WHITE METAL LANTERN","5","2011-04-20 16:42:00","3.6","13777.0","Germany","EMEA"
"538533","20685","DOORMAT RED RETROSPOT","1","2011-04-20 16:42:00","7.3","13777.0","Germany","EMEA"
"538534","71053","WHITE METAL LANTERN","5","2011-04-16 16:24:00","3.53","17809.0","Belgium","EMEA"
"538534","84406B","CREAM CUPID HEARTS COAT HANGER","11","2011-04-16 16:24:00","3.23","17809.0","Belgium","EMEA"
"538534","71053","WHITE METAL LANTERN","12","2011-04-16 16:24:00","3.34","17809.0","Belgium","EMEA"
"538535","22752","SET 7 BABUSHKA NESTING BOXES","8","2011-04-04 15:48:00","7.72","14096.0","EIRE","EMEA"
"538535","71053","WHITE METAL LANTERN","3","2011-04-04 15:48:00","3.83","14096.0","EIRE","EMEA"
"538535","20685","DOORMAT RED RETROSPOT","9","2011-04-04 15:48:00","7.26","14096.0","EIRE","EMEA"
"538536","22633","HAND WARMER UNION JACK","2","2011-03-18 12:59:00","2.07","14606.0","United Kingdom","EMEA"
"538536","47566","PARTY BUNTING","5","2011-03-18 12:59:00","5.25","14606.0","United Kingdom","EMEA"
"538537","85123A","WHITE HANGING HEART T-LIGHT HOLDER","9","2011-03-17 08:34:00","3.0","17850.0","Canada","AMER"
"538538","22633","HAND WARMER UNION JACK","2","2011-03-21 13:40:00","1.92","15311.0","USA","AMER"
"538539","71053","WHITE METAL LANTERN","12","2011-03-14 09:38:00","3.4","16029.0","United Kingdom","EMEA"
"538539","20685","DOORMAT RED RETROSPOT","2","2011-03-14 09:38:00","7.07","16029.0","United Kingdom","EMEA"
"538540","85099B","JUMBO BAG RED RETROSPOT","3","2011-03-15 13:13:00","1.98","17809.0","Canada","AMER"
"538540","84029E","RED WOOLLY HOTTIE WHITE HEART","2","2011-03-15 13:13:00","3.39","17809.0","Canada","AMER"
"538540","21730","GLASS STAR FROSTED T-LIGHT HOLDER","7","2011-03-15 13:13:00","4.39","17809.0","Canada","AMER"
"538541","21730","GLASS STAR FROSTED T-LIGHT HOLDER","1","2011-04-05 13:25:00","4.66","14096.0","United Kingdom","EMEA"
"538542","84029E","RED WOOLLY HOTTIE WHITE HEART","2","2011-04-02 16:21:00","3.33","12583.0","United Kingdom","EMEA"
"538542","71053","WHITE METAL LANTERN","12","2011-04-02 16:21:00","3.36","12583.0","United Kingdom","EMEA"
"538542","84406B","CREAM CUPID HEARTS COAT HANGER","1","2011-04-02 16:21:00","2.7","12583.0","United Kingdom","EMEA"
"538543","22752","SET 7 BABUSHKA NESTING BOXES","6","2011-04-26 09:55:00","8.07","14096.0","France","EMEA"
"538544","71053","WHITE METAL LANTERN","11","2011-04-29 15:42:00","3.45","13777.0","France","EMEA"
"538544","85123A","WHITE HANGING HEART T-LIGHT HOLDER","5","2011-04-29 15:42:00","3.0","13777.0","France","EMEA"
"538545","20685","DOORMAT RED RETROSPOT","7","2011-03-31 14:18:00","7.28","15291.0","USA","AMER"
"538546","47566","PARTY BUNTING","12","2011-03-02 12:59:00","5.04","16029.0","United Kingdom","EMEA"
"538546","21730","GLASS STAR FROSTED T-LIGHT HOLDER","1","2011-03-02 12:59:00","4.35","16029.0","United Kingdom","EMEA"
"538546","71053","WHITE METAL LANTERN","12","2011-03-02 12:59:00","3.73","16029.0","United Kingdom","EMEA"
"538547","84029G","KNITTED UNION FLAG HOT WATER BOTTLE","8","2011-03-18 09:55:00","3.38","14096.0","Spain","EMEA"
"538547","22632","HAND WARMER RED POLKA DOT","2","2011-03-18 09:55:00","1.81","14096.0","Spain","EMEA"
"538548","22632","HAND WARMER RED POLKA DOT","7","2011-03-20 12:35:00","2.32","13047.0","EIRE","EMEA"
"538549","22752","SET 7 BABUSHKA NESTING BOXES","6","2011-03-03 10:38:00","7.71","15291.0","Belgium","EMEA"
"538549","22632","HAND WARMER RED POLKA DOT","6","2011-03-03 10:38:00","2.2","15291.0","Belgium","EMEA"
"538550","21730","GLASS STAR FROSTED T-LIGHT HOLDER","6","2011-03-22 10:54:00","4.67","13777.0","Canada","AMER"
"538550","22633","HAND WARMER UNION JACK","1","2011-03-22 10:54:00","2.24","13777.0","Canada","AMER"
"538550","22752","SET 7 BABUSHKA NESTING BOXES","7","2011-03-22 10:54:00","7.63","13777.0","Canada","AMER"
"538551","84406B","CREAM CUPID HEARTS COAT HANGER","10","2011-04-25 11:56:00","3.03","14606.0","Spain","EMEA"
"538551","20685","DOORMAT RED RETROSPOT","9","2011-04-25 11:56:00","7.03","14606.0","Spain","EMEA"
"538551","71053","WHITE METAL LANTERN","7","2011-04-25 11:56:00","3.32","14606.0","Spain","EMEA"
"538552","20685","DOORMAT RED RETROSPOT","6","2011-04-09 11:36:00","7.42","12583.0","Belgium","EMEA"
"538552","20685","DOORMAT RED RETROSPOT","11","2011-04-09 11:36:00","7.24","12583.0","Belgium","EMEA"
"538552","84029G","KNITTED UNION FLAG HOT WATER BOTTLE","7","2011-04-09 11:36:00","3.35","12583.0","Belgium","EMEA"
"538553","85099B","JUMBO BAG RED RETROSPOT","11","2011-03-14 15:16:00","2.06","17850.0","United Kingdom","EMEA"
"538554","47566","PARTY BUNTING","7","2011-04-21 10:00:00","5.41","13047.0","France","EMEA"
"538554","22632","HAND WARMER RED POLKA DOT","7","2011-04-21 10:00:00","1.77","13047.0","France","EMEA"
"538554","20685","DOORMAT RED RETROSPOT","12","2011-04-21 10:00:00","7.28","13047.0","France","EMEA"
"538555","22752","SET 7 BABUSHKA NESTING BOXES","6","2011-04-29 09:23:00","7.78","13777.0","Netherlands","EMEA"
"538555","20685","DOORMAT RED RETROSPOT","4","2011-04-29 09:23:00","7.33","13777.0","Netherlands","EMEA"
"538555","84029E","RED WOOLLY HOTTIE WHITE HEART","8","2011-04-29 09:23:00","3.54","13777.0","Netherlands","EMEA"
"538556","22752","SET 7 BABUSHKA NESTING BOXES","8","2011-04-17 12:53:00","7.86","13047.0","Canada","AMER"
"538556","22752","SET 7 BABUSHKA NESTING BOXES","10","2011-04-17 12:53:00","8.05","13047.0","Canada","AMER"
"538557","20685","DOORMAT RED RETROSPOT","9","2011-03-22 09:38:00","7.53","16029.0","United Kingdom","EMEA"
"538557","85123A","WHITE HANGING HEART T-LIGHT HOLDER","10","2011-03-22 09:38:00","2.64","16029.0","United Kingdom","EMEA"
"538557","47566","PARTY BUNTING","1","2011-03-22 09:38:00","5.06","16029.0","United Kingdom","EMEA"
"538558","84406B","CREAM CUPID HEARTS COAT HANGER","12","2011-03-25 14:48:00","3.07","12583.0","EIRE","EMEA"
"538559","84029G","KNITTED UNION FLAG HOT WATER BOTTLE","1","2011-03-15 09:23:00","3.6","17850.0","Germany","EMEA"
"538559","85123A","WHITE HANGING HEART T-LIGHT HOLDER","4","2011-03-15 09:23:00","2.59","17850.0","Germany","EMEA"
"538559","84406B","CREAM CUPID HEARTS COAT HANGER","5","2011-03-15 09:23:00","2.9","17850.0","Germany","EMEA"
"538560","85099B","JUMBO BAG RED RETROSPOT","9","2011-04-17 14:35:00","2.1","16029.0","Belgium","EMEA"
"538560","22633","HAND WARMER UNION JACK","12","2011-04-17 14:35:00","1.75","16029.0","Belgium","EMEA"
"538561","85099B","JUMBO BAG RED RETROSPOT","2","2011-04-02 08:39:00","1.55","17850.0","Germany","EMEA"
"538561","85099B","JUMBO BAG RED RETROSPOT","3","2011-04-02 08:39:00","2.09","17850.0","Germany","EMEA"
"538562","22632","HAND WARMER RED POLKA DOT","6","2011-03-11 10:18:00","1.96","13777.0","Belgium","EMEA"
"538562","22752","SET 7 BABUSHKA NESTING BOXES","11","2011-03-11 10:18:00","7.82","13777.0","Belgium","EMEA"
"538562","84029G","KNITTED UNION FLAG HOT WATER BOTTLE","5","2011-03-11 10:18:00","3.41","13777.0","Belgium","EMEA"
"538563","85123A","WHITE HANGING HEART T-LIGHT HOLDER","1","2011-03-29 09:42:00","2.59","13047.0","Canada","AMER"
"538563","85099B","JUMBO BAG RED RETROSPOT","6","2011-03-29 09:42:00","2.04","13047.0","Canada","AMER"
"538564","85099B","JUMBO BAG RED RETROSPOT","4","2011-04-26 16:14:00","2.13","17809.0","United Kingdom","EMEA"
"538564","85099B","JUMBO BAG RED RETROSPOT","5","2011-04-26 16:14:00","2.05","17809.0","United Kingdom","EMEA"
"538564","84029E","RED WOOLLY HOTTIE WHITE HEART","4","2011-04-26 16:14:00","3.67","17809.0","United Kingdom","EMEA"
"538565","21730","GLASS STAR FROSTED T-LIGHT HOLDER","9","2011-03-04 14:13:00","4.72","17809.0","Australia","APAC"
"538565","84029G","KNITTED UNION FLAG HOT WATER BOTTLE","10","2011-03-04 14:13:00","3.66","17809.0","Australia","APAC"
"538566","47566","PARTY BUNTING","11","2011-03-26 11:24:00","5.26","15291.0","France","EMEA"
"538566","84029G","KNITTED UNION FLAG HOT WATER BOTTLE","5","2011-03-26 11:24:00","3.88","15291.0","France","EMEA"
"538566","71053","WHITE METAL LANTERN","2","2011-03-26 11:24:00","3.77","15291.0","France","EMEA"
"538567","21730","GLASS STAR FROSTED T-LIGHT HOLDER","6","2011-03-18 09:41:00","4.71","14096.0","Netherlands","EMEA"
"538568","85123A","WHITE HANGING HEART T-LIGHT HOLDER","6","2011-04-15 11:53:00","2.63","15311.0","Spain","EMEA"
"538568","20685","DOORMAT RED RETROSPOT","7","2011-04-15 11:53:00","7.32","15311.0","Spain","EMEA"
"538569","22632","HAND WARMER RED POLKA DOT","3","2011-04-02 10:24:00","2.02","14606.0","Germany","EMEA"
"538569","22752","SET 7 BABUSHKA NESTING BOXES","7","2011-04-02 10:24:00","8.01","14606.0","Germany","EMEA"
"538570","85099B","JUMBO BAG RED RETROSPOT","3","2011-03-03 08:37:00","2.08","15311.0","Canada","AMER"
"538571","71053","WHITE METAL LANTERN","6","2011-03-06 15:30:00","3.5","13047.0","Spain","EMEA"
"538572","22633","HAND WARMER UNION JACK","5","2011-03-16 09:45:00","2.32","13777.0","Belgium","EMEA"
"538573","20685","DOORMAT RED RETROSPOT","10","2011-03-09 09:49:00","7.53","17809.0","Germany","EMEA"
"538574","85123A","WHITE HANGING HEART T-LIGHT HOLDER","10","2011-04-26 11:26:00","2.8","16029.0","Belgium","EMEA"
"538575","71053","WHITE METAL LANTERN","4","2011-04-25 13:23:00","3.35","15311.0","Australia","APAC"
"538576","21730","GLASS STAR FROSTED T-LIGHT HOLDER","4","2011-03-28 16:33:00","4.35","15291.0","Canada","AMER"
"538577","22633","HAND WARMER UNION JACK","6","2011-03-15 08:42:00","1.98","12583.0","Germany","EMEA"
"538577","22633","HAND WARMER UNION JACK","5","2011-03-15 08:42:00","1.94","12583.0","Germany","EMEA"
"538578","84406B","CREAM CUPID HEARTS COAT HANGER","3","2011-04-08 14:16:00","2.87","17850.0","Australia","APAC"
"538578","84029G","KNITTED UNION FLAG HOT WATER BOTTLE","9","2011-04-08 14:16:00","3.76","17850.0","Australia","APAC"
"538579","71053","WHITE METAL LANTERN","10","2011-03-13 09:09:00","3.89","17850.0","Belgium","EMEA"
"538580","71053","WHITE METAL LANTERN","5","2011-04-17 11:34:00","3.49","12583.0","Spain","EMEA"
"538580","84029E","RED WOOLLY HOTTIE WHITE HEART","1","2011-04-17 11:34:00","3.44","12583.0","Spain","EMEA"
"538581","84029E","RED WOOLLY HOTTIE WHITE HEART","3","2011-03-22 12:27:00","3.38","13047.0","Spain","EMEA"
"538581","22752","SET 7 BABUSHKA NESTING BOXES","10","2011-03-22 12:27:00","7.63","13047.0","Spain","EMEA"
"538582","85123A","WHITE HANGING HEART T-LIGHT HOLDER","8","2011-04-27 10:40:00","2.63","13047.0","Australia","APAC"
"538583","84406B","CREAM CUPID HEARTS COAT HANGER","10","2011-04-13 16:24:00","3.14","14606.0","Germany","EMEA"
"538584","85099B","JUMBO BAG RED RETROSPOT","9","2011-04-23 11:08:00","2.08","15291.0","Australia","APAC"
"538584","22752","SET 7 BABUSHKA NESTING BOXES","4","2011-04-23 11:08:00","7.86","15291.0","Australia","APAC"
"538584","84406B","CREAM CUPID HEARTS COAT HANGER","10","2011-04-23 11:08:00","3.09","15291.0","Australia","APAC"
"538585","84029E","RED WOOLLY HOTTIE WHITE HEART","12","2011-04-21 08:54:00","3.3","14096.0","Belgium","EMEA"
"538585","20685","DOORMAT RED RETROSPOT","1","2011-04-21 08:54:00","7.42","14096.0","Belgium","EMEA"
"538585","22632","HAND WARMER RED POLKA DOT","10","2011-04-21 08:54:00","2.29","14096.0","Belgium","EMEA"
"538586","71053","WHITE METAL LANTERN","8","2011-04-16 15:02:00","3.38","15291.0","Belgium","EMEA"
"538586","22752","SET 7 BABUSHKA NESTING BOXES","12","2011-04-16 15:02:00","7.6","15291.0","Belgium","EMEA"
"538586","84029E","RED WOOLLY HOTTIE WHITE HEART","11","2011-04-16 15:02:00","3.77","15291.0","Belgium","EMEA"
"538587","85123A","WHITE HANGING HEART T-LIGHT HOLDER","6","2011-04-20 08:03:00","2.6","14606.0","Spain","EMEA"
"538587","84029G","KNITTED UNION FLAG HOT WATER BOTTLE","11","2011-04-20 08:03:00","3.34","14606.0","Spain","EMEA"
"538588","47566","PARTY BUNTING","3","2011-03-11 14:19:00","4.98","12583.0","France","EMEA"
"538588","22633","HAND WARMER UNION JACK","3","2011-03-11 14:19:00","1.93","12583.0","France","EMEA"
"538588","84029E","RED WOOLLY HOTTIE WHITE HEART","11","2011-03-11 14:19:00","3.67","12583.0","France","EMEA"
"538589","22633","HAND WARMER UNION JACK","7","2011-04-02 11:19:00","2.14","15311.0","United Kingdom","EMEA"
"538589","47566","PARTY BUNTING","10","2011-04-02 11:19:00","5.04","15311.0","United Kingdom","EMEA"
"538590","20685","DOORMAT RED RETROSPOT","8","2011-04-24 13:12:00","7.27","12583.0","EIRE","EMEA"
"538590","84029E","RED WOOLLY HOTTIE WHITE HEART","3","2011-04-24 13:12:00","3.38","12583.0","EIRE","EMEA"
"538590","21730","GLASS STAR FROSTED T-LIGHT HOLDER","8","2011-04-24 13:12:00","4.19","12583.0","EIRE","EMEA"
"538591","84029E","RED WOOLLY HOTTIE WHITE HEART","6","2011-03-16 13:07:00","3.84","14606.0","USA","AMER"
"538591","20685","DOORMAT RED RETROSPOT","11","2011-03-16 13:07:00","7.22","14606.0","USA","AMER"
"538592","22752","SET 7 BABUSHKA NESTING BOXES","6","2011-03-22 11:32:00","7.76","17809.0","United Kingdom","EMEA"
"538592","22632","HAND WARMER RED POLKA DOT","6","2011-03-22 11:32:00","2.34","17809.0","United Kingdom","EMEA"
"538593","84029E","RED WOOLLY HOTTIE WHITE HEART","8","2011-04-06 08:14:00","3.57","15291.0","Germany","EMEA"
"538593","84029E","RED WOOLLY HOTTIE WHITE HEART","5","2011-04-06 08:14:00","3.74","15291.0","Germany","EMEA"
"538593","47566","PARTY BUNTING","6","2011-04-06 08:14:00","5.32","15291.0","Germany","EMEA"
"538594","71053","WHITE METAL LANTERN","4","2011-04-15 09:07:00","3.82","15311.0","Netherlands","EMEA"
"538594","22632","HAND WARMER RED POLKA DOT","4","2011-04-15 09:07:00","1.84","15311.0","Netherlands","EMEA"
"538594","71053","WHITE METAL LANTERN","3","2011-04-15 09:07:00","3.35","15311.0","Netherlands","EMEA"
"538595","71053","WHITE METAL LANTERN","10","2011-03-27 10:22:00","3.56","13777.0","Germany","EMEA"
"538595","85099B","JUMBO BAG RED RETROSPOT","2","2011-03-27 10:22:00","1.93","13777.0","Germany","EMEA"
"538596","71053","WHITE METAL LANTERN","3","2011-04-10 11:13:00","3.55","15291.0","Canada","AMER"
"538597","22633","HAND WARMER UNION JACK","5","2011-03-01 08:57:00","2.23","13047.0","USA","AMER"
"538598","71053","WHITE METAL LANTERN","1","2011-04-12 16:30:00","3.5","15291.0","USA","AMER"
"538598","22632","HAND WARMER RED POLKA DOT","5","2011-04-12 16:30:00","1.77","15291.0","USA","AMER"
"538598","84029G","KNITTED UNION FLAG HOT WATER BOTTLE","9","2011-04-12 16:30:00","3.82","15291.0","USA","AMER"
"538599","22632","HAND WARMER RED POLKA DOT","11","2011-03-27 14:21:00","1.8","14096.0","USA","AMER"
"538600","84406B","CREAM CUPID HEARTS COAT HANGER","4","2011-04-30 14:09:00","3.11","15311.0","Canada","AMER"
"538601","22752","SET 7 BABUSHKA NESTING BOXES","5","2011-03-18 14:36:00","7.89","14096.0","EIRE","EMEA"
"538601","84029E","RED WOOLLY HOTTIE WHITE HEART","7","2011-03-18 14:36:00","3.85","14096.0","EIRE","EMEA"
"538601","20685","DOORMAT RED RETROSPOT","10","2011-03-18 14:36:00","7.52","14096.0","EIRE","EMEA"
"538602","22632","HAND WARMER RED POLKA DOT","6","2011-03-20 16:35:00","1.78","17809.0","United Kingdom","EMEA"
"538603","84406B","CREAM CUPID HEARTS COAT HANGER","11","2011-03-30 09:26:00","3.04","17809.0","France","EMEA"
"538604","21730","GLASS STAR FROSTED T-LIGHT HOLDER","10","2011-04-27 15:10:00","4.23","13777.0","United Kingdom","EMEA"
"538604","84406B","CREAM CUPID HEARTS COAT HANGER","4","2011-04-27 15:10:00","3.2","13777.0","United Kingdom","EMEA"
"538604","85123A","WHITE HANGING HEART T-LIGHT HOLDER","10","2011-04-27 15:10:00","2.82","13777.0","United Kingdom","EMEA"
"538605","85123A","WHITE HANGING HEART T-LIGHT HOLDER","8","2011-03-29 10:21:00","2.46","12583.0","Belgium","EMEA"
"538605","84406B","CREAM CUPID HEARTS COAT HANGER","1","2011-03-29 10:21:00","2.66","12583.0","Belgium","EMEA"
"538606","22632","HAND WARMER RED POLKA DOT","9","2011-03-31 13:59:00","1.85","17850.0","Spain","EMEA"
"538606","84406B","CREAM CUPID HEARTS COAT HANGER","8","2011-03-31 13:59:00","2.73","17850.0","Spain","EMEA"
"538606","84029E","RED WOOLLY HOTTIE WHITE HEART","9","2011-03-31 13:59:00","3.48","17850.0","Spain","EMEA"
"538607","22752","SET 7 BABUSHKA NESTING BOXES","9","2011-04-01 16:56:00","7.83","13047.0","EIRE","EMEA"
"538607","85099B","JUMBO BAG RED RETROSPOT","8","2011-04-01 16:56:00","1.67","13047.0","EIRE","EMEA"
"538607","85123A","WHITE HANGING HEART T-LIGHT HOLDER","6","2011-04-01 16:56:00","2.59","13047.0","EIRE","EMEA"
"538608","85123A","WHITE HANGING HEART T-LIGHT HOLDER","11","2011-03-29 15:58:00","2.56","14096.0","Australia","APAC"
"538608","22633","HAND WARMER UNION JACK","11","2011-03-29 15:58:00","2.24","14096.0","Australia","APAC"
"538609","84406B","CREAM CUPID HEARTS COAT HANGER","9","2011-04-29 15:52:00","3.15","14096.0","Canada","AMER"
"538609","84029G","KNITTED UNION FLAG HOT WATER BOTTLE","7","2011-04-29 15:52:00","3.56","14096.0","Canada","AMER"
"538610","21730","GLASS STAR FROSTED T-LIGHT HOLDER","12","2011-04-06 12:43:00","4.37","16029.0","Canada","AMER"
"538611","22632","HAND WARMER RED POLKA DOT","3","2011-03-13 13:30:00","2.32","12583.0","Germany","EMEA"
"538612","85123A","WHITE HANGING HEART T-LIGHT HOLDER","9","2011-04-27 15:59:00","2.58","14606.0","Canada","AMER"
"538613","22752","SET 7 BABUSHKA NESTING BOXES","11","2011-03-25 10:39:00","7.69","12583.0","Belgium","EMEA"
"538614","22633","HAND WARMER UNION JACK","8","2011-03-18 16:54:00","2.01","13047.0","Spain","EMEA"
"538614","85099B","JUMBO BAG RED RETROSPOT","5","2011-03-18 16:54:00","1.75","13047.0","Spain","EMEA"
"538615","84029G","KNITTED UNION FLAG HOT WATER BOTTLE","7","2011-03-08 16:34:00","3.6","14606.0","Canada","AMER"
"538615","20685","DOORMAT RED RETROSPOT","1","2011-03-08 16:34:00","7.31","14606.0","Canada","AMER"
"538615","22632","HAND WARMER RED POLKA DOT","9","2011-03-08 16:34:00","2.3","14606.0","Canada","AMER"
"538616","85123A","WHITE HANGING HEART T-LIGHT HOLDER","8","2011-04-18 11:10:00","2.81","16029.0","United Kingdom","EMEA"
"538616","84029E","RED WOOLLY HOTTIE WHITE HEART","5","2011-04-18 11:10:00","3.72","16029.0","United Kingdom","EMEA"
"538616","71053","WHITE METAL LANTERN","8","2011-04-18 11:10:00","3.79","16029.0","United Kingdom","EMEA"
"538617","71053","WHITE METAL LANTERN","11","2011-04-23 11:38:00","3.4","17809.0","France","EMEA"
"538617","22752","SET 7 BABUSHKA NESTING BOXES","6","2011-04-23 11:38:00","7.63","17809.0","France","EMEA"
"538618","22632","HAND WARMER RED POLKA DOT","10","2011-04-18 11:03:00","2.16","17850.0","United Kingdom","EMEA"
"538618","22633","HAND WARMER UNION JACK","4","2011-04-18 11:03:00","2.33","17850.0","United Kingdom","EMEA"
"538619","22632","HAND WARMER RED POLKA DOT","8","2011-04-12 10:30:00","1.78","17850.0","Belgium","EMEA"
"538619","84029G","KNITTED UNION FLAG HOT WATER BOTTLE","4","2011-04-12 10:30:00","3.37","17850.0","Belgium","EMEA"
"538620","21730","GLASS STAR FROSTED T-LIGHT HOLDER","4","2011-04-19 11:40:00","4.17","15291.0","Netherlands","EMEA"
"538621","20685","DOORMAT RED RETROSPOT","7","2011-04-02 13:33:00","7.26","12583.0","Canada","AMER"
"538621","84029E","RED WOOLLY HOTTIE WHITE HEART","4","2011-04-02 13:33:00","3.87","12583.0","Canada","AMER"
"538621","21730","GLASS STAR FROSTED T-LIGHT HOLDER","1","2011-04-02 13:33:00","4.33","12583.0","Canada","AMER"
"538622","21730","GLASS STAR FROSTED T-LIGHT HOLDER","3","2011-04-03 11:15:00","4.59","15291.0","Canada","AMER"
"538622","85099B","JUMBO BAG RED RETROSPOT","11","2011-04-03 11:15:00","1.62","15291.0","Canada","AMER"
"538622","22633","HAND WARMER UNION JACK","12","2011-04-03 11:15:00","2.3","15291.0","Canada","AMER"
"538623","22633","HAND WARMER UNION JACK","2","2011-04-14 12:45:00","2.07","17850.0","Belgium","EMEA"
"538624","47566","PARTY BUNTING","11","2011-04-13 14:43:00","5.26","17850.0","USA","AMER"
"538624","71053","WHITE METAL LANTERN","4","2011-04-13 14:43:00","3.34","17850.0","USA","AMER"
"538624","71053","WHITE METAL LANTERN","5","2011-04-13 14:43:00","3.39","17850.0","USA","AMER"
"538625","84029E","RED WOOLLY HOTTIE WHITE HEART","7","2011-04-19 08:28:00","3.77","15311.0","Australia","APAC"
"538625","22632","HAND WARMER RED POLKA DOT","12","2011-04-19 08:28:00","1.98","15311.0","Australia","APAC"
"538626","71053","WHITE METAL LANTERN","1","2011-03-19 14:53:00","3.83","14096.0","USA","AMER"
"538627","22633","HAND WARMER UNION JACK","8","2011-04-14 09:10:00","2.26","15291.0","Australia","APAC"
"538627","84029E","RED WOOLLY HOTTIE WHITE HEART","10","2011-04-14 09:10:00","3.36","15291.0","Australia","APAC"
"538627","21730","GLASS STAR FROSTED T-LIGHT HOLDER","6","2011-04-14 09:10:00","4.66","15291.0","Australia","APAC"
"538628","84029G","KNITTED UNION FLAG HOT WATER BOTTLE","10","2011-04-05 16:08:00","3.33","16029.0","USA","AMER"
"538628","20685","DOORMAT RED RETROSPOT","3","2011-04-05 16:08:00","7.27","16029.0","USA","AMER"
"538629","22752","SET 7 BABUSHKA NESTING BOXES","7","2011-03-19 09:33:00","8.06","13047.0","Canada","AMER"
"538629","84029G","KNITTED UNION FLAG HOT WATER BOTTLE","4","2011-03-19 09:33:00","3.83","13047.0","Canada","AMER"
"538630","47566","PARTY BUNTING","1","2011-03-26 15:11:00","4.87","13047.0","EIRE","EMEA"
"538630","22633","HAND WARMER UNION JACK","3","2011-03-26 15:11:00","2.3","13047.0","EIRE","EMEA"
"538630","85099B","JUMBO BAG RED RETROSPOT","5","2011-03-26 15:11:00","1.94","13047.0","EIRE","EMEA"
"538631","84029G","KNITTED UNION FLAG HOT WATER BOTTLE","1","2011-03-08 13:05:00","3.58","14606.0","Canada","AMER"
"538632","85123A","WHITE HANGING HEART T-LIGHT HOLDER","4","2011-04-30 08:40:00","2.66","12583.0","Netherlands","EMEA"
"538632","84406B","CREAM CUPID HEARTS COAT HANGER","11","2011-04-30 08:40:00","2.66","12583.0","Netherlands","EMEA"
"538633","47566","PARTY BUNTING","11","2011-04-24 16:12:00","4.93","17850.0","Australia","APAC"
"538633","85099B","JUMBO BAG RED RETROSPOT","3","2011-04-24 16:12:00","1.8","17850.0","Australia","APAC"
"538634","84029G","KNITTED UNION FLAG HOT WATER BOTTLE","11","2011-03-04 15:32:00","3.59","15311.0","United Kingdom","EMEA"
"538634","85099B","JUMBO BAG RED RETROSPOT","7","2011-03-04 15:32:00","2.02","15311.0","United Kingdom","EMEA"
"538634","84406B","CREAM CUPID HEARTS COAT HANGER","12","2011-03-04 15:32:00","3.01","15311.0","United Kingdom","EMEA"
"538635","22633","HAND WARMER UNION JACK","10","2011-03-10 13:41:00","2.28","13047.0","Belgium","EMEA"
"538635","85099B","JUMBO BAG RED RETROSPOT","11","2011-03-10 13:41:00","1.62","13047.0","Belgium","EMEA"
"538635","20685","DOORMAT RED RETROSPOT","3","2011-03-10 13:41:00","7.09","13047.0","Belgium","EMEA"
"538636","22632","HAND WARMER RED POLKA DOT","12","2011-04-22 11:03:00","2.12","17850.0","Belgium","EMEA"
"538637","84029E","RED WOOLLY HOTTIE WHITE HEART","1","2011-03-16 09:05:00","3.81","14096.0","Netherlands","EMEA"
"538638","85123A","WHITE HANGING HEART T-LIGHT HOLDER","5","2011-03-14 08:32:00","2.48","17809.0","Germany","EMEA"
"538638","22633","HAND WARMER UNION JACK","7","2011-03-14 08:32:00","1.79","17809.0","Germany","EMEA"
"538638","22633","HAND WARMER UNION JACK","9","2011-03-14 08:32:00","2.32","17809.0","Germany","EMEA"
"538639","84029G","KNITTED UNION FLAG HOT WATER BOTTLE","5","2011-03-16 11:08:00","3.85","16029.0","USA","AMER"
"538640","85099B","JUMBO BAG RED RETROSPOT","2","2011-04-18 11:42:00","2.0","12583.0","France","EMEA"
"538640","85099B","JUMBO BAG RED RETROSPOT","8","2011-04-18 11:42:00","1.86","12583.0","France","EMEA"
"538641","22633","HAND WARMER UNION JACK","7","2011-04-16 12:10:00","1.97","13047.0","France","EMEA"
"538641","21730","GLASS STAR FROSTED T-LIGHT HOLDER","6","2011-04-16 12:10:00","4.41","13047.0","France","EMEA"
"538642","84029E","RED WOOLLY HOTTIE WHITE HEART","2","2011-03-10 09:44:00","3.54","14096.0","Australia","APAC"
"538643","71053","WHITE METAL LANTERN","1","2011-03-05 12:11:00","3.52","12583.0","United Kingdom","EMEA"
"538643","71053","WHITE METAL LANTERN","2","2011-03-05 12:11:00","3.8","12583.0","United Kingdom","EMEA"
"538644","22632","HAND WARMER RED POLKA DOT","3","2011-03-19 13:21:00","1.75","14096.0","United Kingdom","EMEA"
"538645","84406B","CREAM CUPID HEARTS COAT HANGER","5","2011-04-18 09:44:00","2.8","14606.0","Canada","AMER"
"538645","71053","WHITE METAL LANTERN","7","2011-04-18 09:44:00","3.35","14606.0","Canada","AMER"
"538645","47566","PARTY BUNTING","5","2011-04-18 09:44:00","5.34","14606.0","Canada","AMER"
"538646","20685","DOORMAT RED RETROSPOT","9","2011-03-01 10:13:00","7.38","13777.0","EIRE","EMEA"
"538646","47566","PARTY BUNTING","9","2011-03-01 10:13:00","5.34","13777.0","EIRE","EMEA"
"538647","21730","GLASS STAR FROSTED T-LIGHT HOLDER","8","2011-04-18 11:45:00","4.41","12583.0","EIRE","EMEA"
"538648","84029E","RED WOOLLY HOTTIE WHITE HEART","3","2011-04-06 13:13:00","3.5","15291.0","Canada","AMER"
"538649","20685","DOORMAT RED RETROSPOT","6","2011-03-08 11:51:00","7.28","17850.0","Australia","APAC"
"538650","22752","SET 7 BABUSHKA NESTING BOXES","3","2011-03-24 13:58:00","7.71","13047.0","France","EMEA"
"538651","22632","HAND WARMER RED POLKA DOT","8","2011-04-25 08:56:00","1.82","15311.0","Canada","AMER"
"538651","85123A","WHITE HANGING HEART T-LIGHT HOLDER","2","2011-04-25 08:56:00","2.69","15311.0","Canada","AMER"
"538651","22632","HAND WARMER RED POLKA DOT","9","2011-04-25 08:56:00","2.32","15311.0","Canada","AMER"
"538652","71053","WHITE METAL LANTERN","11","2011-04-14 10:56:00","3.37","13047.0","Germany","EMEA"
"538652","71053","WHITE METAL LANTERN","1","2011-04-14 10:56:00","3.64","13047.0","Germany","EMEA"
"538653","20685","DOORMAT RED RETROSPOT","3","2011-04-14 09:03:00","7.42","14096.0","United Kingdom","EMEA"
"538653","21730","GLASS STAR FROSTED T-LIGHT HOLDER","8","2011-04-14 09:03:00","4.31","14096.0","United Kingdom","EMEA"
"538653","21730","GLASS STAR FROSTED T-LIGHT HOLDER","12","2011-04-14 09:03:00","4.51","14096.0","United Kingdom","EMEA"
"538654","84029G","KNITTED UNION FLAG HOT WATER BOTTLE","2","2011-03-13 12:36:00","3.55","17850.0","USA","AMER"
"538654","84029G","KNITTED UNION FLAG HOT WATER BOTTLE","12","2011-03-13 12:36:00","3.65","17850.0","USA","AMER"
"538655","22633","HAND WARMER UNION JACK","5","2011-03-16 13:23:00","2.1","15291.0","Spain","EMEA"
"538656","22633","HAND WARMER UNION JACK","8","2011-03-20 15:05:00","1.81","13777.0","Netherlands","EMEA"
"538656","22752","SET 7 BABUSHKA NESTING BOXES","7","2011-03-20 15:05:00","7.73","13777.0","Netherlands","EMEA"
"538656","47566","PARTY BUNTING","12","2011-03-20 15:05:00","5.08","13777.0","Netherlands","EMEA"
"538657","21730","GLASS STAR FROSTED T-LIGHT HOLDER","10","2011-04-15 12:49:00","4.38","12583.0","France","EMEA"
"538658","47566","PARTY BUNTING","7","2011-03-21 16:38:00","4.85","13047.0","USA","AMER"
"538659","84029G","KNITTED UNION FLAG HOT WATER BOTTLE","1","2011-03-25 11:16:00","3.65","12583.0","EIRE","EMEA"
"538659","21730","GLASS STAR FROSTED T-LIGHT HOLDER","3","2011-03-25 11:16:00","4.16","12583.0","EIRE","EMEA"
"538659","84029E","RED WOOLLY HOTTIE WHITE HEART","9","2011-03-25 11:16:00","3.37","12583.0","EIRE","EMEA"
"538660","84029G","KNITTED UNION FLAG HOT WATER BOTTLE","9","2011-03-10 09:28:00","3.36","17809.0","Germany","EMEA"
"538661","84029G","KNITTED UNION FLAG HOT WATER BOTTLE","12","2011-03-29 11:47:00","3.67","16029.0","USA","AMER"
"538662","22632","HAND WARMER RED POLKA DOT","10","2011-03-22 10:21:00","2.12","13047.0","Australia","APAC"
"538662","47566","PARTY BUNTING","12","2011-03-22 10:21:00","5.27","13047.0","Australia","APAC"
"538663","21730","GLASS STAR FROSTED T-LIGHT HOLDER","10","2011-03-04 11:06:00","4.42","16029.0","EIRE","EMEA"
"538663","84406B","CREAM CUPID HEARTS COAT HANGER","9","2011-03-04 11:06:00","2.71","16029.0","EIRE","EMEA"
"538664","85123A","WHITE HANGING HEART T-LIGHT HOLDER","8","2011-04-11 16:16:00","2.6","17809.0","USA","AMER"
"538664","84029E","RED WOOLLY HOTTIE WHITE HEART","4","2011-04-11 16:16:00","3.34","17809.0","USA","AMER"
"538664","85123A","WHITE HANGING HEART T-LIGHT HOLDER","11","2011-04-11 16:16:00","2.78","17809.0","USA","AMER"
"538665","22632","HAND WARMER RED POLKA DOT","12","2011-03-18 14:39:00","2.01","15311.0","Australia","APAC"
"538665","22633","HAND WARMER UNION JACK","6","2011-03-18 14:39:00","2.16","15311.0","Australia","APAC"
"538665","47566","PARTY BUNTING","8","2011-03-18 14:39:00","4.89","15311.0","Australia","APAC"
"538666","85099B","JUMBO BAG RED RETROSPOT","8","2011-04-26 10:42:00","1.57","12583.0","Spain","EMEA"
"538666","20685","DOORMAT RED RETROSPOT","6","2011-04-26 10:42:00","7.2","12583.0","Spain","EMEA"
"538667","22752","SET 7 BABUSHKA NESTING BOXES","12","2011-04-26 08:46:00","7.69","17850.0","France","EMEA"
"538667","22632","HAND WARMER RED POLKA DOT","9","2011-04-26 08:46:00","2.18","17850.0","France","EMEA"
"538668","84029G","KNITTED UNION FLAG HOT WATER BOTTLE","6","2011-04-06 14:17:00","3.84","15291.0","United Kingdom","EMEA"
"538668","84029G","KNITTED UNION FLAG HOT WATER BOTTLE","9","2011-04-06 14:17:00","3.4","15291.0","United Kingdom","EMEA"
"538668","71053","WHITE METAL LANTERN","9","2011-04-06 14:17:00","3.57","15291.0","United Kingdom","EMEA"
"538669","85099B","JUMBO BAG RED RETROSPOT","5","2011-03-11 12:59:00","1.99","13047.0","Australia","APAC"
"538669","71053","WHITE METAL LANTERN","6","2011-03-11 12:59:00","3.42","13047.0","Australia","APAC"
"538670","85123A","WHITE HANGING HEART T-LIGHT HOLDER","8","2011-03-10 15:46:00","2.57","13047.0","Canada","AMER"
"538671","84406B","CREAM CUPID HEARTS COAT HANGER","8","2011-03-04 14:41:00","2.73","12583.0","Belgium","EMEA"
"538671","84029E","RED WOOLLY HOTTIE WHITE HEART","8","2011-03-04 14:41:00","3.85","12583.0","Belgium","EMEA"
"538672","85123A","WHITE HANGING HEART T-LIGHT HOLDER","8","2011-03-31 12:23:00","2.49","14096.0","Canada","AMER"
"538672","84406B","CREAM CUPID HEARTS COAT HANGER","4","2011-03-31 12:23:00","3.0","14096.0","Canada","AMER"
"538672","22752","SET 7 BABUSHKA NESTING BOXES","3","2011-03-31 12:23:00","7.81","14096.0","Canada","AMER"
"538673","22633","HAND WARMER UNION JACK","7","2011-04-14 15:21:00","2.28","17809.0","Netherlands","EMEA"
"538673","22632","HAND WARMER RED POLKA DOT","2","2011-04-14 15:21:00","1.82","17809.0","Netherlands","EMEA"
"538674","22752","SET 7 BABUSHKA NESTING BOXES","6","2011-03-27 13:43:00","8.11","17809.0","United Kingdom","EMEA"
"538675","85099B","JUMBO BAG RED RETROSPOT","10","2011-03-31 12:12:00","1.67","17850.0","Spain","EMEA"
"538676","85099B","JUMBO BAG RED RETROSPOT","6","2011-04-24 08:30:00","1.91","13777.0","France","EMEA"
"538676","84029G","KNITTED UNION FLAG HOT WATER BOTTLE","4","2011-04-24 08:30:00","3.5","13777.0","France","EMEA"
"538677","84029E","RED WOOLLY HOTTIE WHITE HEART","5","2011-03-11 11:35:00","3.62","14606.0","France","EMEA"
"538677","84406B","CREAM CUPID HEARTS COAT HANGER","4","2011-03-11 11:35:00","3.06","14606.0","France","EMEA"
"538677","22632","HAND WARMER RED POLKA DOT","10","2011-03-11 11:35:00","1.76","14606.0","France","EMEA"
"538678","22633","HAND WARMER UNION JACK","9","2011-03-03 14:12:00","2.31","13047.0","Australia","APAC"
"538678","20685","DOORMAT RED RETROSPOT","2","2011-03-03 14:12:00","7.31","13047.0","Australia","APAC"
"538678","22632","HAND WARMER RED POLKA DOT","10","2011-03-03 14:12:00","2.24","13047.0","Australia","APAC"
"538679","84029E","RED WOOLLY HOTTIE WHITE HEART","4","2011-04-13 13:49:00","3.46","16029.0","EIRE","EMEA"
"538679","22752","SET 7 BABUSHKA NESTING BOXES","8","2011-04-13 13:49:00","7.97","16029.0","EIRE","EMEA"
"538679","71053","WHITE METAL LANTERN","3","2011-04-13 13:49:00","3.79","16029.0","EIRE","EMEA"
"538680","85123A","WHITE HANGING HEART T-LIGHT HOLDER","6","2011-04-18 16:16:00","2.78","15311.0","United Kingdom","EMEA"
"538680","22632","HAND WARMER RED POLKA DOT","8","2011-04-18 16:16:00","2.22","15311.0","United Kingdom","EMEA"
"538681","71053","WHITE METAL LANTERN","9","2011-04-06 11:51:00","3.68","13047.0","Canada","AMER"
"538681","84029G","KNITTED UNION FLAG HOT WATER BOTTLE","3","2011-04-06 11:51:00","3.43","13047.0","Canada","AMER"
"538682","47566","PARTY BUNTING","7","2011-04-06 13:03:00","5.43","13047.0","Netherlands","EMEA"
"538683","22752","SET 7 BABUSHKA NESTING BOXES","12","2011-03-18 08:43:00","7.99","14606.0","EIRE","EMEA"
"538684","84029G","KNITTED UNION FLAG HOT WATER BOTTLE","4","2011-04-16 16:15:00","3.42","15291.0","EIRE","EMEA"
"538684","85099B","JUMBO BAG RED RETROSPOT","9","2011-04-16 16:15:00","1.84","15291.0","EIRE","EMEA"
"538684","85099B","JUMBO BAG RED RETROSPOT","11","2011-04-16 16:15:00","1.69","15291.0","EIRE","EMEA"
"538685","47566","PARTY BUNTING","11","2011-03-21 16:10:00","5.35","17850.0","USA","AMER"
"538685","47566","PARTY BUNTING","9","2011-03-21 16:10:00","5.21","17850.0","USA","AMER"
"538685","22752","SET 7 BABUSHKA NESTING BOXES","10","2011-03-21 16:10:00","8.0","17850.0","USA","AMER"
"538686","47566","PARTY BUNTING","6","2011-04-04 08:20:00","4.89","15291.0","Spain","EMEA"
"538687","84406B","CREAM CUPID HEARTS COAT HANGER","3","2011-03-18 14:19:00","2.93","13777.0","Belgium","EMEA"
"538687","85123A","WHITE HANGING HEART T-LIGHT HOLDER","1","2011-03-18 14:19:00","2.7","13777.0","Belgium","EMEA"
"538688","22632","HAND WARMER RED POLKA DOT","8","2011-03-03 12:51:00","1.79","13777.0","Spain","EMEA"
"538688","84406B","CREAM CUPID HEARTS COAT HANGER","9","2011-03-03 12:51:00","3.2","13777.0","Spain","EMEA"
"538689","84406B","CREAM CUPID HEARTS COAT HANGER","10","2011-04-27 09:38:00","2.82","15291.0","Spain","EMEA"
"538690","85099B","JUMBO BAG RED RETROSPOT","11","2011-03-28 11:12:00","1.82","13777.0","Spain","EMEA"
"538690","47566","PARTY BUNTING","10","2011-03-28 11:12:00","5.38","13777.0","Spain","EMEA"
"538690","22632","HAND WARMER RED POLKA DOT","1","2011-03-28 11:12:00","2.31","13777.0","Spain","EMEA"
"538691","22633","HAND WARMER UNION JACK","7","2011-03-16 08:12:00","2.27","13047.0","United Kingdom","EMEA"
"538691","84029E","RED WOOLLY HOTTIE WHITE HEART","10","2011-03-16 08:12:00","3.36","13047.0","United Kingdom","EMEA"
"538692","22752","SET 7 BABUSHKA NESTING BOXES","8","2011-04-06 15:01:00","7.9","16029.0","Australia","APAC"
"538693","85123A","WHITE HANGING HEART T-LIGHT HOLDER","12","2011-03-07 08:32:00","2.55","15311.0","Australia","APAC"
"538693","20685","DOORMAT RED RETROSPOT","2","2011-03-07 08:32:00","7.57","15311.0","Australia","APAC"
"538693","21730","GLASS STAR FROSTED T-LIGHT HOLDER","3","2011-03-07 08:32:00","4.64","15311.0","Australia","APAC"
"538694","71053","WHITE METAL LANTERN","10","2011-04-01 16:18:00","3.3","17809.0","Netherlands","EMEA"
"538695","20685","DOORMAT RED RETROSPOT","9","2011-03-05 09:14:00","7.28","12583.0","France","EMEA"
"538696","85123A","WHITE HANGING HEART T-LIGHT HOLDER","8","2011-03-26 14:55:00","2.46","15291.0","Germany","EMEA"
"538696","84029E","RED WOOLLY HOTTIE WHITE HEART","2","2011-03-26 14:55:00","3.7","15291.0","Germany","EMEA"
"538696","47566","PARTY BUNTING","6","2011-03-26 14:55:00","5.44","15291.0","Germany","EMEA"
"538697","22752","SET 7 BABUSHKA NESTING BOXES","12","2011-03-06 14:35:00","7.85","14606.0","France","EMEA"
"538697","85099B","JUMBO BAG RED RETROSPOT","11","2011-03-06 14:35:00","1.7","14606.0","France","EMEA"
"538698","71053","WHITE METAL LANTERN","11","2011-04-06 16:42:00","3.31","14096.0","EIRE","EMEA"
"538698","22752","SET 7 BABUSHKA NESTING BOXES","4","2011-04-06 16:42:00","7.99","14096.0","EIRE","EMEA"
"538698","84029E","RED WOOLLY HOTTIE WHITE HEART","1","2011-04-06 16:42:00","3.51","14096.0","EIRE","EMEA"
"538699","85099B","JUMBO BAG RED RETROSPOT","4","2011-04-06 10:57:00","1.57","14606.0","Australia","APAC"
"538699","22632","HAND WARMER RED POLKA DOT","2","2011-04-06 10:57:00","2.21","14606.0","Australia","APAC"
"538700","22752","SET 7 BABUSHKA NESTING BOXES","7","2011-04-27 11:17:00","7.76","16029.0","Canada","AMER"
"538700","84029G","KNITTED UNION FLAG HOT WATER BOTTLE","10","2011-04-27 11:17:00","3.69","16029.0","Canada","AMER"
"538701","85099B","JUMBO BAG RED RETROSPOT","6","2011-03-30 12:54:00","2.06","14096.0","France","EMEA"
"538701","20685","DOORMAT RED RETROSPOT","4","2011-03-30 12:54:00","7.35","14096.0","France","EMEA"
"538702","22632","HAND WARMER RED POLKA DOT","1","2011-04-07 09:28:00","2.14","16029.0","Netherlands","EMEA"
"538703","84406B","CREAM CUPID HEARTS COAT HANGER","8","2011-03-21 10:55:00","2.79","13047.0","Australia","APAC"
"538704","22632","HAND WARMER RED POLKA DOT","7","2011-04-28 14:12:00","1.82","12583.0","France","EMEA"
"538704","22633","HAND WARMER UNION JACK","2","2011-04-28 14:12:00","1.98","12583.0","France","EMEA"
"538704","71053","WHITE METAL LANTERN","4","2011-04-28 14:12:00","3.74","12583.0","France","EMEA"
"538705","22633","HAND WARMER UNION JACK","9","2011-04-03 09:50:00","1.81","17809.0","EIRE","EMEA"
"538705","22752","SET 7 BABUSHKA NESTING BOXES","3","2011-04-03 09:50:00","7.73","17809.0","EIRE","EMEA"
"538705","22752","SET 7 BABUSHKA NESTING BOXES","1","2011-04-03 09:50:00","7.66","17809.0","EIRE","EMEA"
"538706","71053","WHITE METAL LANTERN","2","2011-03-24 12:11:00","3.85","15311.0","USA","AMER"
"538706","84029G","KNITTED UNION FLAG HOT WATER BOTTLE","11","2011-03-24 12:11:00","3.76","15311.0","USA","AMER"
"538707","84029E","RED WOOLLY HOTTIE WHITE HEART","5","2011-04-20 14:05:00","3.47","16029.0","Australia","APAC"
"538707","85123A","WHITE HANGING HEART T-LIGHT HOLDER","6","2011-04-20 14:05:00","2.72","16029.0","Australia","APAC"
"538708","71053","WHITE METAL LANTERN","6","2011-04-05 12:14:00","3.39","16029.0","Australia","APAC"
"538708","22633","HAND WARMER UNION JACK","12","2011-04-05 12:14:00","2.32","16029.0","Australia","APAC"
"538708","71053","WHITE METAL LANTERN","2","2011-04-05 12:14:00","3.3","16029.0","Australia","APAC"
"538709","85123A","WHITE HANGING HEART T-LIGHT HOLDER","7","2011-03-23 13:59:00","2.67","14096.0","Spain","EMEA"
"538709","84029G","KNITTED UNION FLAG HOT WATER BOTTLE","1","2011-03-23 13:59:00","3.4","14096.0","Spain","EMEA"
"538710","22752","SET 7 BABUSHKA NESTING BOXES","11","2011-04-04 14:50:00","7.65","14096.0","United Kingdom","EMEA"
"538711","84029E","RED WOOLLY HOTTIE WHITE HEART","3","2011-03-09 08:41:00","3.38","14606.0","United Kingdom","EMEA"
"538712","84029E","RED WOOLLY HOTTIE WHITE HEART","9","2011-03-17 10:33:00","3.88","17850.0","Australia","APAC"
"538712","85123A","WHITE HANGING HEART T-LIGHT HOLDER","2","2011-03-17 10:33:00","2.57","17850.0","Australia","APAC"
"538713","47566","PARTY BUNTING","4","2011-03-22 08:35:00","4.93","14606.0","France","EMEA"
"538713","85123A","WHITE HANGING HEART T-LIGHT HOLDER","1","2011-03-22 08:35:00","2.77","14606.0","France","EMEA"
"538714","47566","PARTY BUNTING","4","2011-03-21 10:04:00","4.95","13777.0","USA","AMER"
"538714","47566","PARTY BUNTING","5","2011-03-21 10:04:00","5.02","13777.0","USA","AMER"
"538714","21730","GLASS STAR FROSTED T-LIGHT HOLDER","5","2011-03-21 10:04:00","4.28","13777.0","USA","AMER"
"538715","47566","PARTY BUNTING","8","2011-03-08 10:01:00","5.11","16029.0","France","EMEA"
"538716","71053","WHITE METAL LANTERN","11","2011-04-10 13:31:00","3.71","15311.0","USA","AMER"
"538716","22633","HAND WARMER UNION JACK","9","2011-04-10 13:31:00","2.21","15311.0","USA","AMER"
"538717","47566","PARTY BUNTING","10","2011-04-17 10:29:00","5.15","15291.0","United Kingdom","EMEA"
"538718","84029E","RED WOOLLY HOTTIE WHITE HEART","9","2011-03-14 10:36:00","3.3","15291.0","Spain","EMEA"
"538719","22633","HAND WARMER UNION JACK","6","2011-04-02 08:07:00","1.79","14096.0","France","EMEA"
"538719","22633","HAND WARMER UNION JACK","8","2011-04-02 08:07:00","1.96","14096.0","France","EMEA"
"538720","85099B","JUMBO BAG RED RETROSPOT","12","2011-03-15 09:26:00","2.06","17850.0","Netherlands","EMEA"
"538720","22632","HAND WARMER RED POLKA DOT","2","2011-03-15 09:26:00","1.96","17850.0","Netherlands","EMEA"
"538721","47566","PARTY BUNTING","12","2011-03-20 08:42:00","5.1","14096.0","Belgium","EMEA"
"538722","47566","PARTY BUNTING","1","2011-03-02 08:13:00","5.43","12583.0","Germany","EMEA"
"538723","84029E","RED WOOLLY HOTTIE WHITE HEART","8","2011-03-30 08:42:00","3.53","16029.0","Germany","EMEA"
"538723","47566","PARTY BUNTING","6","2011-03-30 08:42:00","5.03","16029.0","Germany","EMEA"
"538723","84029E","RED WOOLLY HOTTIE WHITE HEART","1","2011-03-30 08:42:00","3.63","16029.0","Germany","EMEA"
"538724","22633","HAND WARMER UNION JACK","3","2011-04-26 08:12:00","1.79","17809.0","USA","AMER"
"538724","47566","PARTY BUNTING","4","2011-04-26 08:12:00","4.87","17809.0","USA","AMER"
"538724","71053","WHITE METAL LANTERN","9","2011-04-26 08:12:00","3.76","17809.0","USA","AMER"
"538725","20685","DOORMAT RED RETROSPOT","12","2011-03-09 14:01:00","7.15","15291.0","Spain","EMEA"
"538725","84406B","CREAM CUPID HEARTS COAT HANGER","1","2011-03-09 14:01:00","3.14","15291.0","Spain","EMEA"
"538725","22632","HAND WARMER RED POLKA DOT","8","2011-03-09 14:01:00","1.89","15291.0","Spain","EMEA"
"538726","22752","SET 7 BABUSHKA NESTING BOXES","7","2011-03-09 10:06:00","7.69","15311.0","Spain","EMEA"
"538726","84029E","RED WOOLLY HOTTIE WHITE HEART","4","2011-03-09 10:06:00","3.88","15311.0","Spain","EMEA"
"538726","20685","DOORMAT RED RETROSPOT","8","2011-03-09 10:06:00","7.23","15311.0","Spain","EMEA"
"538727","71053","WHITE METAL LANTERN","6","2011-03-09 11:32:00","3.75","17809.0","France","EMEA"
"538727","22633","HAND WARMER UNION JACK","5","2011-03-09 11:32:00","2.3","17809.0","France","EMEA"
"538727","20685","DOORMAT RED RETROSPOT","3","2011-03-09 11:32:00","7.45","17809.0","France","EMEA"
"538728","22752","SET 7 BABUSHKA NESTING BOXES","4","2011-03-21 15:22:00","8.02","17809.0","Canada","AMER"
"538728","22632","HAND WARMER RED POLKA DOT","4","2011-03-21 15:22:00","1.97","17809.0","Canada","AMER"
"538728","21730","GLASS STAR FROSTED T-LIGHT HOLDER","6","2011-03-21 15:22:00","4.57","17809.0","Canada","AMER"
"538729","22633","HAND WARMER UNION JACK","11","2011-04-20 08:57:00","2.25","15311.0","Germany","EMEA"
"538729","84029E","RED WOOLLY HOTTIE WHITE HEART","4","2011-04-20 08:57:00","3.37","15311.0","Germany","EMEA"
"538730","84406B","CREAM CUPID HEARTS COAT HANGER","3","2011-04-14 08:11:00","2.72","12583.0","Canada","AMER"
"538730","84406B","CREAM CUPID HEARTS COAT HANGER","4","2011-04-14 08:11:00","3.06","12583.0","Canada","AMER"
"538731","22632","HAND WARMER RED POLKA DOT","9","2011-03-10 10:33:00","2.11","15311.0","United Kingdom","EMEA"
"538731","22633","HAND WARMER UNION JACK","1","2011-03-10 10:33:00","2.16","15311.0","United Kingdom","EMEA"
"538732","85123A","WHITE HANGING HEART T-LIGHT HOLDER","7","2011-03-04 13:08:00","2.96","17850.0","Belgium","EMEA"
"538732","71053","WHITE METAL LANTERN","1","2011-03-04 13:08:00","3.74","17850.0","Belgium","EMEA"
"538732","22632","HAND WARMER RED POLKA DOT","5","2011-03-04 13:08:00","1.82","17850.0","Belgium","EMEA"
"538733","85099B","JUMBO BAG RED RETROSPOT","11","2011-04-28 15:30:00","1.83","16029.0","Belgium","EMEA"
"538734","85099B","JUMBO BAG RED RETROSPOT","11","2011-04-05 14:12:00","1.84","15311.0","France","EMEA"
"538735","22632","HAND WARMER RED POLKA DOT","6","2011-03-10 09:28:00","2.18","14606.0","Belgium","EMEA"
"538736","20685","DOORMAT RED RETROSPOT","11","2011-04-24 10:32:00","7.54","12583.0","Australia","APAC"
"538736","20685","DOORMAT RED RETROSPOT","5","2011-04-24 10:32:00","7.4","12583.0","Australia","APAC"
"538736","84029G","KNITTED UNION FLAG HOT WATER BOTTLE","7","2011-04-24 10:32:00","3.65","12583.0","Australia","APAC"
"538737","85123A","WHITE HANGING HEART T-LIGHT HOLDER","11","2011-04-17 11:35:00","2.77","12583.0","Spain","EMEA"
"538737","47566","PARTY BUNTING","2","2011-04-17 11:35:00","5.2","12583.0","Spain","EMEA"
"538738","22633","HAND WARMER UNION JACK","5","2011-04-06 16:06:00","1.94","17850.0","USA","AMER"
"538739","84029G","KNITTED UNION FLAG HOT WATER BOTTLE","8","2011-04-19 13:40:00","3.81","13777.0","France","EMEA"
"538739","85123A","WHITE HANGING HEART T-LIGHT HOLDER","5","2011-04-19 13:40:00","3.01","13777.0","France","EMEA"
"538739","85123A","WHITE HANGING HEART T-LIGHT HOLDER","3","2011-04-19 13:40:00","2.89","13777.0","France","EMEA"
"538740","71053","WHITE METAL LANTERN","2","2011-04-05 14:18:00","3.53","12583.0","Belgium","EMEA"
"538741","22632","HAND WARMER RED POLKA DOT","10","2011-03-31 08:15:00","1.89","13777.0","France","EMEA"
"538741","20685","DOORMAT RED RETROSPOT","2","2011-03-31 08:15:00","7.38","13777.0","France","EMEA"
"538741","20685","DOORMAT RED RETROSPOT","11","2011-03-31 08:15:00","7.52","13777.0","France","EMEA"
"538742","20685","DOORMAT RED RETROSPOT","6","2011-03-02 11:27:00","7.25","16029.0","Spain","EMEA"
"538742","21730","GLASS STAR FROSTED T-LIGHT HOLDER","9","2011-03-02 11:27:00","4.46","16029.0","Spain","EMEA"
"538743","47566","PARTY BUNTING","1","2011-04-11 11:04:00","4.9","16029.0","France","EMEA"
"538743","71053","WHITE METAL LANTERN","9","2011-04-11 11:04:00","3.5","16029.0","France","EMEA"
"538744","84029E","RED WOOLLY HOTTIE WHITE HEART","5","2011-03-24 15:48:00","3.6","17850.0","Spain","EMEA"
"538744","85123A","WHITE HANGING HEART T-LIGHT HOLDER","4","2011-03-24 15:48:00","2.99","17850.0","Spain","EMEA"
"538745","84029E","RED WOOLLY HOTTIE WHITE HEART","10","2011-03-31 12:30:00","3.82","13047.0","Australia","APAC"
"538746","22632","HAND WARMER RED POLKA DOT","6","2011-03-12 11:09:00","1.87","16029.0","Australia","APAC"
"538747","20685","DOORMAT RED RETROSPOT","6","2011-03-10 11:01:00","7.44","14096.0","EIRE","EMEA"
"538747","21730","GLASS STAR FROSTED T-LIGHT HOLDER","3","2011-03-10 11:01:00","4.71","14096.0","EIRE","EMEA"
"538748","21730","GLASS STAR FROSTED T-LIGHT HOLDER","10","2011-03-11 14:58:00","4.3","13777.0","United Kingdom","EMEA"
"538748","22632","HAND WARMER RED POLKA DOT","12","2011-03-11 14:58:00","1.97","13777.0","United Kingdom","EMEA"
"538748","22632","HAND WARMER RED POLKA DOT","6","2011-03-11 14:58:00","1.85","13777.0","United Kingdom","EMEA"
"538749","84029G","KNITTED UNION FLAG HOT WATER BOTTLE","10","2011-03-28 10:23:00","3.5","15291.0","Germany","EMEA"
"538749","21730","GLASS STAR FROSTED T-LIGHT HOLDER","4","2011-03-28 10:23:00","4.5","15291.0","Germany","EMEA"
"538749","85099B","JUMBO BAG RED RETROSPOT","9","2011-03-28 10:23:00","1.85","15291.0","Germany","EMEA"
"538750","85123A","WHITE HANGING HEART T-LIGHT HOLDER","10","2011-03-14 12:37:00","2.95","14606.0","France","EMEA"
"538751","84029G","KNITTED UNION FLAG HOT WATER BOTTLE","5","2011-03-25 10:26:00","3.44","12583.0","Spain","EMEA"
"538752","85123A","WHITE HANGING HEART T-LIGHT HOLDER","6","2011-03-17 09:58:00","3.05","17850.0","EIRE","EMEA"
"538752","22752","SET 7 BABUSHKA NESTING BOXES","11","2011-03-17 09:58:00","8.07","17850.0","EIRE","EMEA"
"538752","22632","HAND WARMER RED POLKA DOT","10","2011-03-17 09:58:00","1.98","17850.0","EIRE","EMEA"
"538753","84406B","CREAM CUPID HEARTS COAT HANGER","9","2011-04-10 15:31:00","2.88","15311.0","Canada","AMER"
"538754","22633","HAND WARMER UNION JACK","4","2011-03-26 16:01:00","1.94","14096.0","Netherlands","EMEA"
"538754","20685","DOORMAT RED RETROSPOT","12","2011-03-26 16:01:00","7.43","14096.0","Netherlands","EMEA"
"538755","22632","HAND WARMER RED POLKA DOT","1","2011-03-30 09:29:00","1.99","17850.0","Germany","EMEA"
"538755","22752","SET 7 BABUSHKA NESTING BOXES","6","2011-03-30 09:29:00","8.06","17850.0","Germany","EMEA"
"538756","84029G","KNITTED UNION FLAG HOT WATER BOTTLE","2","2011-03-31 10:08:00","3.45","14606.0","Belgium","EMEA"
"538757","22633","HAND WARMER UNION JACK","7","2011-03-03 10:00:00","1.96","12583.0","Spain","EMEA"
"538757","22633","HAND WARMER UNION JACK","10","2011-03-03 10:00:00","2.01","12583.0","Spain","EMEA"
"538758","84029G","KNITTED UNION FLAG HOT WATER BOTTLE","5","2011-04-03 09:44:00","3.43","17809.0","Australia","APAC"
"538758","84029E","RED WOOLLY HOTTIE WHITE HEART","12","2011-04-03 09:44:00","3.45","17809.0","Australia","APAC"
"538759","20685","DOORMAT RED RETROSPOT","10","2011-03-15 14:45:00","7.21","12583.0","Belgium","EMEA"
"538759","85099B","JUMBO BAG RED RETROSPOT","4","2011-03-15 14:45:00","1.82","12583.0","Belgium","EMEA"
"538760","47566","PARTY BUNTING","8","2011-03-01 12:22:00","5.15","12583.0","Germany","EMEA"
"538760","21730","GLASS STAR FROSTED T-LIGHT HOLDER","8","2011-03-01 12:22:00","4.66","12583.0","Germany","EMEA"
"538761","85123A","WHITE HANGING HEART T-LIGHT HOLDER","7","2011-03-17 13:58:00","2.92","17850.0","Spain","EMEA"
"538761","85099B","JUMBO BAG RED RETROSPOT","10","2011-03-17 13:58:00","1.65","17850.0","Spain","EMEA"
"538761","71053","WHITE METAL LANTERN","12","2011-03-17 13:58:00","3.86","17850.0","Spain","EMEA"
"538762","22752","SET 7 BABUSHKA NESTING BOXES","3","2011-03-23 13:27:00","7.92","13047.0","Germany","EMEA"
"538762","84406B","CREAM CUPID HEARTS COAT HANGER","8","2011-03-23 13:27:00","3.05","13047.0","Germany","EMEA"
"538762","71053","WHITE METAL LANTERN","11","2011-03-23 13:27:00","3.4","13047.0","Germany","EMEA"
"538763","22633","HAND WARMER UNION JACK","8","2011-03-01 12:27:00","2.3","15291.0","Spain","EMEA"
"538764","20685","DOORMAT RED RETROSPOT","1","2011-03-16 13:50:00","7.07","15291.0","EIRE","EMEA"
"538765","21730","GLASS STAR FROSTED T-LIGHT HOLDER","4","2011-04-12 10:43:00","4.66","14096.0","USA","AMER"
"538765","71053","WHITE METAL LANTERN","5","2011-04-12 10:43:00","3.84","14096.0","USA","AMER"
"538766","22752","SET 7 BABUSHKA NESTING BOXES","2","2011-03-13 15:33:00","7.73","17850.0","Netherlands","EMEA"
"538767","47566","PARTY BUNTING","1","2011-04-23 09:04:00","5.08","17850.0","France","EMEA"
"538768","85099B","JUMBO BAG RED RETROSPOT","4","2011-04-04 13:11:00","1.82","14096.0","EIRE","EMEA"
"538768","85099B","JUMBO BAG RED RETROSPOT","5","2011-04-04 13:11:00","2.11","14096.0","EIRE","EMEA"
"538769","22632","HAND WARMER RED POLKA DOT","12","2011-03-08 13:21:00","1.92","13047.0","Belgium","EMEA"
"538769","85099B","JUMBO BAG RED RETROSPOT","8","2011-03-08 13:21:00","2.01","13047.0","Belgium","EMEA"
"538770","71053","WHITE METAL LANTERN","1","2011-03-01 16:07:00","3.5","17850.0","Spain","EMEA"
"538770","84406B","CREAM CUPID HEARTS COAT HANGER","2","2011-03-01 16:07:00","2.75","17850.0","Spain","EMEA"
"538770","85123A","WHITE HANGING HEART T-LIGHT HOLDER","11","2011-03-01 16:07:00","2.99","17850.0","Spain","EMEA"
"538771","71053","WHITE METAL LANTERN","10","2011-04-03 14:44:00","3.61","13777.0","Belgium","EMEA"
"538771","21730","GLASS STAR FROSTED T-LIGHT HOLDER","5","2011-04-03 14:44:00","4.36","13777.0","Belgium","EMEA"
"538772","71053","WHITE METAL LANTERN","1","2011-03-30 11:13:00","3.77","15311.0","USA","AMER"
"538773","71053","WHITE METAL LANTERN","1","2011-03-26 08:12:00","3.57","13777.0","Spain","EMEA"
"538773","22633","HAND WARMER UNION JACK","4","2011-03-26 08:12:00","2.14","13777.0","Spain","EMEA"
"538773","84029G","KNITTED UNION FLAG HOT WATER BOTTLE","4","2011-03-26 08:12:00","3.64","13777.0","Spain","EMEA"
"538774","84406B","CREAM CUPID HEARTS COAT HANGER","8","2011-04-27 12:05:00","3.12","14606.0","Germany","EMEA"
"538774","22752","SET 7 BABUSHKA NESTING BOXES","8","2011-04-27 12:05:00","8.04","14606.0","Germany","EMEA"
"538775","84406B","CREAM CUPID HEARTS COAT HANGER","1","2011-03-01 10:29:00","3.02","15291.0","USA","AMER"
"538775","85099B","JUMBO BAG RED RETROSPOT","4","2011-03-01 10:29:00","1.75","15291.0","USA","AMER"
"538775","22752","SET 7 BABUSHKA NESTING BOXES","2","2011-03-01 10:29:00","7.64","15291.0","USA","AMER"
"538776","84029E","RED WOOLLY HOTTIE WHITE HEART","12","2011-04-23 13:21:00","3.53","13777.0","USA","AMER"
"538776","20685","DOORMAT RED RETROSPOT","1","2011-04-23 13:21:00","6.99","13777.0","USA","AMER"
"538776","22633","HAND WARMER UNION JACK","6","2011-04-23 13:21:00","2.16","13777.0","USA","AMER"
"538777","22632","HAND WARMER RED POLKA DOT","8","2011-03-09 16:01:00","1.77","13047.0","United Kingdom","EMEA"
"538777","84029E","RED WOOLLY HOTTIE WHITE HEART","2","2011-03-09 16:01:00","3.85","13047.0","United Kingdom","EMEA"
"538778","85123A","WHITE HANGING HEART T-LIGHT HOLDER","2","2011-04-04 14:04:00","2.46","15311.0","Belgium","EMEA"
"538779","85099B","JUMBO BAG RED RETROSPOT","11","2011-03-24 11:21:00","1.63","13047.0","United Kingdom","EMEA"
"538780","85123A","WHITE HANGING HEART T-LIGHT HOLDER","9","2011-03-03 13:26:00","2.77","17850.0","USA","AMER"
"538780","84029G","KNITTED UNION FLAG HOT WATER BOTTLE","9","2011-03-03 13:26:00","3.86","17850.0","USA","AMER"
"538781","22632","HAND WARMER RED POLKA DOT","5","2011-03-25 10:55:00","2.24","16029.0","Germany","EMEA"
"538781","47566","PARTY BUNTING","5","2011-03-25 10:55:00","5.01","16029.0","Germany","EMEA"
"538782","47566","PARTY BUNTING","3","2011-03-02 13:31:00","5.0","16029.0","Belgium","EMEA"
"538782","85099B","JUMBO BAG RED RETROSPOT","12","2011-03-02 13:31:00","1.59","16029.0","Belgium","EMEA"
"538783","20685","DOORMAT RED RETROSPOT","9","2011-03-21 15:26:00","7.51","16029.0","EIRE","EMEA"
"538783","22752","SET 7 BABUSHKA NESTING BOXES","4","2011-03-21 15:26:00","7.87","16029.0","EIRE","EMEA"
"538783","84029G","KNITTED UNION FLAG HOT WATER BOTTLE","4","2011-03-21 15:26:00","3.49","16029.0","EIRE","EMEA"
"538784","22633","HAND WARMER UNION JACK","9","2011-04-08 13:05:00","1.99","13047.0","Spain","EMEA"
"538785","22632","HAND WARMER RED POLKA DOT","7","2011-04-29 10:29:00","2.12","16029.0","USA","AMER"
"538786","47566","PARTY BUNTING","7","2011-04-02 15:46:00","5.38","14096.0","Netherlands","EMEA"
"538786","22633","HAND WARMER UNION JACK","12","2011-04-02 15:46:00","1.87","14096.0","Netherlands","EMEA"
"538786","20685","DOORMAT RED RETROSPOT","10","2011-04-02 15:46:00","7.42","14096.0","Netherlands","EMEA"
"538787","85123A","WHITE HANGING HEART T-LIGHT HOLDER","12","2011-04-04 16:51:00","3.02","14096.0","Netherlands","EMEA"
"538787","22752","SET 7 BABUSHKA NESTING BOXES","12","2011-04-04 16:51:00","7.96","14096.0","Netherlands","EMEA"
"538787","85099B","JUMBO BAG RED RETROSPOT","7","2011-04-04 16:51:00","1.81","14096.0","Netherlands","EMEA"
"538788","85099B","JUMBO BAG RED RETROSPOT","11","2011-04-24 11:44:00","1.73","14096.0","Germany","EMEA"
"538789","22632","HAND WARMER RED POLKA DOT","1","2011-04-17 12:55:00","1.82","14096.0","USA","AMER"
"538789","22752","SET 7 BABUSHKA NESTING BOXES","2","2011-04-17 12:55:00","7.94","14096.0","USA","AMER"
"538790","84029E","RED WOOLLY HOTTIE WHITE HEART","2","2011-04-12 14:59:00","3.73","12583.0","Spain","EMEA"
"538790","84406B","CREAM CUPID HEARTS COAT HANGER","3","2011-04-12 14:59:00","3.14","12583.0","Spain","EMEA"
"538790","85123A","WHITE HANGING HEART T-LIGHT HOLDER","6","2011-04-12 14:59:00","2.77","12583.0","Spain","EMEA"
"538791","22632","HAND WARMER RED POLKA DOT","9","2011-04-10 15:49:00","1.76","17809.0","Canada","AMER"
"538791","22632","HAND WARMER RED POLKA DOT","4","2011-04-10 15:49:00","1.96","17809.0","Canada","AMER"
"538792","22633","HAND WARMER UNION JACK","7","2011-03-16 16:11:00","2.33","13777.0","France","EMEA"
"538792","85123A","WHITE HANGING HEART T-LIGHT HOLDER","7","2011-03-16 16:11:00","2.88","13777.0","France","EMEA"
"538793","47566","PARTY BUNTING","2","2011-03-10 13:00:00","5.37","14096.0","United Kingdom","EMEA"
"538793","22633","HAND WARMER UNION JACK","12","2011-03-10 13:00:00","2.14","14096.0","United Kingdom","EMEA"
"538794","85123A","WHITE HANGING HEART T-LIGHT HOLDER","10","2011-03-07 16:45:00","2.93","13047.0","Belgium","EMEA"
"538795","84406B","CREAM CUPID HEARTS COAT HANGER","4","2011-04-11 11:46:00","2.73","14096.0","United Kingdom","EMEA"
"538795","84029G","KNITTED UNION FLAG HOT WATER BOTTLE","7","2011-04-11 11:46:00","3.58","14096.0","United Kingdom","EMEA"
"538796","85123A","WHITE HANGING HEART T-LIGHT HOLDER","2","2011-04-13 12:46:00","2.9","17809.0","Belgium","EMEA"
"538797","84406B","CREAM CUPID HEARTS COAT HANGER","1","2011-03-08 09:05:00","3.16","15311.0","Australia","APAC"
"538797","84406B","CREAM CUPID HEARTS COAT HANGER","8","2011-03-08 09:05:00","2.75","15311.0","Australia","APAC"
"538797","71053","WHITE METAL LANTERN","7","2011-03-08 09:05:00","3.44","15311.0","Australia","APAC"
"538798","47566","PARTY BUNTING","4","2011-04-12 09:39:00","5.45","14606.0","Australia","APAC"
"538799","85123A","WHITE HANGING HEART T-LIGHT HOLDER","10","2011-03-16 11:17:00","2.88","13777.0","France","EMEA"
"538799","22632","HAND WARMER RED POLKA DOT","7","2011-03-16 11:17:00","1.9","13777.0","France","EMEA"
"538799","84029E","RED WOOLLY HOTTIE WHITE HEART","7","2011-03-16 11:17:00","3.64","13777.0","France","EMEA"
"538800","84029E","RED WOOLLY HOTTIE WHITE HEART","3","2011-04-19 14:08:00","3.64","14096.0","France","EMEA"
"538801","85123A","WHITE HANGING HEART T-LIGHT HOLDER","8","2011-04-22 11:37:00","2.62","14096.0","Belgium","EMEA"
"538801","85099B","JUMBO BAG RED RETROSPOT","7","2011-04-22 11:37:00","1.8","14096.0","Belgium","EMEA"
"538801","84029G","KNITTED UNION FLAG HOT WATER BOTTLE","9","2011-04-22 11:37:00","3.85","14096.0","Belgium","EMEA"
"538802","85123A","WHITE HANGING HEART T-LIGHT HOLDER","1","2011-03-10 16:56:00","2.56","12583.0","Germany","EMEA"
"538802","84029G","KNITTED UNION FLAG HOT WATER BOTTLE","11","2011-03-10 16:56:00","3.57","12583.0","Germany","EMEA"
"538802","85099B","JUMBO BAG RED RETROSPOT","11","2011-03-10 16:56:00","1.99","12583.0","Germany","EMEA"
"538803","84029E","RED WOOLLY HOTTIE WHITE HEART","2","2011-04-21 11:04:00","3.56","16029.0","United Kingdom","EMEA"
"538803","84029G","KNITTED UNION FLAG HOT WATER BOTTLE","12","2011-04-21 11:04:00","3.81","16029.0","United Kingdom","EMEA"
"538804","22632","HAND WARMER RED POLKA DOT","2","2011-03-15 11:12:00","2.08","12583.0","Germany","EMEA"
"538804","84029E","RED WOOLLY HOTTIE WHITE HEART","6","2011-03-15 11:12:00","3.89","12583.0","Germany","EMEA"
"538805","85099B","JUMBO BAG RED RETROSPOT","6","2011-03-23 09:44:00","1.64","13777.0","Canada","AMER"
"538805","22632","HAND WARMER RED POLKA DOT","11","2011-03-23 09:44:00","1.95","13777.0","Canada","AMER"
"538806","21730","GLASS STAR FROSTED T-LIGHT HOLDER","8","2011-03-23 08:50:00","4.58","12583.0","Australia","APAC"
"538806","84029G","KNITTED UNION FLAG HOT WATER BOTTLE","3","2011-03-23 08:50:00","3.37","12583.0","Australia","APAC"
"538806","85099B","JUMBO BAG RED RETROSPOT","4","2011-03-23 08:50:00","1.82","12583.0","Australia","APAC"
"538807","84029G","KNITTED UNION FLAG HOT WATER BOTTLE","5","2011-03-02 11:06:00","3.85","16029.0","United Kingdom","EMEA"
"538807","84029E","RED WOOLLY HOTTIE WHITE HEART","5","2011-03-02 11:06:00","3.84","16029.0","United Kingdom","EMEA"
"538807","47566","PARTY BUNTING","1","2011-03-02 11:06:00","5.27","16029.0","United Kingdom","EMEA"
"538808","84029G","KNITTED UNION FLAG HOT WATER BOTTLE","4","2011-04-06 13:35:00","3.71","15311.0","EIRE","EMEA"
"538808","85099B","JUMBO BAG RED RETROSPOT","7","2011-04-06 13:35:00","1.77","15311.0","EIRE","EMEA"
"538809","22632","HAND WARMER RED POLKA DOT","5","2011-03-12 16:04:00","2.14","13047.0","United Kingdom","EMEA"
"538809","22632","HAND WARMER RED POLKA DOT","10","2011-03-12 16:04:00","1.88","13047.0","United Kingdom","EMEA"
"538809","21730","GLASS STAR FROSTED T-LIGHT HOLDER","5","2011-03-12 16:04:00","4.35","13047.0","United Kingdom","EMEA"
"538810","22633","HAND WARMER UNION JACK","10","2011-04-18 08:24:00","2.11","17850.0","EIRE","EMEA"
"538811","85123A","WHITE HANGING HEART T-LIGHT HOLDER","7","2011-03-27 16:47:00","2.83","14606.0","EIRE","EMEA"
"538811","85123A","WHITE HANGING HEART T-LIGHT HOLDER","7","2011-03-27 16:47:00","2.66","14606.0","EIRE","EMEA"
"538811","71053","WHITE METAL LANTERN","3","2011-03-27 16:47:00","3.36","14606.0","EIRE","EMEA"
"538812","84406B","CREAM CUPID HEARTS COAT HANGER","4","2011-03-09 14:31:00","2.83","13777.0","Spain","EMEA"
"538812","85123A","WHITE HANGING HEART T-LIGHT HOLDER","7","2011-03-09 14:31:00","2.77","13777.0","Spain","EMEA"
"538813","22752","SET 7 BABUSHKA NESTING BOXES","11","2011-03-10 15:49:00","7.67","13777.0","Australia","APAC"
"538813","21730","GLASS STAR FROSTED T-LIGHT HOLDER","7","2011-03-10 15:49:00","4.48","13777.0","Australia","APAC"
"538813","20685","DOORMAT RED RETROSPOT","8","2011-03-10 15:49:00","7.4","13777.0","Australia","APAC"
"538814","22632","HAND WARMER RED POLKA DOT","1","2011-04-11 10:06:00","2.19","14606.0","EIRE","EMEA"
"538814","22632","HAND WARMER RED POLKA DOT","10","2011-04-11 10:06:00","2.16","14606.0","EIRE","EMEA"
"538815","84029G","KNITTED UNION FLAG HOT WATER BOTTLE","12","2011-04-28 16:08:00","3.59","14096.0","Germany","EMEA"
"538816","85099B","JUMBO BAG RED RETROSPOT","11","2011-04-15 12:08:00","2.1","15311.0","Netherlands","EMEA"
"538816","22752","SET 7 BABUSHKA NESTING BOXES","7","2011-04-15 12:08:00","7.79","15311.0","Netherlands","EMEA"
"538816","85123A","WHITE HANGING HEART T-LIGHT HOLDER","8","2011-04-15 12:08:00","2.58","15311.0","Netherlands","EMEA"
"538817","22752","SET 7 BABUSHKA NESTING BOXES","3","2011-03-29 13:24:00","7.92","14096.0","France","EMEA"
"538817","85099B","JUMBO BAG RED RETROSPOT","12","2011-03-29 13:24:00","1.87","14096.0","France","EMEA"
"538818","84029G","KNITTED UNION FLAG HOT WATER BOTTLE","7","2011-04-11 08:51:00","3.36","15311.0","Netherlands","EMEA"
"538819","20685","DOORMAT RED RETROSPOT","6","2011-04-30 08:52:00","7.05","14096.0","Spain","EMEA"
"538820","85123A","WHITE HANGING HEART T-LIGHT HOLDER","10","2011-04-15 13:00:00","2.93","16029.0","Germany","EMEA"
"538821","21730","GLASS STAR FROSTED T-LIGHT HOLDER","3","2011-03-26 12:55:00","4.42","12583.0","Australia","APAC"
"538821","21730","GLASS STAR FROSTED T-LIGHT HOLDER","8","2011-03-26 12:55:00","4.36","12583.0","Australia","APAC"
"538821","84406B","CREAM CUPID HEARTS COAT HANGER","1","2011-03-26 12:55:00","2.87","12583.0","Australia","APAC"
"538822","22633","HAND WARMER UNION JACK","12","2011-03-06 13:53:00","1.84","14606.0","Netherlands","EMEA"
"538823","22633","HAND WARMER UNION JACK","5","2011-03-12 12:50:00","1.84","14606.0","Australia","APAC"
"538823","22752","SET 7 BABUSHKA NESTING BOXES","9","2011-03-12 12:50:00","7.9","14606.0","Australia","APAC"
"538823","47566","PARTY BUNTING","10","2011-03-12 12:50:00","5.27","14606.0","Australia","APAC"
"538824","47566","PARTY BUNTING","9","2011-03-28 13:05:00","5.03","14606.0","Australia","APAC"
"538824","85099B","JUMBO BAG RED RETROSPOT","6","2011-03-28 13:05:00","1.78","14606.0","Australia","APAC"
"538824","20685","DOORMAT RED RETROSPOT","2","2011-03-28 13:05:00","7.45","14606.0","Australia","APAC"
"538825","22632","HAND WARMER RED POLKA DOT","9","2011-04-11 16:42:00","2.1","12583.0","EIRE","EMEA"
"538826","47566","PARTY BUNTING","5","2011-03-31 16:53:00","4.91","16029.0","USA","AMER"
"538826","22633","HAND WARMER UNION JACK","3","2011-03-31 16:53:00","2.01","16029.0","USA","AMER"
"538827","22632","HAND WARMER RED POLKA DOT","1","2011-04-03 16:08:00","2.16","12583.0","Netherlands","EMEA"
"538828","85099B","JUMBO BAG RED RETROSPOT","12","2011-03-07 12:12:00","1.57","15311.0","France","EMEA"
"538828","84406B","CREAM CUPID HEARTS COAT HANGER","6","2011-03-07 12:12:00","2.74","15311.0","France","EMEA"
"538828","85123A","WHITE HANGING HEART T-LIGHT HOLDER","11","2011-03-07 12:12:00","2.53","15311.0","France","EMEA"
"538829","85099B","JUMBO BAG RED RETROSPOT","7","2011-03-02 12:10:00","1.89","16029.0","USA","AMER"
"538829","22632","HAND WARMER RED POLKA DOT","1","2011-03-02 12:10:00","2.08","16029.0","USA","AMER"
"538829","22632","HAND WARMER RED POLKA DOT","3","2011-03-02 12:10:00","2.28","16029.0","USA","AMER"
"538830","47566","PARTY BUNTING","8","2011-04-01 08:37:00","5.38","14096.0","Spain","EMEA"
"538831","21730","GLASS STAR FROSTED T-LIGHT HOLDER","2","2011-04-18 14:04:00","4.3","17850.0","Netherlands","EMEA"
"538831","85099B","JUMBO BAG RED RETROSPOT","3","2011-04-18 14:04:00","2.11","17850.0","Netherlands","EMEA"
"538831","22633","HAND WARMER UNION JACK","9","2011-04-18 14:04:00","2.07","17850.0","Netherlands","EMEA"
"538832","85099B","JUMBO BAG RED RETROSPOT","3","2011-04-13 09:27:00","1.79","15291.0","USA","AMER"
"538832","21730","GLASS STAR FROSTED T-LIGHT HOLDER","10","2011-04-13 09:27:00","4.45","15291.0","USA","AMER"
"538832","84029E","RED WOOLLY HOTTIE WHITE HEART","3","2011-04-13 09:27:00","3.39","15291.0","USA","AMER"
"538833","84029E","RED WOOLLY HOTTIE WHITE HEART","7","2011-04-29 12:19:00","3.33","15291.0","EIRE","EMEA"
"538834","20685","DOORMAT RED RETROSPOT","8","2011-03-20 13:59:00","7.47","17809.0","Canada","AMER"
"538834","85099B","JUMBO BAG RED RETROSPOT","2","2011-03-20 13:59:00","1.81","17809.0","Canada","AMER"
"538835","20685","DOORMAT RED RETROSPOT","5","2011-04-30 12:41:00","7.37","16029.0","Spain","EMEA"
"538836","22752","SET 7 BABUSHKA NESTING BOXES","2","2011-03-25 09:16:00","7.96","15311.0","Netherlands","EMEA"
"538837","71053","WHITE METAL LANTERN","11","2011-03-05 11:09:00","3.61","15311.0","USA","AMER"
"538837","20685","DOORMAT RED RETROSPOT","7","2011-03-05 11:09:00","7.46","15311.0","USA","AMER"
"538837","85123A","WHITE HANGING HEART T-LIGHT HOLDER","5","2011-03-05 11:09:00","2.95","15311.0","USA","AMER"
"538838","85123A","WHITE HANGING HEART T-LIGHT HOLDER","8","2011-04-23 09:00:00","2.53","14096.0","Netherlands","EMEA"
"538839","21730","GLASS STAR FROSTED T-LIGHT HOLDER","5","2011-04-02 13:04:00","4.75","14096.0","Australia","APAC"
"538840","22632","HAND WARMER RED POLKA DOT","12","2011-03-03 08:21:00","2.33","14606.0","Belgium","EMEA"
"538841","84406B","CREAM CUPID HEARTS COAT HANGER","8","2011-03-07 10:32:00","3.12","17809.0","Spain","EMEA"
"538841","84406B","CREAM CUPID HEARTS COAT HANGER","10","2011-03-07 10:32:00","2.81","17809.0","Spain","EMEA"
"538842","21730","GLASS STAR FROSTED T-LIGHT HOLDER","7","2011-04-04 09:07:00","4.63","16029.0","USA","AMER"
"538843","20685","DOORMAT RED RETROSPOT","4","2011-03-11 12:33:00","7.46","13777.0","Canada","AMER"
"538843","22752","SET 7 BABUSHKA NESTING BOXES","10","2011-03-11 12:33:00","7.74","13777.0","Canada","AMER"
"538844","84029G","KNITTED UNION FLAG HOT WATER BOTTLE","4","2011-04-09 09:48:00","3.84","17809.0","USA","AMER"
"538844","22752","SET 7 BABUSHKA NESTING BOXES","10","2011-04-09 09:48:00","7.9","17809.0","USA","AMER"
"538845","84029G","KNITTED UNION FLAG HOT WATER BOTTLE","9","2011-03-24 16:11:00","3.61","14606.0","EIRE","EMEA"
"538846","20685","DOORMAT RED RETROSPOT","8","2011-03-26 12:24:00","7.44","13047.0","Australia","APAC"
"538846","21730","GLASS STAR FROSTED T-LIGHT HOLDER","9","2011-03-26 12:24:00","4.68","13047.0","Australia","APAC"
"538846","47566","PARTY BUNTING","11","2011-03-26 12:24:00","5.3","13047.0","Australia","APAC"
"538847","22632","HAND WARMER RED POLKA DOT","1","2011-04-11 15:26:00","2.03","14606.0","France","EMEA"
"538847","22752","SET 7 BABUSHKA NESTING BOXES","8","2011-04-11 15:26:00","7.95","14606.0","France","EMEA"
"538847","22633","HAND WARMER UNION JACK","6","2011-04-11 15:26:00","2.26","14606.0","France","EMEA"
"538848","84029G","KNITTED UNION FLAG HOT WATER BOTTLE","7","2011-03-21 12:26:00","3.59","13047.0","EIRE","EMEA"
"538849","85123A","WHITE HANGING HEART T-LIGHT HOLDER","7","2011-03-14 14:52:00","2.54","13047.0","France","EMEA"
"538849","84029E","RED WOOLLY HOTTIE WHITE HEART","12","2011-03-14 14:52:00","3.64","13047.0","France","EMEA"
"538850","84029E","RED WOOLLY HOTTIE WHITE HEART","6","2011-04-20 15:08:00","3.48","12583.0","Australia","APAC"
"538850","22633","HAND WARMER UNION JACK","7","2011-04-20 15:08:00","2.11","12583.0","Australia","APAC"
"538851","47566","PARTY BUNTING","5","2011-03-21 09:06:00","5.17","13777.0","USA","AMER"
"538851","84029G","KNITTED UNION FLAG HOT WATER BOTTLE","11","2011-03-21 09:06:00","3.41","13777.0","USA","AMER"
"538851","84029G","KNITTED UNION FLAG HOT WATER BOTTLE","7","2011-03-21 09:06:00","3.74","13777.0","USA","AMER"
"538852","71053","WHITE METAL LANTERN","5","2011-04-22 14:01:00","3.86","16029.0","Canada","AMER"
"538853","85099B","JUMBO BAG RED RETROSPOT","2","2011-04-13 15:31:00","1.9","17809.0","Germany","EMEA"
"538853","85099B","JUMBO BAG RED RETROSPOT","5","2011-04-13 15:31:00","1.75","17809.0","Germany","EMEA"
"538854","47566","PARTY BUNTING","8","2011-03-06 12:02:00","5.12","14096.0","Canada","AMER"
"538854","84029E","RED WOOLLY HOTTIE WHITE HEART","2","2011-03-06 12:02:00","3.84","14096.0","Canada","AMER"
"538855","85123A","WHITE HANGING HEART T-LIGHT HOLDER","6","2011-04-28 14:16:00","2.96","12583.0","Germany","EMEA"
"538855","84029G","KNITTED UNION FLAG HOT WATER BOTTLE","6","2011-04-28 14:16:00","3.37","12583.0","Germany","EMEA"
"538856","47566","PARTY BUNTING","12","2011-03-09 15:25:00","5.14","12583.0","EIRE","EMEA"
"538856","20685","DOORMAT RED RETROSPOT","11","2011-03-09 15:25:00","7.02","12583.0","EIRE","EMEA"
"538856","22633","HAND WARMER UNION JACK","3","2011-03-09 15:25:00","1.82","12583.0","EIRE","EMEA"
"538857","85099B","JUMBO BAG RED RETROSPOT","7","2011-04-22 11:08:00","1.61","17809.0","Spain","EMEA"
"538857","21730","GLASS STAR FROSTED T-LIGHT HOLDER","10","2011-04-22 11:08:00","4.2","17809.0","Spain","EMEA"
"538858","85099B","JUMBO BAG RED RETROSPOT","3","2011-03-15 12:22:00","1.65","16029.0","Canada","AMER"
"538858","20685","DOORMAT RED RETROSPOT","10","2011-03-15 12:22:00","7.46","16029.0","Canada","AMER"
"538859","22633","HAND WARMER UNION JACK","1","2011-03-21 12:54:00","1.78","17809.0","United Kingdom","EMEA"
"538859","21730","GLASS STAR FROSTED T-LIGHT HOLDER","9","2011-03-21 12:54:00","4.47","17809.0","United Kingdom","EMEA"
"538859","84029G","KNITTED UNION FLAG HOT WATER BOTTLE","12","2011-03-21 12:54:00","3.29","17809.0","United Kingdom","EMEA"
"538860","22752","SET 7 BABUSHKA NESTING BOXES","12","2011-04-11 10:01:00","7.8","14096.0","Canada","AMER"
"538861","47566","PARTY BUNTING","8","2011-04-24 12:03:00","5.09","14096.0","EIRE","EMEA"
"538862","22632","HAND WARMER RED POLKA DOT","9","2011-03-06 10:47:00","1.86","13777.0","France","EMEA"
"538862","21730","GLASS STAR FROSTED T-LIGHT HOLDER","4","2011-03-06 10:47:00","4.22","13777.0","France","EMEA"
"538862","20685","DOORMAT RED RETROSPOT","10","2011-03-06 10:47:00","7.22","13777.0","France","EMEA"
"538863","22633","HAND WARMER UNION JACK","8","2011-03-24 12:02:00","2.21","12583.0","Australia","APAC"
"538863","84029E","RED WOOLLY HOTTIE WHITE HEART","9","2011-03-24 12:02:00","3.85","12583.0","Australia","APAC"
"538863","22632","HAND WARMER RED POLKA DOT","12","2011-03-24 12:02:00","2.2","12583.0","Australia","APAC"
"538864","84029G","KNITTED UNION FLAG HOT WATER BOTTLE","3","2011-03-10 08:17:00","3.79","15291.0","Belgium","EMEA"
"538865","22633","HAND WARMER UNION JACK","8","2011-04-01 11:07:00","1.93","13777.0","France","EMEA"
"538866","22633","HAND WARMER UNION JACK","9","2011-04-08 12:12:00","2.16","15291.0","Australia","APAC"
"538867","22632","HAND WARMER RED POLKA DOT","2","2011-03-09 15:22:00","1.91","14606.0","France","EMEA"
"538867","20685","DOORMAT RED RETROSPOT","7","2011-03-09 15:22:00","7.18","14606.0","France","EMEA"
"538868","71053","WHITE METAL LANTERN","7","2011-03-01 13:13:00","3.82","15291.0","Netherlands","EMEA"
"538869","22632","HAND WARMER RED POLKA DOT","8","2011-04-09 12:35:00","1.95","17809.0","United Kingdom","EMEA"
"538869","20685","DOORMAT RED RETROSPOT","5","2011-04-09 12:35:00","7.0","17809.0","United Kingdom","EMEA"
"538870","21730","GLASS STAR FROSTED T-LIGHT HOLDER","9","2011-04-04 12:22:00","4.46","12583.0","EIRE","EMEA"
"538870","47566","PARTY BUNTING","4","2011-04-04 12:22:00","4.94","12583.0","EIRE","EMEA"
"538870","22632","HAND WARMER RED POLKA DOT","2","2011-04-04 12:22:00","2.13","12583.0","EIRE","EMEA"
"538871","22632","HAND WARMER RED POLKA DOT","2","2011-04-05 10:09:00","2.09","17850.0","Germany","EMEA"
"538871","85123A","WHITE HANGING HEART T-LIGHT HOLDER","4","2011-04-05 10:09:00","2.57","17850.0","Germany","EMEA"
"538872","21730","GLASS STAR FROSTED T-LIGHT HOLDER","8","2011-03-23 11:13:00","4.62","13777.0","Australia","APAC"
"538872","84029G","KNITTED UNION FLAG HOT WATER BOTTLE","6","2011-03-23 11:13:00","3.6","13777.0","Australia","APAC"
"538872","84029E","RED WOOLLY HOTTIE WHITE HEART","6","2011-03-23 11:13:00","3.45","13777.0","Australia","APAC"
"538873","84029G","KNITTED UNION FLAG HOT WATER BOTTLE","9","2011-04-01 16:06:00","3.7","14096.0","USA","AMER"
"538874","21730","GLASS STAR FROSTED T-LIGHT HOLDER","12","2011-04-25 09:39:00","4.45","13047.0","EIRE","EMEA"
"538875","22632","HAND WARMER RED POLKA DOT","12","2011-03-29 13:42:00","2.27","14606.0","Belgium","EMEA"
"538875","84029G","KNITTED UNION FLAG HOT WATER BOTTLE","4","2011-03-29 13:42:00","3.5","14606.0","Belgium","EMEA"
"538875","21730","GLASS STAR FROSTED T-LIGHT HOLDER","4","2011-03-29 13:42:00","4.46","14606.0","Belgium","EMEA"
"538876","85123A","WHITE HANGING HEART T-LIGHT HOLDER","7","2011-03-11 10:28:00","3.01","15291.0","France","EMEA"
"538876","85099B","JUMBO BAG RED RETROSPOT","10","2011-03-11 10:28:00","2.09","15291.0","France","EMEA"
"538876","22633","HAND WARMER UNION JACK","8","2011-03-11 10:28:00","2.04","15291.0","France","EMEA"
"538877","85123A","WHITE HANGING HEART T-LIGHT HOLDER","8","2011-03-12 16:20:00","2.95","14606.0","USA","AMER"
"538878","85099B","JUMBO BAG RED RETROSPOT","1","2011-03-28 16:05:00","1.98","15311.0","France","EMEA"
"538879","20685","DOORMAT RED RETROSPOT","1","2011-03-25 11:09:00","7.03","15311.0","Belgium","EMEA"
"538879","22752","SET 7 BABUSHKA NESTING BOXES","5","2011-03-25 11:09:00","7.78","15311.0","Belgium","EMEA"
"538880","84406B","CREAM CUPID HEARTS COAT HANGER","11","2011-04-16 09:46:00","2.76","14606.0","Germany","EMEA"
"538881","47566","PARTY BUNTING","5","2011-03-13 09:42:00","5.29","13777.0","Belgium","EMEA"
"538881","85099B","JUMBO BAG RED RETROSPOT","11","2011-03-13 09:42:00","1.9","13777.0","Belgium","EMEA"
"538881","84029E","RED WOOLLY HOTTIE WHITE HEART","10","2011-03-13 09:42:00","3.86","13777.0","Belgium","EMEA"
"538882","22632","HAND WARMER RED POLKA DOT","6","2011-04-13 09:07:00","2.17","17809.0","Belgium","EMEA"
"538882","22632","HAND WARMER RED POLKA DOT","1","2011-04-13 09:07:00","2.25","17809.0","Belgium","EMEA"
"538882","85123A","WHITE HANGING HEART T-LIGHT HOLDER","3","2011-04-13 09:07:00","2.84","17809.0","Belgium","EMEA"
"538883","47566","PARTY BUNTING","7","2011-03-07 16:00:00","4.89","12583.0","Netherlands","EMEA"
"538884","20685","DOORMAT RED RETROSPOT","5","2011-03-04 09:35:00","7.43","12583.0","Canada","AMER"
"538884","22752","SET 7 BABUSHKA NESTING BOXES","12","2011-03-04 09:35:00","7.98","12583.0","Canada","AMER"
"538885","21730","GLASS STAR FROSTED T-LIGHT HOLDER","6","2011-04-19 16:03:00","4.43","17850.0","EIRE","EMEA"
"538885","22633","HAND WARMER UNION JACK","4","2011-04-19 16:03:00","2.06","17850.0","EIRE","EMEA"
"538886","22752","SET 7 BABUSHKA NESTING BOXES","7","2011-04-05 12:54:00","7.67","17809.0","Belgium","EMEA"
"538887","22752","SET 7 BABUSHKA NESTING BOXES","4","2011-03-19 08:47:00","7.81","17809.0","Spain","EMEA"
"538887","21730","GLASS STAR FROSTED T-LIGHT HOLDER","6","2011-03-19 08:47:00","4.4","17809.0","Spain","EMEA"
"538887","71053","WHITE METAL LANTERN","6","2011-03-19 08:47:00","3.45","17809.0","Spain","EMEA"
"538888","84406B","CREAM CUPID HEARTS COAT HANGER","2","2011-04-19 13:43:00","2.92","15291.0","Canada","AMER"
"538889","84406B","CREAM CUPID HEARTS COAT HANGER","10","2011-03-28 10:59:00","2.76","16029.0","France","EMEA"
"538889","20685","DOORMAT RED RETROSPOT","11","2011-03-28 10:59:00","7.15","16029.0","France","EMEA"
"538890","21730","GLASS STAR FROSTED T-LIGHT HOLDER","2","2011-04-04 12:17:00","4.54","13047.0","Australia","APAC"
"538890","84029G","KNITTED UNION FLAG HOT WATER BOTTLE","3","2011-04-04 12:17:00","3.56","13047.0","Australia","APAC"
"538891","85099B","JUMBO BAG RED RETROSPOT","5","2011-03-26 14:28:00","1.93","13777.0","United Kingdom","EMEA"
"538892","85099B","JUMBO BAG RED RETROSPOT","11","2011-04-16 12:29:00","1.81","15291.0","Germany","EMEA"
"538893","22752","SET 7 BABUSHKA NESTING BOXES","10","2011-04-22 13:12:00","7.78","16029.0","Canada","AMER"
"538893","22633","HAND WARMER UNION JACK","2","2011-04-22 13:12:00","1.84","16029.0","Canada","AMER"
"538894","22752","SET 7 BABUSHKA NESTING BOXES","12","2011-04-12 15:24:00","7.64","14606.0","USA","AMER"
"538895","84029E","RED WOOLLY HOTTIE WHITE HEART","8","2011-03-12 10:43:00","3.36","14096.0","Netherlands","EMEA"
"538896","85099B","JUMBO BAG RED RETROSPOT","5","2011-04-03 09:51:00","1.93","15291.0","EIRE","EMEA"
"538897","22752","SET 7 BABUSHKA NESTING BOXES","11","2011-03-04 12:45:00","7.86","13047.0","Australia","APAC"
"538898","85123A","WHITE HANGING HEART T-LIGHT HOLDER","12","2011-03-26 08:56:00","2.72","16029.0","United Kingdom","EMEA"
"538898","85123A","WHITE HANGING HEART T-LIGHT HOLDER","8","2011-03-26 08:56:00","2.87","16029.0","United Kingdom","EMEA"
"538899","71053","WHITE METAL LANTERN","8","2011-04-19 10:10:00","3.59","17809.0","Australia","APAC"
"538899","21730","GLASS STAR FROSTED T-LIGHT HOLDER","7","2011-04-19 10:10:00","4.45","17809.0","Australia","APAC"
"538899","84029E","RED WOOLLY HOTTIE WHITE HEART","9","2011-04-19 10:10:00","3.33","17809.0","Australia","APAC"
"538900","84029G","KNITTED UNION FLAG HOT WATER BOTTLE","12","2011-04-15 09:25:00","3.69","17850.0","EIRE","EMEA"
"538900","21730","GLASS STAR FROSTED T-LIGHT HOLDER","9","2011-04-15 09:25:00","4.72","17850.0","EIRE","EMEA"
"538900","84029E","RED WOOLLY HOTTIE WHITE HEART","3","2011-04-15 09:25:00","3.81","17850.0","EIRE","EMEA"
"538901","47566","PARTY BUNTING","2","2011-03-28 09:35:00","5.43","15311.0","EIRE","EMEA"
"538901","22752","SET 7 BABUSHKA NESTING BOXES","6","2011-03-28 09:35:00","8.09","15311.0","EIRE","EMEA"
"538902","84406B","CREAM CUPID HEARTS COAT HANGER","9","2011-03-30 10:29:00","2.95","17809.0","Belgium","EMEA"
"538902","22632","HAND WARMER RED POLKA DOT","2","2011-03-30 10:29:00","2.14","17809.0","Belgium","EMEA"
"538902","22632","HAND WARMER RED POLKA DOT","5","2011-03-30 10:29:00","2.15","17809.0","Belgium","EMEA"
"538903","85099B","JUMBO BAG RED RETROSPOT","4","2011-03-25 10:51:00","1.86","13777.0","Spain","EMEA"
"538903","84406B","CREAM CUPID HEARTS COAT HANGER","7","2011-03-25 10:51:00","3.14","13777.0","Spain","EMEA"
"538903","22633","HAND WARMER UNION JACK","1","2011-03-25 10:51:00","2.22","13777.0","Spain","EMEA"
"538904","22633","HAND WARMER UNION JACK","11","2011-03-05 16:27:00","2.04","14096.0","Spain","EMEA"
"538904","20685","DOORMAT RED RETROSPOT","7","2011-03-05 16:27:00","7.51","14096.0","Spain","EMEA"
"538904","84029E","RED WOOLLY HOTTIE WHITE HEART","2","2011-03-05 16:27:00","3.6","14096.0","Spain","EMEA"
"538905","47566","PARTY BUNTING","11","2011-03-17 09:09:00","5.4","17850.0","Belgium","EMEA"
"538905","21730","GLASS STAR FROSTED T-LIGHT HOLDER","4","2011-03-17 09:09:00","4.61","17850.0","Belgium","EMEA"
"538906","22633","HAND WARMER UNION JACK","10","2011-04-27 10:38:00","2.23","17850.0","USA","AMER"
"538907","84406B","CREAM CUPID HEARTS COAT HANGER","12","2011-04-18 12:31:00","3.15","15311.0","Germany","EMEA"
"538908","20685","DOORMAT RED RETROSPOT","7","2011-04-28 11:34:00","7.21","13777.0","Belgium","EMEA"
"538908","22752","SET 7 BABUSHKA NESTING BOXES","2","2011-04-28 11:34:00","7.92","13777.0","Belgium","EMEA"
"538908","22752","SET 7 BABUSHKA NESTING BOXES","4","2011-04-28 11:34:00","7.82","13777.0","Belgium","EMEA"
"538909","84029E","RED WOOLLY HOTTIE WHITE HEART","10","2011-03-16 10:30:00","3.86","17850.0","Australia","APAC"
"538909","71053","WHITE METAL LANTERN","5","2011-03-16 10:30:00","3.43","17850.0","Australia","APAC"
"538910","85123A","WHITE HANGING HEART T-LIGHT HOLDER","6","2011-03-29 13:52:00","2.98","16029.0","EIRE","EMEA"
"538910","85123A","WHITE HANGING HEART T-LIGHT HOLDER","9","2011-03-29 13:52:00","3.0","16029.0","EIRE","EMEA"
"538910","84029G","KNITTED UNION FLAG HOT WATER BOTTLE","4","2011-03-29 13:52:00","3.79","16029.0","EIRE","EMEA"
"538911","71053","WHITE METAL LANTERN","6","2011-03-28 15:58:00","3.34","14606.0","Germany","EMEA"
"538912","20685","DOORMAT RED RETROSPOT","3","2011-04-03 16:57:00","7.51","15291.0","USA","AMER"
"538912","85123A","WHITE HANGING HEART T-LIGHT HOLDER","4","2011-04-03 16:57:00","2.55","15291.0","USA","AMER"
"538912","84406B","CREAM CUPID HEARTS COAT HANGER","5","2011-04-03 16:57:00","3.08","15291.0","USA","AMER"
"538913","84029G","KNITTED UNION FLAG HOT WATER BOTTLE","8","2011-03-25 08:19:00","3.45","15311.0","Germany","EMEA"
"538913","22752","SET 7 BABUSHKA NESTING BOXES","8","2011-03-25 08:19:00","7.94","15311.0","Germany","EMEA"
"538913","21730","GLASS STAR FROSTED T-LIGHT HOLDER","12","2011-03-25 08:19:00","4.3","15311.0","Germany","EMEA"
"538914","22752","SET 7 BABUSHKA NESTING BOXES","9","2011-03-06 10:31:00","8.02","15291.0","United Kingdom","EMEA"
"538914","84029E","RED WOOLLY HOTTIE WHITE HEART","12","2011-03-06 10:31:00","3.6","15291.0","United Kingdom","EMEA"
"538915","22633","HAND WARMER UNION JACK","10","2011-03-24 12:57:00","1.86","13777.0","Australia","APAC"
"538916","85099B","JUMBO BAG RED RETROSPOT","7","2011-03-06 10:16:00","1.83","17850.0","Australia","APAC"
"538917","84029G","KNITTED UNION FLAG HOT WATER BOTTLE","8","2011-04-23 14:13:00","3.36","13777.0","Netherlands","EMEA"
"538917","20685","DOORMAT RED RETROSPOT","2","2011-04-23 14:13:00","7.34","13777.0","Netherlands","EMEA"
"538917","22752","SET 7 BABUSHKA NESTING BOXES","2","2011-04-23 14:13:00","8.07","13777.0","Netherlands","EMEA"
"538918","22752","SET 7 BABUSHKA NESTING BOXES","1","2011-04-28 09:26:00","7.87","13777.0","USA","AMER"
"538919","71053","WHITE METAL LANTERN","4","2011-03-14 15:25:00","3.49","17850.0","Australia","APAC"
"538920","84029E","RED WOOLLY HOTTIE WHITE HEART","6","2011-03-07 14:37:00","3.43","15291.0","France","EMEA"
"538920","20685","DOORMAT RED RETROSPOT","12","2011-03-07 14:37:00","7.31","15291.0","France","EMEA"
"538921","84029E","RED WOOLLY HOTTIE WHITE HEART","5","2011-03-11 15:08:00","3.67","14606.0","Netherlands","EMEA"
"538921","22633","HAND WARMER UNION JACK","6","2011-03-11 15:08:00","2.21","14606.0","Netherlands","EMEA"
"538922","85123A","WHITE HANGING HEART T-LIGHT HOLDER","2","2011-04-10 10:42:00","2.62","13777.0","USA","AMER"
"538922","22632","HAND WARMER RED POLKA DOT","3","2011-04-10 10:42:00","2.35","13777.0","USA","AMER"
"538922","47566","PARTY BUNTING","3","2011-04-10 10:42:00","4.97","13777.0","USA","AMER"
"538923","21730","GLASS STAR FROSTED T-LIGHT HOLDER","11","2011-03-24 14:34:00","4.34","12583.0","Canada","AMER"
"538923","21730","GLASS STAR FROSTED T-LIGHT HOLDER","7","2011-03-24 14:34:00","4.17","12583.0","Canada","AMER"
"538924","21730","GLASS STAR FROSTED T-LIGHT HOLDER","6","2011-03-22 16:59:00","4.21","17809.0","Belgium","EMEA"
"538925","22632","HAND WARMER RED POLKA DOT","2","2011-03-21 13:23:00","2.23","15311.0","United Kingdom","EMEA"
"538925","22632","HAND WARMER RED POLKA DOT","11","2011-03-21 13:23:00","1.78","15311.0","United Kingdom","EMEA"
"538926","21730","GLASS STAR FROSTED T-LIGHT HOLDER","11","2011-03-26 08:22:00","4.75","14096.0","United Kingdom","EMEA"
"538926","22633","HAND WARMER UNION JACK","8","2011-03-26 08:22:00","2.15","14096.0","United Kingdom","EMEA"
"538926","84406B","CREAM CUPID HEARTS COAT HANGER","11","2011-03-26 08:22:00","2.71","14096.0","United Kingdom","EMEA"
"538927","20685","DOORMAT RED RETROSPOT","4","2011-04-04 12:46:00","7.3","17850.0","United Kingdom","EMEA"
"538927","85123A","WHITE HANGING HEART T-LIGHT HOLDER","12","2011-04-04 12:46:00","2.71","17850.0","United Kingdom","EMEA"
"538928","22632","HAND WARMER RED POLKA DOT","3","2011-04-27 11:31:00","2.22","16029.0","Canada","AMER"
"538929","47566","PARTY BUNTING","11","2011-04-14 09:00:00","5.22","16029.0","Belgium","EMEA"
"538930","71053","WHITE METAL LANTERN","7","2011-03-11 09:36:00","3.41","13777.0","USA","AMER"
"538930","85123A","WHITE HANGING HEART T-LIGHT HOLDER","12","2011-03-11 09:36:00","2.85","13777.0","USA","AMER"
"538931","22632","HAND WARMER RED POLKA DOT","1","2011-03-22 09:26:00","1.77","14096.0","Germany","EMEA"
"538931","22633","HAND WARMER UNION JACK","3","2011-03-22 09:26:00","1.81","14096.0","Germany","EMEA"
"538931","84029G","KNITTED UNION FLAG HOT WATER BOTTLE","6","2011-03-22 09:26:00","3.57","14096.0","Germany","EMEA"
"538932","22632","HAND WARMER RED POLKA DOT","8","2011-04-09 11:21:00","2.28","17850.0","United Kingdom","EMEA"
"538932","22633","HAND WARMER UNION JACK","1","2011-04-09 11:21:00","2.29","17850.0","United Kingdom","EMEA"
"538932","85123A","WHITE HANGING HEART T-LIGHT HOLDER","1","2011-04-09 11:21:00","2.85","17850.0","United Kingdom","EMEA"
"538933","22632","HAND WARMER RED POLKA DOT","8","2011-03-01 09:47:00","2.32","17809.0","Netherlands","EMEA"
"538933","47566","PARTY BUNTING","1","2011-03-01 09:47:00","5.39","17809.0","Netherlands","EMEA"
"538934","84029G","KNITTED UNION FLAG HOT WATER BOTTLE","3","2011-04-07 12:09:00","3.5","12583.0","Netherlands","EMEA"
"538935","47566","PARTY BUNTING","3","2011-04-11 11:16:00","5.26","15311.0","Spain","EMEA"
"538935","84029G","KNITTED UNION FLAG HOT WATER BOTTLE","3","2011-04-11 11:16:00","3.68","15311.0","Spain","EMEA"
"538935","71053","WHITE METAL LANTERN","3","2011-04-11 11:16:00","3.7","15311.0","Spain","EMEA"
"538936","85099B","JUMBO BAG RED RETROSPOT","4","2011-03-22 16:42:00","1.7","12583.0","United Kingdom","EMEA"
"538937","84406B","CREAM CUPID HEARTS COAT HANGER","3","2011-04-10 09:15:00","3.24","14096.0","EIRE","EMEA"
"538938","85099B","JUMBO BAG RED RETROSPOT","11","2011-04-27 12:52:00","1.97","17850.0","Canada","AMER"
"538938","85099B","JUMBO BAG RED RETROSPOT","5","2011-04-27 12:52:00","1.73","17850.0","Canada","AMER"
"538939","71053","WHITE METAL LANTERN","1","2011-04-08 16:06:00","3.79","17850.0","EIRE","EMEA"
"538939","22633","HAND WARMER UNION JACK","11","2011-04-08 16:06:00","2.18","17850.0","EIRE","EMEA"
"538939","85123A","WHITE HANGING HEART T-LIGHT HOLDER","12","2011-04-08 16:06:00","2.95","17850.0","EIRE","EMEA"
"538940","22752","SET 7 BABUSHKA NESTING BOXES","4","2011-03-31 16:19:00","8.14","14096.0","Belgium","EMEA"
"538940","84029G","KNITTED UNION FLAG HOT WATER BOTTLE","5","2011-03-31 16:19:00","3.67","14096.0","Belgium","EMEA"
"538941","84029E","RED WOOLLY HOTTIE WHITE HEART","4","2011-04-13 15:32:00","3.56","17809.0","EIRE","EMEA"
"538942","84029G","KNITTED UNION FLAG HOT WATER BOTTLE","12","2011-04-18 08:12:00","3.88","15291.0","Germany","EMEA"
"538943","22752","SET 7 BABUSHKA NESTING BOXES","1","2011-03-14 15:45:00","7.8","14096.0","EIRE","EMEA"
"538944","71053","WHITE METAL LANTERN","7","2011-03-16 13:06:00","3.43","15311.0","United Kingdom","EMEA"
"538944","20685","DOORMAT RED RETROSPOT","11","2011-03-16 13:06:00","7.44","15311.0","United Kingdom","EMEA"
"538945","84029G","KNITTED UNION FLAG HOT WATER BOTTLE","7","2011-04-13 15:40:00","3.78","17809.0","Spain","EMEA"
"538945","84406B","CREAM CUPID HEARTS COAT HANGER","6","2011-04-13 15:40:00","3.18","17809.0","Spain","EMEA"
"538945","84029G","KNITTED UNION FLAG HOT WATER BOTTLE","1","2011-04-13 15:40:00","3.44","17809.0","Spain","EMEA"
"538946","22633","HAND WARMER UNION JACK","4","2011-04-20 08:10:00","1.86","14096.0","France","EMEA"
"538946","84406B","CREAM CUPID HEARTS COAT HANGER","7","2011-04-20 08:10:00","3.18","14096.0","France","EMEA"
"538946","47566","PARTY BUNTING","3","2011-04-20 08:10:00","5.42","14096.0","France","EMEA"
"538947","84406B","CREAM CUPID HEARTS COAT HANGER","10","2011-03-30 08:08:00","2.83","15291.0","France","EMEA"
"538947","85123A","WHITE HANGING HEART T-LIGHT HOLDER","1","2011-03-30 08:08:00","2.8","15291.0","France","EMEA"
"538948","84406B","CREAM CUPID HEARTS COAT HANGER","10","2011-04-24 09:00:00","2.79","13047.0","Netherlands","EMEA"
"538948","85099B","JUMBO BAG RED RETROSPOT","12","2011-04-24 09:00:00","1.71","13047.0","Netherlands","EMEA"
"538949","22633","HAND WARMER UNION JACK","9","2011-03-27 13:26:00","2.09","16029.0","Canada","AMER"
"538950","85099B","JUMBO BAG RED RETROSPOT","9","2011-04-27 13:38:00","1.95","14606.0","Belgium","EMEA"
"538950","22633","HAND WARMER UNION JACK","2","2011-04-27 13:38:00","1.88","14606.0","Belgium","EMEA"
"538951","22632","HAND WARMER RED POLKA DOT","5","2011-04-27 10:50:00","1.93","12583.0","EIRE","EMEA"
"538952","20685","DOORMAT RED RETROSPOT","4","2011-03-14 16:18:00","7.11","13047.0","France","EMEA"
"538952","71053","WHITE METAL LANTERN","4","2011-03-14 16:18:00","3.82","13047.0","France","EMEA"
"538952","84029G","KNITTED UNION FLAG HOT WATER BOTTLE","1","2011-03-14 16:18:00","3.82","13047.0","France","EMEA"
"538953","22752","SET 7 BABUSHKA NESTING BOXES","7","2011-04-16 10:39:00","7.55","14606.0","United Kingdom","EMEA"
"538953","85123A","WHITE HANGING HEART T-LIGHT HOLDER","3","2011-04-16 10:39:00","2.81","14606.0","United Kingdom","EMEA"
"538953","85099B","JUMBO BAG RED RETROSPOT","1","2011-04-16 10:39:00","1.9","14606.0","United Kingdom","EMEA"
"538954","22633","HAND WARMER UNION JACK","6","2011-03-02 10:01:00","1.84","12583.0","Australia","APAC"
"538954","85123A","WHITE HANGING HEART T-LIGHT HOLDER","12","2011-03-02 10:01:00","2.55","12583.0","Australia","APAC"
"538954","22752","SET 7 BABUSHKA NESTING BOXES","7","2011-03-02 10:01:00","7.91","12583.0","Australia","APAC"
"538955","84406B","CREAM CUPID HEARTS COAT HANGER","4","2011-03-01 14:45:00","3.14","14096.0","USA","AMER"
"538956","84029E","RED WOOLLY HOTTIE WHITE HEART","4","2011-04-03 15:18:00","3.59","15311.0","Spain","EMEA"
"538957","21730","GLASS STAR FROSTED T-LIGHT HOLDER","3","2011-03-15 13:39:00","4.72","17809.0","United Kingdom","EMEA"
"538958","84029G","KNITTED UNION FLAG HOT WATER BOTTLE","11","2011-03-03 15:24:00","3.4","17850.0","EIRE","EMEA"
"538958","84406B","CREAM CUPID HEARTS COAT HANGER","8","2011-03-03 15:24:00","3.04","17850.0","EIRE","EMEA"
"538959","22632","HAND WARMER RED POLKA DOT","2","2011-04-01 12:35:00","1.89","14096.0","Australia","APAC"
"538959","47566","PARTY BUNTING","2","2011-04-01 12:35:00","5.01","14096.0","Australia","APAC"
"538959","85123A","WHITE HANGING HEART T-LIGHT HOLDER","4","2011-04-01 12:35:00","3.03","14096.0","Australia","APAC"
"538960","84029E","RED WOOLLY HOTTIE WHITE HEART","4","2011-04-30 12:04:00","3.33","16029.0","Belgium","EMEA"
"538960","84029E","RED WOOLLY HOTTIE WHITE HEART","1","2011-04-30 12:04:00","3.35","16029.0","Belgium","EMEA"
"538961","84406B","CREAM CUPID HEARTS COAT HANGER","10","2011-03-31 16:19:00","2.87","15291.0","USA","AMER"
"538961","20685","DOORMAT RED RETROSPOT","4","2011-03-31 16:19:00","7.41","15291.0","USA","AMER"
"538961","22633","HAND WARMER UNION JACK","2","2011-03-31 16:19:00","2.06","15291.0","USA","AMER"
"538962","22632","HAND WARMER RED POLKA DOT","12","2011-04-04 12:00:00","2.13","12583.0","Spain","EMEA"
"538962","22632","HAND WARMER RED POLKA DOT","6","2011-04-04 12:00:00","2.0","12583.0","Spain","EMEA"
"538962","84029G","KNITTED UNION FLAG HOT WATER BOTTLE","9","2011-04-04 12:00:00","3.29","12583.0","Spain","EMEA"
"538963","85123A","WHITE HANGING HEART T-LIGHT HOLDER","1","2011-03-10 09:09:00","2.94","17809.0","USA","AMER"
"538963","85099B","JUMBO BAG RED RETROSPOT","2","2011-03-10 09:09:00","1.79","17809.0","USA","AMER"
"538963","22632","HAND WARMER RED POLKA DOT","12","2011-03-10 09:09:00","1.97","17809.0","USA","AMER"
"538964","22632","HAND WARMER RED POLKA DOT","8","2011-04-06 14:16:00","2.25","17809.0","Netherlands","EMEA"
"538965","84029G","KNITTED UNION FLAG HOT WATER BOTTLE","10","2011-04-03 15:00:00","3.51","13047.0","France","EMEA"
"538966","84406B","CREAM CUPID HEARTS COAT HANGER","4","2011-04-05 16:17:00","3.05","15291.0","USA","AMER"
"538967","71053","WHITE METAL LANTERN","7","2011-03-01 10:46:00","3.64","14606.0","Canada","AMER"
"538967","20685","DOORMAT RED RETROSPOT","1","2011-03-01 10:46:00","7.52","14606.0","Canada","AMER"
"538968","85099B","JUMBO BAG RED RETROSPOT","12","2011-03-22 14:13:00","2.13","15311.0","Germany","EMEA"
"538968","84406B","CREAM CUPID HEARTS COAT HANGER","3","2011-03-22 14:13:00","2.81","15311.0","Germany","EMEA"
"538968","84029E","RED WOOLLY HOTTIE WHITE HEART","7","2011-03-22 14:13:00","3.75","15311.0","Germany","EMEA"
"538969","85099B","JUMBO BAG RED RETROSPOT","8","2011-03-27 09:23:00","1.94","17809.0","Netherlands","EMEA"
"538969","84406B","CREAM CUPID HEARTS COAT HANGER","4","2011-03-27 09:23:00","2.85","17809.0","Netherlands","EMEA"
"538970","20685","DOORMAT RED RETROSPOT","9","2011-03-09 15:17:00","7.16","13777.0","Germany","EMEA"
"538970","47566","PARTY BUNTING","11","2011-03-09 15:17:00","4.96","13777.0","Germany","EMEA"
"538971","84029E","RED WOOLLY HOTTIE WHITE HEART","7","2011-04-08 12:59:00","3.35","16029.0","Netherlands","EMEA"
"538972","20685","DOORMAT RED RETROSPOT","9","2011-03-26 08:26:00","7.15","15311.0","Netherlands","EMEA"
"538973","85123A","WHITE HANGING HEART T-LIGHT HOLDER","10","2011-03-28 15:19:00","2.89","17850.0","Australia","APAC"
"538973","85099B","JUMBO BAG RED RETROSPOT","3","2011-03-28 15:19:00","1.78","17850.0","Australia","APAC"
"538974","20685","DOORMAT RED RETROSPOT","8","2011-04-28 08:01:00","7.43","13777.0","USA","AMER"
"538975","85123A","WHITE HANGING HEART T-LIGHT HOLDER","3","2011-04-30 12:32:00","2.92","14096.0","United Kingdom","EMEA"
"538976","85123A","WHITE HANGING HEART T-LIGHT HOLDER","1","2011-03-26 16:59:00","2.91","15291.0","Netherlands","EMEA"
"538977","85099B","JUMBO BAG RED RETROSPOT","10","2011-04-03 12:34:00","1.74","14606.0","Germany","EMEA"
"538977","85099B","JUMBO BAG RED RETROSPOT","6","2011-04-03 12:34:00","1.71","14606.0","Germany","EMEA"
"538977","20685","DOORMAT RED RETROSPOT","2","2011-04-03 12:34:00","7.09","14606.0","Germany","EMEA"
"538978","21730","GLASS STAR FROSTED T-LIGHT HOLDER","10","2011-04-08 14:03:00","4.2","12583.0","France","EMEA"
"538978","22632","HAND WARMER RED POLKA DOT","3","2011-04-08 14:03:00","2.22","12583.0","France","EMEA"
"538978","71053","WHITE METAL LANTERN","8","2011-04-08 14:03:00","3.72","12583.0","France","EMEA"
"538979","71053","WHITE METAL LANTERN","9","2011-04-22 10:44:00","3.54","17809.0","Canada","AMER"
"538979","22633","HAND WARMER UNION JACK","9","2011-04-22 10:44:00","2.26","17809.0","Canada","AMER"
"538979","84029G","KNITTED UNION FLAG HOT WATER BOTTLE","11","2011-04-22 10:44:00","3.64","17809.0","Canada","AMER"
"538980","20685","DOORMAT RED RETROSPOT","6","2011-04-16 15:26:00","7.33","14096.0","Netherlands","EMEA"
"538980","85099B","JUMBO BAG RED RETROSPOT","9","2011-04-16 15:26:00","1.79","14096.0","Netherlands","EMEA"
"538981","22752","SET 7 BABUSHKA NESTING BOXES","10","2011-04-22 16:22:00","7.98","13777.0","USA","AMER"
"538981","71053","WHITE METAL LANTERN","2","2011-04-22 16:22:00","3.75","13777.0","USA","AMER"
"538982","71053","WHITE METAL LANTERN","9","2011-03-19 16:57:00","3.73","12583.0","Australia","APAC"
"538982","85123A","WHITE HANGING HEART T-LIGHT HOLDER","7","2011-03-19 16:57:00","2.57","12583.0","Australia","APAC"
"538982","22633","HAND WARMER UNION JACK","11","2011-03-19 16:57:00","2.07","12583.0","Australia","APAC"
"538983","22633","HAND WARMER UNION JACK","12","2011-03-10 14:49:00","1.88","13777.0","Spain","EMEA"
"538983","21730","GLASS STAR FROSTED T-LIGHT HOLDER","12","2011-03-10 14:49:00","4.46","13777.0","Spain","EMEA"
"538984","84029E","RED WOOLLY HOTTIE WHITE HEART","1","2011-03-22 11:25:00","3.58","13047.0","Belgium","EMEA"
"538985","22632","HAND WARMER RED POLKA DOT","3","2011-04-14 10:43:00","2.32","17850.0","France","EMEA"
"538985","20685","DOORMAT RED RETROSPOT","1","2011-04-14 10:43:00","7.27","17850.0","France","EMEA"
"538986","20685","DOORMAT RED RETROSPOT","5","2011-04-15 14:11:00","7.03","17809.0","Canada","AMER"
"538986","84029G","KNITTED UNION FLAG HOT WATER BOTTLE","3","2011-04-15 14:11:00","3.46","17809.0","Canada","AMER"
"538986","47566","PARTY BUNTING","12","2011-04-15 14:11:00","4.92","17809.0","Canada","AMER"
"538987","84406B","CREAM CUPID HEARTS COAT HANGER","2","2011-03-19 09:17:00","3.14","13047.0","EIRE","EMEA"
"538988","22752","SET 7 BABUSHKA NESTING BOXES","12","2011-04-24 12:49:00","8.02","17809.0","France","EMEA"
"538988","71053","WHITE METAL LANTERN","5","2011-04-24 12:49:00","3.42","17809.0","France","EMEA"
"538988","84029G","KNITTED UNION FLAG HOT WATER BOTTLE","9","2011-04-24 12:49:00","3.85","17809.0","France","EMEA"
"538989","47566","PARTY BUNTING","10","2011-04-03 14:43:00","4.93","17850.0","United Kingdom","EMEA"
"538989","85123A","WHITE HANGING HEART T-LIGHT HOLDER","6","2011-04-03 14:43:00","2.49","17850.0","United Kingdom","EMEA"
"538990","47566","PARTY BUNTING","11","2011-03-24 12:48:00","5.31","13047.0","Spain","EMEA"
"538991","22632","HAND WARMER RED POLKA DOT","4","2011-03-19 12:09:00","1.96","15311.0","USA","AMER"
"538991","84406B","CREAM CUPID HEARTS COAT HANGER","8","2011-03-19 12:09:00","2.69","15311.0","USA","AMER"
"538991","85123A","WHITE HANGING HEART T-LIGHT HOLDER","8","2011-03-19 12:09:00","2.74","15311.0","USA","AMER"
"538992","84029E","RED WOOLLY HOTTIE WHITE HEART","3","2011-04-08 15:25:00","3.43","14606.0","Germany","EMEA"
"538992","47566","PARTY BUNTING","2","2011-04-08 15:25:00","5.15","14606.0","Germany","EMEA"
"538992","85099B","JUMBO BAG RED RETROSPOT","1","2011-04-08 15:25:00","1.69","14606.0","Germany","EMEA"
"538993","71053","WHITE METAL LANTERN","8","2011-03-12 11:18:00","3.86","12583.0","Spain","EMEA"
"538994","71053","WHITE METAL LANTERN","8","2011-04-18 09:43:00","3.33","12583.0","Canada","AMER"
"538994","22752","SET 7 BABUSHKA NESTING BOXES","3","2011-04-18 09:43:00","7.72","12583.0","Canada","AMER"
"538995","84406B","CREAM CUPID HEARTS COAT HANGER","8","2011-04-09 08:06:00","3.16","17850.0","Belgium","EMEA"
"538995","22633","HAND WARMER UNION JACK","3","2011-04-09 08:06:00","2.25","17850.0","Belgium","EMEA"
"538995","47566","PARTY BUNTING","11","2011-04-09 08:06:00","5.17","17850.0","Belgium","EMEA"
"538996","47566","PARTY BUNTING","5","2011-04-19 08:41:00","4.97","13777.0","France","EMEA"
"538997","47566","PARTY BUNTING","10","2011-03-08 09:48:00","5.35","12583.0","Netherlands","EMEA"
"538998","84406B","CREAM CUPID HEARTS COAT HANGER","6","2011-04-22 14:46:00","3.19","15291.0","Australia","APAC"
"538999","22632","HAND WARMER RED POLKA DOT","9","2011-03-27 11:27:00","2.32","17809.0","Germany","EMEA"
"538999","84029E","RED WOOLLY HOTTIE WHITE HEART","11","2011-03-27 11:27:00","3.52","17809.0","Germany","EMEA"
"539000","47566","PARTY BUNTING","7","2011-03-19 13:24:00","4.85","17850.0","Netherlands","EMEA"
"539000","20685","DOORMAT RED RETROSPOT","7","2011-03-19 13:24:00","7.54","17850.0","Netherlands","EMEA"
"539000","84406B","CREAM CUPID HEARTS COAT HANGER","9","2011-03-19 13:24:00","2.86","17850.0","Netherlands","EMEA"
"539001","85099B","JUMBO BAG RED RETROSPOT","2","2011-04-08 10:35:00","1.87","14606.0","Australia","APAC"
"539001","22633","HAND WARMER UNION JACK","2","2011-04-08 10:35:00","2.24","14606.0","Australia","APAC"
"539002","84029E","RED WOOLLY HOTTIE WHITE HEART","4","2011-03-15 13:49:00","3.87","14096.0","EIRE","EMEA"
"539003","22633","HAND WARMER UNION JACK","12","2011-03-06 10:43:00","1.78","13047.0","EIRE","EMEA"
"539004","22632","HAND WARMER RED POLKA DOT","4","2011-03-20 15:56:00","2.29","17809.0","Spain","EMEA"
"539004","47566","PARTY BUNTING","12","2011-03-20 15:56:00","5.24","17809.0","Spain","EMEA"
"539004","85123A","WHITE HANGING HEART T-LIGHT HOLDER","5","2011-03-20 15:56:00","2.96","17809.0","Spain","EMEA"
"539005","20685","DOORMAT RED RETROSPOT","4","2011-03-02 11:02:00","7.12","13047.0","Canada","AMER"
"539005","22633","HAND WARMER UNION JACK","10","2011-03-02 11:02:00","2.12","13047.0","Canada","AMER"
"539006","47566","PARTY BUNTING","8","2011-03-22 08:10:00","5.09","15291.0","Germany","EMEA"
"539006","85123A","WHITE HANGING HEART T-LIGHT HOLDER","7","2011-03-22 08:10:00","2.6","15291.0","Germany","EMEA"
"539007","22752","SET 7 BABUSHKA NESTING BOXES","8","2011-04-18 08:44:00","7.81","15311.0","Canada","AMER"
"539008","20685","DOORMAT RED RETROSPOT","3","2011-03-01 14:37:00","7.22","14606.0","Germany","EMEA"
"539008","85123A","WHITE HANGING HEART T-LIGHT HOLDER","6","2011-03-01 14:37:00","2.62","14606.0","Germany","EMEA"
"539008","22632","HAND WARMER RED POLKA DOT","7","2011-03-01 14:37:00","1.88","14606.0","Germany","EMEA"
"539009","85099B","JUMBO BAG RED RETROSPOT","6","2011-04-22 16:32:00","1.61","17850.0","Spain","EMEA"
"539009","84029E","RED WOOLLY HOTTIE WHITE HEART","5","2011-04-22 16:32:00","3.47","17850.0","Spain","EMEA"
"539010","84406B","CREAM CUPID HEARTS COAT HANGER","6","2011-04-29 16:53:00","2.97","15291.0","EIRE","EMEA"
"539011","84029G","KNITTED UNION FLAG HOT WATER BOTTLE","8","2011-03-22 10:25:00","3.41","17809.0","EIRE","EMEA"
"539012","22633","HAND WARMER UNION JACK","10","2011-04-18 09:31:00","2.11","14096.0","United Kingdom","EMEA"
"539012","47566","PARTY BUNTING","1","2011-04-18 09:31:00","5.02","14096.0","United Kingdom","EMEA"
"539012","84029G","KNITTED UNION FLAG HOT WATER BOTTLE","9","2011-04-18 09:31:00","3.71","14096.0","United Kingdom","EMEA"
"539013","22752","SET 7 BABUSHKA NESTING BOXES","10","2011-03-14 09:00:00","7.93","14096.0","United Kingdom","EMEA"
"539014","84029E","RED WOOLLY HOTTIE WHITE HEART","1","2011-04-20 14:07:00","3.69","13777.0","United Kingdom","EMEA"
"539014","22632","HAND WARMER RED POLKA DOT","7","2011-04-20 14:07:00","2.05","13777.0","United Kingdom","EMEA"
"539015","84029G","KNITTED UNION FLAG HOT WATER BOTTLE","4","2011-03-04 15:50:00","3.62","16029.0","Belgium","EMEA"
"539016","47566","PARTY BUNTING","2","2011-03-12 08:02:00","4.92","16029.0","United Kingdom","EMEA"
"539017","21730","GLASS STAR FROSTED T-LIGHT HOLDER","9","2011-03-09 09:43:00","4.36","16029.0","USA","AMER"
"539017","85123A","WHITE HANGING HEART T-LIGHT HOLDER","10","2011-03-09 09:43:00","3.03","16029.0","USA","AMER"
"539017","22632","HAND WARMER RED POLKA DOT","10","2011-03-09 09:43:00","1.92","16029.0","USA","AMER"
"539018","21730","GLASS STAR FROSTED T-LIGHT HOLDER","5","2011-04-03 11:42:00","4.69","16029.0","EIRE","EMEA"
"539018","47566","PARTY BUNTING","1","2011-04-03 11:42:00","5.23","16029.0","EIRE","EMEA"
"539018","21730","GLASS STAR FROSTED T-LIGHT HOLDER","11","2011-04-03 11:42:00","4.22","16029.0","EIRE","EMEA"
"539019","20685","DOORMAT RED RETROSPOT","3","2011-03-15 11:33:00","7.53","17850.0","Belgium","EMEA"
"539019","84406B","CREAM CUPID HEARTS COAT HANGER","11","2011-03-15 11:33:00","3.16","17850.0","Belgium","EMEA"
"539019","22632","HAND WARMER RED POLKA DOT","11","2011-03-15 11:33:00","2.17","17850.0","Belgium","EMEA"
"539020","22752","SET 7 BABUSHKA NESTING BOXES","11","2011-03-14 15:20:00","7.85","17809.0","EIRE","EMEA"
"539021","85099B","JUMBO BAG RED RETROSPOT","6","2011-03-22 10:48:00","1.57","17850.0","Australia","APAC"
"539022","21730","GLASS STAR FROSTED T-LIGHT HOLDER","10","2011-03-29 10:02:00","4.39","15291.0","USA","AMER"
"539023","22632","HAND WARMER RED POLKA DOT","8","2011-04-01 15:34:00","1.82","14096.0","Australia","APAC"
"539023","85123A","WHITE HANGING HEART T-LIGHT HOLDER","9","2011-04-01 15:34:00","2.83","14096.0","Australia","APAC"
"539024","85123A","WHITE HANGING HEART T-LIGHT HOLDER","7","2011-04-01 10:00:00","2.87","16029.0","EIRE","EMEA"
"539024","84029G","KNITTED UNION FLAG HOT WATER BOTTLE","3","2011-04-01 10:00:00","3.66","16029.0","EIRE","EMEA"
"539024","21730","GLASS STAR FROSTED T-LIGHT HOLDER","9","2011-04-01 10:00:00","4.49","16029.0","EIRE","EMEA"
"539025","47566","PARTY BUNTING","4","2011-03-20 16:49:00","5.09","13777.0","Netherlands","EMEA"
"539025","85099B","JUMBO BAG RED RETROSPOT","1","2011-03-20 16:49:00","1.81","13777.0","Netherlands","EMEA"
"539026","85123A","WHITE HANGING HEART T-LIGHT HOLDER","4","2011-04-28 13:00:00","2.76","13777.0","Canada","AMER"
"539027","22632","HAND WARMER RED POLKA DOT","9","2011-03-17 11:56:00","1.75","17850.0","Spain","EMEA"
"539027","22752","SET 7 BABUSHKA NESTING BOXES","4","2011-03-17 11:56:00","7.59","17850.0","Spain","EMEA"
"539027","85123A","WHITE HANGING HEART T-LIGHT HOLDER","1","2011-03-17 11:56:00","2.9","17850.0","Spain","EMEA"
"539028","20685","DOORMAT RED RETROSPOT","9","2011-03-24 11:19:00","7.17","15311.0","USA","AMER"
"539028","22632","HAND WARMER RED POLKA DOT","5","2011-03-24 11:19:00","2.22","15311.0","USA","AMER"
"539028","22752","SET 7 BABUSHKA NESTING BOXES","6","2011-03-24 11:19:00","7.79","15311.0","USA","AMER"
"539029","84029G","KNITTED UNION FLAG HOT WATER BOTTLE","8","2011-04-30 16:19:00","3.52","13777.0","Germany","EMEA"
"539029","71053","WHITE METAL LANTERN","9","2011-04-30 16:19:00","3.74","13777.0","Germany","EMEA"
"539030","20685","DOORMAT RED RETROSPOT","7","2011-03-31 16:07:00","7.34","17809.0","France","EMEA"
"539031","20685","DOORMAT RED RETROSPOT","7","2011-03-10 12:43:00","7.44","17809.0","EIRE","EMEA"
"539031","47566","PARTY BUNTING","4","2011-03-10 12:43:00","5.3","17809.0","EIRE","EMEA"
"539031","21730","GLASS STAR FROSTED T-LIGHT HOLDER","1","2011-03-10 12:43:00","4.31","17809.0","EIRE","EMEA"
"539032","20685","DOORMAT RED RETROSPOT","11","2011-04-06 08:16:00","7.39","17809.0","France","EMEA"
"539032","85123A","WHITE HANGING HEART T-LIGHT HOLDER","2","2011-04-06 08:16:00","2.82","17809.0","France","EMEA"
"539032","84029G","KNITTED UNION FLAG HOT WATER BOTTLE","10","2011-04-06 08:16:00","3.77","17809.0","France","EMEA"
"539033","20685","DOORMAT RED RETROSPOT","9","2011-04-02 09:45:00","7.42","16029.0","USA","AMER"
"539033","84029G","KNITTED UNION FLAG HOT WATER BOTTLE","12","2011-04-02 09:45:00","3.4","16029.0","USA","AMER"
"539033","84029E","RED WOOLLY HOTTIE WHITE HEART","6","2011-04-02 09:45:00","3.59","16029.0","USA","AMER"
"539034","47566","PARTY BUNTING","6","2011-04-11 10:20:00","5.23","14606.0","EIRE","EMEA"
"539034","84406B","CREAM CUPID HEARTS COAT HANGER","3","2011-04-11 10:20:00","2.98","14606.0","EIRE","EMEA"
"539035","20685","DOORMAT RED RETROSPOT","12","2011-04-07 11:55:00","7.52","12583.0","Netherlands","EMEA"
"539035","85099B","JUMBO BAG RED RETROSPOT","9","2011-04-07 11:55:00","1.65","12583.0","Netherlands","EMEA"
"539035","85123A","WHITE HANGING HEART T-LIGHT HOLDER","7","2011-04-07 11:55:00","2.54","12583.0","Netherlands","EMEA"
"539036","85123A","WHITE HANGING HEART T-LIGHT HOLDER","1","2011-03-09 09:43:00","2.87","17809.0","USA","AMER"
"539036","84029G","KNITTED UNION FLAG HOT WATER BOTTLE","6","2011-03-09 09:43:00","3.65","17809.0","USA","AMER"
"539037","22633","HAND WARMER UNION JACK","1","2011-04-16 13:54:00","2.14","12583.0","EIRE","EMEA"
"539038","84406B","CREAM CUPID HEARTS COAT HANGER","3","2011-04-20 12:32:00","2.82","13047.0","Spain","EMEA"
"539038","84029G","KNITTED UNION FLAG HOT WATER BOTTLE","1","2011-04-20 12:32:00","3.4","13047.0","Spain","EMEA"
"539039","22752","SET 7 BABUSHKA NESTING BOXES","6","2011-04-02 16:35:00","8.09","17809.0","Canada","AMER"
"539039","84029G","KNITTED UNION FLAG HOT WATER BOTTLE","10","2011-04-02 16:35:00","3.8","17809.0","Canada","AMER"
"539040","22632","HAND WARMER RED POLKA DOT","6","2011-03-11 14:00:00","1.96","14606.0","Australia","APAC"
"539040","84406B","CREAM CUPID HEARTS COAT HANGER","11","2011-03-11 14:00:00","2.89","14606.0","Australia","APAC"
"539040","22752","SET 7 BABUSHKA NESTING BOXES","10","2011-03-11 14:00:00","7.92","14606.0","Australia","APAC"
"539041","22752","SET 7 BABUSHKA NESTING BOXES","7","2011-03-14 13:38:00","7.91","17809.0","EIRE","EMEA"
"539041","71053","WHITE METAL LANTERN","8","2011-03-14 13:38:00","3.88","17809.0","EIRE","EMEA"
"539042","22633","HAND WARMER UNION JACK","10","2011-03-16 14:44:00","2.08","17850.0","Australia","APAC"
"539043","84029G","KNITTED UNION FLAG HOT WATER BOTTLE","1","2011-03-31 11:24:00","3.35","15311.0","Canada","AMER"
"539043","85099B","JUMBO BAG RED RETROSPOT","3","2011-03-31 11:24:00","1.83","15311.0","Canada","AMER"
"539043","22633","HAND WARMER UNION JACK","4","2011-03-31 11:24:00","2.03","15311.0","Canada","AMER"
"539044","84029E","RED WOOLLY HOTTIE WHITE HEART","9","2011-03-08 16:19:00","3.59","13047.0","USA","AMER"
"539044","47566","PARTY BUNTING","1","2011-03-08 16:19:00","5.06","13047.0","USA","AMER"
"539044","47566","PARTY BUNTING","2","2011-03-08 16:19:00","5.18","13047.0","USA","AMER"
"539045","84406B","CREAM CUPID HEARTS COAT HANGER","6","2011-04-06 08:03:00","3.13","17850.0","Spain","EMEA"
"539045","22632","HAND WARMER RED POLKA DOT","8","2011-04-06 08:03:00","2.06","17850.0","Spain","EMEA"
"539046","84406B","CREAM CUPID HEARTS COAT HANGER","3","2011-03-08 11:01:00","3.17","15311.0","Australia","APAC"
"539046","85123A","WHITE HANGING HEART T-LIGHT HOLDER","4","2011-03-08 11:01:00","2.72","15311.0","Australia","APAC"
"539047","84029G","KNITTED UNION FLAG HOT WATER BOTTLE","4","2011-03-03 13:40:00","3.7","14606.0","Netherlands","EMEA"
"539048","85099B","JUMBO BAG RED RETROSPOT","8","2011-03-27 12:50:00","1.88","13047.0","United Kingdom","EMEA"
"539048","22752","SET 7 BABUSHKA NESTING BOXES","11","2011-03-27 12:50:00","7.59","13047.0","United Kingdom","EMEA"
"539049","22633","HAND WARMER UNION JACK","2","2011-04-09 11:12:00","2.12","17850.0","Belgium","EMEA"
"539049","21730","GLASS STAR FROSTED T-LIGHT HOLDER","6","2011-04-09 11:12:00","4.45","17850.0","Belgium","EMEA"
"539049","22752","SET 7 BABUSHKA NESTING BOXES","2","2011-04-09 11:12:00","7.56","17850.0","Belgium","EMEA"
"539050","22632","HAND WARMER RED POLKA DOT","2","2011-03-26 13:16:00","2.09","14606.0","Germany","EMEA"
"539050","85099B","JUMBO BAG RED RETROSPOT","4","2011-03-26 13:16:00","1.65","14606.0","Germany","EMEA"
"539050","84406B","CREAM CUPID HEARTS COAT HANGER","1","2011-03-26 13:16:00","3.12","14606.0","Germany","EMEA"
"539051","85123A","WHITE HANGING HEART T-LIGHT HOLDER","2","2011-03-11 13:55:00","2.81","17809.0","Germany","EMEA"
"539051","71053","WHITE METAL LANTERN","8","2011-03-11 13:55:00","3.58","17809.0","Germany","EMEA"
"539052","84029E","RED WOOLLY HOTTIE WHITE HEART","8","2011-03-21 08:54:00","3.67","16029.0","Australia","APAC"
"539052","85123A","WHITE HANGING HEART T-LIGHT HOLDER","1","2011-03-21 08:54:00","2.97","16029.0","Australia","APAC"
"539052","21730","GLASS STAR FROSTED T-LIGHT HOLDER","3","2011-03-21 08:54:00","4.23","16029.0","Australia","APAC"
"539053","47566","PARTY BUNTING","2","2011-04-22 15:21:00","5.13","13777.0","Germany","EMEA"
"539054","47566","PARTY BUNTING","4","2011-03-03 10:12:00","5.1","16029.0","USA","AMER"
"539054","85123A","WHITE HANGING HEART T-LIGHT HOLDER","12","2011-03-03 10:12:00","2.63","16029.0","USA","AMER"
"539055","21730","GLASS STAR FROSTED T-LIGHT HOLDER","1","2011-03-30 08:26:00","4.59","17850.0","Australia","APAC"
"539055","22633","HAND WARMER UNION JACK","10","2011-03-30 08:26:00","1.98","17850.0","Australia","APAC"
"539056","71053","WHITE METAL LANTERN","12","2011-03-14 16:15:00","3.35","13777.0","France","EMEA"
"539056","20685","DOORMAT RED RETROSPOT","6","2011-03-14 16:15:00","7.34","13777.0","France","EMEA"
"539057","85123A","WHITE HANGING HEART T-LIGHT HOLDER","2","2011-04-02 16:28:00","2.71","13047.0","France","EMEA"
"539058","21730","GLASS STAR FROSTED T-LIGHT HOLDER","10","2011-03-18 13:04:00","4.72","14606.0","Spain","EMEA"
"539059","85123A","WHITE HANGING HEART T-LIGHT HOLDER","9","2011-03-01 11:16:00","2.85","13777.0","EIRE","EMEA"
"539060","22752","SET 7 BABUSHKA NESTING BOXES","12","2011-03-21 11:07:00","7.58","15291.0","Australia","APAC"
"539060","84406B","CREAM CUPID HEARTS COAT HANGER","11","2011-03-21 11:07:00","2.92","15291.0","Australia","APAC"
"539060","84029E","RED WOOLLY HOTTIE WHITE HEART","4","2011-03-21 11:07:00","3.63","15291.0","Australia","APAC"
"539061","84029E","RED WOOLLY HOTTIE WHITE HEART","6","2011-03-07 14:22:00","3.64","16029.0","Germany","EMEA"
"539061","22632","HAND WARMER RED POLKA DOT","1","2011-03-07 14:22:00","2.0","16029.0","Germany","EMEA"
"539061","85123A","WHITE HANGING HEART T-LIGHT HOLDER","10","2011-03-07 14:22:00","2.85","16029.0","Germany","EMEA"
"539062","21730","GLASS STAR FROSTED T-LIGHT HOLDER","1","2011-03-22 16:40:00","4.42","16029.0","Australia","APAC"
"539063","85099B","JUMBO BAG RED RETROSPOT","12","2011-03-13 11:40:00","1.68","16029.0","United Kingdom","EMEA"
"539063","85123A","WHITE HANGING HEART T-LIGHT HOLDER","3","2011-03-13 11:40:00","2.48","16029.0","United Kingdom","EMEA"
"539064","22752","SET 7 BABUSHKA NESTING BOXES","4","2011-04-21 10:00:00","8.02","12583.0","USA","AMER"
"539064","22632","HAND WARMER RED POLKA DOT","5","2011-04-21 10:00:00","1.95","12583.0","USA","AMER"
"539065","22633","HAND WARMER UNION JACK","9","2011-03-14 12:36:00","1.94","13047.0","USA","AMER"
"539066","21730","GLASS STAR FROSTED T-LIGHT HOLDER","7","2011-04-23 11:09:00","4.2","12583.0","Netherlands","EMEA"
"539066","85123A","WHITE HANGING HEART T-LIGHT HOLDER","4","2011-04-23 11:09:00","2.78","12583.0","Netherlands","EMEA"
"539067","22752","SET 7 BABUSHKA NESTING BOXES","1","2011-03-27 10:00:00","7.95","15291.0","Germany","EMEA"
"539068","47566","PARTY BUNTING","11","2011-03-16 08:56:00","5.2","13047.0","Netherlands","EMEA"
"539068","21730","GLASS STAR FROSTED T-LIGHT HOLDER","3","2011-03-16 08:56:00","4.52","13047.0","Netherlands","EMEA"
"539069","22633","HAND WARMER UNION JACK","1","2011-04-11 15:48:00","2.03","14606.0","Belgium","EMEA"
"539070","22752","SET 7 BABUSHKA NESTING BOXES","6","2011-03-25 10:04:00","7.75","17809.0","Spain","EMEA"
"539071","47566","PARTY BUNTING","2","2011-04-24 09:25:00","5.2","12583.0","Spain","EMEA"
"539071","22752","SET 7 BABUSHKA NESTING BOXES","8","2011-04-24 09:25:00","7.76","12583.0","Spain","EMEA"
"539072","22752","SET 7 BABUSHKA NESTING BOXES","5","2011-04-12 08:16:00","8.06","13047.0","Spain","EMEA"
"539072","85123A","WHITE HANGING HEART T-LIGHT HOLDER","7","2011-04-12 08:16:00","2.64","13047.0","Spain","EMEA"
"539072","20685","DOORMAT RED RETROSPOT","8","2011-04-12 08:16:00","7.3","13047.0","Spain","EMEA"
"539073","47566","PARTY BUNTING","9","2011-03-20 08:41:00","5.16","12583.0","Canada","AMER"
"539074","22632","HAND WARMER RED POLKA DOT","8","2011-04-29 09:55:00","2.27","13047.0","Belgium","EMEA"
"539074","85123A","WHITE HANGING HEART T-LIGHT HOLDER","8","2011-04-29 09:55:00","2.61","13047.0","Belgium","EMEA"
"539075","22632","HAND WARMER RED POLKA DOT","1","2011-03-01 14:05:00","1.84","17850.0","Canada","AMER"
"539075","85123A","WHITE HANGING HEART T-LIGHT HOLDER","4","2011-03-01 14:05:00","2.52","17850.0","Canada","AMER"
"539075","22752","SET 7 BABUSHKA NESTING BOXES","7","2011-03-01 14:05:00","8.09","17850.0","Canada","AMER"
"539076","22752","SET 7 BABUSHKA NESTING BOXES","10","2011-03-08 14:12:00","8.03","12583.0","Netherlands","EMEA"
"539076","84406B","CREAM CUPID HEARTS COAT HANGER","11","2011-03-08 14:12:00","2.8","12583.0","Netherlands","EMEA"
"539077","21730","GLASS STAR FROSTED T-LIGHT HOLDER","6","2011-04-27 08:28:00","4.33","17809.0","Spain","EMEA"
"539077","22632","HAND WARMER RED POLKA DOT","9","2011-04-27 08:28:00","2.1","17809.0","Spain","EMEA"
"539078","22633","HAND WARMER UNION JACK","8","2011-03-16 16:37:00","2.32","16029.0","Netherlands","EMEA"
"539078","85099B","JUMBO BAG RED RETROSPOT","11","2011-03-16 16:37:00","1.62","16029.0","Netherlands","EMEA"
"539079","22633","HAND WARMER UNION JACK","12","2011-04-29 16:01:00","1.93","17809.0","France","EMEA"
"539079","84406B","CREAM CUPID HEARTS COAT HANGER","2","2011-04-29 16:01:00","2.75","17809.0","France","EMEA"
"539080","85123A","WHITE HANGING HEART T-LIGHT HOLDER","2","2011-04-21 14:00:00","2.63","15311.0","Australia","APAC"
"539081","47566","PARTY BUNTING","2","2011-03-16 10:48:00","5.31","12583.0","EIRE","EMEA"
"539082","47566","PARTY BUNTING","4","2011-04-18 09:31:00","5.28","14606.0","United Kingdom","EMEA"
"539083","22633","HAND WARMER UNION JACK","2","2011-03-19 11:00:00","2.16","15291.0","EIRE","EMEA"
"539083","84029E","RED WOOLLY HOTTIE WHITE HEART","7","2011-03-19 11:00:00","3.55","15291.0","EIRE","EMEA"
"539084","85099B","JUMBO BAG RED RETROSPOT","5","2011-04-15 13:07:00","1.91","15311.0","United Kingdom","EMEA"
"539084","85099B","JUMBO BAG RED RETROSPOT","4","2011-04-15 13:07:00","1.68","15311.0","United Kingdom","EMEA"
"539084","84029G","KNITTED UNION FLAG HOT WATER BOTTLE","2","2011-04-15 13:07:00","3.44","15311.0","United Kingdom","EMEA"
"539085","22633","HAND WARMER UNION JACK","3","2011-04-28 13:44:00","2.19","17850.0","Belgium","EMEA"
"539086","85099B","JUMBO BAG RED RETROSPOT","12","2011-03-06 09:23:00","1.8","15311.0","Australia","APAC"
"539087","22632","HAND WARMER RED POLKA DOT","3","2011-04-02 14:22:00","1.99","15311.0","France","EMEA"
"539087","85123A","WHITE HANGING HEART T-LIGHT HOLDER","2","2011-04-02 14:22:00","2.87","15311.0","France","EMEA"
"539088","85099B","JUMBO BAG RED RETROSPOT","4","2011-03-13 08:50:00","1.86","17850.0","USA","AMER"
"539089","84029E","RED WOOLLY HOTTIE WHITE HEART","1","2011-03-26 11:43:00","3.73","12583.0","Spain","EMEA"
"539089","84029E","RED WOOLLY HOTTIE WHITE HEART","8","2011-03-26 11:43:00","3.5","12583.0","Spain","EMEA"
"539089","71053","WHITE METAL LANTERN","6","2011-03-26 11:43:00","3.79","12583.0","Spain","EMEA"
"539090","84406B","CREAM CUPID HEARTS COAT HANGER","3","2011-04-03 11:59:00","3.02","16029.0","Belgium","EMEA"
"539090","47566","PARTY BUNTING","2","2011-04-03 11:59:00","5.27","16029.0","Belgium","EMEA"
"539090","22632","HAND WARMER RED POLKA DOT","2","2011-04-03 11:59:00","1.85","16029.0","Belgium","EMEA"
"539091","22633","HAND WARMER UNION JACK","12","2011-03-05 09:29:00","1.77","16029.0","United Kingdom","EMEA"
"539091","47566","PARTY BUNTING","12","2011-03-05 09:29:00","5.17","16029.0","United Kingdom","EMEA"
"539091","22633","HAND WARMER UNION JACK","8","2011-03-05 09:29:00","2.14","16029.0","United Kingdom","EMEA"
"539092","22632","HAND WARMER RED POLKA DOT","6","2011-03-22 14:31:00","2.32","16029.0","Australia","APAC"
"539093","71053","WHITE METAL LANTERN","12","2011-03-28 09:09:00","3.56","14096.0","Australia","APAC"
"539093","20685","DOORMAT RED RETROSPOT","12","2011-03-28 09:09:00","7.42","14096.0","Australia","APAC"
"539093","20685","DOORMAT RED RETROSPOT","5","2011-03-28 09:09:00","7.17","14096.0","Australia","APAC"
"539094","22633","HAND WARMER UNION JACK","6","2011-03-29 12:13:00","2.35","17809.0","Belgium","EMEA"
"539094","47566","PARTY BUNTING","9","2011-03-29 12:13:00","4.96","17809.0","Belgium","EMEA"
"539095","71053","WHITE METAL LANTERN","9","2011-03-10 16:50:00","3.87","15311.0","Germany","EMEA"
"539095","71053","WHITE METAL LANTERN","3","2011-03-10 16:50:00","3.66","15311.0","Germany","EMEA"
"539095","22752","SET 7 BABUSHKA NESTING BOXES","6","2011-03-10 16:50:00","7.85","15311.0","Germany","EMEA"
"539096","84406B","CREAM CUPID HEARTS COAT HANGER","7","2011-03-29 11:20:00","2.81","17809.0","Spain","EMEA"
"539096","22633","HAND WARMER UNION JACK","2","2011-03-29 11:20:00","2.17","17809.0","Spain","EMEA"
"539096","84029E","RED WOOLLY HOTTIE WHITE HEART","11","2011-03-29 11:20:00","3.85","17809.0","Spain","EMEA"
"539097","20685","DOORMAT RED RETROSPOT","6","2011-03-03 12:27:00","7.07","13047.0","EIRE","EMEA"
"539098","22752","SET 7 BABUSHKA NESTING BOXES","5","2011-03-23 14:16:00","8.03","14606.0","United Kingdom","EMEA"
"539098","71053","WHITE METAL LANTERN","11","2011-03-23 14:16:00","3.4","14606.0","United Kingdom","EMEA"
"539099","22752","SET 7 BABUSHKA NESTING BOXES","2","2011-04-22 10:27:00","7.64","15291.0","EIRE","EMEA"
"539100","84029G","KNITTED UNION FLAG HOT WATER BOTTLE","4","2011-03-12 10:25:00","3.56","13777.0","Spain","EMEA"
"539100","85099B","JUMBO BAG RED RETROSPOT","1","2011-03-12 10:25:00","1.91","13777.0","Spain","EMEA"
"539100","71053","WHITE METAL LANTERN","2","2011-03-12 10:25:00","3.42","13777.0","Spain","EMEA"
"539101","84406B","CREAM CUPID HEARTS COAT HANGER","3","2011-04-13 10:53:00","2.91","13047.0","Canada","AMER"
"539101","21730","GLASS STAR FROSTED T-LIGHT HOLDER","2","2011-04-13 10:53:00","4.36","13047.0","Canada","AMER"
"539101","84029E","RED WOOLLY HOTTIE WHITE HEART","3","2011-04-13 10:53:00","3.5","13047.0","Canada","AMER"
"539102","84029E","RED WOOLLY HOTTIE WHITE HEART","3","2011-04-18 15:44:00","3.38","15291.0","Germany","EMEA"
"539103","20685","DOORMAT RED RETROSPOT","4","2011-04-02 11:05:00","7.08","17809.0","USA","AMER"
"539104","85123A","WHITE HANGING HEART T-LIGHT HOLDER","10","2011-03-02 11:18:00","2.72","13777.0","Netherlands","EMEA"
"539104","71053","WHITE METAL LANTERN","12","2011-03-02 11:18:00","3.86","13777.0","Netherlands","EMEA"
"539105","84029E","RED WOOLLY HOTTIE WHITE HEART","4","2011-04-22 16:23:00","3.86","14606.0","Germany","EMEA"
"539105","84406B","CREAM CUPID HEARTS COAT HANGER","11","2011-04-22 16:23:00","3.11","14606.0","Germany","EMEA"
"539105","85099B","JUMBO BAG RED RETROSPOT","5","2011-04-22 16:23:00","1.86","14606.0","Germany","EMEA"
"539106","22633","HAND WARMER UNION JACK","12","2011-03-30 11:07:00","2.08","15291.0","Germany","EMEA"
"539106","22752","SET 7 BABUSHKA NESTING BOXES","3","2011-03-30 11:07:00","7.91","15291.0","Germany","EMEA"
"539106","21730","GLASS STAR FROSTED T-LIGHT HOLDER","5","2011-03-30 11:07:00","4.25","15291.0","Germany","EMEA"
"539107","47566","PARTY BUNTING","3","2011-04-05 13:07:00","5.09","14096.0","Spain","EMEA"
"539107","22633","HAND WARMER UNION JACK","12","2011-04-05 13:07:00","2.31","14096.0","Spain","EMEA"
"539107","22752","SET 7 BABUSHKA NESTING BOXES","11","2011-04-05 13:07:00","7.87","14096.0","Spain","EMEA"
"539108","85099B","JUMBO BAG RED RETROSPOT","10","2011-03-29 12:10:00","1.58","12583.0","Canada","AMER"
"539108","85099B","JUMBO BAG RED RETROSPOT","1","2011-03-29 12:10:00","1.68","12583.0","Canada","AMER"
"539109","71053","WHITE METAL LANTERN","2","2011-03-03 10:32:00","3.83","13047.0","Belgium","EMEA"
"539110","20685","DOORMAT RED RETROSPOT","8","2011-03-20 08:18:00","7.31","17850.0","Australia","APAC"
"539111","85123A","WHITE HANGING HEART T-LIGHT HOLDER","6","2011-03-31 12:32:00","2.53","15311.0","Australia","APAC"
"539111","20685","DOORMAT RED RETROSPOT","11","2011-03-31 12:32:00","7.26","15311.0","Australia","APAC"
"539111","85123A","WHITE HANGING HEART T-LIGHT HOLDER","3","2011-03-31 12:32:00","2.48","15311.0","Australia","APAC"
"539112","71053","WHITE METAL LANTERN","7","2011-04-19 08:40:00","3.7","13777.0","Canada","AMER"
"539113","71053","WHITE METAL LANTERN","1","2011-04-07 13:32:00","3.79","12583.0","Belgium","EMEA"
"539114","22633","HAND WARMER UNION JACK","7","2011-04-07 14:42:00","2.04","13047.0","Australia","APAC"
"539114","20685","DOORMAT RED RETROSPOT","5","2011-04-07 14:42:00","7.02","13047.0","Australia","APAC"
"539115","22752","SET 7 BABUSHKA NESTING BOXES","9","2011-03-26 12:35:00","8.14","17850.0","Belgium","EMEA"
"539115","20685","DOORMAT RED RETROSPOT","9","2011-03-26 12:35:00","7.3","17850.0","Belgium","EMEA"
"539116","22752","SET 7 BABUSHKA NESTING BOXES","1","2011-04-12 10:18:00","8.09","14606.0","Spain","EMEA"
"539116","20685","DOORMAT RED RETROSPOT","10","2011-04-12 10:18:00","7.43","14606.0","Spain","EMEA"
"539117","22632","HAND WARMER RED POLKA DOT","7","2011-04-24 13:14:00","2.09","14606.0","Belgium","EMEA"
"539117","20685","DOORMAT RED RETROSPOT","5","2011-04-24 13:14:00","7.17","14606.0","Belgium","EMEA"
"539117","84406B","CREAM CUPID HEARTS COAT HANGER","7","2011-04-24 13:14:00","2.85","14606.0","Belgium","EMEA"
"539118","71053","WHITE METAL LANTERN","6","2011-03-27 15:15:00","3.51","14096.0","Australia","APAC"
"539119","22632","HAND WARMER RED POLKA DOT","4","2011-04-14 15:53:00","2.3","13047.0","Spain","EMEA"
"539119","71053","WHITE METAL LANTERN","2","2011-04-14 15:53:00","3.38","13047.0","Spain","EMEA"
"539120","85123A","WHITE HANGING HEART T-LIGHT HOLDER","7","2011-03-27 16:23:00","2.58","15291.0","Germany","EMEA"
"539120","22752","SET 7 BABUSHKA NESTING BOXES","9","2011-03-27 16:23:00","7.96","15291.0","Germany","EMEA"
"539120","21730","GLASS STAR FROSTED T-LIGHT HOLDER","12","2011-03-27 16:23:00","4.56","15291.0","Germany","EMEA"
"539121","85099B","JUMBO BAG RED RETROSPOT","7","2011-03-01 12:23:00","1.85","13047.0","Australia","APAC"
"539121","20685","DOORMAT RED RETROSPOT","9","2011-03-01 12:23:00","7.09","13047.0","Australia","APAC"
"539122","84029G","KNITTED UNION FLAG HOT WATER BOTTLE","6","2011-03-12 12:11:00","3.66","14606.0","EIRE","EMEA"
"539122","22632","HAND WARMER RED POLKA DOT","9","2011-03-12 12:11:00","2.13","14606.0","EIRE","EMEA"
"539122","85123A","WHITE HANGING HEART T-LIGHT HOLDER","1","2011-03-12 12:11:00","2.65","14606.0","EIRE","EMEA"
"539123","84406B","CREAM CUPID HEARTS COAT HANGER","6","2011-03-26 10:30:00","2.97","15311.0","Germany","EMEA"
"539123","21730","GLASS STAR FROSTED T-LIGHT HOLDER","2","2011-03-26 10:30:00","4.45","15311.0","Germany","EMEA"
"539124","20685","DOORMAT RED RETROSPOT","9","2011-03-01 16:17:00","7.26","14606.0","Germany","EMEA"
"539125","71053","WHITE METAL LANTERN","3","2011-03-23 12:29:00","3.33","13047.0","Belgium","EMEA"
"539126","85099B","JUMBO BAG RED RETROSPOT","4","2011-03-31 13:29:00","1.69","12583.0","Belgium","EMEA"
"539126","20685","DOORMAT RED RETROSPOT","3","2011-03-31 13:29:00","7.57","12583.0","Belgium","EMEA"
"539126","85123A","WHITE HANGING HEART T-LIGHT HOLDER","7","2011-03-31 13:29:00","2.51","12583.0","Belgium","EMEA"
"539127","22752","SET 7 BABUSHKA NESTING BOXES","3","2011-03-28 16:39:00","7.92","15311.0","Canada","AMER"
"539127","85099B","JUMBO BAG RED RETROSPOT","8","2011-03-28 16:39:00","2.02","15311.0","Canada","AMER"
"539127","22632","HAND WARMER RED POLKA DOT","1","2011-03-28 16:39:00","1.85","15311.0","Canada","AMER"
"539128","84029G","KNITTED UNION FLAG HOT WATER BOTTLE","6","2011-04-10 13:10:00","3.81","15311.0","EIRE","EMEA"
"539128","85099B","JUMBO BAG RED RETROSPOT","5","2011-04-10 13:10:00","1.96","15311.0","EIRE","EMEA"
"539128","47566","PARTY BUNTING","7","2011-04-10 13:10:00","4.99","15311.0","EIRE","EMEA"
"539129","22633","HAND WARMER UNION JACK","5","2011-03-20 14:03:00","2.1","15291.0","EIRE","EMEA"
"539129","71053","WHITE METAL LANTERN","7","2011-03-20 14:03:00","3.74","15291.0","EIRE","EMEA"
"539129","47566","PARTY BUNTING","9","2011-03-20 14:03:00","5.36","15291.0","EIRE","EMEA"
"539130","47566","PARTY BUNTING","7","2011-03-28 09:12:00","5.3","17809.0","Netherlands","EMEA"
"539130","85123A","WHITE HANGING HEART T-LIGHT HOLDER","11","2011-03-28 09:12:00","2.64","17809.0","Netherlands","EMEA"
"539131","84406B","CREAM CUPID HEARTS COAT HANGER","5","2011-04-24 08:18:00","3.13","13047.0","Netherlands","EMEA"
"539131","22752","SET 7 BABUSHKA NESTING BOXES","9","2011-04-24 08:18:00","7.71","13047.0","Netherlands","EMEA"
"539131","22752","SET 7 BABUSHKA NESTING BOXES","9","2011-04-24 08:18:00","8.12","13047.0","Netherlands","EMEA"
"539132","71053","WHITE METAL LANTERN","8","2011-03-16 13:30:00","3.85","15311.0","EIRE","EMEA"
"539132","22632","HAND WARMER RED POLKA DOT","12","2011-03-16 13:30:00","1.97","15311.0","EIRE","EMEA"
"539132","22632","HAND WARMER RED POLKA DOT","5","2011-03-16 13:30:00","2.1","15311.0","EIRE","EMEA"
"539133","22633","HAND WARMER UNION JACK","8","2011-04-17 12:47:00","2.33","15291.0","United Kingdom","EMEA"
"539133","22633","HAND WARMER UNION JACK","10","2011-04-17 12:47:00","2.31","15291.0","United Kingdom","EMEA"
"539134","22633","HAND WARMER UNION JACK","12","2011-04-09 10:31:00","2.33","17850.0","USA","AMER"
"539135","21730","GLASS STAR FROSTED T-LIGHT HOLDER","5","2011-04-30 12:50:00","4.18","17850.0","United Kingdom","EMEA"
"539135","22633","HAND WARMER UNION JACK","10","2011-04-30 12:50:00","2.08","17850.0","United Kingdom","EMEA"
"539136","22752","SET 7 BABUSHKA NESTING BOXES","8","2011-03-08 16:33:00","8.0","14096.0","EIRE","EMEA"
"539136","84406B","CREAM CUPID HEARTS COAT HANGER","5","2011-03-08 16:33:00","3.18","14096.0","EIRE","EMEA"
"539137","85123A","WHITE HANGING HEART T-LIGHT HOLDER","12","2011-03-19 10:41:00","3.03","14096.0","Germany","EMEA"
"539138","85099B","JUMBO BAG RED RETROSPOT","11","2011-03-04 16:10:00","1.91","15291.0","Germany","EMEA"
"539139","71053","WHITE METAL LANTERN","11","2011-03-09 09:46:00","3.37","17809.0","USA","AMER"
"539139","20685","DOORMAT RED RETROSPOT","6","2011-03-09 09:46:00","7.33","17809.0","USA","AMER"
"539140","71053","WHITE METAL LANTERN","12","2011-03-13 11:35:00","3.57","15311.0","Belgium","EMEA"
"539140","47566","PARTY BUNTING","11","2011-03-13 11:35:00","5.17","15311.0","Belgium","EMEA"
"539141","22633","HAND WARMER UNION JACK","8","2011-04-28 08:06:00","1.77","14096.0","Australia","APAC"
"539142","84029G","KNITTED UNION FLAG HOT WATER BOTTLE","4","2011-04-14 13:59:00","3.57","17850.0","Canada","AMER"
"539142","85099B","JUMBO BAG RED RETROSPOT","2","2011-04-14 13:59:00","1.91","17850.0","Canada","AMER"
"539143","20685","DOORMAT RED RETROSPOT","7","2011-04-08 16:51:00","7.42","15311.0","Belgium","EMEA"
"539144","84406B","CREAM CUPID HEARTS COAT HANGER","10","2011-03-27 12:27:00","2.88","15311.0","Spain","EMEA"
"539145","22752","SET 7 BABUSHKA NESTING BOXES","3","2011-03-23 12:45:00","7.59","17850.0","Canada","AMER"
"539145","85123A","WHITE HANGING HEART T-LIGHT HOLDER","10","2011-03-23 12:45:00","2.55","17850.0","Canada","AMER"
"539145","22633","HAND WARMER UNION JACK","2","2011-03-23 12:45:00","1.86","17850.0","Canada","AMER"
"539146","22633","HAND WARMER UNION JACK","7","2011-03-01 12:51:00","2.24","14606.0","USA","AMER"
"539146","22632","HAND WARMER RED POLKA DOT","11","2011-03-01 12:51:00","1.9","14606.0","USA","AMER"
"539147","84029E","RED WOOLLY HOTTIE WHITE HEART","7","2011-03-16 13:57:00","3.32","13777.0","United Kingdom","EMEA"
"539147","20685","DOORMAT RED RETROSPOT","8","2011-03-16 13:57:00","7.33","13777.0","United Kingdom","EMEA"
"539147","20685","DOORMAT RED RETROSPOT","5","2011-03-16 13:57:00","7.02","13777.0","United Kingdom","EMEA"
"539148","84029E","RED WOOLLY HOTTIE WHITE HEART","10","2011-03-23 14:17:00","3.7","15291.0","Belgium","EMEA"
"539148","22752","SET 7 BABUSHKA NESTING BOXES","6","2011-03-23 14:17:00","8.13","15291.0","Belgium","EMEA"
"539149","47566","PARTY BUNTING","6","2011-04-04 16:24:00","5.03","14606.0","EIRE","EMEA"
"539150","85099B","JUMBO BAG RED RETROSPOT","10","2011-03-09 10:00:00","1.82","17850.0","United Kingdom","EMEA"
"539150","84029E","RED WOOLLY HOTTIE WHITE HEART","7","2011-03-09 10:00:00","3.51","17850.0","United Kingdom","EMEA"
"539150","71053","WHITE METAL LANTERN","12","2011-03-09 10:00:00","3.73","17850.0","United Kingdom","EMEA"
"539151","85099B","JUMBO BAG RED RETROSPOT","11","2011-03-22 14:08:00","1.93","16029.0","Netherlands","EMEA"
"539151","84029E","RED WOOLLY HOTTIE WHITE HEART","3","2011-03-22 14:08:00","3.78","16029.0","Netherlands","EMEA"
"539151","84029G","KNITTED UNION FLAG HOT WATER BOTTLE","5","2011-03-22 14:08:00","3.86","16029.0","Netherlands","EMEA"
"539152","84029G","KNITTED UNION FLAG HOT WATER BOTTLE","11","2011-04-14 11:18:00","3.81","15291.0","France","EMEA"
"539153","47566","PARTY BUNTING","7","2011-03-22 10:25:00","5.16","13777.0","EIRE","EMEA"
"539154","85099B","JUMBO BAG RED RETROSPOT","10","2011-04-30 09:24:00","1.61","15311.0","Netherlands","EMEA"
"539154","47566","PARTY BUNTING","5","2011-04-30 09:24:00","5.08","15311.0","Netherlands","EMEA"
"539155","21730","GLASS STAR FROSTED T-LIGHT HOLDER","2","2011-03-09 15:25:00","4.38","15311.0","EIRE","EMEA"
"539155","84029G","KNITTED UNION FLAG HOT WATER BOTTLE","10","2011-03-09 15:25:00","3.59","15311.0","EIRE","EMEA"
"539155","22632","HAND WARMER RED POLKA DOT","2","2011-03-09 15:25:00","2.22","15311.0","EIRE","EMEA"
"539156","22752","SET 7 BABUSHKA NESTING BOXES","8","2011-03-22 09:11:00","7.73","12583.0","France","EMEA"
"539156","71053","WHITE METAL LANTERN","6","2011-03-22 09:11:00","3.76","12583.0","France","EMEA"
"539157","21730","GLASS STAR FROSTED T-LIGHT HOLDER","4","2011-04-10 08:40:00","4.51","14096.0","Spain","EMEA"
"539158","84029E","RED WOOLLY HOTTIE WHITE HEART","3","2011-04-03 13:22:00","3.31","17850.0","USA","AMER"
"539159","85099B","JUMBO BAG RED RETROSPOT","7","2011-04-10 11:39:00","1.58","16029.0","United Kingdom","EMEA"
"539159","20685","DOORMAT RED RETROSPOT","8","2011-04-10 11:39:00","7.31","16029.0","United Kingdom","EMEA"
"539160","85123A","WHITE HANGING HEART T-LIGHT HOLDER","7","2011-04-19 11:21:00","2.51","16029.0","Spain","EMEA"
"539160","22633","HAND WARMER UNION JACK","8","2011-04-19 11:21:00","1.86","16029.0","Spain","EMEA"
"539160","84029G","KNITTED UNION FLAG HOT WATER BOTTLE","9","2011-04-19 11:21:00","3.37","16029.0","Spain","EMEA"
"539161","22632","HAND WARMER RED POLKA DOT","7","2011-03-08 11:19:00","1.95","13047.0","Netherlands","EMEA"
"539161","22633","HAND WARMER UNION JACK","10","2011-03-08 11:19:00","2.0","13047.0","Netherlands","EMEA"
"539162","84406B","CREAM CUPID HEARTS COAT HANGER","3","2011-03-16 10:03:00","2.81","17850.0","Germany","EMEA"
"539162","71053","WHITE METAL LANTERN","8","2011-03-16 10:03:00","3.42","17850.0","Germany","EMEA"
"539162","84406B","CREAM CUPID HEARTS COAT HANGER","9","2011-03-16 10:03:00","2.7","17850.0","Germany","EMEA"
"539163","84029E","RED WOOLLY HOTTIE WHITE HEART","11","2011-03-14 09:09:00","3.53","14606.0","Netherlands","EMEA"
"539163","84029E","RED WOOLLY HOTTIE WHITE HEART","1","2011-03-14 09:09:00","3.71","14606.0","Netherlands","EMEA"
"539163","47566","PARTY BUNTING","5","2011-03-14 09:09:00","4.85","14606.0","Netherlands","EMEA"
"539164","84029E","RED WOOLLY HOTTIE WHITE HEART","2","2011-04-05 09:55:00","3.36","13777.0","EIRE","EMEA"
"539164","22752","SET 7 BABUSHKA NESTING BOXES","9","2011-04-05 09:55:00","7.83","13777.0","EIRE","EMEA"
"539165","84029G","KNITTED UNION FLAG HOT WATER BOTTLE","5","2011-04-26 14:44:00","3.31","17850.0","Belgium","EMEA"
"539166","84406B","CREAM CUPID HEARTS COAT HANGER","4","2011-03-03 13:29:00","2.99","17850.0","EIRE","EMEA"
"539167","84406B","CREAM CUPID HEARTS COAT HANGER","4","2011-04-06 09:32:00","2.78","13777.0","France","EMEA"
"539168","47566","PARTY BUNTING","10","2011-03-08 14:08:00","5.1","13777.0","Belgium","EMEA"
"539169","22752","SET 7 BABUSHKA NESTING BOXES","5","2011-04-12 15:49:00","7.88","13047.0","USA","AMER"
"539169","71053","WHITE METAL LANTERN","5","2011-04-12 15:49:00","3.47","13047.0","USA","AMER"
"539169","84406B","CREAM CUPID HEARTS COAT HANGER","11","2011-04-12 15:49:00","3.08","13047.0","USA","AMER"
"539170","21730","GLASS STAR FROSTED T-LIGHT HOLDER","1","2011-04-12 09:20:00","4.23","12583.0","Netherlands","EMEA"
"539171","21730","GLASS STAR FROSTED T-LIGHT HOLDER","9","2011-04-26 15:19:00","4.72","14606.0","France","EMEA"
"539171","22633","HAND WARMER UNION JACK","10","2011-04-26 15:19:00","1.83","14606.0","France","EMEA"
"539171","22633","HAND WARMER UNION JACK","2","2011-04-26 15:19:00","2.08","14606.0","France","EMEA"
"539172","20685","DOORMAT RED RETROSPOT","6","2011-03-30 08:13:00","7.41","15311.0","Germany","EMEA"
"539172","20685","DOORMAT RED RETROSPOT","10","2011-03-30 08:13:00","7.25","15311.0","Germany","EMEA"
"539173","22633","HAND WARMER UNION JACK","9","2011-04-16 08:35:00","2.13","15291.0","Australia","APAC"
"539173","84029E","RED WOOLLY HOTTIE WHITE HEART","2","2011-04-16 08:35:00","3.56","15291.0","Australia","APAC"
"539173","21730","GLASS STAR FROSTED T-LIGHT HOLDER","8","2011-04-16 08:35:00","4.52","15291.0","Australia","APAC"
"539174","84029E","RED WOOLLY HOTTIE WHITE HEART","12","2011-03-28 11:36:00","3.74","15311.0","Canada","AMER"
"539175","85123A","WHITE HANGING HEART T-LIGHT HOLDER","3","2011-04-21 15:11:00","2.48","17809.0","Canada","AMER"
"539175","22752","SET 7 BABUSHKA NESTING BOXES","3","2011-04-21 15:11:00","7.62","17809.0","Canada","AMER"
"539175","84029E","RED WOOLLY HOTTIE WHITE HEART","9","2011-04-21 15:11:00","3.87","17809.0","Canada","AMER"
"539176","85099B","JUMBO BAG RED RETROSPOT","2","2011-04-29 14:33:00","1.7","14606.0","Germany","EMEA"
"539177","22632","HAND WARMER RED POLKA DOT","7","2011-03-16 09:13:00","1.87","15311.0","Canada","AMER"
"539177","85099B","JUMBO BAG RED RETROSPOT","5","2011-03-16 09:13:00","1.89","15311.0","Canada","AMER"
"539177","84029G","KNITTED UNION FLAG HOT WATER BOTTLE","6","2011-03-16 09:13:00","3.71","15311.0","Canada","AMER"
"539178","20685","DOORMAT RED RETROSPOT","2","2011-04-08 11:31:00","7.01","14606.0","France","EMEA"
"539178","84029E","RED WOOLLY HOTTIE WHITE HEART","2","2011-04-08 11:31:00","3.57","14606.0","France","EMEA"
"539178","84406B","CREAM CUPID HEARTS COAT HANGER","9","2011-04-08 11:31:00","3.2","14606.0","France","EMEA"
"539179","71053","WHITE METAL LANTERN","7","2011-03-16 08:59:00","3.45","17850.0","Germany","EMEA"
"539179","85123A","WHITE HANGING HEART T-LIGHT HOLDER","12","2011-03-16 08:59:00","2.61","17850.0","Germany","EMEA"
"539179","84029G","KNITTED UNION FLAG HOT WATER BOTTLE","10","2011-03-16 08:59:00","3.71","17850.0","Germany","EMEA"
"539180","22632","HAND WARMER RED POLKA DOT","1","2011-03-08 09:33:00","2.01","12583.0","Belgium","EMEA"
"539180","85123A","WHITE HANGING HEART T-LIGHT HOLDER","5","2011-03-08 09:33:00","2.6","12583.0","Belgium","EMEA"
"539180","22632","HAND WARMER RED POLKA DOT","10","2011-03-08 09:33:00","1.8","12583.0","Belgium","EMEA"
"539181","85123A","WHITE HANGING HEART T-LIGHT HOLDER","7","2011-03-05 09:10:00","2.54","12583.0","USA","AMER"
"539181","84029E","RED WOOLLY HOTTIE WHITE HEART","5","2011-03-05 09:10:00","3.33","12583.0","USA","AMER"
"539182","21730","GLASS STAR FROSTED T-LIGHT HOLDER","12","2011-04-12 14:49:00","4.32","13047.0","United Kingdom","EMEA"
"539182","85099B","JUMBO BAG RED RETROSPOT","2","2011-04-12 14:49:00","1.75","13047.0","United Kingdom","EMEA"
"539183","22752","SET 7 BABUSHKA NESTING BOXES","7","2011-03-24 15:47:00","7.87","16029.0","Canada","AMER"
"539184","22752","SET 7 BABUSHKA NESTING BOXES","4","2011-03-17 11:04:00","8.05","15311.0","Germany","EMEA"
"539185","84406B","CREAM CUPID HEARTS COAT HANGER","12","2011-03-17 11:38:00","2.96","13047.0","EIRE","EMEA"
"539185","84406B","CREAM CUPID HEARTS COAT HANGER","3","2011-03-17 11:38:00","2.77","13047.0","EIRE","EMEA"
"539185","20685","DOORMAT RED RETROSPOT","10","2011-03-17 11:38:00","7.49","13047.0","EIRE","EMEA"
"539186","21730","GLASS STAR FROSTED T-LIGHT HOLDER","3","2011-04-22 10:49:00","4.59","13777.0","Spain","EMEA"
"539187","71053","WHITE METAL LANTERN","7","2011-04-18 11:36:00","3.48","16029.0","Germany","EMEA"
"539187","84406B","CREAM CUPID HEARTS COAT HANGER","8","2011-04-18 11:36:00","3.05","16029.0","Germany","EMEA"
"539188","84406B","CREAM CUPID HEARTS COAT HANGER","11","2011-04-04 15:44:00","2.8","17850.0","EIRE","EMEA"
"539188","85123A","WHITE HANGING HEART T-LIGHT HOLDER","4","2011-04-04 15:44:00","2.69","17850.0","EIRE","EMEA"
"539189","22752","SET 7 BABUSHKA NESTING BOXES","11","2011-04-26 10:42:00","7.72","17850.0","United Kingdom","EMEA"
"539189","21730","GLASS STAR FROSTED T-LIGHT HOLDER","12","2011-04-26 10:42:00","4.31","17850.0","United Kingdom","EMEA"
"539189","20685","DOORMAT RED RETROSPOT","11","2011-04-26 10:42:00","7.55","17850.0","United Kingdom","EMEA"
"539190","84406B","CREAM CUPID HEARTS COAT HANGER","8","2011-03-24 09:31:00","3.1","14096.0","Australia","APAC"
"539190","20685","DOORMAT RED RETROSPOT","6","2011-03-24 09:31:00","7.43","14096.0","Australia","APAC"
"539191","21730","GLASS STAR FROSTED T-LIGHT HOLDER","6","2011-03-09 11:40:00","4.59","13047.0","Canada","AMER"
"539192","84029G","KNITTED UNION FLAG HOT WATER BOTTLE","1","2011-03-07 12:37:00","3.31","14606.0","Spain","EMEA"
"539192","20685","DOORMAT RED RETROSPOT","6","2011-03-07 12:37:00","7.35","14606.0","Spain","EMEA"
"539193","85123A","WHITE HANGING HEART T-LIGHT HOLDER","10","2011-03-17 08:15:00","2.55","12583.0","USA","AMER"
"539194","21730","GLASS STAR FROSTED T-LIGHT HOLDER","5","2011-04-20 12:12:00","4.73","15311.0","USA","AMER"
"539194","22752","SET 7 BABUSHKA NESTING BOXES","7","2011-04-20 12:12:00","7.8","15311.0","USA","AMER"
"539194","85123A","WHITE HANGING HEART T-LIGHT HOLDER","10","2011-04-20 12:12:00","2.93","15311.0","USA","AMER"
"539195","85123A","WHITE HANGING HEART T-LIGHT HOLDER","12","2011-03-28 13:35:00","2.62","14096.0","United Kingdom","EMEA"
"539195","47566","PARTY BUNTING","5","2011-03-28 13:35:00","4.86","14096.0","United Kingdom","EMEA"
"539195","21730","GLASS STAR FROSTED T-LIGHT HOLDER","7","2011-03-28 13:35:00","4.65","14096.0","United Kingdom","EMEA"
"539196","22752","SET 7 BABUSHKA NESTING BOXES","8","2011-04-24 13:04:00","7.61","14096.0","Spain","EMEA"
"539196","85099B","JUMBO BAG RED RETROSPOT","10","2011-04-24 13:04:00","1.64","14096.0","Spain","EMEA"
"539197","84029G","KNITTED UNION FLAG HOT WATER BOTTLE","5","2011-03-09 16:32:00","3.64","17850.0","United Kingdom","EMEA"
"539198","22752","SET 7 BABUSHKA NESTING BOXES","1","2011-03-18 12:21:00","7.84","15291.0","France","EMEA"
"539198","85099B","JUMBO BAG RED RETROSPOT","3","2011-03-18 12:21:00","2.04","15291.0","France","EMEA"
"539198","85099B","JUMBO BAG RED RETROSPOT","9","2011-03-18 12:21:00","1.63","15291.0","France","EMEA"
"539199","85099B","JUMBO BAG RED RETROSPOT","5","2011-04-15 15:37:00","1.71","15311.0","United Kingdom","EMEA"
"539199","85123A","WHITE HANGING HEART T-LIGHT HOLDER","1","2011-04-15 15:37:00","2.49","15311.0","United Kingdom","EMEA"
"539199","22752","SET 7 BABUSHKA NESTING BOXES","7","2011-04-15 15:37:00","7.87","15311.0","United Kingdom","EMEA"
"539200","20685","DOORMAT RED RETROSPOT","7","2011-04-08 08:14:00","7.48","13777.0","Australia","APAC"
"539200","47566","PARTY BUNTING","7","2011-04-08 08:14:00","5.03","13777.0","Australia","APAC"
"539200","84406B","CREAM CUPID HEARTS COAT HANGER","11","2011-04-08 08:14:00","2.74","13777.0","Australia","APAC"
"539201","84406B","CREAM CUPID HEARTS COAT HANGER","12","2011-03-27 16:38:00","2.95","16029.0","Belgium","EMEA"
"539202","47566","PARTY BUNTING","4","2011-04-21 15:52:00","5.35","16029.0","Australia","APAC"
"539202","22632","HAND WARMER RED POLKA DOT","6","2011-04-21 15:52:00","2.12","16029.0","Australia","APAC"
"539202","84029G","KNITTED UNION FLAG HOT WATER BOTTLE","6","2011-04-21 15:52:00","3.57","16029.0","Australia","APAC"
"539203","85099B","JUMBO BAG RED RETROSPOT","7","2011-03-21 10:49:00","1.57","13047.0","EIRE","EMEA"
"539204","22752","SET 7 BABUSHKA NESTING BOXES","8","2011-03-19 16:04:00","7.74","16029.0","Australia","APAC"
"539204","71053","WHITE METAL LANTERN","1","2011-03-19 16:04:00","3.31","16029.0","Australia","APAC"
"539204","20685","DOORMAT RED RETROSPOT","6","2011-03-19 16:04:00","7.16","16029.0","Australia","APAC"
"539205","22633","HAND WARMER UNION JACK","4","2011-03-12 12:23:00","2.04","13047.0","Netherlands","EMEA"
"539205","47566","PARTY BUNTING","12","2011-03-12 12:23:00","5.17","13047.0","Netherlands","EMEA"
"539206","85099B","JUMBO BAG RED RETROSPOT","4","2011-03-10 08:51:00","1.65","17850.0","United Kingdom","EMEA"
"539206","22632","HAND WARMER RED POLKA DOT","8","2011-03-10 08:51:00","2.26","17850.0","United Kingdom","EMEA"
"539206","85123A","WHITE HANGING HEART T-LIGHT HOLDER","8","2011-03-10 08:51:00","3.02","17850.0","United Kingdom","EMEA"
"539207","84029G","KNITTED UNION FLAG HOT WATER BOTTLE","3","2011-03-31 16:46:00","3.69","13047.0","Belgium","EMEA"
"539207","84406B","CREAM CUPID HEARTS COAT HANGER","6","2011-03-31 16:46:00","3.05","13047.0","Belgium","EMEA"
"539207","47566","PARTY BUNTING","12","2011-03-31 16:46:00","4.91","13047.0","Belgium","EMEA"
"539208","84406B","CREAM CUPID HEARTS COAT HANGER","3","2011-03-15 10:11:00","2.8","13777.0","Netherlands","EMEA"
"539208","84406B","CREAM CUPID HEARTS COAT HANGER","7","2011-03-15 10:11:00","3.18","13777.0","Netherlands","EMEA"
"539209","47566","PARTY BUNTING","12","2011-03-19 10:25:00","5.28","17809.0","Australia","APAC"
"539210","84029E","RED WOOLLY HOTTIE WHITE HEART","3","2011-03-04 09:08:00","3.41","12583.0","EIRE","EMEA"
"539210","22632","HAND WARMER RED POLKA DOT","4","2011-03-04 09:08:00","2.14","12583.0","EIRE","EMEA"
"539210","85099B","JUMBO BAG RED RETROSPOT","1","2011-03-04 09:08:00","1.98","12583.0","EIRE","EMEA"
"539211","20685","DOORMAT RED RETROSPOT","12","2011-04-19 13:25:00","7.27","14606.0","USA","AMER"
"539212","84406B","CREAM CUPID HEARTS COAT HANGER","12","2011-03-31 11:01:00","3.21","17809.0","USA","AMER"
"539212","84029G","KNITTED UNION FLAG HOT WATER BOTTLE","11","2011-03-31 11:01:00","3.74","17809.0","USA","AMER"
"539213","84029E","RED WOOLLY HOTTIE WHITE HEART","7","2011-03-31 15:05:00","3.57","14606.0","USA","AMER"
"539213","84029G","KNITTED UNION FLAG HOT WATER BOTTLE","11","2011-03-31 15:05:00","3.64","14606.0","USA","AMER"
"539214","20685","DOORMAT RED RETROSPOT","8","2011-03-10 09:15:00","7.0","16029.0","United Kingdom","EMEA"
"539214","22632","HAND WARMER RED POLKA DOT","4","2011-03-10 09:15:00","2.25","16029.0","United Kingdom","EMEA"
"539214","22633","HAND WARMER UNION JACK","5","2011-03-10 09:15:00","1.76","16029.0","United Kingdom","EMEA"
"539215","20685","DOORMAT RED RETROSPOT","8","2011-04-07 12:40:00","7.46","14096.0","Germany","EMEA"
"539216","22752","SET 7 BABUSHKA NESTING BOXES","11","2011-04-04 16:07:00","7.82","13047.0","Spain","EMEA"
"539217","71053","WHITE METAL LANTERN","9","2011-03-24 08:09:00","3.53","13047.0","Netherlands","EMEA"
"539217","84029E","RED WOOLLY HOTTIE WHITE HEART","6","2011-03-24 08:09:00","3.65","13047.0","Netherlands","EMEA"
"539218","71053","WHITE METAL LANTERN","8","2011-03-20 09:23:00","3.53","16029.0","Germany","EMEA"
"539219","47566","PARTY BUNTING","1","2011-03-06 16:41:00","5.18","14096.0","USA","AMER"
"539220","84406B","CREAM CUPID HEARTS COAT HANGER","6","2011-04-26 08:12:00","2.78","15311.0","United Kingdom","EMEA"
"539220","22752","SET 7 BABUSHKA NESTING BOXES","6","2011-04-26 08:12:00","7.9","15311.0","United Kingdom","EMEA"
"539221","85123A","WHITE HANGING HEART T-LIGHT HOLDER","12","2011-04-08 15:11:00","2.9","15311.0","Netherlands","EMEA"
"539221","22752","SET 7 BABUSHKA NESTING BOXES","7","2011-04-08 15:11:00","7.56","15311.0","Netherlands","EMEA"
"539221","85099B","JUMBO BAG RED RETROSPOT","7","2011-04-08 15:11:00","1.98","15311.0","Netherlands","EMEA"
"539222","84406B","CREAM CUPID HEARTS COAT HANGER","6","2011-04-08 10:54:00","2.99","17850.0","France","EMEA"
"539222","84029G","KNITTED UNION FLAG HOT WATER BOTTLE","10","2011-04-08 10:54:00","3.78","17850.0","France","EMEA"
"539223","21730","GLASS STAR FROSTED T-LIGHT HOLDER","12","2011-04-21 09:02:00","4.63","13777.0","United Kingdom","EMEA"
"539223","71053","WHITE METAL LANTERN","12","2011-04-21 09:02:00","3.74","13777.0","United Kingdom","EMEA"
"539224","84029G","KNITTED UNION FLAG HOT WATER BOTTLE","11","2011-03-15 10:10:00","3.39","17850.0","EIRE","EMEA"
"539224","22752","SET 7 BABUSHKA NESTING BOXES","12","2011-03-15 10:10:00","7.73","17850.0","EIRE","EMEA"
"539224","84029G","KNITTED UNION FLAG HOT WATER BOTTLE","12","2011-03-15 10:10:00","3.59","17850.0","EIRE","EMEA"
"539225","22752","SET 7 BABUSHKA NESTING BOXES","7","2011-04-22 14:44:00","7.57","15311.0","Netherlands","EMEA"
"539225","84406B","CREAM CUPID HEARTS COAT HANGER","7","2011-04-22 14:44:00","2.94","15311.0","Netherlands","EMEA"
"539226","22632","HAND WARMER RED POLKA DOT","3","2011-03-06 14:14:00","1.9","12583.0","Germany","EMEA"
"539226","47566","PARTY BUNTING","7","2011-03-06 14:14:00","5.4","12583.0","Germany","EMEA"
"539227","84029E","RED WOOLLY HOTTIE WHITE HEART","12","2011-04-10 15:09:00","3.86","16029.0","EIRE","EMEA"
"539228","47566","PARTY BUNTING","7","2011-03-28 08:38:00","5.27","16029.0","EIRE","EMEA"
"539228","22633","HAND WARMER UNION JACK","10","2011-03-28 08:38:00","1.86","16029.0","EIRE","EMEA"
"539229","85099B","JUMBO BAG RED RETROSPOT","1","2011-04-30 09:22:00","1.99","17809.0","United Kingdom","EMEA"
"539230","22752","SET 7 BABUSHKA NESTING BOXES","4","2011-04-22 09:26:00","7.96","15291.0","United Kingdom","EMEA"
"539231","22752","SET 7 BABUSHKA NESTING BOXES","11","2011-03-24 09:49:00","8.11","15291.0","Canada","AMER"
"539231","85099B","JUMBO BAG RED RETROSPOT","3","2011-03-24 09:49:00","1.59","15291.0","Canada","AMER"
"539232","84029E","RED WOOLLY HOTTIE WHITE HEART","3","2011-03-15 13:15:00","3.68","15291.0","France","EMEA"
"539232","85099B","JUMBO BAG RED RETROSPOT","10","2011-03-15 13:15:00","1.75","15291.0","France","EMEA"
"539232","20685","DOORMAT RED RETROSPOT","2","2011-03-15 13:15:00","7.17","15291.0","France","EMEA"
"539233","22632","HAND WARMER RED POLKA DOT","7","2011-03-04 14:16:00","1.82","17850.0","USA","AMER"
"539234","47566","PARTY BUNTING","10","2011-04-12 15:50:00","4.98","13777.0","Netherlands","EMEA"
"539234","85099B","JUMBO BAG RED RETROSPOT","3","2011-04-12 15:50:00","1.71","13777.0","Netherlands","EMEA"
"539234","20685","DOORMAT RED RETROSPOT","10","2011-04-12 15:50:00","7.37","13777.0","Netherlands","EMEA"
"539235","47566","PARTY BUNTING","7","2011-04-25 10:33:00","4.97","16029.0","Spain","EMEA"
"539235","22632","HAND WARMER RED POLKA DOT","10","2011-04-25 10:33:00","2.14","16029.0","Spain","EMEA"
"539235","47566","PARTY BUNTING","7","2011-04-25 10:33:00","5.16","16029.0","Spain","EMEA"
"539236","85123A","WHITE HANGING HEART T-LIGHT HOLDER","1","2011-03-25 11:53:00","2.64","14096.0","France","EMEA"
"539237","84029E","RED WOOLLY HOTTIE WHITE HEART","10","2011-04-27 10:47:00","3.45","14606.0","Belgium","EMEA"
"539237","84406B","CREAM CUPID HEARTS COAT HANGER","12","2011-04-27 10:47:00","2.99","14606.0","Belgium","EMEA"
"539238","22752","SET 7 BABUSHKA NESTING BOXES","6","2011-04-27 11:09:00","7.6","15291.0","Germany","EMEA"
"539238","84406B","CREAM CUPID HEARTS COAT HANGER","7","2011-04-27 11:09:00","2.89","15291.0","Germany","EMEA"
"539238","20685","DOORMAT RED RETROSPOT","10","2011-04-27 11:09:00","7.02","15291.0","Germany","EMEA"
"539239","47566","PARTY BUNTING","8","2011-04-23 15:10:00","5.37","12583.0","USA","AMER"
"539239","71053","WHITE METAL LANTERN","4","2011-04-23 15:10:00","3.55","12583.0","USA","AMER"
"539239","20685","DOORMAT RED RETROSPOT","1","2011-04-23 15:10:00","7.31","12583.0","USA","AMER"
"539240","71053","WHITE METAL LANTERN","7","2011-03-09 14:14:00","3.5","12583.0","United Kingdom","EMEA"
"539240","85123A","WHITE HANGING HEART T-LIGHT HOLDER","2","2011-03-09 14:14:00","2.88","12583.0","United Kingdom","EMEA"
"539241","85099B","JUMBO BAG RED RETROSPOT","4","2011-04-12 08:47:00","1.74","14606.0","United Kingdom","EMEA"
"539241","71053","WHITE METAL LANTERN","8","2011-04-12 08:47:00","3.54","14606.0","United Kingdom","EMEA"
"539242","22633","HAND WARMER UNION JACK","8","2011-03-08 11:58:00","2.04","13777.0","Canada","AMER"
"539242","47566","PARTY BUNTING","4","2011-03-08 11:58:00","5.16","13777.0","Canada","AMER"
"539242","84029E","RED WOOLLY HOTTIE WHITE HEART","1","2011-03-08 11:58:00","3.45","13777.0","Canada","AMER"
"539243","21730","GLASS STAR FROSTED T-LIGHT HOLDER","7","2011-03-03 16:54:00","4.58","12583.0","Spain","EMEA"
"539244","47566","PARTY BUNTING","11","2011-03-13 13:44:00","5.01","14096.0","USA","AMER"
"539244","85123A","WHITE HANGING HEART T-LIGHT HOLDER","12","2011-03-13 13:44:00","2.87","14096.0","USA","AMER"
"539245","22752","SET 7 BABUSHKA NESTING BOXES","4","2011-04-08 12:07:00","7.94","14096.0","France","EMEA"
"539246","85123A","WHITE HANGING HEART T-LIGHT HOLDER","11","2011-04-02 15:51:00","3.02","13047.0","EIRE","EMEA"
"539246","22752","SET 7 BABUSHKA NESTING BOXES","1","2011-04-02 15:51:00","7.92","13047.0","EIRE","EMEA"
"539247","84406B","CREAM CUPID HEARTS COAT HANGER","12","2011-04-18 14:55:00","2.87","13047.0","France","EMEA"
"539248","85123A","WHITE HANGING HEART T-LIGHT HOLDER","12","2011-04-25 10:17:00","2.92","12583.0","EIRE","EMEA"
"539248","22632","HAND WARMER RED POLKA DOT","5","2011-04-25 10:17:00","2.13","12583.0","EIRE","EMEA"
"539248","85099B","JUMBO BAG RED RETROSPOT","8","2011-04-25 10:17:00","1.73","12583.0","EIRE","EMEA"
"539249","84406B","CREAM CUPID HEARTS COAT HANGER","4","2011-03-17 09:26:00","3.16","15311.0","USA","AMER"
"539250","84029E","RED WOOLLY HOTTIE WHITE HEART","1","2011-04-02 15:17:00","3.37","12583.0","Netherlands","EMEA"
"539251","21730","GLASS STAR FROSTED T-LIGHT HOLDER","1","2011-03-09 10:30:00","4.67","15311.0","EIRE","EMEA"
"539252","21730","GLASS STAR FROSTED T-LIGHT HOLDER","6","2011-04-06 09:59:00","4.45","13047.0","France","EMEA"
"539252","85123A","WHITE HANGING HEART T-LIGHT HOLDER","7","2011-04-06 09:59:00","2.6","13047.0","France","EMEA"
"539252","84029G","KNITTED UNION FLAG HOT WATER BOTTLE","11","2011-04-06 09:59:00","3.6","13047.0","France","EMEA"
"539253","21730","GLASS STAR FROSTED T-LIGHT HOLDER","12","2011-04-09 16:27:00","4.29","12583.0","Germany","EMEA"
"539253","71053","WHITE METAL LANTERN","9","2011-04-09 16:27:00","3.7","12583.0","Germany","EMEA"
"539254","22633","HAND WARMER UNION JACK","7","2011-04-21 08:39:00","2.1","15311.0","USA","AMER"
"539254","85099B","JUMBO BAG RED RETROSPOT","5","2011-04-21 08:39:00","2.11","15311.0","USA","AMER"
"539255","20685","DOORMAT RED RETROSPOT","2","2011-04-01 15:14:00","7.31","17850.0","Netherlands","EMEA"
"539256","22752","SET 7 BABUSHKA NESTING BOXES","4","2011-03-16 15:29:00","7.68","16029.0","Netherlands","EMEA"
"539256","47566","PARTY BUNTING","11","2011-03-16 15:29:00","5.27","16029.0","Netherlands","EMEA"
"539256","85099B","JUMBO BAG RED RETROSPOT","1","2011-03-16 15:29:00","1.89","16029.0","Netherlands","EMEA"
"539257","84029E","RED WOOLLY HOTTIE WHITE HEART","11","2011-04-28 10:41:00","3.67","15311.0","EIRE","EMEA"
"539257","84029G","KNITTED UNION FLAG HOT WATER BOTTLE","4","2011-04-28 10:41:00","3.8","15311.0","EIRE","EMEA"
"539258","84029E","RED WOOLLY HOTTIE WHITE HEART","5","2011-04-06 16:49:00","3.44","14096.0","United Kingdom","EMEA"
"539258","20685","DOORMAT RED RETROSPOT","9","2011-04-06 16:49:00","7.35","14096.0","United Kingdom","EMEA"
"539259","84406B","CREAM CUPID HEARTS COAT HANGER","8","2011-04-01 09:42:00","3.24","14606.0","Netherlands","EMEA"
"539260","22752","SET 7 BABUSHKA NESTING BOXES","11","2011-03-17 12:35:00","8.13","14096.0","Belgium","EMEA"
"539261","20685","DOORMAT RED RETROSPOT","9","2011-04-02 10:25:00","7.19","14096.0","USA","AMER"
"539261","22752","SET 7 BABUSHKA NESTING BOXES","2","2011-04-02 10:25:00","7.64","14096.0","USA","AMER"
"539262","85123A","WHITE HANGING HEART T-LIGHT HOLDER","7","2011-04-03 11:26:00","3.04","13047.0","Germany","EMEA"
"539263","84029E","RED WOOLLY HOTTIE WHITE HEART","6","2011-04-20 13:21:00","3.54","17850.0","Australia","APAC"
"539264","84029E","RED WOOLLY HOTTIE WHITE HEART","3","2011-03-18 09:53:00","3.84","17809.0","Germany","EMEA"
"539264","20685","DOORMAT RED RETROSPOT","9","2011-03-18 09:53:00","7.23","17809.0","Germany","EMEA"
"539265","84029G","KNITTED UNION FLAG HOT WATER BOTTLE","11","2011-04-08 12:07:00","3.68","17850.0","Netherlands","EMEA"
"539265","84406B","CREAM CUPID HEARTS COAT HANGER","3","2011-04-08 12:07:00","3.13","17850.0","Netherlands","EMEA"
"539266","85099B","JUMBO BAG RED RETROSPOT","1","2011-04-15 08:05:00","2.13","14606.0","Germany","EMEA"
"539266","85099B","JUMBO BAG RED RETROSPOT","2","2011-04-15 08:05:00","1.9","14606.0","Germany","EMEA"
"539266","22752","SET 7 BABUSHKA NESTING BOXES","1","2011-04-15 08:05:00","7.95","14606.0","Germany","EMEA"
"539267","21730","GLASS STAR FROSTED T-LIGHT HOLDER","5","2011-04-12 16:06:00","4.72","12583.0","Spain","EMEA"
"539267","22632","HAND WARMER RED POLKA DOT","12","2011-04-12 16:06:00","2.18","12583.0","Spain","EMEA"
"539267","85123A","WHITE HANGING HEART T-LIGHT HOLDER","11","2011-04-12 16:06:00","2.9","12583.0","Spain","EMEA"
"539268","22752","SET 7 BABUSHKA NESTING BOXES","6","2011-04-14 11:58:00","7.61","14096.0","United Kingdom","EMEA"
"539269","84029E","RED WOOLLY HOTTIE WHITE HEART","6","2011-03-13 12:45:00","3.48","14096.0","France","EMEA"
"539269","22752","SET 7 BABUSHKA NESTING BOXES","9","2011-03-13 12:45:00","7.65","14096.0","France","EMEA"
"539270","22632","HAND WARMER RED POLKA DOT","5","2011-03-09 13:59:00","1.96","15291.0","Belgium","EMEA"
"539270","22633","HAND WARMER UNION JACK","3","2011-03-09 13:59:00","1.84","15291.0","Belgium","EMEA"
"539271","85123A","WHITE HANGING HEART T-LIGHT HOLDER","1","2011-04-13 09:24:00","3.05","13047.0","United Kingdom","EMEA"
"539271","21730","GLASS STAR FROSTED T-LIGHT HOLDER","9","2011-04-13 09:24:00","4.33","13047.0","United Kingdom","EMEA"
"539272","20685","DOORMAT RED RETROSPOT","2","2011-03-30 15:27:00","7.33","13777.0","Belgium","EMEA"
"539272","85123A","WHITE HANGING HEART T-LIGHT HOLDER","3","2011-03-30 15:27:00","2.8","13777.0","Belgium","EMEA"
"539272","22633","HAND WARMER UNION JACK","7","2011-03-30 15:27:00","1.9","13777.0","Belgium","EMEA"
"539273","22633","HAND WARMER UNION JACK","10","2011-04-23 13:42:00","2.26","17809.0","Netherlands","EMEA"
"539273","20685","DOORMAT RED RETROSPOT","4","2011-04-23 13:42:00","7.04","17809.0","Netherlands","EMEA"
"539274","22633","HAND WARMER UNION JACK","2","2011-04-24 14:24:00","1.8","15311.0","Canada","AMER"
"539274","84406B","CREAM CUPID HEARTS COAT HANGER","6","2011-04-24 14:24:00","2.77","15311.0","Canada","AMER"
"539274","84406B","CREAM CUPID HEARTS COAT HANGER","3","2011-04-24 14:24:00","3.24","15311.0","Canada","AMER"
"539275","22633","HAND WARMER UNION JACK","11","2011-03-11 09:34:00","2.1","14096.0","USA","AMER"
"539276","22633","HAND WARMER UNION JACK","11","2011-04-08 11:40:00","1.83","17809.0","Australia","APAC"
"539276","22752","SET 7 BABUSHKA NESTING BOXES","2","2011-04-08 11:40:00","7.68","17809.0","Australia","APAC"
"539276","22752","SET 7 BABUSHKA NESTING BOXES","9","2011-04-08 11:40:00","7.99","17809.0","Australia","APAC"
"539277","22632","HAND WARMER RED POLKA DOT","10","2011-03-05 11:54:00","2.3","13777.0","United Kingdom","EMEA"
"539278","85099B","JUMBO BAG RED RETROSPOT","1","2011-03-22 12:40:00","1.82","15291.0","Australia","APAC"
"539278","84029E","RED WOOLLY HOTTIE WHITE HEART","6","2011-03-22 12:40:00","3.44","15291.0","Australia","APAC"
"539279","21730","GLASS STAR FROSTED T-LIGHT HOLDER","5","2011-03-07 10:13:00","4.64","13047.0","Spain","EMEA"
"539280","47566","PARTY BUNTING","7","2011-03-21 08:24:00","5.12","15291.0","France","EMEA"
"539280","84406B","CREAM CUPID HEARTS COAT HANGER","12","2011-03-21 08:24:00","3.17","15291.0","France","EMEA"
"539280","21730","GLASS STAR FROSTED T-LIGHT HOLDER","5","2011-03-21 08:24:00","4.43","15291.0","France","EMEA"
"539281","22633","HAND WARMER UNION JACK","6","2011-04-15 08:14:00","1.76","17809.0","Netherlands","EMEA"
"539282","20685","DOORMAT RED RETROSPOT","1","2011-03-21 13:31:00","7.15","17850.0","Belgium","EMEA"
"539282","22633","HAND WARMER UNION JACK","9","2011-03-21 13:31:00","2.26","17850.0","Belgium","EMEA"
"539282","85099B","JUMBO BAG RED RETROSPOT","2","2011-03-21 13:31:00","2.1","17850.0","Belgium","EMEA"
"539283","22633","HAND WARMER UNION JACK","12","2011-04-16 10:35:00","1.89","13777.0","EIRE","EMEA"
"539284","84406B","CREAM CUPID HEARTS COAT HANGER","10","2011-03-23 14:16:00","2.9","15291.0","Belgium","EMEA"
"539284","84029G","KNITTED UNION FLAG HOT WATER BOTTLE","10","2011-03-23 14:16:00","3.8","15291.0","Belgium","EMEA"
"539285","22633","HAND WARMER UNION JACK","2","2011-04-09 13:18:00","2.05","17850.0","Canada","AMER"
"539285","22633","HAND WARMER UNION JACK","5","2011-04-09 13:18:00","2.28","17850.0","Canada","AMER"
"539285","71053","WHITE METAL LANTERN","7","2011-04-09 13:18:00","3.61","17850.0","Canada","AMER"
"539286","20685","DOORMAT RED RETROSPOT","6","2011-04-03 14:07:00","7.49","14606.0","Spain","EMEA"
"539286","85099B","JUMBO BAG RED RETROSPOT","11","2011-04-03 14:07:00","1.81","14606.0","Spain","EMEA"
"539287","22752","SET 7 BABUSHKA NESTING BOXES","12","2011-03-17 12:13:00","7.87","17850.0","USA","AMER"
"539288","22633","HAND WARMER UNION JACK","1","2011-03-04 14:42:00","2.22","17850.0","Germany","EMEA"
"539288","20685","DOORMAT RED RETROSPOT","8","2011-03-04 14:42:00","7.36","17850.0","Germany","EMEA"
"539289","85123A","WHITE HANGING HEART T-LIGHT HOLDER","1","2011-04-18 13:14:00","2.84","14606.0","EIRE","EMEA"
"539290","84406B","CREAM CUPID HEARTS COAT HANGER","8","2011-03-18 09:23:00","2.82","15311.0","Australia","APAC"
"539290","85099B","JUMBO BAG RED RETROSPOT","3","2011-03-18 09:23:00","1.99","15311.0","Australia","APAC"
"539290","84406B","CREAM CUPID HEARTS COAT HANGER","9","2011-03-18 09:23:00","2.72","15311.0","Australia","APAC"
"539291","22632","HAND WARMER RED POLKA DOT","1","2011-03-19 11:50:00","1.82","16029.0","United Kingdom","EMEA"
"539292","84029G","KNITTED UNION FLAG HOT WATER BOTTLE","8","2011-04-01 13:49:00","3.87","15291.0","United Kingdom","EMEA"
"539292","71053","WHITE METAL LANTERN","3","2011-04-01 13:49:00","3.73","15291.0","United Kingdom","EMEA"
"539292","85123A","WHITE HANGING HEART T-LIGHT HOLDER","1","2011-04-01 13:49:00","3.01","15291.0","United Kingdom","EMEA"
"539293","71053","WHITE METAL LANTERN","9","2011-03-22 16:24:00","3.63","14606.0","Australia","APAC"
"539293","85099B","JUMBO BAG RED RETROSPOT","5","2011-03-22 16:24:00","1.63","14606.0","Australia","APAC"
"539294","22632","HAND WARMER RED POLKA DOT","8","2011-04-25 12:34:00","2.05","12583.0","Belgium","EMEA"
"539295","22752","SET 7 BABUSHKA NESTING BOXES","4","2011-04-18 16:09:00","8.02","12583.0","United Kingdom","EMEA"
"539295","21730","GLASS STAR FROSTED T-LIGHT HOLDER","6","2011-04-18 16:09:00","4.63","12583.0","United Kingdom","EMEA"
"539295","84406B","CREAM CUPID HEARTS COAT HANGER","3","2011-04-18 16:09:00","2.66","12583.0","United Kingdom","EMEA"
"539296","84029G","KNITTED UNION FLAG HOT WATER BOTTLE","1","2011-04-24 16:03:00","3.39","14606.0","USA","AMER"
"539297","71053","WHITE METAL LANTERN","10","2011-03-30 09:25:00","3.49","17809.0","Germany","EMEA"
"539297","84029E","RED WOOLLY HOTTIE WHITE HEART","7","2011-03-30 09:25:00","3.56","17809.0","Germany","EMEA"
"539298","71053","WHITE METAL LANTERN","9","2011-04-18 12:19:00","3.51","17850.0","Canada","AMER"
"539299","22632","HAND WARMER RED POLKA DOT","4","2011-04-23 09:13:00","2.25","13047.0","Australia","APAC"
"539300","22752","SET 7 BABUSHKA NESTING BOXES","5","2011-03-17 14:15:00","8.15","13047.0","Netherlands","EMEA"
"539300","21730","GLASS STAR FROSTED T-LIGHT HOLDER","6","2011-03-17 14:15:00","4.47","13047.0","Netherlands","EMEA"
"539300","22632","HAND WARMER RED POLKA DOT","12","2011-03-17 14:15:00","2.19","13047.0","Netherlands","EMEA"
"539301","84406B","CREAM CUPID HEARTS COAT HANGER","1","2011-04-19 15:26:00","2.91","14606.0","Netherlands","EMEA"
"539301","47566","PARTY BUNTING","4","2011-04-19 15:26:00","5.27","14606.0","Netherlands","EMEA"
"539301","84029E","RED WOOLLY HOTTIE WHITE HEART","9","2011-04-19 15:26:00","3.82","14606.0","Netherlands","EMEA"
"539302","20685","DOORMAT RED RETROSPOT","10","2011-03-02 10:06:00","7.27","13777.0","EIRE","EMEA"
"539302","71053","WHITE METAL LANTERN","8","2011-03-02 10:06:00","3.79","13777.0","EIRE","EMEA"
"539303","84406B","CREAM CUPID HEARTS COAT HANGER","11","2011-03-20 09:30:00","2.76","14096.0","France","EMEA"
"539304","22632","HAND WARMER RED POLKA DOT","6","2011-03-23 16:51:00","1.76","14606.0","Germany","EMEA"
"539304","22632","HAND WARMER RED POLKA DOT","3","2011-03-23 16:51:00","2.1","14606.0","Germany","EMEA"
"539305","71053","WHITE METAL LANTERN","1","2011-03-06 08:59:00","3.39","16029.0","United Kingdom","EMEA"
"539305","84029G","KNITTED UNION FLAG HOT WATER BOTTLE","10","2011-03-06 08:59:00","3.7","16029.0","United Kingdom","EMEA"
"539305","85123A","WHITE HANGING HEART T-LIGHT HOLDER","11","2011-03-06 08:59:00","3.0","16029.0","United Kingdom","EMEA"
"539306","84029G","KNITTED UNION FLAG HOT WATER BOTTLE","10","2011-03-02 15:46:00","3.86","16029.0","Canada","AMER"
"539307","84029G","KNITTED UNION FLAG HOT WATER BOTTLE","10","2011-03-20 08:55:00","3.31","15311.0","USA","AMER"
"539307","85099B","JUMBO BAG RED RETROSPOT","1","2011-03-20 08:55:00","1.82","15311.0","USA","AMER"
"539307","22633","HAND WARMER UNION JACK","2","2011-03-20 08:55:00","2.29","15311.0","USA","AMER"
"539308","84029E","RED WOOLLY HOTTIE WHITE HEART","6","2011-04-01 08:12:00","3.32","16029.0","France","EMEA"
"539308","22752","SET 7 BABUSHKA NESTING BOXES","9","2011-04-01 08:12:00","8.12","16029.0","France","EMEA"
"539309","84029E","RED WOOLLY HOTTIE WHITE HEART","5","2011-04-12 08:10:00","3.83","12583.0","USA","AMER"
"539309","85099B","JUMBO BAG RED RETROSPOT","10","2011-04-12 08:10:00","1.72","12583.0","USA","AMER"
"539309","84029G","KNITTED UNION FLAG HOT WATER BOTTLE","10","2011-04-12 08:10:00","3.67","12583.0","USA","AMER"
"539310","22633","HAND WARMER UNION JACK","10","2011-03-10 13:31:00","2.34","12583.0","Spain","EMEA"
"539310","22632","HAND WARMER RED POLKA DOT","4","2011-03-10 13:31:00","1.76","12583.0","Spain","EMEA"
"539311","22632","HAND WARMER RED POLKA DOT","3","2011-03-18 13:13:00","2.31","13047.0","France","EMEA"
"539311","84029G","KNITTED UNION FLAG HOT WATER BOTTLE","4","2011-03-18 13:13:00","3.39","13047.0","France","EMEA"
"539311","84029G","KNITTED UNION FLAG HOT WATER BOTTLE","12","2011-03-18 13:13:00","3.82","13047.0","France","EMEA"
"539312","85099B","JUMBO BAG RED RETROSPOT","9","2011-04-05 14:57:00","2.01","15311.0","Canada","AMER"
"539313","21730","GLASS STAR FROSTED T-LIGHT HOLDER","2","2011-03-12 11:21:00","4.19","13777.0","Belgium","EMEA"
"539314","22752","SET 7 BABUSHKA NESTING BOXES","7","2011-03-07 12:31:00","7.63","14096.0","EIRE","EMEA"
"539314","22633","HAND WARMER UNION JACK","9","2011-03-07 12:31:00","2.08","14096.0","EIRE","EMEA"
"539315","22632","HAND WARMER RED POLKA DOT","11","2011-04-30 11:04:00","2.18","17809.0","Netherlands","EMEA"
"539316","85123A","WHITE HANGING HEART T-LIGHT HOLDER","5","2011-04-15 14:38:00","2.76","14606.0","Spain","EMEA"
"539316","84029G","KNITTED UNION FLAG HOT WATER BOTTLE","6","2011-04-15 14:38:00","3.53","14606.0","Spain","EMEA"
"539317","85099B","JUMBO BAG RED RETROSPOT","9","2011-04-22 14:35:00","1.59","13047.0","Australia","APAC"
"539317","22633","HAND WARMER UNION JACK","8","2011-04-22 14:35:00","1.8","13047.0","Australia","APAC"
"539318","85123A","WHITE HANGING HEART T-LIGHT HOLDER","7","2011-03-26 13:16:00","2.67","16029.0","Belgium","EMEA"
"539318","85123A","WHITE HANGING HEART T-LIGHT HOLDER","1","2011-03-26 13:16:00","2.54","16029.0","Belgium","EMEA"
"539318","22752","SET 7 BABUSHKA NESTING BOXES","7","2011-03-26 13:16:00","7.98","16029.0","Belgium","EMEA"
"539319","84029E","RED WOOLLY HOTTIE WHITE HEART","3","2011-03-31 15:07:00","3.34","17850.0","Spain","EMEA"
"539320","71053","WHITE METAL LANTERN","4","2011-03-16 13:47:00","3.56","14606.0","Netherlands","EMEA"
"539321","47566","PARTY BUNTING","10","2011-04-27 15:44:00","4.94","14606.0","EIRE","EMEA"
"539321","84406B","CREAM CUPID HEARTS COAT HANGER","10","2011-04-27 15:44:00","2.71","14606.0","EIRE","EMEA"
"539321","20685","DOORMAT RED RETROSPOT","9","2011-04-27 15:44:00","7.5","14606.0","EIRE","EMEA"
"539322","85099B","JUMBO BAG RED RETROSPOT","9","2011-04-25 13:56:00","2.12","15291.0","Australia","APAC"
"539322","22752","SET 7 BABUSHKA NESTING BOXES","10","2011-04-25 13:56:00","8.03","15291.0","Australia","APAC"
"539323","47566","PARTY BUNTING","11","2011-04-13 10:32:00","5.26","13047.0","Canada","AMER"
"539323","71053","WHITE METAL LANTERN","8","2011-04-13 10:32:00","3.55","13047.0","Canada","AMER"
"539323","47566","PARTY BUNTING","7","2011-04-13 10:32:00","5.33","13047.0","Canada","AMER"
"539324","22632","HAND WARMER RED POLKA DOT","7","2011-03-17 15:53:00","1.84","15311.0","USA","AMER"
"539325","22752","SET 7 BABUSHKA NESTING BOXES","11","2011-04-16 14:07:00","7.94","13047.0","Belgium","EMEA"
"539325","71053","WHITE METAL LANTERN","9","2011-04-16 14:07:00","3.54","13047.0","Belgium","EMEA"
"539326","20685","DOORMAT RED RETROSPOT","10","2011-03-21 08:56:00","6.99","15311.0","United Kingdom","EMEA"
"539326","85099B","JUMBO BAG RED RETROSPOT","8","2011-03-21 08:56:00","1.87","15311.0","United Kingdom","EMEA"
"539327","85099B","JUMBO BAG RED RETROSPOT","8","2011-04-14 12:01:00","1.81","13047.0","Germany","EMEA"
"539327","85123A","WHITE HANGING HEART T-LIGHT HOLDER","4","2011-04-14 12:01:00","2.63","13047.0","Germany","EMEA"
"539328","21730","GLASS STAR FROSTED T-LIGHT HOLDER","4","2011-03-03 16:08:00","4.44","17850.0","Australia","APAC"
"539328","84029E","RED WOOLLY HOTTIE WHITE HEART","11","2011-03-03 16:08:00","3.54","17850.0","Australia","APAC"
"539328","84029E","RED WOOLLY HOTTIE WHITE HEART","7","2011-03-03 16:08:00","3.38","17850.0","Australia","APAC"
"539329","22633","HAND WARMER UNION JACK","7","2011-04-11 15:16:00","1.85","17850.0","Netherlands","EMEA"
"539329","47566","PARTY BUNTING","9","2011-04-11 15:16:00","5.35","17850.0","Netherlands","EMEA"
"539329","20685","DOORMAT RED RETROSPOT","4","2011-04-11 15:16:00","7.55","17850.0","Netherlands","EMEA"
"539330","71053","WHITE METAL LANTERN","7","2011-04-06 11:00:00","3.59","17809.0","EIRE","EMEA"
"539330","84029E","RED WOOLLY HOTTIE WHITE HEART","10","2011-04-06 11:00:00","3.56","17809.0","EIRE","EMEA"
"539330","22633","HAND WARMER UNION JACK","2","2011-04-06 11:00:00","2.1","17809.0","EIRE","EMEA"
"539331","22633","HAND WARMER UNION JACK","2","2011-03-21 09:06:00","1.9","13777.0","Netherlands","EMEA"
"539332","22633","HAND WARMER UNION JACK","6","2011-03-19 10:34:00","2.26","15311.0","United Kingdom","EMEA"
"539332","21730","GLASS STAR FROSTED T-LIGHT HOLDER","8","2011-03-19 10:34:00","4.27","15311.0","United Kingdom","EMEA"
"539332","20685","DOORMAT RED RETROSPOT","2","2011-03-19 10:34:00","7.42","15311.0","United Kingdom","EMEA"
"539333","84406B","CREAM CUPID HEARTS COAT HANGER","8","2011-03-25 14:00:00","3.02","13777.0","Germany","EMEA"
"539334","85123A","WHITE HANGING HEART T-LIGHT HOLDER","10","2011-03-05 13:17:00","2.76","14096.0","France","EMEA"
"539334","85099B","JUMBO BAG RED RETROSPOT","6","2011-03-05 13:17:00","1.79","14096.0","France","EMEA"
"539334","71053","WHITE METAL LANTERN","1","2011-03-05 13:17:00","3.43","14096.0","France","EMEA"
"539335","84029G","KNITTED UNION FLAG HOT WATER BOTTLE","4","2011-03-08 08:03:00","3.48","15291.0","Spain","EMEA"
"539336","22633","HAND WARMER UNION JACK","5","2011-03-13 09:40:00","2.18","16029.0","EIRE","EMEA"
"539336","84406B","CREAM CUPID HEARTS COAT HANGER","2","2011-03-13 09:40:00","2.91","16029.0","EIRE","EMEA"
"539337","20685","DOORMAT RED RETROSPOT","8","2011-03-06 13:47:00","7.45","13047.0","USA","AMER"
"539337","47566","PARTY BUNTING","2","2011-03-06 13:47:00","5.41","13047.0","USA","AMER"
"539337","21730","GLASS STAR FROSTED T-LIGHT HOLDER","11","2011-03-06 13:47:00","4.42","13047.0","USA","AMER"
"539338","84406B","CREAM CUPID HEARTS COAT HANGER","9","2011-03-16 15:38:00","2.69","17809.0","Canada","AMER"
"539338","84029G","KNITTED UNION FLAG HOT WATER BOTTLE","10","2011-03-16 15:38:00","3.83","17809.0","Canada","AMER"
"539338","85099B","JUMBO BAG RED RETROSPOT","9","2011-03-16 15:38:00","1.63","17809.0","Canada","AMER"
"539339","22633","HAND WARMER UNION JACK","2","2011-04-21 10:39:00","1.88","13777.0","Germany","EMEA"
"539339","71053","WHITE METAL LANTERN","11","2011-04-21 10:39:00","3.49","13777.0","Germany","EMEA"
"539339","22632","HAND WARMER RED POLKA DOT","3","2011-04-21 10:39:00","1.95","13777.0","Germany","EMEA"
"539340","20685","DOORMAT RED RETROSPOT","2","2011-03-18 10:05:00","7.56","15311.0","Spain","EMEA"
"539340","71053","WHITE METAL LANTERN","12","2011-03-18 10:05:00","3.62","15311.0","Spain","EMEA"
"539340","20685","DOORMAT RED RETROSPOT","3","2011-03-18 10:05:00","7.3","15311.0","Spain","EMEA"
"539341","84029E","RED WOOLLY HOTTIE WHITE HEART","8","2011-03-07 12:22:00","3.32","16029.0","France","EMEA"
"539341","85099B","JUMBO BAG RED RETROSPOT","6","2011-03-07 12:22:00","2.1","16029.0","France","EMEA"
"539341","84029E","RED WOOLLY HOTTIE WHITE HEART","4","2011-03-07 12:22:00","3.42","16029.0","France","EMEA"
"539342","84029E","RED WOOLLY HOTTIE WHITE HEART","4","2011-04-07 13:41:00","3.37","17809.0","France","EMEA"
"539343","47566","PARTY BUNTING","3","2011-04-15 11:47:00","4.95","14606.0","Spain","EMEA"
"539343","22633","HAND WARMER UNION JACK","9","2011-04-15 11:47:00","2.33","14606.0","Spain","EMEA"
"539343","85099B","JUMBO BAG RED RETROSPOT","2","2011-04-15 11:47:00","2.04","14606.0","Spain","EMEA"
"539344","85099B","JUMBO BAG RED RETROSPOT","10","2011-04-07 16:44:00","1.98","15291.0","United Kingdom","EMEA"
"539344","20685","DOORMAT RED RETROSPOT","12","2011-04-07 16:44:00","7.01","15291.0","United Kingdom","EMEA"
"539345","84029G","KNITTED UNION FLAG HOT WATER BOTTLE","4","2011-04-10 15:10:00","3.53","14096.0","Germany","EMEA"
"539345","84029G","KNITTED UNION FLAG HOT WATER BOTTLE","6","2011-04-10 15:10:00","3.35","14096.0","Germany","EMEA"
"539345","85123A","WHITE HANGING HEART T-LIGHT HOLDER","8","2011-04-10 15:10:00","2.58","14096.0","Germany","EMEA"
"539346","85099B","JUMBO BAG RED RETROSPOT","4","2011-04-21 11:18:00","1.77","17809.0","Germany","EMEA"
"539346","22633","HAND WARMER UNION JACK","10","2011-04-21 11:18:00","1.92","17809.0","Germany","EMEA"
"539347","71053","WHITE METAL LANTERN","8","2011-04-26 12:26:00","3.46","17850.0","Spain","EMEA"
"539347","22752","SET 7 BABUSHKA NESTING BOXES","7","2011-04-26 12:26:00","7.67","17850.0","Spain","EMEA"
"539348","71053","WHITE METAL LANTERN","12","2011-03-08 16:31:00","3.49","17850.0","USA","AMER"
"539348","84029G","KNITTED UNION FLAG HOT WATER BOTTLE","1","2011-03-08 16:31:00","3.29","17850.0","USA","AMER"
"539349","71053","WHITE METAL LANTERN","3","2011-04-07 14:51:00","3.82","17850.0","Spain","EMEA"
"539350","84029G","KNITTED UNION FLAG HOT WATER BOTTLE","7","2011-03-25 10:43:00","3.36","12583.0","Canada","AMER"
"539350","71053","WHITE METAL LANTERN","6","2011-03-25 10:43:00","3.55","12583.0","Canada","AMER"
"539350","22633","HAND WARMER UNION JACK","8","2011-03-25 10:43:00","1.99","12583.0","Canada","AMER"
"539351","22632","HAND WARMER RED POLKA DOT","6","2011-03-30 16:45:00","1.77","15311.0","France","EMEA"
"539351","47566","PARTY BUNTING","12","2011-03-30 16:45:00","4.87","15311.0","France","EMEA"
"539352","84029G","KNITTED UNION FLAG HOT WATER BOTTLE","1","2011-03-24 13:10:00","3.76","13777.0","Spain","EMEA"
"539352","84029G","KNITTED UNION FLAG HOT WATER BOTTLE","12","2011-03-24 13:10:00","3.71","13777.0","Spain","EMEA"
"539352","85099B","JUMBO BAG RED RETROSPOT","1","2011-03-24 13:10:00","1.61","13777.0","Spain","EMEA"
"539353","71053","WHITE METAL LANTERN","2","2011-03-01 08:50:00","3.71","16029.0","France","EMEA"
"539354","22752","SET 7 BABUSHKA NESTING BOXES","11","2011-03-18 09:40:00","7.85","15311.0","Canada","AMER"
"539354","84406B","CREAM CUPID HEARTS COAT HANGER","3","2011-03-18 09:40:00","2.7","15311.0","Canada","AMER"
"539355","22632","HAND WARMER RED POLKA DOT","9","2011-03-05 09:02:00","2.28","17809.0","Germany","EMEA"
"539356","85123A","WHITE HANGING HEART T-LIGHT HOLDER","7","2011-04-06 13:59:00","2.69","15291.0","Canada","AMER"
"539357","71053","WHITE METAL LANTERN","12","2011-03-22 14:53:00","3.45","15311.0","Canada","AMER"
"539357","85123A","WHITE HANGING HEART T-LIGHT HOLDER","1","2011-03-22 14:53:00","2.78","15311.0","Canada","AMER"
"539358","85123A","WHITE HANGING HEART T-LIGHT HOLDER","7","2011-03-09 16:25:00","2.77","17809.0","Spain","EMEA"
"539359","22633","HAND WARMER UNION JACK","12","2011-04-17 12:16:00","1.76","13777.0","Germany","EMEA"
"539360","84406B","CREAM CUPID HEARTS COAT HANGER","5","2011-04-12 13:11:00","3.01","16029.0","Spain","EMEA"
"539360","47566","PARTY BUNTING","5","2011-04-12 13:11:00","5.25","16029.0","Spain","EMEA"
"539361","84029G","KNITTED UNION FLAG HOT WATER BOTTLE","10","2011-03-29 14:56:00","3.36","16029.0","USA","AMER"
"539361","85123A","WHITE HANGING HEART T-LIGHT HOLDER","1","2011-03-29 14:56:00","2.72","16029.0","USA","AMER"
"539361","47566","PARTY BUNTING","5","2011-03-29 14:56:00","4.9","16029.0","USA","AMER"
"539362","71053","WHITE METAL LANTERN","6","2011-03-30 08:47:00","3.37","15291.0","Netherlands","EMEA"
"539362","47566","PARTY BUNTING","6","2011-03-30 08:47:00","4.88","15291.0","Netherlands","EMEA"
"539363","20685","DOORMAT RED RETROSPOT","7","2011-03-20 09:40:00","7.25","17809.0","EIRE","EMEA"
"539363","85099B","JUMBO BAG RED RETROSPOT","6","2011-03-20 09:40:00","1.68","17809.0","EIRE","EMEA"
"539364","22752","SET 7 BABUSHKA NESTING BOXES","11","2011-03-25 15:49:00","7.9","17809.0","Spain","EMEA"
"539364","85099B","JUMBO BAG RED RETROSPOT","2","2011-03-25 15:49:00","1.88","17809.0","Spain","EMEA"
"539365","84029E","RED WOOLLY HOTTIE WHITE HEART","12","2011-04-23 10:40:00","3.42","15311.0","Belgium","EMEA"
"539365","84029G","KNITTED UNION FLAG HOT WATER BOTTLE","6","2011-04-23 10:40:00","3.3","15311.0","Belgium","EMEA"
"539365","22632","HAND WARMER RED POLKA DOT","11","2011-04-23 10:40:00","2.34","15311.0","Belgium","EMEA"
"539366","22632","HAND WARMER RED POLKA DOT","11","2011-04-27 15:16:00","2.18","12583.0","Germany","EMEA"
"539367","84406B","CREAM CUPID HEARTS COAT HANGER","1","2011-04-17 16:23:00","2.85","14096.0","France","EMEA"
"539367","85099B","JUMBO BAG RED RETROSPOT","7","2011-04-17 16:23:00","1.55","14096.0","France","EMEA"
"539368","85099B","JUMBO BAG RED RETROSPOT","2","2011-04-06 11:09:00","1.9","16029.0","Canada","AMER"
"539368","84029E","RED WOOLLY HOTTIE WHITE HEART","7","2011-04-06 11:09:00","3.51","16029.0","Canada","AMER"
"539368","21730","GLASS STAR FROSTED T-LIGHT HOLDER","4","2011-04-06 11:09:00","4.73","16029.0","Canada","AMER"
"539369","22632","HAND WARMER RED POLKA DOT","8","2011-03-27 08:10:00","2.13","17809.0","France","EMEA"
"539369","71053","WHITE METAL LANTERN","12","2011-03-27 08:10:00","3.66","17809.0","France","EMEA"
"539369","20685","DOORMAT RED RETROSPOT","7","2011-03-27 08:10:00","7.46","17809.0","France","EMEA"
"539370","84406B","CREAM CUPID HEARTS COAT HANGER","11","2011-04-06 09:01:00","2.67","15291.0","EIRE","EMEA"
"539371","47566","PARTY BUNTING","4","2011-03-12 16:37:00","5.35","17850.0","Spain","EMEA"
"539371","22752","SET 7 BABUSHKA NESTING BOXES","11","2011-03-12 16:37:00","7.98","17850.0","Spain","EMEA"
"539372","22752","SET 7 BABUSHKA NESTING BOXES","8","2011-04-09 08:34:00","7.88","13047.0","EIRE","EMEA"
"539373","84406B","CREAM CUPID HEARTS COAT HANGER","3","2011-04-03 12:55:00","2.66","17809.0","France","EMEA"
"539373","85099B","JUMBO BAG RED RETROSPOT","7","2011-04-03 12:55:00","1.76","17809.0","France","EMEA"
"539373","85123A","WHITE HANGING HEART T-LIGHT HOLDER","8","2011-04-03 12:55:00","2.75","17809.0","France","EMEA"
"539374","21730","GLASS STAR FROSTED T-LIGHT HOLDER","4","2011-03-12 13:48:00","4.44","17850.0","Belgium","EMEA"
"539374","22632","HAND WARMER RED POLKA DOT","2","2011-03-12 13:48:00","1.8","17850.0","Belgium","EMEA"
"539374","20685","DOORMAT RED RETROSPOT","11","2011-03-12 13:48:00","7.36","17850.0","Belgium","EMEA"
"539375","22633","HAND WARMER UNION JACK","4","2011-03-29 10:54:00","1.85","16029.0","United Kingdom","EMEA"
"539375","22632","HAND WARMER RED POLKA DOT","6","2011-03-29 10:54:00","1.97","16029.0","United Kingdom","EMEA"
"539375","22633","HAND WARMER UNION JACK","8","2011-03-29 10:54:00","2.1","16029.0","United Kingdom","EMEA"
"539376","85123A","WHITE HANGING HEART T-LIGHT HOLDER","9","2011-04-29 12:47:00","2.67","15291.0","Spain","EMEA"
"539376","84406B","CREAM CUPID HEARTS COAT HANGER","9","2011-04-29 12:47:00","2.9","15291.0","Spain","EMEA"
"539377","85123A","WHITE HANGING HEART T-LIGHT HOLDER","7","2011-03-29 10:26:00","2.65","12583.0","USA","AMER"
"539377","21730","GLASS STAR FROSTED T-LIGHT HOLDER","9","2011-03-29 10:26:00","4.25","12583.0","USA","AMER"
"539377","20685","DOORMAT RED RETROSPOT","10","2011-03-29 10:26:00","7.52","12583.0","USA","AMER"
"539378","84029E","RED WOOLLY HOTTIE WHITE HEART","2","2011-04-03 10:52:00","3.78","12583.0","Australia","APAC"
"539378","20685","DOORMAT RED RETROSPOT","12","2011-04-03 10:52:00","7.53","12583.0","Australia","APAC"
"539379","85123A","WHITE HANGING HEART T-LIGHT HOLDER","5","2011-04-16 14:32:00","2.55","15291.0","Australia","APAC"
"539379","22632","HAND WARMER RED POLKA DOT","8","2011-04-16 14:32:00","2.06","15291.0","Australia","APAC"
"539379","47566","PARTY BUNTING","3","2011-04-16 14:32:00","5.05","15291.0","Australia","APAC"
"539380","84406B","CREAM CUPID HEARTS COAT HANGER","12","2011-04-26 15:44:00","2.83","14096.0","USA","AMER"
"539380","47566","PARTY BUNTING","6","2011-04-26 15:44:00","5.02","14096.0","USA","AMER"
"539380","71053","WHITE METAL LANTERN","11","2011-04-26 15:44:00","3.51","14096.0","USA","AMER"
"539381","21730","GLASS STAR FROSTED T-LIGHT HOLDER","8","2011-03-11 14:36:00","4.65","14096.0","Australia","APAC"
"539382","22752","SET 7 BABUSHKA NESTING BOXES","6","2011-03-24 15:27:00","8.06","12583.0","Canada","AMER"
"539382","71053","WHITE METAL LANTERN","5","2011-03-24 15:27:00","3.55","12583.0","Canada","AMER"
"539382","22752","SET 7 BABUSHKA NESTING BOXES","10","2011-03-24 15:27:00","7.9","12583.0","Canada","AMER"
"539383","47566","PARTY BUNTING","6","2011-03-13 08:38:00","4.99","14606.0","Germany","EMEA"
"539384","85099B","JUMBO BAG RED RETROSPOT","6","2011-04-25 11:06:00","2.15","16029.0","USA","AMER"
"539385","21730","GLASS STAR FROSTED T-LIGHT HOLDER","6","2011-04-12 16:46:00","4.31","17809.0","United Kingdom","EMEA"
"539386","22633","HAND WARMER UNION JACK","2","2011-04-05 08:27:00","2.11","15291.0","EIRE","EMEA"
"539387","85099B","JUMBO BAG RED RETROSPOT","7","2011-03-24 09:32:00","1.92","12583.0","Spain","EMEA"
"539387","20685","DOORMAT RED RETROSPOT","6","2011-03-24 09:32:00","7.38","12583.0","Spain","EMEA"
"539388","22752","SET 7 BABUSHKA NESTING BOXES","12","2011-04-23 15:41:00","7.63","13047.0","Australia","APAC"
"539388","85099B","JUMBO BAG RED RETROSPOT","1","2011-04-23 15:41:00","1.92","13047.0","Australia","APAC"
"539389","84029G","KNITTED UNION FLAG HOT WATER BOTTLE","11","2011-03-25 09:50:00","3.89","15291.0","Netherlands","EMEA"
"539389","47566","PARTY BUNTING","4","2011-03-25 09:50:00","5.01","15291.0","Netherlands","EMEA"
"539389","22633","HAND WARMER UNION JACK","5","2011-03-25 09:50:00","2.15","15291.0","Netherlands","EMEA"
"539390","71053","WHITE METAL LANTERN","9","2011-03-04 12:19:00","3.8","17850.0","Netherlands","EMEA"
"539390","85099B","JUMBO BAG RED RETROSPOT","1","2011-03-04 12:19:00","1.56","17850.0","Netherlands","EMEA"
"539390","21730","GLASS STAR FROSTED T-LIGHT HOLDER","1","2011-03-04 12:19:00","4.27","17850.0","Netherlands","EMEA"
"539391","21730","GLASS STAR FROSTED T-LIGHT HOLDER","4","2011-03-20 11:48:00","4.65","15291.0","Canada","AMER"
"539391","22632","HAND WARMER RED POLKA DOT","7","2011-03-20 11:48:00","1.8","15291.0","Canada","AMER"
"539392","47566","PARTY BUNTING","4","2011-04-04 16:30:00","5.03","17809.0","Belgium","EMEA"
"539392","85123A","WHITE HANGING HEART T-LIGHT HOLDER","11","2011-04-04 16:30:00","2.6","17809.0","Belgium","EMEA"
"539392","21730","GLASS STAR FROSTED T-LIGHT HOLDER","10","2011-04-04 16:30:00","4.71","17809.0","Belgium","EMEA"
"539393","85123A","WHITE HANGING HEART T-LIGHT HOLDER","8","2011-03-05 11:30:00","2.76","14606.0","USA","AMER"
"539394","71053","WHITE METAL LANTERN","5","2011-04-22 08:48:00","3.33","15311.0","EIRE","EMEA"
"539395","20685","DOORMAT RED RETROSPOT","1","2011-04-10 08:27:00","7.45","14096.0","France","EMEA"
"539395","22632","HAND WARMER RED POLKA DOT","3","2011-04-10 08:27:00","2.31","14096.0","France","EMEA"
"539395","20685","DOORMAT RED RETROSPOT","2","2011-04-10 08:27:00","7.26","14096.0","France","EMEA"
"539396","85123A","WHITE HANGING HEART T-LIGHT HOLDER","6","2011-04-23 14:31:00","2.98","14606.0","Belgium","EMEA"
"539396","84029E","RED WOOLLY HOTTIE WHITE HEART","3","2011-04-23 14:31:00","3.29","14606.0","Belgium","EMEA"
"539397","71053","WHITE METAL LANTERN","9","2011-03-03 08:02:00","3.68","15291.0","United Kingdom","EMEA"
"539398","71053","WHITE METAL LANTERN","10","2011-03-12 08:07:00","3.65","14096.0","United Kingdom","EMEA"
"539398","21730","GLASS STAR FROSTED T-LIGHT HOLDER","9","2011-03-12 08:07:00","4.48","14096.0","United Kingdom","EMEA"
"539399","84029E","RED WOOLLY HOTTIE WHITE HEART","3","2011-04-07 08:51:00","3.44","17850.0","Canada","AMER"
"539400","21730","GLASS STAR FROSTED T-LIGHT HOLDER","5","2011-04-15 12:22:00","4.35","15311.0","Belgium","EMEA"
"539400","85099B","JUMBO BAG RED RETROSPOT","11","2011-04-15 12:22:00","1.71","15311.0","Belgium","EMEA"
"539401","84406B","CREAM CUPID HEARTS COAT HANGER","11","2011-04-13 12:51:00","2.86","16029.0","Australia","APAC"
"539402","84029G","KNITTED UNION FLAG HOT WATER BOTTLE","10","2011-03-01 10:04:00","3.68","12583.0","France","EMEA"
"539402","22752","SET 7 BABUSHKA NESTING BOXES","3","2011-03-01 10:04:00","7.57","12583.0","France","EMEA"
"539402","21730","GLASS STAR FROSTED T-LIGHT HOLDER","5","2011-03-01 10:04:00","4.72","12583.0","France","EMEA"
"539403","21730","GLASS STAR FROSTED T-LIGHT HOLDER","2","2011-03-14 10:23:00","4.7","16029.0","Netherlands","EMEA"
"539404","22752","SET 7 BABUSHKA NESTING BOXES","8","2011-03-03 09:50:00","8.05","13777.0","EIRE","EMEA"
"539404","22633","HAND WARMER UNION JACK","5","2011-03-03 09:50:00","1.94","13777.0","EIRE","EMEA"
"539404","85099B","JUMBO BAG RED RETROSPOT","7","2011-03-03 09:50:00","2.1","13777.0","EIRE","EMEA"
"539405","47566","PARTY BUNTING","9","2011-03-19 13:46:00","5.03","13047.0","France","EMEA"
"539405","85099B","JUMBO BAG RED RETROSPOT","9","2011-03-19 13:46:00","2.04","13047.0","France","EMEA"
"539406","85099B","JUMBO BAG RED RETROSPOT","11","2011-04-11 09:27:00","1.89","13777.0","Spain","EMEA"
"539406","84029G","KNITTED UNION FLAG HOT WATER BOTTLE","7","2011-04-11 09:27:00","3.87","13777.0","Spain","EMEA"
"539406","71053","WHITE METAL LANTERN","8","2011-04-11 09:27:00","3.7","13777.0","Spain","EMEA"
"539407","71053","WHITE METAL LANTERN","5","2011-04-13 14:34:00","3.69","12583.0","USA","AMER"
"539407","22752","SET 7 BABUSHKA NESTING BOXES","6","2011-04-13 14:34:00","7.95","12583.0","USA","AMER"
"539408","85123A","WHITE HANGING HEART T-LIGHT HOLDER","5","2011-04-25 15:00:00","2.85","17809.0","Spain","EMEA"
"539409","22752","SET 7 BABUSHKA NESTING BOXES","10","2011-04-11 11:29:00","8.12","15311.0","Australia","APAC"
"539410","71053","WHITE METAL LANTERN","4","2011-04-10 14:44:00","3.36","15291.0","France","EMEA"
"539411","22633","HAND WARMER UNION JACK","1","2011-04-09 13:21:00","1.8","15311.0","USA","AMER"
"539411","85123A","WHITE HANGING HEART T-LIGHT HOLDER","2","2011-04-09 13:21:00","2.71","15311.0","USA","AMER"
"539411","85099B","JUMBO BAG RED RETROSPOT","10","2011-04-09 13:21:00","1.92","15311.0","USA","AMER"
"539412","20685","DOORMAT RED RETROSPOT","4","2011-03-20 10:22:00","7.17","16029.0","Netherlands","EMEA"
"539412","84406B","CREAM CUPID HEARTS COAT HANGER","6","2011-03-20 10:22:00","2.79","16029.0","Netherlands","EMEA"
"539412","85123A","WHITE HANGING HEART T-LIGHT HOLDER","10","2011-03-20 10:22:00","2.63","16029.0","Netherlands","EMEA"
"539413","85099B","JUMBO BAG RED RETROSPOT","5","2011-04-09 13:41:00","2.13","17809.0","Belgium","EMEA"
"539414","47566","PARTY BUNTING","3","2011-04-16 13:35:00","5.24","17850.0","USA","AMER"
"539415","84029E","RED WOOLLY HOTTIE WHITE HEART","10","2011-04-11 13:51:00","3.75","13047.0","France","EMEA"
"539415","85099B","JUMBO BAG RED RETROSPOT","12","2011-04-11 13:51:00","1.99","13047.0","France","EMEA"
"539415","84029G","KNITTED UNION FLAG HOT WATER BOTTLE","1","2011-04-11 13:51:00","3.59","13047.0","France","EMEA"
"539416","22632","HAND WARMER RED POLKA DOT","9","2011-03-09 13:07:00","1.89","13777.0","Australia","APAC"
"539416","22632","HAND WARMER RED POLKA DOT","11","2011-03-09 13:07:00","2.1","13777.0","Australia","APAC"
"539416","84029G","KNITTED UNION FLAG HOT WATER BOTTLE","5","2011-03-09 13:07:00","3.78","13777.0","Australia","APAC"
"539417","47566","PARTY BUNTING","9","2011-04-21 14:14:00","5.29","12583.0","United Kingdom","EMEA"
"539418","47566","PARTY BUNTING","10","2011-03-24 12:16:00","5.24","15311.0","Canada","AMER"
"539418","85123A","WHITE HANGING HEART T-LIGHT HOLDER","8","2011-03-24 12:16:00","2.65","15311.0","Canada","AMER"
"539419","84406B","CREAM CUPID HEARTS COAT HANGER","3","2011-03-13 16:34:00","2.79","17809.0","Spain","EMEA"
"539419","20685","DOORMAT RED RETROSPOT","5","2011-03-13 16:34:00","7.0","17809.0","Spain","EMEA"
"539420","47566","PARTY BUNTING","6","2011-04-19 16:44:00","5.39","17850.0","Australia","APAC"
"539421","22633","HAND WARMER UNION JACK","9","2011-04-03 10:27:00","1.84","15311.0","Spain","EMEA"
"539421","84406B","CREAM CUPID HEARTS COAT HANGER","8","2011-04-03 10:27:00","2.86","15311.0","Spain","EMEA"
"539422","47566","PARTY BUNTING","9","2011-04-03 08:29:00","5.31","14096.0","Australia","APAC"
"539422","85123A","WHITE HANGING HEART T-LIGHT HOLDER","6","2011-04-03 08:29:00","2.52","14096.0","Australia","APAC"
"539422","84029G","KNITTED UNION FLAG HOT WATER BOTTLE","2","2011-04-03 08:29:00","3.47","14096.0","Australia","APAC"
"539423","85099B","JUMBO BAG RED RETROSPOT","9","2011-04-23 11:13:00","1.78","16029.0","France","EMEA"
"539423","85099B","JUMBO BAG RED RETROSPOT","4","2011-04-23 11:13:00","1.71","16029.0","France","EMEA"
"539423","22632","HAND WARMER RED POLKA DOT","8","2011-04-23 11:13:00","1.85","16029.0","France","EMEA"
"539424","20685","DOORMAT RED RETROSPOT","12","2011-03-10 16:21:00","7.28","14096.0","EIRE","EMEA"
"539424","85099B","JUMBO BAG RED RETROSPOT","10","2011-03-10 16:21:00","1.88","14096.0","EIRE","EMEA"
"539425","20685","DOORMAT RED RETROSPOT","8","2011-04-01 13:33:00","7.11","17809.0","Spain","EMEA"
"539426","85123A","WHITE HANGING HEART T-LIGHT HOLDER","12","2011-04-03 08:23:00","2.73","15291.0","Belgium","EMEA"
"539426","22752","SET 7 BABUSHKA NESTING BOXES","2","2011-04-03 08:23:00","7.62","15291.0","Belgium","EMEA"
"539426","84406B","CREAM CUPID HEARTS COAT HANGER","5","2011-04-03 08:23:00","2.93","15291.0","Belgium","EMEA"
"539427","85123A","WHITE HANGING HEART T-LIGHT HOLDER","11","2011-04-17 09:51:00","2.47","13777.0","USA","AMER"
"539428","84406B","CREAM CUPID HEARTS COAT HANGER","11","2011-03-16 13:42:00","2.93","17850.0","United Kingdom","EMEA"
"539429","84406B","CREAM CUPID HEARTS COAT HANGER","5","2011-04-03 14:14:00","3.02","12583.0","Australia","APAC"
"539430","85123A","WHITE HANGING HEART T-LIGHT HOLDER","12","2011-04-27 11:27:00","2.85","15291.0","Australia","APAC"
"539430","84406B","CREAM CUPID HEARTS COAT HANGER","10","2011-04-27 11:27:00","2.95","15291.0","Australia","APAC"
"539430","20685","DOORMAT RED RETROSPOT","11","2011-04-27 11:27:00","7.4","15291.0","Australia","APAC"
"539431","84029E","RED WOOLLY HOTTIE WHITE HEART","7","2011-03-12 16:04:00","3.67","15291.0","Netherlands","EMEA"
"539431","22633","HAND WARMER UNION JACK","12","2011-03-12 16:04:00","1.85","15291.0","Netherlands","EMEA"
"539431","22633","HAND WARMER UNION JACK","1","2011-03-12 16:04:00","1.8","15291.0","Netherlands","EMEA"
"539432","84406B","CREAM CUPID HEARTS COAT HANGER","2","2011-04-02 16:31:00","2.94","15311.0","Germany","EMEA"
"539432","84406B","CREAM CUPID HEARTS COAT HANGER","11","2011-04-02 16:31:00","2.97","15311.0","Germany","EMEA"
"539432","21730","GLASS STAR FROSTED T-LIGHT HOLDER","1","2011-04-02 16:31:00","4.41","15311.0","Germany","EMEA"
"539433","84029E","RED WOOLLY HOTTIE WHITE HEART","9","2011-04-02 12:49:00","3.59","15291.0","Belgium","EMEA"
"539433","84029E","RED WOOLLY HOTTIE WHITE HEART","10","2011-04-02 12:49:00","3.44","15291.0","Belgium","EMEA"
"539434","85123A","WHITE HANGING HEART T-LIGHT HOLDER","7","2011-04-29 10:08:00","2.96","15311.0","EIRE","EMEA"
"539434","84029E","RED WOOLLY HOTTIE WHITE HEART","12","2011-04-29 10:08:00","3.62","15311.0","EIRE","EMEA"
"539435","22632","HAND WARMER RED POLKA DOT","11","2011-03-19 11:21:00","1.97","13777.0","France","EMEA"
"539435","47566","PARTY BUNTING","4","2011-03-19 11:21:00","5.36","13777.0","France","EMEA"
"539436","84029G","KNITTED UNION FLAG HOT WATER BOTTLE","5","2011-04-17 12:44:00","3.37","13777.0","USA","AMER"
"539437","47566","PARTY BUNTING","1","2011-03-11 12:03:00","5.06","17850.0","Netherlands","EMEA"
"539438","22633","HAND WARMER UNION JACK","4","2011-03-23 08:12:00","1.97","14606.0","EIRE","EMEA"
"539438","47566","PARTY BUNTING","3","2011-03-23 08:12:00","5.38","14606.0","EIRE","EMEA"
"539438","85099B","JUMBO BAG RED RETROSPOT","7","2011-03-23 08:12:00","2.1","14606.0","EIRE","EMEA"
"539439","71053","WHITE METAL LANTERN","8","2011-04-14 10:27:00","3.51","17809.0","France","EMEA"
"539439","22752","SET 7 BABUSHKA NESTING BOXES","5","2011-04-14 10:27:00","7.6","17809.0","France","EMEA"
"539439","22632","HAND WARMER RED POLKA DOT","11","2011-04-14 10:27:00","1.83","17809.0","France","EMEA"
"539440","84406B","CREAM CUPID HEARTS COAT HANGER","2","2011-03-29 08:03:00","3.17","15291.0","France","EMEA"
"539440","21730","GLASS STAR FROSTED T-LIGHT HOLDER","11","2011-03-29 08:03:00","4.2","15291.0","France","EMEA"
"539440","47566","PARTY BUNTING","10","2011-03-29 08:03:00","5.19","15291.0","France","EMEA"
"539441","85099B","JUMBO BAG RED RETROSPOT","9","2011-04-29 11:37:00","1.98","12583.0","EIRE","EMEA"
"539442","84406B","CREAM CUPID HEARTS COAT HANGER","3","2011-03-22 09:59:00","2.93","14606.0","Spain","EMEA"
"539442","85099B","JUMBO BAG RED RETROSPOT","11","2011-03-22 09:59:00","1.95","14606.0","Spain","EMEA"
"539442","22633","HAND WARMER UNION JACK","9","2011-03-22 09:59:00","2.0","14606.0","Spain","EMEA"
"539443","85099B","JUMBO BAG RED RETROSPOT","3","2011-03-19 12:41:00","2.01","14096.0","Australia","APAC"
"539444","85099B","JUMBO BAG RED RETROSPOT","6","2011-04-01 09:14:00","1.95","13777.0","United Kingdom","EMEA"
"539444","47566","PARTY BUNTING","3","2011-04-01 09:14:00","5.28","13777.0","United Kingdom","EMEA"
"539445","71053","WHITE METAL LANTERN","2","2011-04-05 16:20:00","3.59","12583.0","Germany","EMEA"
"539446","71053","WHITE METAL LANTERN","2","2011-03-18 10:12:00","3.68","17809.0","United Kingdom","EMEA"
"539446","21730","GLASS STAR FROSTED T-LIGHT HOLDER","3","2011-03-18 10:12:00","4.36","17809.0","United Kingdom","EMEA"
"539447","21730","GLASS STAR FROSTED T-LIGHT HOLDER","12","2011-04-08 12:25:00","4.45","15291.0","Spain","EMEA"
"539447","21730","GLASS STAR FROSTED T-LIGHT HOLDER","12","2011-04-08 12:25:00","4.35","15291.0","Spain","EMEA"
"539448","84029E","RED WOOLLY HOTTIE WHITE HEART","4","2011-03-21 09:36:00","3.44","13777.0","Netherlands","EMEA"
"539449","85123A","WHITE HANGING HEART T-LIGHT HOLDER","9","2011-03-10 13:42:00","2.67","15291.0","Spain","EMEA"
"539449","71053","WHITE METAL LANTERN","2","2011-03-10 13:42:00","3.51","15291.0","Spain","EMEA"
"539450","20685","DOORMAT RED RETROSPOT","1","2011-04-14 13:55:00","7.39","13777.0","Spain","EMEA"
"539450","21730","GLASS STAR FROSTED T-LIGHT HOLDER","6","2011-04-14 13:55:00","4.28","13777.0","Spain","EMEA"
"539450","84406B","CREAM CUPID HEARTS COAT HANGER","6","2011-04-14 13:55:00","2.83","13777.0","Spain","EMEA"
"539451","84029G","KNITTED UNION FLAG HOT WATER BOTTLE","12","2011-04-05 08:41:00","3.38","15291.0","France","EMEA"
"539452","22632","HAND WARMER RED POLKA DOT","1","2011-03-31 12:49:00","2.24","16029.0","France","EMEA"
"539453","85099B","JUMBO BAG RED RETROSPOT","4","2011-04-14 16:28:00","2.11","14096.0","Canada","AMER"
"539453","22752","SET 7 BABUSHKA NESTING BOXES","3","2011-04-14 16:28:00","7.57","14096.0","Canada","AMER"
"539454","71053","WHITE METAL LANTERN","2","2011-03-30 14:55:00","3.32","16029.0","USA","AMER"
"539454","47566","PARTY BUNTING","8","2011-03-30 14:55:00","5.35","16029.0","USA","AMER"
"539454","84029G","KNITTED UNION FLAG HOT WATER BOTTLE","1","2011-03-30 14:55:00","3.39","16029.0","USA","AMER"
"539455","22752","SET 7 BABUSHKA NESTING BOXES","12","2011-04-25 13:15:00","7.95","14096.0","Belgium","EMEA"
"539455","71053","WHITE METAL LANTERN","9","2011-04-25 13:15:00","3.79","14096.0","Belgium","EMEA"
"539455","47566","PARTY BUNTING","9","2011-04-25 13:15:00","5.06","14096.0","Belgium","EMEA"
"539456","71053","WHITE METAL LANTERN","5","2011-04-12 15:10:00","3.6","13047.0","Canada","AMER"
"539456","22632","HAND WARMER RED POLKA DOT","9","2011-04-12 15:10:00","1.85","13047.0","Canada","AMER"
"539457","22752","SET 7 BABUSHKA NESTING BOXES","2","2011-03-23 09:42:00","7.57","17809.0","USA","AMER"
"539458","21730","GLASS STAR FROSTED T-LIGHT HOLDER","8","2011-04-27 12:25:00","4.29","15311.0","Canada","AMER"
"539458","22632","HAND WARMER RED POLKA DOT","9","2011-04-27 12:25:00","2.31","15311.0","Canada","AMER"
"539458","84029E","RED WOOLLY HOTTIE WHITE HEART","9","2011-04-27 12:25:00","3.69","15311.0","Canada","AMER"
"539459","84406B","CREAM CUPID HEARTS COAT HANGER","8","2011-04-16 15:49:00","3.07","12583.0","Germany","EMEA"
"539459","21730","GLASS STAR FROSTED T-LIGHT HOLDER","1","2011-04-16 15:49:00","4.17","12583.0","Germany","EMEA"
"539459","71053","WHITE METAL LANTERN","2","2011-04-16 15:49:00","3.51","12583.0","Germany","EMEA"
"539460","20685","DOORMAT RED RETROSPOT","9","2011-04-17 09:01:00","7.14","13047.0","EIRE","EMEA"
"539460","22752","SET 7 BABUSHKA NESTING BOXES","6","2011-04-17 09:01:00","7.82","13047.0","EIRE","EMEA"
"539461","22632","HAND WARMER RED POLKA DOT","2","2011-04-13 11:53:00","2.28","16029.0","EIRE","EMEA"
"539461","84029E","RED WOOLLY HOTTIE WHITE HEART","1","2011-04-13 11:53:00","3.35","16029.0","EIRE","EMEA"
"539461","84029E","RED WOOLLY HOTTIE WHITE HEART","8","2011-04-13 11:53:00","3.53","16029.0","EIRE","EMEA"
"539462","71053","WHITE METAL LANTERN","6","2011-04-05 12:27:00","3.66","14606.0","Belgium","EMEA"
"539462","85123A","WHITE HANGING HEART T-LIGHT HOLDER","2","2011-04-05 12:27:00","2.63","14606.0","Belgium","EMEA"
"539462","84406B","CREAM CUPID HEARTS COAT HANGER","10","2011-04-05 12:27:00","3.21","14606.0","Belgium","EMEA"
"539463","85123A","WHITE HANGING HEART T-LIGHT HOLDER","5","2011-04-12 11:47:00","2.56","13777.0","Germany","EMEA"
"539463","71053","WHITE METAL LANTERN","2","2011-04-12 11:47:00","3.4","13777.0","Germany","EMEA"
"539463","22633","HAND WARMER UNION JACK","6","2011-04-12 11:47:00","1.75","13777.0","Germany","EMEA"
"539464","21730","GLASS STAR FROSTED T-LIGHT HOLDER","12","2011-04-10 08:46:00","4.68","13047.0","EIRE","EMEA"
"539464","71053","WHITE METAL LANTERN","8","2011-04-10 08:46:00","3.43","13047.0","EIRE","EMEA"
"539464","20685","DOORMAT RED RETROSPOT","6","2011-04-10 08:46:00","7.38","13047.0","EIRE","EMEA"
"539465","22633","HAND WARMER UNION JACK","3","2011-03-08 15:30:00","2.27","13777.0","Canada","AMER"
"539465","21730","GLASS STAR FROSTED T-LIGHT HOLDER","7","2011-03-08 15:30:00","4.74","13777.0","Canada","AMER"
"539465","85123A","WHITE HANGING HEART T-LIGHT HOLDER","2","2011-03-08 15:30:00","2.93","13777.0","Canada","AMER"
"539466","22752","SET 7 BABUSHKA NESTING BOXES","5","2011-03-22 11:16:00","7.82","16029.0","Netherlands","EMEA"
"539467","47566","PARTY BUNTING","4","2011-04-27 08:32:00","5.15","15291.0","France","EMEA"
"539467","22752","SET 7 BABUSHKA NESTING BOXES","10","2011-04-27 08:32:00","7.76","15291.0","France","EMEA"
"539468","22632","HAND WARMER RED POLKA DOT","4","2011-04-16 16:38:00","2.26","14096.0","Germany","EMEA"
"539468","85099B","JUMBO BAG RED RETROSPOT","6","2011-04-16 16:38:00","1.56","14096.0","Germany","EMEA"
"539469","84406B","CREAM CUPID HEARTS COAT HANGER","8","2011-04-18 08:58:00","2.67","13047.0","USA","AMER"
"539469","85099B","JUMBO BAG RED RETROSPOT","4","2011-04-18 08:58:00","1.79","13047.0","USA","AMER"
"539470","71053","WHITE METAL LANTERN","12","2011-04-14 15:25:00","3.67","17809.0","Belgium","EMEA"
"539470","85123A","WHITE HANGING HEART T-LIGHT HOLDER","6","2011-04-14 15:25:00","3.04","17809.0","Belgium","EMEA"
"539471","22752","SET 7 BABUSHKA NESTING BOXES","5","2011-04-13 15:52:00","8.1","15311.0","France","EMEA"
"539471","22752","SET 7 BABUSHKA NESTING BOXES","5","2011-04-13 15:52:00","7.83","15311.0","France","EMEA"
"539472","85099B","JUMBO BAG RED RETROSPOT","1","2011-03-21 10:27:00","1.84","13047.0","United Kingdom","EMEA"
"539472","22632","HAND WARMER RED POLKA DOT","7","2011-03-21 10:27:00","2.09","13047.0","United Kingdom","EMEA"
"539472","47566","PARTY BUNTING","4","2011-03-21 10:27:00","5.05","13047.0","United Kingdom","EMEA"
"539473","84029E","RED WOOLLY HOTTIE WHITE HEART","8","2011-04-01 16:48:00","3.65","16029.0","EIRE","EMEA"
"539473","20685","DOORMAT RED RETROSPOT","11","2011-04-01 16:48:00","7.22","16029.0","EIRE","EMEA"
"539473","21730","GLASS STAR FROSTED T-LIGHT HOLDER","6","2011-04-01 16:48:00","4.49","16029.0","EIRE","EMEA"
"539474","84029G","KNITTED UNION FLAG HOT WATER BOTTLE","3","2011-03-17 13:01:00","3.72","14606.0","Spain","EMEA"
"539475","20685","DOORMAT RED RETROSPOT","10","2011-04-10 16:41:00","7.57","14606.0","France","EMEA"
"539476","85099B","JUMBO BAG RED RETROSPOT","6","2011-03-17 10:57:00","1.85","13777.0","France","EMEA"
"539476","71053","WHITE METAL LANTERN","6","2011-03-17 10:57:00","3.76","13777.0","France","EMEA"
"539477","22633","HAND WARMER UNION JACK","4","2011-03-22 16:09:00","2.03","14606.0","Netherlands","EMEA"
"539477","84406B","CREAM CUPID HEARTS COAT HANGER","1","2011-03-22 16:09:00","2.8","14606.0","Netherlands","EMEA"
"539478","84029E","RED WOOLLY HOTTIE WHITE HEART","2","2011-03-13 12:10:00","3.6","16029.0","USA","AMER"
"539478","22752","SET 7 BABUSHKA NESTING BOXES","1","2011-03-13 12:10:00","7.72","16029.0","USA","AMER"
"539479","22633","HAND WARMER UNION JACK","1","2011-03-25 08:25:00","2.26","17850.0","United Kingdom","EMEA"
"539479","20685","DOORMAT RED RETROSPOT","8","2011-03-25 08:25:00","7.57","17850.0","United Kingdom","EMEA"
"539479","84406B","CREAM CUPID HEARTS COAT HANGER","5","2011-03-25 08:25:00","2.67","17850.0","United Kingdom","EMEA"
"539480","85123A","WHITE HANGING HEART T-LIGHT HOLDER","1","2011-04-30 11:40:00","2.85","15311.0","USA","AMER"
"539481","84406B","CREAM CUPID HEARTS COAT HANGER","9","2011-03-15 16:20:00","3.19","15311.0","Australia","APAC"
"539482","21730","GLASS STAR FROSTED T-LIGHT HOLDER","11","2011-03-02 10:45:00","4.45","13777.0","Netherlands","EMEA"
"539483","71053","WHITE METAL LANTERN","6","2011-03-23 15:57:00","3.56","12583.0","USA","AMER"
"539484","21730","GLASS STAR FROSTED T-LIGHT HOLDER","4","2011-03-22 11:50:00","4.52","13777.0","Germany","EMEA"
"539485","71053","WHITE METAL LANTERN","9","2011-03-03 11:25:00","3.81","16029.0","Belgium","EMEA"
"539485","84029G","KNITTED UNION FLAG HOT WATER BOTTLE","10","2011-03-03 11:25:00","3.72","16029.0","Belgium","EMEA"
"539485","22632","HAND WARMER RED POLKA DOT","3","2011-03-03 11:25:00","1.85","16029.0","Belgium","EMEA"
"539486","71053","WHITE METAL LANTERN","10","2011-03-14 14:37:00","3.49","15311.0","USA","AMER"
"539486","71053","WHITE METAL LANTERN","8","2011-03-14 14:37:00","3.62","15311.0","USA","AMER"
"539486","84029G","KNITTED UNION FLAG HOT WATER BOTTLE","1","2011-03-14 14:37:00","3.32","15311.0","USA","AMER"
"539487","71053","WHITE METAL LANTERN","6","2011-03-25 12:16:00","3.62","17809.0","United Kingdom","EMEA"
"539488","84029E","RED WOOLLY HOTTIE WHITE HEART","9","2011-04-30 15:54:00","3.38","16029.0","USA","AMER"
"539488","22632","HAND WARMER RED POLKA DOT","8","2011-04-30 15:54:00","1.94","16029.0","USA","AMER"
"539489","71053","WHITE METAL LANTERN","9","2011-04-28 11:48:00","3.82","15311.0","USA","AMER"
"539489","85099B","JUMBO BAG RED RETROSPOT","4","2011-04-28 11:48:00","1.95","15311.0","USA","AMER"
"539489","85123A","WHITE HANGING HEART T-LIGHT HOLDER","12","2011-04-28 11:48:00","2.9","15311.0","USA","AMER"
"539490","22632","HAND WARMER RED POLKA DOT","4","2011-03-16 10:00:00","2.17","13777.0","Netherlands","EMEA"
"539491","47566","PARTY BUNTING","5","2011-03-10 16:30:00","5.13","12583.0","Belgium","EMEA"
"539492","84406B","CREAM CUPID HEARTS COAT HANGER","1","2011-04-07 16:52:00","3.17","17850.0","Germany","EMEA"
"539493","84029G","KNITTED UNION FLAG HOT WATER BOTTLE","7","2011-03-07 09:12:00","3.88","14096.0","Germany","EMEA"
"539493","22632","HAND WARMER RED POLKA DOT","9","2011-03-07 09:12:00","2.16","14096.0","Germany","EMEA"
"539493","20685","DOORMAT RED RETROSPOT","6","2011-03-07 09:12:00","7.27","14096.0","Germany","EMEA"
"539494","47566","PARTY BUNTING","7","2011-03-24 16:47:00","5.13","13047.0","United Kingdom","EMEA"
"539494","47566","PARTY BUNTING","7","2011-03-24 16:47:00","5.06","13047.0","United Kingdom","EMEA"
"539494","85099B","JUMBO BAG RED RETROSPOT","7","2011-03-24 16:47:00","1.94","13047.0","United Kingdom","EMEA"
"539495","21730","GLASS STAR FROSTED T-LIGHT HOLDER","10","2011-04-12 14:57:00","4.47","12583.0","United Kingdom","EMEA"
"539495","84029G","KNITTED UNION FLAG HOT WATER BOTTLE","3","2011-04-12 14:57:00","3.68","12583.0","United Kingdom","EMEA"
"539495","22633","HAND WARMER UNION JACK","12","2011-04-12 14:57:00","2.25","12583.0","United Kingdom","EMEA"
"539496","21730","GLASS STAR FROSTED T-LIGHT HOLDER","3","2011-04-18 14:27:00","4.5","16029.0","Canada","AMER"
"539497","84406B","CREAM CUPID HEARTS COAT HANGER","9","2011-03-30 12:04:00","3.13","15311.0","Germany","EMEA"
"539497","20685","DOORMAT RED RETROSPOT","10","2011-03-30 12:04:00","7.53","15311.0","Germany","EMEA"
"539497","71053","WHITE METAL LANTERN","11","2011-03-30 12:04:00","3.56","15311.0","Germany","EMEA"
"539498","85099B","JUMBO BAG RED RETROSPOT","9","2011-03-14 13:02:00","1.65","13777.0","Belgium","EMEA"
"539498","20685","DOORMAT RED RETROSPOT","1","2011-03-14 13:02:00","7.49","13777.0","Belgium","EMEA"
"539498","84029E","RED WOOLLY HOTTIE WHITE HEART","8","2011-03-14 13:02:00","3.68","13777.0","Belgium","EMEA"
"539499","47566","PARTY BUNTING","11","2011-03-07 10:16:00","4.87","17850.0","EIRE","EMEA"
"539499","22633","HAND WARMER UNION JACK","5","2011-03-07 10:16:00","2.33","17850.0","EIRE","EMEA"
"539499","22632","HAND WARMER RED POLKA DOT","3","2011-03-07 10:16:00","1.92","17850.0","EIRE","EMEA"
"539500","84406B","CREAM CUPID HEARTS COAT HANGER","1","2011-03-23 14:29:00","2.93","15311.0","EIRE","EMEA"
"539500","85099B","JUMBO BAG RED RETROSPOT","2","2011-03-23 14:29:00","2.03","15311.0","EIRE","EMEA"
"539500","47566","PARTY BUNTING","1","2011-03-23 14:29:00","4.92","15311.0","EIRE","EMEA"
"539501","84406B","CREAM CUPID HEARTS COAT HANGER","8","2011-04-16 12:47:00","2.75","15311.0","Australia","APAC"
"539501","84406B","CREAM CUPID HEARTS COAT HANGER","1","2011-04-16 12:47:00","2.96","15311.0","Australia","APAC"
"539501","22752","SET 7 BABUSHKA NESTING BOXES","9","2011-04-16 12:47:00","7.96","15311.0","Australia","APAC"
"539502","84029E","RED WOOLLY HOTTIE WHITE HEART","11","2011-03-24 09:29:00","3.61","13047.0","United Kingdom","EMEA"
"539502","47566","PARTY BUNTING","9","2011-03-24 09:29:00","5.1","13047.0","United Kingdom","EMEA"
"539502","84406B","CREAM CUPID HEARTS COAT HANGER","1","2011-03-24 09:29:00","3.25","13047.0","United Kingdom","EMEA"
"539503","84029G","KNITTED UNION FLAG HOT WATER BOTTLE","11","2011-03-16 14:17:00","3.61","13777.0","Belgium","EMEA"
"539503","84029E","RED WOOLLY HOTTIE WHITE HEART","2","2011-03-16 14:17:00","3.75","13777.0","Belgium","EMEA"
"539503","84406B","CREAM CUPID HEARTS COAT HANGER","4","2011-03-16 14:17:00","2.86","13777.0","Belgium","EMEA"
"539504","47566","PARTY BUNTING","11","2011-04-25 10:54:00","4.88","17850.0","France","EMEA"
"539504","21730","GLASS STAR FROSTED T-LIGHT HOLDER","12","2011-04-25 10:54:00","4.61","17850.0","France","EMEA"
"539504","22752","SET 7 BABUSHKA NESTING BOXES","2","2011-04-25 10:54:00","7.77","17850.0","France","EMEA"
"539505","85099B","JUMBO BAG RED RETROSPOT","5","2011-03-29 10:15:00","1.68","13777.0","Spain","EMEA"
"539505","85099B","JUMBO BAG RED RETROSPOT","7","2011-03-29 10:15:00","1.79","13777.0","Spain","EMEA"
"539506","85099B","JUMBO BAG RED RETROSPOT","5","2011-04-09 16:42:00","1.93","13777.0","Spain","EMEA"
"539506","22752","SET 7 BABUSHKA NESTING BOXES","11","2011-04-09 16:42:00","7.55","13777.0","Spain","EMEA"
"539507","20685","DOORMAT RED RETROSPOT","1","2011-03-18 14:32:00","7.4","17850.0","Netherlands","EMEA"
"539508","85123A","WHITE HANGING HEART T-LIGHT HOLDER","10","2011-03-29 14:22:00","2.93","12583.0","Netherlands","EMEA"
"539509","20685","DOORMAT RED RETROSPOT","9","2011-03-30 13:56:00","7.19","17850.0","EIRE","EMEA"
"539510","84029G","KNITTED UNION FLAG HOT WATER BOTTLE","3","2011-04-11 14:57:00","3.78","16029.0","EIRE","EMEA"
"539510","84406B","CREAM CUPID HEARTS COAT HANGER","10","2011-04-11 14:57:00","3.02","16029.0","EIRE","EMEA"
"539510","71053","WHITE METAL LANTERN","10","2011-04-11 14:57:00","3.45","16029.0","EIRE","EMEA"
"539511","85099B","JUMBO BAG RED RETROSPOT","5","2011-04-27 14:15:00","1.68","13777.0","Netherlands","EMEA"
"539511","84029G","KNITTED UNION FLAG HOT WATER BOTTLE","10","2011-04-27 14:15:00","3.64","13777.0","Netherlands","EMEA"
"539511","22633","HAND WARMER UNION JACK","2","2011-04-27 14:15:00","1.85","13777.0","Netherlands","EMEA"
"539512","84029G","KNITTED UNION FLAG HOT WATER BOTTLE","8","2011-03-28 09:38:00","3.72","17850.0","EIRE","EMEA"
"539512","85099B","JUMBO BAG RED RETROSPOT","12","2011-03-28 09:38:00","1.83","17850.0","EIRE","EMEA"
"539513","22633","HAND WARMER UNION JACK","9","2011-04-09 16:53:00","2.19","13047.0","Belgium","EMEA"
"539514","21730","GLASS STAR FROSTED T-LIGHT HOLDER","11","2011-03-30 09:26:00","4.5","15291.0","Germany","EMEA"
"539514","47566","PARTY BUNTING","4","2011-03-30 09:26:00","5.01","15291.0","Germany","EMEA"
"539514","71053","WHITE METAL LANTERN","1","2011-03-30 09:26:00","3.49","15291.0","Germany","EMEA"
"539515","84406B","CREAM CUPID HEARTS COAT HANGER","8","2011-04-18 10:16:00","3.14","13777.0","Belgium","EMEA"
"539515","84406B","CREAM CUPID HEARTS COAT HANGER","1","2011-04-18 10:16:00","3.21","13777.0","Belgium","EMEA"
"539516","85099B","JUMBO BAG RED RETROSPOT","8","2011-04-27 12:11:00","1.62","15291.0","Australia","APAC"
"539516","22633","HAND WARMER UNION JACK","11","2011-04-27 12:11:00","1.79","15291.0","Australia","APAC"
"539516","22633","HAND WARMER UNION JACK","6","2011-04-27 12:11:00","2.28","15291.0","Australia","APAC"
"539517","71053","WHITE METAL LANTERN","5","2011-03-27 15:47:00","3.79","15291.0","Spain","EMEA"
"539517","21730","GLASS STAR FROSTED T-LIGHT HOLDER","5","2011-03-27 15:47:00","4.71","15291.0","Spain","EMEA"
"539518","47566","PARTY BUNTING","1","2011-03-06 15:20:00","5.38","14096.0","EIRE","EMEA"
"539518","22632","HAND WARMER RED POLKA DOT","11","2011-03-06 15:20:00","2.33","14096.0","EIRE","EMEA"
"539518","20685","DOORMAT RED RETROSPOT","1","2011-03-06 15:20:00","7.02","14096.0","EIRE","EMEA"
"539519","84406B","CREAM CUPID HEARTS COAT HANGER","9","2011-04-29 16:35:00","2.72","13047.0","Netherlands","EMEA"
"539520","84029G","KNITTED UNION FLAG HOT WATER BOTTLE","4","2011-04-18 13:58:00","3.45","12583.0","United Kingdom","EMEA"
"539520","71053","WHITE METAL LANTERN","2","2011-04-18 13:58:00","3.87","12583.0","United Kingdom","EMEA"
"539521","84406B","CREAM CUPID HEARTS COAT HANGER","2","2011-03-05 11:36:00","2.9","17850.0","France","EMEA"
"539522","47566","PARTY BUNTING","4","2011-03-10 16:55:00","5.13","12583.0","Canada","AMER"
"539522","20685","DOORMAT RED RETROSPOT","10","2011-03-10 16:55:00","7.42","12583.0","Canada","AMER"
"539522","22633","HAND WARMER UNION JACK","3","2011-03-10 16:55:00","2.31","12583.0","Canada","AMER"
"539523","84029G","KNITTED UNION FLAG HOT WATER BOTTLE","11","2011-04-06 11:58:00","3.83","12583.0","EIRE","EMEA"
"539524","22752","SET 7 BABUSHKA NESTING BOXES","3","2011-03-11 16:44:00","7.62","15311.0","France","EMEA"
"539525","84029E","RED WOOLLY HOTTIE WHITE HEART","2","2011-03-25 10:08:00","3.58","17850.0","United Kingdom","EMEA"
"539525","84029E","RED WOOLLY HOTTIE WHITE HEART","12","2011-03-25 10:08:00","3.61","17850.0","United Kingdom","EMEA"
"539526","20685","DOORMAT RED RETROSPOT","3","2011-03-18 16:32:00","7.13","14096.0","United Kingdom","EMEA"
"539527","85123A","WHITE HANGING HEART T-LIGHT HOLDER","12","2011-03-02 10:37:00","2.55","16029.0","Belgium","EMEA"
"539527","21730","GLASS STAR FROSTED T-LIGHT HOLDER","10","2011-03-02 10:37:00","4.57","16029.0","Belgium","EMEA"
"539527","47566","PARTY BUNTING","1","2011-03-02 10:37:00","5.35","16029.0","Belgium","EMEA"
"539528","85123A","WHITE HANGING HEART T-LIGHT HOLDER","11","2011-04-13 16:11:00","3.0","17850.0","Netherlands","EMEA"
"539528","21730","GLASS STAR FROSTED T-LIGHT HOLDER","12","2011-04-13 16:11:00","4.67","17850.0","Netherlands","EMEA"
"539529","85099B","JUMBO BAG RED RETROSPOT","10","2011-04-05 10:52:00","1.84","13777.0","France","EMEA"
"539529","20685","DOORMAT RED RETROSPOT","6","2011-04-05 10:52:00","7.11","13777.0","France","EMEA"
"539529","22632","HAND WARMER RED POLKA DOT","4","2011-04-05 10:52:00","2.17","13777.0","France","EMEA"
"539530","85123A","WHITE HANGING HEART T-LIGHT HOLDER","2","2011-03-15 15:17:00","2.9","17809.0","Spain","EMEA"
"539530","21730","GLASS STAR FROSTED T-LIGHT HOLDER","9","2011-03-15 15:17:00","4.31","17809.0","Spain","EMEA"
"539531","84029G","KNITTED UNION FLAG HOT WATER BOTTLE","3","2011-03-23 14:18:00","3.68","15291.0","United Kingdom","EMEA"
"539531","21730","GLASS STAR FROSTED T-LIGHT HOLDER","6","2011-03-23 14:18:00","4.72","15291.0","United Kingdom","EMEA"
"539531","84029G","KNITTED UNION FLAG HOT WATER BOTTLE","2","2011-03-23 14:18:00","3.38","15291.0","United Kingdom","EMEA"
"539532","84406B","CREAM CUPID HEARTS COAT HANGER","8","2011-04-18 16:56:00","3.02","15311.0","USA","AMER"
"539532","21730","GLASS STAR FROSTED T-LIGHT HOLDER","11","2011-04-18 16:56:00","4.71","15311.0","USA","AMER"
"539533","22632","HAND WARMER RED POLKA DOT","12","2011-03-16 12:42:00","1.95","13777.0","Netherlands","EMEA"
"539533","71053","WHITE METAL LANTERN","4","2011-03-16 12:42:00","3.79","13777.0","Netherlands","EMEA"
"539534","84406B","CREAM CUPID HEARTS COAT HANGER","6","2011-03-25 09:26:00","2.76","14096.0","EIRE","EMEA"
"539535","85099B","JUMBO BAG RED RETROSPOT","12","2011-04-08 15:13:00","1.67","13047.0","USA","AMER"
"539536","85123A","WHITE HANGING HEART T-LIGHT HOLDER","5","2011-03-20 13:09:00","2.66","16029.0","Spain","EMEA"
"539536","84406B","CREAM CUPID HEARTS COAT HANGER","5","2011-03-20 13:09:00","2.74","16029.0","Spain","EMEA"
"539536","85123A","WHITE HANGING HEART T-LIGHT HOLDER","6","2011-03-20 13:09:00","2.55","16029.0","Spain","EMEA"
"539537","85123A","WHITE HANGING HEART T-LIGHT HOLDER","11","2011-04-03 16:39:00","2.72","15311.0","Australia","APAC"
"539537","21730","GLASS STAR FROSTED T-LIGHT HOLDER","12","2011-04-03 16:39:00","4.22","15311.0","Australia","APAC"
"539537","71053","WHITE METAL LANTERN","11","2011-04-03 16:39:00","3.71","15311.0","Australia","APAC"
"539538","20685","DOORMAT RED RETROSPOT","1","2011-04-12 13:18:00","6.99","15311.0","Belgium","EMEA"
"539538","84406B","CREAM CUPID HEARTS COAT HANGER","3","2011-04-12 13:18:00","2.66","15311.0","Belgium","EMEA"
"539539","21730","GLASS STAR FROSTED T-LIGHT HOLDER","10","2011-04-05 16:50:00","4.37","13777.0","Belgium","EMEA"
"539540","85123A","WHITE HANGING HEART T-LIGHT HOLDER","12","2011-04-24 13:31:00","2.55","17850.0","Australia","APAC"
"539541","85123A","WHITE HANGING HEART T-LIGHT HOLDER","1","2011-04-03 10:58:00","2.46","15311.0","United Kingdom","EMEA"
"539542","85123A","WHITE HANGING HEART T-LIGHT HOLDER","9","2011-03-01 09:07:00","2.48","16029.0","EIRE","EMEA"
"539543","85123A","WHITE HANGING HEART T-LIGHT HOLDER","4","2011-04-26 10:07:00","2.96","15291.0","France","EMEA"
"539543","22632","HAND WARMER RED POLKA DOT","9","2011-04-26 10:07:00","2.04","15291.0","France","EMEA"
"539543","71053","WHITE METAL LANTERN","6","2011-04-26 10:07:00","3.36","15291.0","France","EMEA"
"539544","22752","SET 7 BABUSHKA NESTING BOXES","5","2011-04-02 10:27:00","8.14","13777.0","Germany","EMEA"
"539544","71053","WHITE METAL LANTERN","7","2011-04-02 10:27:00","3.4","13777.0","Germany","EMEA"
"539545","84029G","KNITTED UNION FLAG HOT WATER BOTTLE","9","2011-03-23 13:23:00","3.58","16029.0","France","EMEA"
"539545","47566","PARTY BUNTING","8","2011-03-23 13:23:00","5.42","16029.0","France","EMEA"
"539546","20685","DOORMAT RED RETROSPOT","12","2011-03-11 10:58:00","7.5","14606.0","Netherlands","EMEA"
"539547","22632","HAND WARMER RED POLKA DOT","4","2011-04-30 10:45:00","2.03","15311.0","USA","AMER"
"539547","20685","DOORMAT RED RETROSPOT","6","2011-04-30 10:45:00","7.54","15311.0","USA","AMER"
"539548","84406B","CREAM CUPID HEARTS COAT HANGER","5","2011-03-17 14:13:00","3.16","14606.0","Netherlands","EMEA"
"539548","84029E","RED WOOLLY HOTTIE WHITE HEART","7","2011-03-17 14:13:00","3.53","14606.0","Netherlands","EMEA"
"539549","84029E","RED WOOLLY HOTTIE WHITE HEART","3","2011-04-08 12:32:00","3.4","12583.0","Australia","APAC"
"539549","85123A","WHITE HANGING HEART T-LIGHT HOLDER","10","2011-04-08 12:32:00","2.46","12583.0","Australia","APAC"
"539550","71053","WHITE METAL LANTERN","7","2011-04-20 09:02:00","3.67","15311.0","Spain","EMEA"
"539551","85099B","JUMBO BAG RED RETROSPOT","1","2011-04-17 14:29:00","1.7","17850.0","Australia","APAC"
"539551","84029G","KNITTED UNION FLAG HOT WATER BOTTLE","1","2011-04-17 14:29:00","3.39","17850.0","Australia","APAC"
"539551","71053","WHITE METAL LANTERN","10","2011-04-17 14:29:00","3.42","17850.0","Australia","APAC"
"539552","84029E","RED WOOLLY HOTTIE WHITE HEART","3","2011-04-15 08:23:00","3.41","15291.0","United Kingdom","EMEA"
"539552","22752","SET 7 BABUSHKA NESTING BOXES","8","2011-04-15 08:23:00","7.72","15291.0","United Kingdom","EMEA"
"539553","84029G","KNITTED UNION FLAG HOT WATER BOTTLE","5","2011-04-18 09:48:00","3.86","15291.0","Germany","EMEA"
"539553","85099B","JUMBO BAG RED RETROSPOT","9","2011-04-18 09:48:00","1.93","15291.0","Germany","EMEA"
"539554","20685","DOORMAT RED RETROSPOT","4","2011-04-12 12:28:00","7.32","13047.0","Netherlands","EMEA"
"539555","85099B","JUMBO BAG RED RETROSPOT","12","2011-03-15 15:37:00","1.93","17809.0","United Kingdom","EMEA"
"539555","47566","PARTY BUNTING","2","2011-03-15 15:37:00","5.28","17809.0","United Kingdom","EMEA"
"539555","85099B","JUMBO BAG RED RETROSPOT","6","2011-03-15 15:37:00","2.04","17809.0","United Kingdom","EMEA"
"539556","85099B","JUMBO BAG RED RETROSPOT","2","2011-03-25 16:19:00","1.86","13777.0","USA","AMER"
"539557","21730","GLASS STAR FROSTED T-LIGHT HOLDER","2","2011-04-16 16:11:00","4.64","12583.0","Belgium","EMEA"
"539558","84029E","RED WOOLLY HOTTIE WHITE HEART","11","2011-03-17 11:40:00","3.36","12583.0","Belgium","EMEA"
"539559","84029G","KNITTED UNION FLAG HOT WATER BOTTLE","3","2011-04-14 13:36:00","3.65","15311.0","Australia","APAC"
"539560","85099B","JUMBO BAG RED RETROSPOT","7","2011-03-22 13:17:00","1.69","17850.0","Spain","EMEA"
"539560","84406B","CREAM CUPID HEARTS COAT HANGER","2","2011-03-22 13:17:00","2.98","17850.0","Spain","EMEA"
"539561","20685","DOORMAT RED RETROSPOT","3","2011-04-25 14:49:00","7.24","17850.0","United Kingdom","EMEA"
"539561","21730","GLASS STAR FROSTED T-LIGHT HOLDER","2","2011-04-25 14:49:00","4.65","17850.0","United Kingdom","EMEA"
"539562","85123A","WHITE HANGING HEART T-LIGHT HOLDER","11","2011-04-25 15:26:00","2.74","14606.0","Spain","EMEA"
"539562","22633","HAND WARMER UNION JACK","10","2011-04-25 15:26:00","2.06","14606.0","Spain","EMEA"
"539562","47566","PARTY BUNTING","9","2011-04-25 15:26:00","5.19","14606.0","Spain","EMEA"
"539563","84029G","KNITTED UNION FLAG HOT WATER BOTTLE","4","2011-03-27 15:18:00","3.41","15291.0","France","EMEA"
"539563","20685","DOORMAT RED RETROSPOT","10","2011-03-27 15:18:00","7.37","15291.0","France","EMEA"
"539563","22632","HAND WARMER RED POLKA DOT","12","2011-03-27 15:18:00","2.11","15291.0","France","EMEA"
"539564","85123A","WHITE HANGING HEART T-LIGHT HOLDER","5","2011-03-21 16:32:00","2.79","12583.0","Netherlands","EMEA"
"539564","21730","GLASS STAR FROSTED T-LIGHT HOLDER","12","2011-03-21 16:32:00","4.25","12583.0","Netherlands","EMEA"
"539564","84406B","CREAM CUPID HEARTS COAT HANGER","6","2011-03-21 16:32:00","3.25","12583.0","Netherlands","EMEA"
"539565","71053","WHITE METAL LANTERN","6","2011-04-25 11:45:00","3.42","17850.0","USA","AMER"
"539565","20685","DOORMAT RED RETROSPOT","6","2011-04-25 11:45:00","7.46","17850.0","USA","AMER"
"539566","84406B","CREAM CUPID HEARTS COAT HANGER","2","2011-03-14 13:54:00","2.83","13047.0","EIRE","EMEA"
"539567","84029E","RED WOOLLY HOTTIE WHITE HEART","4","2011-03-22 09:28:00","3.75","13777.0","Netherlands","EMEA"
"539567","71053","WHITE METAL LANTERN","10","2011-03-22 09:28:00","3.78","13777.0","Netherlands","EMEA"
"539567","85099B","JUMBO BAG RED RETROSPOT","7","2011-03-22 09:28:00","1.63","13777.0","Netherlands","EMEA"
"539568","22633","HAND WARMER UNION JACK","3","2011-03-07 12:23:00","2.01","15311.0","Australia","APAC"
"539568","22752","SET 7 BABUSHKA NESTING BOXES","5","2011-03-07 12:23:00","7.66","15311.0","Australia","APAC"
"539568","22632","HAND WARMER RED POLKA DOT","11","2011-03-07 12:23:00","2.0","15311.0","Australia","APAC"
"539569","20685","DOORMAT RED RETROSPOT","2","2011-04-06 12:25:00","7.05","13047.0","United Kingdom","EMEA"
"539569","85123A","WHITE HANGING HEART T-LIGHT HOLDER","9","2011-04-06 12:25:00","2.52","13047.0","United Kingdom","EMEA"
"539570","84406B","CREAM CUPID HEARTS COAT HANGER","6","2011-04-12 13:58:00","2.83","14606.0","Australia","APAC"
"539571","22632","HAND WARMER RED POLKA DOT","6","2011-04-11 13:02:00","1.95","13047.0","Belgium","EMEA"
"539571","71053","WHITE METAL LANTERN","1","2011-04-11 13:02:00","3.81","13047.0","Belgium","EMEA"
"539571","22632","HAND WARMER RED POLKA DOT","1","2011-04-11 13:02:00","2.27","13047.0","Belgium","EMEA"
"539572","84029E","RED WOOLLY HOTTIE WHITE HEART","8","2011-04-13 09:22:00","3.35","14096.0","United Kingdom","EMEA"
"539573","85099B","JUMBO BAG RED RETROSPOT","8","2011-03-30 08:15:00","1.61","15291.0","Australia","APAC"
"539573","71053","WHITE METAL LANTERN","2","2011-03-30 08:15:00","3.84","15291.0","Australia","APAC"
"539574","85123A","WHITE HANGING HEART T-LIGHT HOLDER","1","2011-04-28 15:04:00","2.57","12583.0","Spain","EMEA"
"539574","21730","GLASS STAR FROSTED T-LIGHT HOLDER","7","2011-04-28 15:04:00","4.7","12583.0","Spain","EMEA"
"539574","85123A","WHITE HANGING HEART T-LIGHT HOLDER","7","2011-04-28 15:04:00","2.58","12583.0","Spain","EMEA"
"539575","22752","SET 7 BABUSHKA NESTING BOXES","10","2011-04-03 16:04:00","7.71","16029.0","Australia","APAC"
"539575","85099B","JUMBO BAG RED RETROSPOT","6","2011-04-03 16:04:00","1.81","16029.0","Australia","APAC"
"539575","20685","DOORMAT RED RETROSPOT","1","2011-04-03 16:04:00","7.22","16029.0","Australia","APAC"
"539576","84406B","CREAM CUPID HEARTS COAT HANGER","5","2011-04-11 09:21:00","2.76","17809.0","Netherlands","EMEA"
"539576","20685","DOORMAT RED RETROSPOT","6","2011-04-11 09:21:00","7.38","17809.0","Netherlands","EMEA"
"539576","47566","PARTY BUNTING","1","2011-04-11 09:21:00","4.91","17809.0","Netherlands","EMEA"
"539577","84029E","RED WOOLLY HOTTIE WHITE HEART","4","2011-03-13 14:16:00","3.75","17809.0","Germany","EMEA"
"539577","21730","GLASS STAR FROSTED T-LIGHT HOLDER","3","2011-03-13 14:16:00","4.28","17809.0","Germany","EMEA"
"539577","85123A","WHITE HANGING HEART T-LIGHT HOLDER","4","2011-03-13 14:16:00","2.45","17809.0","Germany","EMEA"
"539578","84406B","CREAM CUPID HEARTS COAT HANGER","4","2011-04-25 08:33:00","2.84","12583.0","Netherlands","EMEA"
"539578","47566","PARTY BUNTING","7","2011-04-25 08:33:00","5.16","12583.0","Netherlands","EMEA"
"539579","71053","WHITE METAL LANTERN","5","2011-04-16 11:04:00","3.65","15291.0","USA","AMER"
"539579","84029G","KNITTED UNION FLAG HOT WATER BOTTLE","12","2011-04-16 11:04:00","3.6","15291.0","USA","AMER"
"539579","22633","HAND WARMER UNION JACK","7","2011-04-16 11:04:00","2.08","15291.0","USA","AMER"
"539580","47566","PARTY BUNTING","2","2011-04-12 10:07:00","5.14","13047.0","Spain","EMEA"
"539580","85123A","WHITE HANGING HEART T-LIGHT HOLDER","7","2011-04-12 10:07:00","2.54","13047.0","Spain","EMEA"
"539581","21730","GLASS STAR FROSTED T-LIGHT HOLDER","12","2011-04-04 12:08:00","4.15","13777.0","Germany","EMEA"
"539582","47566","PARTY BUNTING","1","2011-04-18 11:42:00","4.95","17850.0","United Kingdom","EMEA"
"539583","84029E","RED WOOLLY HOTTIE WHITE HEART","12","2011-03-09 13:38:00","3.38","14606.0","Netherlands","EMEA"
"539584","71053","WHITE METAL LANTERN","1","2011-03-07 09:09:00","3.49","15291.0","Canada","AMER"
"539585","84029E","RED WOOLLY HOTTIE WHITE HEART","3","2011-03-12 12:43:00","3.71","13047.0","United Kingdom","EMEA"
"539585","84029G","KNITTED UNION FLAG HOT WATER BOTTLE","7","2011-03-12 12:43:00","3.29","13047.0","United Kingdom","EMEA"
"539586","84406B","CREAM CUPID HEARTS COAT HANGER","12","2011-04-01 11:57:00","2.75","14096.0","Netherlands","EMEA"
"539587","84406B","CREAM CUPID HEARTS COAT HANGER","1","2011-03-11 11:46:00","3.18","13047.0","Australia","APAC"
"539588","47566","PARTY BUNTING","4","2011-04-26 12:00:00","5.02","17809.0","Netherlands","EMEA"
"539588","21730","GLASS STAR FROSTED T-LIGHT HOLDER","12","2011-04-26 12:00:00","4.46","17809.0","Netherlands","EMEA"
"539588","22632","HAND WARMER RED POLKA DOT","7","2011-04-26 12:00:00","2.09","17809.0","Netherlands","EMEA"
"539589","21730","GLASS STAR FROSTED T-LIGHT HOLDER","6","2011-03-14 08:25:00","4.67","17850.0","USA","AMER"
"539589","21730","GLASS STAR FROSTED T-LIGHT HOLDER","11","2011-03-14 08:25:00","4.5","17850.0","USA","AMER"
"539590","85099B","JUMBO BAG RED RETROSPOT","8","2011-03-03 11:32:00","1.74","16029.0","United Kingdom","EMEA"
"539591","84029E","RED WOOLLY HOTTIE WHITE HEART","3","2011-03-25 09:14:00","3.62","13777.0","Belgium","EMEA"
"539591","84029G","KNITTED UNION FLAG HOT WATER BOTTLE","4","2011-03-25 09:14:00","3.87","13777.0","Belgium","EMEA"
"539592","71053","WHITE METAL LANTERN","5","2011-04-14 12:30:00","3.39","17850.0","EIRE","EMEA"
"539592","84406B","CREAM CUPID HEARTS COAT HANGER","12","2011-04-14 12:30:00","3.13","17850.0","EIRE","EMEA"
"539593","71053","WHITE METAL LANTERN","5","2011-04-08 13:18:00","3.63","15311.0","Germany","EMEA"
"539593","71053","WHITE METAL LANTERN","7","2011-04-08 13:18:00","3.89","15311.0","Germany","EMEA"
"539594","84406B","CREAM CUPID HEARTS COAT HANGER","6","2011-03-10 16:16:00","3.2","13047.0","Germany","EMEA"
"539594","21730","GLASS STAR FROSTED T-LIGHT HOLDER","11","2011-03-10 16:16:00","4.2","13047.0","Germany","EMEA"
"539594","47566","PARTY BUNTING","7","2011-03-10 16:16:00","5.35","13047.0","Germany","EMEA"
"539595","84406B","CREAM CUPID HEARTS COAT HANGER","6","2011-04-17 16:26:00","2.7","14096.0","France","EMEA"
"539596","85099B","JUMBO BAG RED RETROSPOT","10","2011-03-10 15:25:00","1.55","13777.0","Australia","APAC"
"539597","85099B","JUMBO BAG RED RETROSPOT","9","2011-03-01 16:18:00","1.67","16029.0","Netherlands","EMEA"
"539597","85123A","WHITE HANGING HEART T-LIGHT HOLDER","4","2011-03-01 16:18:00","2.96","16029.0","Netherlands","EMEA"
"539598","22633","HAND WARMER UNION JACK","5","2011-03-18 11:03:00","2.31","16029.0","Belgium","EMEA"
"539598","22632","HAND WARMER RED POLKA DOT","11","2011-03-18 11:03:00","2.16","16029.0","Belgium","EMEA"
"539599","71053","WHITE METAL LANTERN","3","2011-04-19 14:32:00","3.57","13777.0","Canada","AMER"
"539600","71053","WHITE METAL LANTERN","11","2011-04-23 08:57:00","3.4","16029.0","USA","AMER"
"539600","21730","GLASS STAR FROSTED T-LIGHT HOLDER","10","2011-04-23 08:57:00","4.49","16029.0","USA","AMER"
"539600","71053","WHITE METAL LANTERN","10","2011-04-23 08:57:00","3.32","16029.0","USA","AMER"
"539601","84406B","CREAM CUPID HEARTS COAT HANGER","1","2011-04-18 12:19:00","2.87","16029.0","France","EMEA"
"539601","85123A","WHITE HANGING HEART T-LIGHT HOLDER","4","2011-04-18 12:19:00","2.47","16029.0","France","EMEA"
"539602","84406B","CREAM CUPID HEARTS COAT HANGER","9","2011-04-26 09:50:00","2.95","13777.0","Netherlands","EMEA"
"539602","20685","DOORMAT RED RETROSPOT","4","2011-04-26 09:50:00","7.11","13777.0","Netherlands","EMEA"
"539602","85099B","JUMBO BAG RED RETROSPOT","5","2011-04-26 09:50:00","1.85","13777.0","Netherlands","EMEA"
"539603","85123A","WHITE HANGING HEART T-LIGHT HOLDER","5","2011-03-05 11:27:00","2.94","17850.0","USA","AMER"
"539603","84029E","RED WOOLLY HOTTIE WHITE HEART","8","2011-03-05 11:27:00","3.45","17850.0","USA","AMER"
"539603","84406B","CREAM CUPID HEARTS COAT HANGER","2","2011-03-05 11:27:00","2.82","17850.0","USA","AMER"
"539604","22632","HAND WARMER RED POLKA DOT","10","2011-03-12 15:06:00","2.08","15291.0","Spain","EMEA"
"539604","84029E","RED WOOLLY HOTTIE WHITE HEART","6","2011-03-12 15:06:00","3.56","15291.0","Spain","EMEA"
"539605","22752","SET 7 BABUSHKA NESTING BOXES","9","2011-03-11 14:10:00","7.97","12583.0","Canada","AMER"
"539605","84029E","RED WOOLLY HOTTIE WHITE HEART","8","2011-03-11 14:10:00","3.85","12583.0","Canada","AMER"
"539606","21730","GLASS STAR FROSTED T-LIGHT HOLDER","10","2011-03-08 15:55:00","4.71","12583.0","Australia","APAC"
"539607","84029G","KNITTED UNION FLAG HOT WATER BOTTLE","1","2011-03-24 08:22:00","3.45","16029.0","Canada","AMER"
"539607","84029G","KNITTED UNION FLAG HOT WATER BOTTLE","2","2011-03-24 08:22:00","3.68","16029.0","Canada","AMER"
"539607","47566","PARTY BUNTING","8","2011-03-24 08:22:00","5.03","16029.0","Canada","AMER"
"539608","85123A","WHITE HANGING HEART T-LIGHT HOLDER","8","2011-04-30 13:39:00","3.05","15311.0","Belgium","EMEA"
"539609","22633","HAND WARMER UNION JACK","4","2011-04-29 12:03:00","1.89","13777.0","Canada","AMER"
"539610","47566","PARTY BUNTING","1","2011-03-08 08:49:00","5.39","17809.0","EIRE","EMEA"
"539610","47566","PARTY BUNTING","4","2011-03-08 08:49:00","5.25","17809.0","EIRE","EMEA"
"539611","84029G","KNITTED UNION FLAG HOT WATER BOTTLE","11","2011-04-14 16:53:00","3.64","14096.0","USA","AMER"
"539612","21730","GLASS STAR FROSTED T-LIGHT HOLDER","10","2011-03-05 12:44:00","4.3","16029.0","Netherlands","EMEA"
"539612","21730","GLASS STAR FROSTED T-LIGHT HOLDER","7","2011-03-05 12:44:00","4.73","16029.0","Netherlands","EMEA"
"539612","20685","DOORMAT RED RETROSPOT","7","2011-03-05 12:44:00","7.12","16029.0","Netherlands","EMEA"
"539613","71053","WHITE METAL LANTERN","9","2011-03-04 08:37:00","3.71","16029.0","USA","AMER"
"539614","47566","PARTY BUNTING","11","2011-04-19 09:33:00","5.06","12583.0","EIRE","EMEA"
"539614","84029E","RED WOOLLY HOTTIE WHITE HEART","11","2011-04-19 09:33:00","3.84","12583.0","EIRE","EMEA"
"539615","85123A","WHITE HANGING HEART T-LIGHT HOLDER","8","2011-03-18 16:25:00","2.86","15311.0","Australia","APAC"
"539615","71053","WHITE METAL LANTERN","8","2011-03-18 16:25:00","3.74","15311.0","Australia","APAC"
"539615","22633","HAND WARMER UNION JACK","6","2011-03-18 16:25:00","1.92","15311.0","Australia","APAC"
"539616","85099B","JUMBO BAG RED RETROSPOT","7","2011-04-29 14:32:00","1.88","17809.0","Australia","APAC"
"539617","20685","DOORMAT RED RETROSPOT","1","2011-04-29 08:49:00","7.03","13777.0","Australia","APAC"
"539617","85099B","JUMBO BAG RED RETROSPOT","4","2011-04-29 08:49:00","1.89","13777.0","Australia","APAC"
"539618","22632","HAND WARMER RED POLKA DOT","8","2011-04-06 15:43:00","2.31","17809.0","USA","AMER"
"539618","47566","PARTY BUNTING","2","2011-04-06 15:43:00","5.0","17809.0","USA","AMER"
"539618","84406B","CREAM CUPID HEARTS COAT HANGER","2","2011-04-06 15:43:00","2.72","17809.0","USA","AMER"
"539619","21730","GLASS STAR FROSTED T-LIGHT HOLDER","10","2011-04-07 12:24:00","4.38","17809.0","United Kingdom","EMEA"
"539619","84029E","RED WOOLLY HOTTIE WHITE HEART","11","2011-04-07 12:24:00","3.57","17809.0","United Kingdom","EMEA"
"539620","84406B","CREAM CUPID HEARTS COAT HANGER","7","2011-04-26 16:37:00","3.01","15311.0","Canada","AMER"
"539620","22632","HAND WARMER RED POLKA DOT","2","2011-04-26 16:37:00","1.89","15311.0","Canada","AMER"
"539621","84029E","RED WOOLLY HOTTIE WHITE HEART","11","2011-04-07 13:47:00","3.32","12583.0","Netherlands","EMEA"
"539622","84029G","KNITTED UNION FLAG HOT WATER BOTTLE","1","2011-04-17 12:21:00","3.48","17809.0","United Kingdom","EMEA"
"539622","71053","WHITE METAL LANTERN","5","2011-04-17 12:21:00","3.72","17809.0","United Kingdom","EMEA"
"539622","20685","DOORMAT RED RETROSPOT","4","2011-04-17 12:21:00","7.47","17809.0","United Kingdom","EMEA"
"539623","47566","PARTY BUNTING","10","2011-03-23 09:35:00","5.31","14096.0","Belgium","EMEA"
"539623","47566","PARTY BUNTING","5","2011-03-23 09:35:00","4.86","14096.0","Belgium","EMEA"
"539623","21730","GLASS STAR FROSTED T-LIGHT HOLDER","11","2011-03-23 09:35:00","4.68","14096.0","Belgium","EMEA"
"539624","71053","WHITE METAL LANTERN","7","2011-03-09 16:52:00","3.59","17850.0","Spain","EMEA"
"539624","22632","HAND WARMER RED POLKA DOT","11","2011-03-09 16:52:00","1.88","17850.0","Spain","EMEA"
"539624","84406B","CREAM CUPID HEARTS COAT HANGER","7","2011-03-09 16:52:00","2.74","17850.0","Spain","EMEA"
"539625","22632","HAND WARMER RED POLKA DOT","10","2011-04-12 16:21:00","1.91","15311.0","United Kingdom","EMEA"
"539626","71053","WHITE METAL LANTERN","6","2011-04-23 13:23:00","3.69","13047.0","Canada","AMER"
"539627","20685","DOORMAT RED RETROSPOT","3","2011-04-18 11:26:00","7.11","15291.0","Canada","AMER"
"539628","20685","DOORMAT RED RETROSPOT","7","2011-03-06 15:09:00","6.99","15291.0","United Kingdom","EMEA"
"539628","22633","HAND WARMER UNION JACK","7","2011-03-06 15:09:00","1.8","15291.0","United Kingdom","EMEA"
"539628","84029E","RED WOOLLY HOTTIE WHITE HEART","3","2011-03-06 15:09:00","3.88","15291.0","United Kingdom","EMEA"
"539629","85099B","JUMBO BAG RED RETROSPOT","3","2011-03-22 14:34:00","2.06","13047.0","Spain","EMEA"
"539629","85099B","JUMBO BAG RED RETROSPOT","1","2011-03-22 14:34:00","2.03","13047.0","Spain","EMEA"
"539630","20685","DOORMAT RED RETROSPOT","10","2011-04-06 12:36:00","7.15","16029.0","Australia","APAC"
"539631","22632","HAND WARMER RED POLKA DOT","10","2011-04-15 16:39:00","2.26","13047.0","United Kingdom","EMEA"
"539631","21730","GLASS STAR FROSTED T-LIGHT HOLDER","7","2011-04-15 16:39:00","4.26","13047.0","United Kingdom","EMEA"
"539631","47566","PARTY BUNTING","4","2011-04-15 16:39:00","5.3","13047.0","United Kingdom","EMEA"
"539632","85099B","JUMBO BAG RED RETROSPOT","7","2011-03-17 08:32:00","1.77","13777.0","Belgium","EMEA"
"539632","20685","DOORMAT RED RETROSPOT","1","2011-03-17 08:32:00","7.0","13777.0","Belgium","EMEA"
"539632","84406B","CREAM CUPID HEARTS COAT HANGER","12","2011-03-17 08:32:00","2.76","13777.0","Belgium","EMEA"
"539633","84029G","KNITTED UNION FLAG HOT WATER BOTTLE","6","2011-03-15 12:37:00","3.74","17850.0","Australia","APAC"
"539633","84029G","KNITTED UNION FLAG HOT WATER BOTTLE","5","2011-03-15 12:37:00","3.36","17850.0","Australia","APAC"
"539634","21730","GLASS STAR FROSTED T-LIGHT HOLDER","8","2011-04-08 16:31:00","4.51","13777.0","United Kingdom","EMEA"
"539634","84029G","KNITTED UNION FLAG HOT WATER BOTTLE","7","2011-04-08 16:31:00","3.73","13777.0","United Kingdom","EMEA"
"539635","47566","PARTY BUNTING","9","2011-03-23 10:02:00","5.03","16029.0","Germany","EMEA"
"539635","20685","DOORMAT RED RETROSPOT","4","2011-03-23 10:02:00","7.54","16029.0","Germany","EMEA"
"539635","22633","HAND WARMER UNION JACK","8","2011-03-23 10:02:00","2.03","16029.0","Germany","EMEA"
"539636","84029G","KNITTED UNION FLAG HOT WATER BOTTLE","11","2011-04-18 14:55:00","3.78","14606.0","Netherlands","EMEA"
"539637","84406B","CREAM CUPID HEARTS COAT HANGER","9","2011-04-09 08:05:00","2.67","13047.0","Spain","EMEA"
"539637","84406B","CREAM CUPID HEARTS COAT HANGER","10","2011-04-09 08:05:00","2.69","13047.0","Spain","EMEA"
"539638","22633","HAND WARMER UNION JACK","5","2011-03-10 08:57:00","2.05","14606.0","Canada","AMER"
"539639","85123A","WHITE HANGING HEART T-LIGHT HOLDER","6","2011-04-08 15:10:00","2.68","17809.0","Netherlands","EMEA"
"539640","84406B","CREAM CUPID HEARTS COAT HANGER","12","2011-04-26 09:38:00","2.9","13777.0","France","EMEA"
"539641","85123A","WHITE HANGING HEART T-LIGHT HOLDER","10","2011-03-24 08:41:00","3.04","13777.0","United Kingdom","EMEA"
"539641","22633","HAND WARMER UNION JACK","1","2011-03-24 08:41:00","2.06","13777.0","United Kingdom","EMEA"
"539641","84029G","KNITTED UNION FLAG HOT WATER BOTTLE","9","2011-03-24 08:41:00","3.61","13777.0","United Kingdom","EMEA"
"539642","84029G","KNITTED UNION FLAG HOT WATER BOTTLE","4","2011-03-28 15:59:00","3.61","17850.0","USA","AMER"
"539642","22632","HAND WARMER RED POLKA DOT","8","2011-03-28 15:59:00","2.06","17850.0","USA","AMER"
"539642","47566","PARTY BUNTING","11","2011-03-28 15:59:00","5.29","17850.0","USA","AMER"
"539643","84406B","CREAM CUPID HEARTS COAT HANGER","9","2011-03-10 11:21:00","3.1","13777.0","Germany","EMEA"
"539643","71053","WHITE METAL LANTERN","6","2011-03-10 11:21:00","3.83","13777.0","Germany","EMEA"
"539643","71053","WHITE METAL LANTERN","4","2011-03-10 11:21:00","3.55","13777.0","Germany","EMEA"
"539644","85123A","WHITE HANGING HEART T-LIGHT HOLDER","1","2011-04-01 09:45:00","2.56","15291.0","France","EMEA"
"539644","47566","PARTY BUNTING","8","2011-04-01 09:45:00","5.36","15291.0","France","EMEA"
"539644","85123A","WHITE HANGING HEART T-LIGHT HOLDER","5","2011-04-01 09:45:00","2.58","15291.0","France","EMEA"
"539645","21730","GLASS STAR FROSTED T-LIGHT HOLDER","4","2011-04-20 13:04:00","4.47","17809.0","Spain","EMEA"
"539646","20685","DOORMAT RED RETROSPOT","2","2011-04-02 15:43:00","7.0","12583.0","EIRE","EMEA"
"539646","22633","HAND WARMER UNION JACK","6","2011-04-02 15:43:00","1.91","12583.0","EIRE","EMEA"
"539646","47566","PARTY BUNTING","9","2011-04-02 15:43:00","5.34","12583.0","EIRE","EMEA"
"539647","21730","GLASS STAR FROSTED T-LIGHT HOLDER","7","2011-03-01 16:05:00","4.64","15291.0","Germany","EMEA"
"539648","71053","WHITE METAL LANTERN","3","2011-04-05 09:45:00","3.6","16029.0","USA","AMER"
"539649","85099B","JUMBO BAG RED RETROSPOT","5","2011-03-18 11:35:00","2.13","13047.0","Australia","APAC"
"539649","71053","WHITE METAL LANTERN","2","2011-03-18 11:35:00","3.49","13047.0","Australia","APAC"
"539650","22752","SET 7 BABUSHKA NESTING BOXES","10","2011-04-28 11:12:00","8.12","17850.0","Spain","EMEA"
"539650","47566","PARTY BUNTING","1","2011-04-28 11:12:00","4.89","17850.0","Spain","EMEA"
"539650","22633","HAND WARMER UNION JACK","1","2011-04-28 11:12:00","1.95","17850.0","Spain","EMEA"
"539651","22633","HAND WARMER UNION JACK","8","2011-03-28 10:46:00","2.34","16029.0","United Kingdom","EMEA"
"539652","84029G","KNITTED UNION FLAG HOT WATER BOTTLE","1","2011-04-03 14:34:00","3.36","16029.0","Belgium","EMEA"
"539652","22633","HAND WARMER UNION JACK","7","2011-04-03 14:34:00","1.86","16029.0","Belgium","EMEA"
"539652","85123A","WHITE HANGING HEART T-LIGHT HOLDER","10","2011-04-03 14:34:00","2.85","16029.0","Belgium","EMEA"
"539653","84029E","RED WOOLLY HOTTIE WHITE HEART","6","2011-04-26 15:43:00","3.44","12583.0","Canada","AMER"
"539653","47566","PARTY BUNTING","6","2011-04-26 15:43:00","5.3","12583.0","Canada","AMER"
"539653","21730","GLASS STAR FROSTED T-LIGHT HOLDER","10","2011-04-26 15:43:00","4.65","12583.0","Canada","AMER"
"539654","21730","GLASS STAR FROSTED T-LIGHT HOLDER","10","2011-04-21 08:45:00","4.24","14096.0","France","EMEA"
"539654","85123A","WHITE HANGING HEART T-LIGHT HOLDER","5","2011-04-21 08:45:00","2.52","14096.0","France","EMEA"
"539654","47566","PARTY BUNTING","11","2011-04-21 08:45:00","5.07","14096.0","France","EMEA"
"539655","85123A","WHITE HANGING HEART T-LIGHT HOLDER","1","2011-03-16 11:21:00","3.02","17850.0","EIRE","EMEA"
"539655","22633","HAND WARMER UNION JACK","7","2011-03-16 11:21:00","1.99","17850.0","EIRE","EMEA"
"539655","85123A","WHITE HANGING HEART T-LIGHT HOLDER","3","2011-03-16 11:21:00","2.95","17850.0","EIRE","EMEA"
"539656","84029E","RED WOOLLY HOTTIE WHITE HEART","11","2011-03-14 16:55:00","3.55","17850.0","Netherlands","EMEA"
"539656","71053","WHITE METAL LANTERN","1","2011-03-14 16:55:00","3.88","17850.0","Netherlands","EMEA"
"539657","84029G","KNITTED UNION FLAG HOT WATER BOTTLE","7","2011-03-13 09:29:00","3.56","13777.0","Canada","AMER"
"539657","84406B","CREAM CUPID HEARTS COAT HANGER","4","2011-03-13 09:29:00","3.07","13777.0","Canada","AMER"
"539657","85123A","WHITE HANGING HEART T-LIGHT HOLDER","11","2011-03-13 09:29:00","2.52","13777.0","Canada","AMER"
"539658","47566","PARTY BUNTING","8","2011-04-29 13:53:00","5.06","14606.0","Canada","AMER"
"539659","22633","HAND WARMER UNION JACK","4","2011-03-07 10:00:00","1.76","17850.0","EIRE","EMEA"
"539660","71053","WHITE METAL LANTERN","2","2011-03-13 12:32:00","3.3","14096.0","Germany","EMEA"
"539660","22752","SET 7 BABUSHKA NESTING BOXES","1","2011-03-13 12:32:00","7.63","14096.0","Germany","EMEA"
"539660","22633","HAND WARMER UNION JACK","3","2011-03-13 12:32:00","2.32","14096.0","Germany","EMEA"
"539661","71053","WHITE METAL LANTERN","10","2011-04-19 10:27:00","3.48","13777.0","Australia","APAC"
"539661","20685","DOORMAT RED RETROSPOT","5","2011-04-19 10:27:00","7.45","13777.0","Australia","APAC"
"539662","22752","SET 7 BABUSHKA NESTING BOXES","9","2011-04-01 11:57:00","7.76","12583.0","Germany","EMEA"
"539662","22632","HAND WARMER RED POLKA DOT","11","2011-04-01 11:57:00","1.84","12583.0","Germany","EMEA"
"539663","22632","HAND WARMER RED POLKA DOT","1","2011-04-25 10:09:00","2.26","15291.0","Spain","EMEA"
"539664","84029G","KNITTED UNION FLAG HOT WATER BOTTLE","7","2011-03-25 10:42:00","3.39","13777.0","Netherlands","EMEA"
"539664","47566","PARTY BUNTING","2","2011-03-25 10:42:00","5.1","13777.0","Netherlands","EMEA"
"539664","71053","WHITE METAL LANTERN","4","2011-03-25 10:42:00","3.89","13777.0","Netherlands","EMEA"
"539665","85099B","JUMBO BAG RED RETROSPOT","12","2011-03-20 16:55:00","2.12","12583.0","United Kingdom","EMEA"
"539665","22752","SET 7 BABUSHKA NESTING BOXES","6","2011-03-20 16:55:00","8.02","12583.0","United Kingdom","EMEA"
"539666","85099B","JUMBO BAG RED RETROSPOT","1","2011-04-02 15:44:00","1.87","14096.0","Netherlands","EMEA"
"539667","84406B","CREAM CUPID HEARTS COAT HANGER","10","2011-03-23 15:50:00","2.95","15311.0","Belgium","EMEA"
"539668","22752","SET 7 BABUSHKA NESTING BOXES","5","2011-03-10 08:50:00","7.61","15291.0","Canada","AMER"
"539668","22633","HAND WARMER UNION JACK","12","2011-03-10 08:50:00","2.26","15291.0","Canada","AMER"
"539668","22632","HAND WARMER RED POLKA DOT","3","2011-03-10 08:50:00","2.12","15291.0","Canada","AMER"
"539669","71053","WHITE METAL LANTERN","11","2011-03-26 12:14:00","3.53","13047.0","Australia","APAC"
"539670","84029E","RED WOOLLY HOTTIE WHITE HEART","2","2011-03-04 14:33:00","3.75","17850.0","USA","AMER"
"539670","71053","WHITE METAL LANTERN","7","2011-03-04 14:33:00","3.31","17850.0","USA","AMER"
"539671","71053","WHITE METAL LANTERN","3","2011-03-11 10:55:00","3.5","13047.0","United Kingdom","EMEA"
"539672","84029E","RED WOOLLY HOTTIE WHITE HEART","9","2011-03-16 16:29:00","3.81","12583.0","Australia","APAC"
"539672","84029E","RED WOOLLY HOTTIE WHITE HEART","9","2011-03-16 16:29:00","3.63","12583.0","Australia","APAC"
"539673","20685","DOORMAT RED RETROSPOT","3","2011-04-06 16:00:00","7.08","14096.0","EIRE","EMEA"
"539673","85123A","WHITE HANGING HEART T-LIGHT HOLDER","10","2011-04-06 16:00:00","2.51","14096.0","EIRE","EMEA"
"539673","22752","SET 7 BABUSHKA NESTING BOXES","11","2011-04-06 16:00:00","8.1","14096.0","EIRE","EMEA"
"539674","84029E","RED WOOLLY HOTTIE WHITE HEART","3","2011-03-14 15:44:00","3.77","13047.0","USA","AMER"
"539674","71053","WHITE METAL LANTERN","5","2011-03-14 15:44:00","3.76","13047.0","USA","AMER"
"539675","71053","WHITE METAL LANTERN","1","2011-04-06 13:08:00","3.74","17850.0","Australia","APAC"
"539675","21730","GLASS STAR FROSTED T-LIGHT HOLDER","1","2011-04-06 13:08:00","4.36","17850.0","Australia","APAC"
"539676","71053","WHITE METAL LANTERN","1","2011-03-11 14:07:00","3.69","16029.0","Canada","AMER"
"539676","84029E","RED WOOLLY HOTTIE WHITE HEART","12","2011-03-11 14:07:00","3.84","16029.0","Canada","AMER"
"539676","20685","DOORMAT RED RETROSPOT","11","2011-03-11 14:07:00","7.23","16029.0","Canada","AMER"
"539677","84029E","RED WOOLLY HOTTIE WHITE HEART","1","2011-04-06 12:12:00","3.5","14606.0","Germany","EMEA"
"539677","71053","WHITE METAL LANTERN","4","2011-04-06 12:12:00","3.78","14606.0","Germany","EMEA"
"539677","21730","GLASS STAR FROSTED T-LIGHT HOLDER","9","2011-04-06 12:12:00","4.21","14606.0","Germany","EMEA"
"539678","84029E","RED WOOLLY HOTTIE WHITE HEART","12","2011-03-30 13:51:00","3.71","17809.0","Spain","EMEA"
"539678","84406B","CREAM CUPID HEARTS COAT HANGER","4","2011-03-30 13:51:00","2.84","17809.0","Spain","EMEA"
"539678","22632","HAND WARMER RED POLKA DOT","10","2011-03-30 13:51:00","2.03","17809.0","Spain","EMEA"
"539679","22752","SET 7 BABUSHKA NESTING BOXES","3","2011-03-01 13:52:00","7.72","17809.0","Netherlands","EMEA"
"539679","71053","WHITE METAL LANTERN","1","2011-03-01 13:52:00","3.6","17809.0","Netherlands","EMEA"
"539679","85099B","JUMBO BAG RED RETROSPOT","2","2011-03-01 13:52:00","1.74","17809.0","Netherlands","EMEA"
"539680","85099B","JUMBO BAG RED RETROSPOT","11","2011-03-11 10:39:00","1.67","16029.0","Canada","AMER"
"539681","22752","SET 7 BABUSHKA NESTING BOXES","12","2011-04-08 15:10:00","8.12","12583.0","Belgium","EMEA"
"539681","22632","HAND WARMER RED POLKA DOT","4","2011-04-08 15:10:00","1.96","12583.0","Belgium","EMEA"
"539682","21730","GLASS STAR FROSTED T-LIGHT HOLDER","4","2011-03-21 15:11:00","4.33","16029.0","Canada","AMER"
"539682","20685","DOORMAT RED RETROSPOT","6","2011-03-21 15:11:00","7.47","16029.0","Canada","AMER"
"539683","85123A","WHITE HANGING HEART T-LIGHT HOLDER","10","2011-03-10 11:43:00","2.89","17850.0","United Kingdom","EMEA"
"539683","22633","HAND WARMER UNION JACK","3","2011-03-10 11:43:00","2.11","17850.0","United Kingdom","EMEA"
"539684","21730","GLASS STAR FROSTED T-LIGHT HOLDER","7","2011-04-26 10:34:00","4.2","15291.0","Australia","APAC"
"539684","22632","HAND WARMER RED POLKA DOT","3","2011-04-26 10:34:00","2.28","15291.0","Australia","APAC"
"539685","84406B","CREAM CUPID HEARTS COAT HANGER","1","2011-03-18 08:26:00","2.99","17850.0","Canada","AMER"
"539685","84029E","RED WOOLLY HOTTIE WHITE HEART","4","2011-03-18 08:26:00","3.77","17850.0","Canada","AMER"
"539686","85123A","WHITE HANGING HEART T-LIGHT HOLDER","2","2011-04-22 11:45:00","2.92","12583.0","United Kingdom","EMEA"
"539687","84406B","CREAM CUPID HEARTS COAT HANGER","7","2011-04-20 09:15:00","3.22","13047.0","United Kingdom","EMEA"
"539688","84029E","RED WOOLLY HOTTIE WHITE HEART","10","2011-04-05 14:32:00","3.53","15291.0","Canada","AMER"
"539689","20685","DOORMAT RED RETROSPOT","9","2011-03-31 11:17:00","7.05","14096.0","USA","AMER"
"539689","22752","SET 7 BABUSHKA NESTING BOXES","11","2011-03-31 11:17:00","7.69","14096.0","USA","AMER"
"539690","85123A","WHITE HANGING HEART T-LIGHT HOLDER","5","2011-03-11 09:38:00","2.57","12583.0","Germany","EMEA"
"539690","85099B","JUMBO BAG RED RETROSPOT","7","2011-03-11 09:38:00","1.57","12583.0","Germany","EMEA"
"539690","22752","SET 7 BABUSHKA NESTING BOXES","7","2011-03-11 09:38:00","7.89","12583.0","Germany","EMEA"
"539691","20685","DOORMAT RED RETROSPOT","5","2011-04-20 12:44:00","7.13","14096.0","EIRE","EMEA"
"539691","85099B","JUMBO BAG RED RETROSPOT","7","2011-04-20 12:44:00","2.0","14096.0","EIRE","EMEA"
"539692","71053","WHITE METAL LANTERN","1","2011-04-11 09:45:00","3.54","12583.0","Spain","EMEA"
"539692","85123A","WHITE HANGING HEART T-LIGHT HOLDER","10","2011-04-11 09:45:00","2.82","12583.0","Spain","EMEA"
"539693","84406B","CREAM CUPID HEARTS COAT HANGER","7","2011-04-10 08:14:00","3.11","15311.0","Netherlands","EMEA"
"539694","71053","WHITE METAL LANTERN","1","2011-03-07 16:29:00","3.44","17809.0","Germany","EMEA"
"539694","85099B","JUMBO BAG RED RETROSPOT","5","2011-03-07 16:29:00","1.72","17809.0","Germany","EMEA"
"539694","21730","GLASS STAR FROSTED T-LIGHT HOLDER","5","2011-03-07 16:29:00","4.61","17809.0","Germany","EMEA"
"539695","84406B","CREAM CUPID HEARTS COAT HANGER","3","2011-04-06 16:37:00","2.96","15291.0","EIRE","EMEA"
"539695","85123A","WHITE HANGING HEART T-LIGHT HOLDER","2","2011-04-06 16:37:00","3.02","15291.0","EIRE","EMEA"
"539696","85123A","WHITE HANGING HEART T-LIGHT HOLDER","12","2011-04-24 15:36:00","2.84","16029.0","Spain","EMEA"
"539696","85099B","JUMBO BAG RED RETROSPOT","6","2011-04-24 15:36:00","1.93","16029.0","Spain","EMEA"
"539696","85099B","JUMBO BAG RED RETROSPOT","4","2011-04-24 15:36:00","1.75","16029.0","Spain","EMEA"
"539697","71053","WHITE METAL LANTERN","9","2011-03-08 14:15:00","3.65","14606.0","Netherlands","EMEA"
"539698","85099B","JUMBO BAG RED RETROSPOT","11","2011-03-03 08:26:00","1.89","17809.0","Australia","APAC"
"539699","85123A","WHITE HANGING HEART T-LIGHT HOLDER","6","2011-03-13 08:43:00","3.0","17809.0","Germany","EMEA"
"539700","22632","HAND WARMER RED POLKA DOT","11","2011-04-15 12:49:00","2.31","13777.0","Belgium","EMEA"
"539700","71053","WHITE METAL LANTERN","8","2011-04-15 12:49:00","3.66","13777.0","Belgium","EMEA"
"539700","22632","HAND WARMER RED POLKA DOT","12","2011-04-15 12:49:00","2.09","13777.0","Belgium","EMEA"
"539701","47566","PARTY BUNTING","4","2011-04-26 11:56:00","5.14","17850.0","EIRE","EMEA"
"539702","85123A","WHITE HANGING HEART T-LIGHT HOLDER","12","2011-04-19 11:44:00","2.51","13047.0","USA","AMER"
"539702","84406B","CREAM CUPID HEARTS COAT HANGER","2","2011-04-19 11:44:00","2.93","13047.0","USA","AMER"
"539702","47566","PARTY BUNTING","10","2011-04-19 11:44:00","5.27","13047.0","USA","AMER"
"539703","22632","HAND WARMER RED POLKA DOT","2","2011-04-26 15:04:00","1.87","17809.0","Canada","AMER"
"539703","71053","WHITE METAL LANTERN","1","2011-04-26 15:04:00","3.4","17809.0","Canada","AMER"
"539704","71053","WHITE METAL LANTERN","12","2011-03-08 14:36:00","3.62","14096.0","United Kingdom","EMEA"
"539704","22752","SET 7 BABUSHKA NESTING BOXES","4","2011-03-08 14:36:00","7.8","14096.0","United Kingdom","EMEA"
"539704","71053","WHITE METAL LANTERN","1","2011-03-08 14:36:00","3.54","14096.0","United Kingdom","EMEA"
"539705","85123A","WHITE HANGING HEART T-LIGHT HOLDER","3","2011-04-25 14:30:00","2.64","14096.0","Australia","APAC"
"539706","71053","WHITE METAL LANTERN","8","2011-04-24 10:30:00","3.58","13047.0","Canada","AMER"
"539706","84406B","CREAM CUPID HEARTS COAT HANGER","7","2011-04-24 10:30:00","2.97","13047.0","Canada","AMER"
"539706","22752","SET 7 BABUSHKA NESTING BOXES","12","2011-04-24 10:30:00","8.12","13047.0","Canada","AMER"
"539707","22752","SET 7 BABUSHKA NESTING BOXES","12","2011-04-18 09:03:00","7.63","15291.0","Australia","APAC"
"539707","47566","PARTY BUNTING","5","2011-04-18 09:03:00","4.89","15291.0","Australia","APAC"
"539707","85099B","JUMBO BAG RED RETROSPOT","12","2011-04-18 09:03:00","1.88","15291.0","Australia","APAC"
"539708","84406B","CREAM CUPID HEARTS COAT HANGER","11","2011-04-02 13:23:00","2.84","13047.0","EIRE","EMEA"
"539708","22633","HAND WARMER UNION JACK","7","2011-04-02 13:23:00","2.17","13047.0","EIRE","EMEA"
"539709","20685","DOORMAT RED RETROSPOT","5","2011-04-12 08:20:00","7.53","16029.0","Australia","APAC"
"539709","71053","WHITE METAL LANTERN","2","2011-04-12 08:20:00","3.54","16029.0","Australia","APAC"
"539709","20685","DOORMAT RED RETROSPOT","7","2011-04-12 08:20:00","7.34","16029.0","Australia","APAC"
"539710","85099B","JUMBO BAG RED RETROSPOT","6","2011-03-14 12:01:00","1.64","17809.0","Germany","EMEA"
"539711","47566","PARTY BUNTING","7","2011-04-23 14:42:00","5.19","14096.0","France","EMEA"
"539711","22633","HAND WARMER UNION JACK","7","2011-04-23 14:42:00","2.06","14096.0","France","EMEA"
"539712","84406B","CREAM CUPID HEARTS COAT HANGER","9","2011-03-04 15:35:00","3.13","17850.0","Canada","AMER"
"539712","71053","WHITE METAL LANTERN","7","2011-03-04 15:35:00","3.78","17850.0","Canada","AMER"
"539712","85123A","WHITE HANGING HEART T-LIGHT HOLDER","5","2011-03-04 15:35:00","2.52","17850.0","Canada","AMER"
"539713","85099B","JUMBO BAG RED RETROSPOT","1","2011-04-25 14:17:00","1.72","16029.0","Australia","APAC"
"539714","84029E","RED WOOLLY HOTTIE WHITE HEART","2","2011-03-14 16:15:00","3.29","17850.0","Australia","APAC"
"539714","71053","WHITE METAL LANTERN","2","2011-03-14 16:15:00","3.33","17850.0","Australia","APAC"
"539714","22752","SET 7 BABUSHKA NESTING BOXES","8","2011-03-14 16:15:00","8.0","17850.0","Australia","APAC"
"539715","85099B","JUMBO BAG RED RETROSPOT","11","2011-04-04 11:00:00","1.83","13047.0","United Kingdom","EMEA"
"539715","84029E","RED WOOLLY HOTTIE WHITE HEART","10","2011-04-04 11:00:00","3.84","13047.0","United Kingdom","EMEA"
"539716","85099B","JUMBO BAG RED RETROSPOT","12","2011-03-23 14:00:00","1.92","14606.0","France","EMEA"
"539716","84029G","KNITTED UNION FLAG HOT WATER BOTTLE","3","2011-03-23 14:00:00","3.3","14606.0","France","EMEA"
"539716","84029G","KNITTED UNION FLAG HOT WATER BOTTLE","1","2011-03-23 14:00:00","3.38","14606.0","France","EMEA"
"539717","22752","SET 7 BABUSHKA NESTING BOXES","5","2011-04-19 11:41:00","7.58","16029.0","EIRE","EMEA"
"539718","22632","HAND WARMER RED POLKA DOT","5","2011-03-15 11:48:00","2.33","13047.0","Australia","APAC"
"539718","84029E","RED WOOLLY HOTTIE WHITE HEART","8","2011-03-15 11:48:00","3.39","13047.0","Australia","APAC"
"539719","21730","GLASS STAR FROSTED T-LIGHT HOLDER","11","2011-03-09 09:38:00","4.58","13047.0","USA","AMER"
"539719","22752","SET 7 BABUSHKA NESTING BOXES","11","2011-03-09 09:38:00","8.05","13047.0","USA","AMER"
"539720","71053","WHITE METAL LANTERN","6","2011-04-22 13:58:00","3.68","15311.0","Australia","APAC"
"539720","84029E","RED WOOLLY HOTTIE WHITE HEART","10","2011-04-22 13:58:00","3.52","15311.0","Australia","APAC"
"539720","85099B","JUMBO BAG RED RETROSPOT","7","2011-04-22 13:58:00","1.81","15311.0","Australia","APAC"
"539721","84406B","CREAM CUPID HEARTS COAT HANGER","5","2011-03-18 15:05:00","2.78","14096.0","Belgium","EMEA"
"539721","20685","DOORMAT RED RETROSPOT","12","2011-03-18 15:05:00","7.22","14096.0","Belgium","EMEA"
"539722","47566","PARTY BUNTING","8","2011-04-03 13:18:00","5.05","14606.0","EIRE","EMEA"
"539722","85099B","JUMBO BAG RED RETROSPOT","6","2011-04-03 13:18:00","2.05","14606.0","EIRE","EMEA"
"539722","47566","PARTY BUNTING","9","2011-04-03 13:18:00","5.35","14606.0","EIRE","EMEA"
"539723","85099B","JUMBO BAG RED RETROSPOT","10","2011-03-15 10:27:00","1.83","15291.0","Netherlands","EMEA"
"539724","85123A","WHITE HANGING HEART T-LIGHT HOLDER","2","2011-03-28 11:47:00","2.71","17850.0","Belgium","EMEA"
"539725","85123A","WHITE HANGING HEART T-LIGHT HOLDER","10","2011-04-22 09:47:00","2.65","12583.0","USA","AMER"
"539725","84406B","CREAM CUPID HEARTS COAT HANGER","8","2011-04-22 09:47:00","2.98","12583.0","USA","AMER"
"539725","84029G","KNITTED UNION FLAG HOT WATER BOTTLE","12","2011-04-22 09:47:00","3.73","12583.0","USA","AMER"
"539726","22632","HAND WARMER RED POLKA DOT","4","2011-03-22 14:52:00","2.29","15291.0","France","EMEA"
"539727","85123A","WHITE HANGING HEART T-LIGHT HOLDER","7","2011-03-28 09:44:00","2.66","13047.0","Germany","EMEA"
"539727","22752","SET 7 BABUSHKA NESTING BOXES","11","2011-03-28 09:44:00","7.61","13047.0","Germany","EMEA"
"539728","47566","PARTY BUNTING","4","2011-03-11 14:09:00","5.08","12583.0","France","EMEA"
"539728","22752","SET 7 BABUSHKA NESTING BOXES","9","2011-03-11 14:09:00","7.88","12583.0","France","EMEA"
"539728","84029E","RED WOOLLY HOTTIE WHITE HEART","12","2011-03-11 14:09:00","3.82","12583.0","France","EMEA"
"539729","20685","DOORMAT RED RETROSPOT","5","2011-03-22 10:02:00","7.31","17850.0","Belgium","EMEA"
"539729","84406B","CREAM CUPID HEARTS COAT HANGER","6","2011-03-22 10:02:00","2.74","17850.0","Belgium","EMEA"
"539729","85099B","JUMBO BAG RED RETROSPOT","8","2011-03-22 10:02:00","1.96","17850.0","Belgium","EMEA"
"539730","22752","SET 7 BABUSHKA NESTING BOXES","9","2011-04-02 13:05:00","7.79","15291.0","EIRE","EMEA"
"539731","22633","HAND WARMER UNION JACK","2","2011-03-20 16:55:00","2.07","16029.0","United Kingdom","EMEA"
"539731","84406B","CREAM CUPID HEARTS COAT HANGER","10","2011-03-20 16:55:00","3.02","16029.0","United Kingdom","EMEA"
"539732","21730","GLASS STAR FROSTED T-LIGHT HOLDER","7","2011-03-01 15:56:00","4.21","15291.0","Australia","APAC"
"539732","22752","SET 7 BABUSHKA NESTING BOXES","5","2011-03-01 15:56:00","7.76","15291.0","Australia","APAC"
"539732","22632","HAND WARMER RED POLKA DOT","12","2011-03-01 15:56:00","1.75","15291.0","Australia","APAC"
"539733","85123A","WHITE HANGING HEART T-LIGHT HOLDER","1","2011-04-28 16:28:00","3.04","13047.0","Belgium","EMEA"
"539733","84029G","KNITTED UNION FLAG HOT WATER BOTTLE","7","2011-04-28 16:28:00","3.48","13047.0","Belgium","EMEA"
"539733","84406B","CREAM CUPID HEARTS COAT HANGER","3","2011-04-28 16:28:00","2.66","13047.0","Belgium","EMEA"
"539734","71053","WHITE METAL LANTERN","4","2011-03-29 14:38:00","3.53","17809.0","EIRE","EMEA"
"539734","85099B","JUMBO BAG RED RETROSPOT","8","2011-03-29 14:38:00","1.66","17809.0","EIRE","EMEA"
"539735","22632","HAND WARMER RED POLKA DOT","5","2011-04-05 13:24:00","1.86","16029.0","Netherlands","EMEA"
"539735","71053","WHITE METAL LANTERN","12","2011-04-05 13:24:00","3.39","16029.0","Netherlands","EMEA"
"539735","22632","HAND WARMER RED POLKA DOT","10","2011-04-05 13:24:00","2.07","16029.0","Netherlands","EMEA"
"539736","84029G","KNITTED UNION FLAG HOT WATER BOTTLE","1","2011-04-22 09:16:00","3.35","14606.0","Netherlands","EMEA"
"539737","84029G","KNITTED UNION FLAG HOT WATER BOTTLE","7","2011-03-26 15:58:00","3.41","12583.0","Spain","EMEA"
"539737","84406B","CREAM CUPID HEARTS COAT HANGER","6","2011-03-26 15:58:00","3.19","12583.0","Spain","EMEA"
"539737","71053","WHITE METAL LANTERN","6","2011-03-26 15:58:00","3.43","12583.0","Spain","EMEA"
"539738","84029E","RED WOOLLY HOTTIE WHITE HEART","6","2011-03-02 16:01:00","3.42","15311.0","Spain","EMEA"
"539739","22633","HAND WARMER UNION JACK","6","2011-03-21 08:18:00","1.93","12583.0","United Kingdom","EMEA"
"539740","84029G","KNITTED UNION FLAG HOT WATER BOTTLE","6","2011-03-06 15:06:00","3.63","16029.0","Belgium","EMEA"
"539740","71053","WHITE METAL LANTERN","11","2011-03-06 15:06:00","3.86","16029.0","Belgium","EMEA"
"539741","84406B","CREAM CUPID HEARTS COAT HANGER","9","2011-04-14 09:30:00","2.83","16029.0","Belgium","EMEA"
"539741","71053","WHITE METAL LANTERN","3","2011-04-14 09:30:00","3.56","16029.0","Belgium","EMEA"
"539742","84029E","RED WOOLLY HOTTIE WHITE HEART","2","2011-04-01 10:50:00","3.65","12583.0","Canada","AMER"
"539742","22632","HAND WARMER RED POLKA DOT","12","2011-04-01 10:50:00","2.04","12583.0","Canada","AMER"
"539742","84029G","KNITTED UNION FLAG HOT WATER BOTTLE","4","2011-04-01 10:50:00","3.43","12583.0","Canada","AMER"
"539743","21730","GLASS STAR FROSTED T-LIGHT HOLDER","2","2011-03-23 15:49:00","4.3","17809.0","Belgium","EMEA"
"539744","84406B","CREAM CUPID HEARTS COAT HANGER","8","2011-03-01 10:58:00","3.02","12583.0","France","EMEA"
"539744","71053","WHITE METAL LANTERN","11","2011-03-01 10:58:00","3.58","12583.0","France","EMEA"
"539745","85123A","WHITE HANGING HEART T-LIGHT HOLDER","9","2011-03-06 10:34:00","2.66","17850.0","United Kingdom","EMEA"
"539745","20685","DOORMAT RED RETROSPOT","6","2011-03-06 10:34:00","7.39","17850.0","United Kingdom","EMEA"
"539745","22633","HAND WARMER UNION JACK","3","2011-03-06 10:34:00","2.14","17850.0","United Kingdom","EMEA"
"539746","84029G","KNITTED UNION FLAG HOT WATER BOTTLE","12","2011-04-15 16:15:00","3.71","15291.0","USA","AMER"
"539746","71053","WHITE METAL LANTERN","10","2011-04-15 16:15:00","3.6","15291.0","USA","AMER"
"539747","22752","SET 7 BABUSHKA NESTING BOXES","3","2011-03-24 12:02:00","7.96","15311.0","USA","AMER"
"539747","85099B","JUMBO BAG RED RETROSPOT","7","2011-03-24 12:02:00","2.02","15311.0","USA","AMER"
"539748","84029E","RED WOOLLY HOTTIE WHITE HEART","4","2011-04-10 13:25:00","3.84","17850.0","Belgium","EMEA"
"539749","22752","SET 7 BABUSHKA NESTING BOXES","1","2011-04-02 16:39:00","8.03","17850.0","United Kingdom","EMEA"
"539749","71053","WHITE METAL LANTERN","6","2011-04-02 16:39:00","3.59","17850.0","United Kingdom","EMEA"
"539749","84406B","CREAM CUPID HEARTS COAT HANGER","8","2011-04-02 16:39:00","3.21","17850.0","United Kingdom","EMEA"
"539750","84406B","CREAM CUPID HEARTS COAT HANGER","10","2011-04-27 14:10:00","2.97","15311.0","Belgium","EMEA"
"539751","22632","HAND WARMER RED POLKA DOT","7","2011-03-01 13:15:00","1.94","17809.0","France","EMEA"
"539752","84029E","RED WOOLLY HOTTIE WHITE HEART","9","2011-03-13 13:35:00","3.71","12583.0","Germany","EMEA"
"539753","84029E","RED WOOLLY HOTTIE WHITE HEART","5","2011-03-17 09:33:00","3.46","16029.0","United Kingdom","EMEA"
"539754","22752","SET 7 BABUSHKA NESTING BOXES","12","2011-03-18 10:19:00","7.85","17850.0","France","EMEA"
"539754","47566","PARTY BUNTING","8","2011-03-18 10:19:00","4.96","17850.0","France","EMEA"
"539755","20685","DOORMAT RED RETROSPOT","2","2011-04-27 10:52:00","7.04","15311.0","Germany","EMEA"
"539756","47566","PARTY BUNTING","4","2011-04-25 10:42:00","5.37","15291.0","United Kingdom","EMEA"
"539756","22632","HAND WARMER RED POLKA DOT","1","2011-04-25 10:42:00","2.02","15291.0","United Kingdom","EMEA"
"539756","84029G","KNITTED UNION FLAG HOT WATER BOTTLE","9","2011-04-25 10:42:00","3.84","15291.0","United Kingdom","EMEA"
"539757","84406B","CREAM CUPID HEARTS COAT HANGER","2","2011-04-08 08:14:00","3.05","12583.0","Australia","APAC"
"539757","22752","SET 7 BABUSHKA NESTING BOXES","2","2011-04-08 08:14:00","8.12","12583.0","Australia","APAC"
"539757","22752","SET 7 BABUSHKA NESTING BOXES","6","2011-04-08 08:14:00","7.81","12583.0","Australia","APAC"
"539758","85123A","WHITE HANGING HEART T-LIGHT HOLDER","8","2011-03-29 14:04:00","3.04","15311.0","EIRE","EMEA"
"539758","22633","HAND WARMER UNION JACK","8","2011-03-29 14:04:00","2.15","15311.0","EIRE","EMEA"
"539759","20685","DOORMAT RED RETROSPOT","10","2011-04-10 13:41:00","7.57","14096.0","Australia","APAC"
"539759","84029G","KNITTED UNION FLAG HOT WATER BOTTLE","3","2011-04-10 13:41:00","3.46","14096.0","Australia","APAC"
"539759","85123A","WHITE HANGING HEART T-LIGHT HOLDER","6","2011-04-10 13:41:00","2.85","14096.0","Australia","APAC"
"539760","71053","WHITE METAL LANTERN","2","2011-04-26 10:44:00","3.65","17850.0","Netherlands","EMEA"
"539761","20685","DOORMAT RED RETROSPOT","9","2011-04-02 11:25:00","7.5","17809.0","United Kingdom","EMEA"
"539761","22752","SET 7 BABUSHKA NESTING BOXES","2","2011-04-02 11:25:00","7.83","17809.0","United Kingdom","EMEA"
"539762","20685","DOORMAT RED RETROSPOT","6","2011-04-28 13:41:00","7.37","14606.0","France","EMEA"
"539763","47566","PARTY BUNTING","11","2011-04-28 12:27:00","5.4","13777.0","Belgium","EMEA"
"539764","84406B","CREAM CUPID HEARTS COAT HANGER","3","2011-03-13 10:48:00","2.98","14606.0","Spain","EMEA"
"539765","84406B","CREAM CUPID HEARTS COAT HANGER","11","2011-04-29 11:00:00","2.95","13047.0","France","EMEA"
"539765","84406B","CREAM CUPID HEARTS COAT HANGER","3","2011-04-29 11:00:00","3.12","13047.0","France","EMEA"
"539766","85123A","WHITE HANGING HEART T-LIGHT HOLDER","1","2011-03-19 08:41:00","2.61","15291.0","Spain","EMEA"
"539766","84029G","KNITTED UNION FLAG HOT WATER BOTTLE","5","2011-03-19 08:41:00","3.46","15291.0","Spain","EMEA"
"539767","71053","WHITE METAL LANTERN","8","2011-04-01 10:32:00","3.38","12583.0","France","EMEA"
"539767","84406B","CREAM CUPID HEARTS COAT HANGER","5","2011-04-01 10:32:00","3.11","12583.0","France","EMEA"
"539768","85123A","WHITE HANGING HEART T-LIGHT HOLDER","5","2011-03-29 10:43:00","2.97","13777.0","Spain","EMEA"
"539769","84406B","CREAM CUPID HEARTS COAT HANGER","11","2011-03-16 15:24:00","2.98","14606.0","Spain","EMEA"
"539769","84406B","CREAM CUPID HEARTS COAT HANGER","6","2011-03-16 15:24:00","3.06","14606.0","Spain","EMEA"
"539769","47566","PARTY BUNTING","10","2011-03-16 15:24:00","5.03","14606.0","Spain","EMEA"
"539770","47566","PARTY BUNTING","7","2011-03-11 15:22:00","5.07","15291.0","Spain","EMEA"
"539770","47566","PARTY BUNTING","9","2011-03-11 15:22:00","5.15","15291.0","Spain","EMEA"
"539770","85099B","JUMBO BAG RED RETROSPOT","12","2011-03-11 15:22:00","2.11","15291.0","Spain","EMEA"
"539771","85123A","WHITE HANGING HEART T-LIGHT HOLDER","1","2011-03-07 11:59:00","2.75","14606.0","Canada","AMER"
"539771","85099B","JUMBO BAG RED RETROSPOT","8","2011-03-07 11:59:00","1.61","14606.0","Canada","AMER"
"539771","21730","GLASS STAR FROSTED T-LIGHT HOLDER","3","2011-03-07 11:59:00","4.28","14606.0","Canada","AMER"
"539772","71053","WHITE METAL LANTERN","9","2011-04-06 11:48:00","3.4","14096.0","Germany","EMEA"
"539772","84029E","RED WOOLLY HOTTIE WHITE HEART","12","2011-04-06 11:48:00","3.8","14096.0","Germany","EMEA"
"539772","84029E","RED WOOLLY HOTTIE WHITE HEART","7","2011-04-06 11:48:00","3.69","14096.0","Germany","EMEA"
"539773","85099B","JUMBO BAG RED RETROSPOT","6","2011-04-26 14:42:00","1.79","14096.0","Netherlands","EMEA"
"539773","21730","GLASS STAR FROSTED T-LIGHT HOLDER","1","2011-04-26 14:42:00","4.26","14096.0","Netherlands","EMEA"
"539773","85123A","WHITE HANGING HEART T-LIGHT HOLDER","8","2011-04-26 14:42:00","2.71","14096.0","Netherlands","EMEA"
"539774","85123A","WHITE HANGING HEART T-LIGHT HOLDER","10","2011-03-06 11:46:00","2.69","17809.0","Spain","EMEA"
"539775","22752","SET 7 BABUSHKA NESTING BOXES","8","2011-03-19 16:53:00","8.03","15311.0","Australia","APAC"
"539776","22632","HAND WARMER RED POLKA DOT","5","2011-03-20 09:49:00","2.16","16029.0","Spain","EMEA"
"539776","84406B","CREAM CUPID HEARTS COAT HANGER","7","2011-03-20 09:49:00","2.84","16029.0","Spain","EMEA"
"539776","84029E","RED WOOLLY HOTTIE WHITE HEART","10","2011-03-20 09:49:00","3.67","16029.0","Spain","EMEA"
"539777","22752","SET 7 BABUSHKA NESTING BOXES","5","2011-03-24 15:56:00","7.92","17850.0","Australia","APAC"
"539778","47566","PARTY BUNTING","2","2011-03-30 12:17:00","5.05","15291.0","Netherlands","EMEA"
"539779","20685","DOORMAT RED RETROSPOT","9","2011-03-11 13:04:00","7.42","12583.0","France","EMEA"
"539780","71053","WHITE METAL LANTERN","2","2011-03-29 14:32:00","3.52","16029.0","USA","AMER"
"539780","22752","SET 7 BABUSHKA NESTING BOXES","6","2011-03-29 14:32:00","7.55","16029.0","USA","AMER"
"539780","20685","DOORMAT RED RETROSPOT","9","2011-03-29 14:32:00","7.34","16029.0","USA","AMER"
"539781","21730","GLASS STAR FROSTED T-LIGHT HOLDER","10","2011-04-24 16:28:00","4.49","17850.0","Canada","AMER"
"539781","22752","SET 7 BABUSHKA NESTING BOXES","8","2011-04-24 16:28:00","7.72","17850.0","Canada","AMER"
"539782","21730","GLASS STAR FROSTED T-LIGHT HOLDER","10","2011-04-16 16:42:00","4.18","14606.0","United Kingdom","EMEA"
"539783","22632","HAND WARMER RED POLKA DOT","3","2011-03-25 15:46:00","1.85","12583.0","United Kingdom","EMEA"
"539783","47566","PARTY BUNTING","1","2011-03-25 15:46:00","5.29","12583.0","United Kingdom","EMEA"
"539783","47566","PARTY BUNTING","4","2011-03-25 15:46:00","5.04","12583.0","United Kingdom","EMEA"
"539784","22633","HAND WARMER UNION JACK","6","2011-03-29 16:18:00","1.85","16029.0","Spain","EMEA"
"539784","22632","HAND WARMER RED POLKA DOT","2","2011-03-29 16:18:00","1.97","16029.0","Spain","EMEA"
"539785","47566","PARTY BUNTING","4","2011-03-12 12:39:00","5.29","14096.0","Netherlands","EMEA"
"539786","84029E","RED WOOLLY HOTTIE WHITE HEART","4","2011-03-21 10:02:00","3.31","16029.0","Canada","AMER"
"539787","84029G","KNITTED UNION FLAG HOT WATER BOTTLE","12","2011-03-09 14:54:00","3.81","14606.0","United Kingdom","EMEA"
"539787","22752","SET 7 BABUSHKA NESTING BOXES","10","2011-03-09 14:54:00","7.91","14606.0","United Kingdom","EMEA"
"539788","21730","GLASS STAR FROSTED T-LIGHT HOLDER","11","2011-04-06 16:19:00","4.46","12583.0","Australia","APAC"
"539788","22752","SET 7 BABUSHKA NESTING BOXES","9","2011-04-06 16:19:00","8.03","12583.0","Australia","APAC"
"539788","22752","SET 7 BABUSHKA NESTING BOXES","8","2011-04-06 16:19:00","7.8","12583.0","Australia","APAC"
"539789","22752","SET 7 BABUSHKA NESTING BOXES","10","2011-04-12 13:30:00","8.01","17850.0","Netherlands","EMEA"
"539790","47566","PARTY BUNTING","3","2011-04-15 11:47:00","5.34","17809.0","Australia","APAC"
"539790","85099B","JUMBO BAG RED RETROSPOT","2","2011-04-15 11:47:00","1.87","17809.0","Australia","APAC"
"539790","85099B","JUMBO BAG RED RETROSPOT","11","2011-04-15 11:47:00","1.95","17809.0","Australia","APAC"
"539791","84029E","RED WOOLLY HOTTIE WHITE HEART","7","2011-03-23 12:32:00","3.73","17850.0","Spain","EMEA"
"539791","84406B","CREAM CUPID HEARTS COAT HANGER","10","2011-03-23 12:32:00","3.21","17850.0","Spain","EMEA"
"539791","20685","DOORMAT RED RETROSPOT","9","2011-03-23 12:32:00","7.33","17850.0","Spain","EMEA"
"539792","84029G","KNITTED UNION FLAG HOT WATER BOTTLE","1","2011-03-04 13:34:00","3.56","15291.0","Netherlands","EMEA"
"539793","84406B","CREAM CUPID HEARTS COAT HANGER","7","2011-04-27 13:16:00","2.66","17850.0","France","EMEA"
"539793","84029E","RED WOOLLY HOTTIE WHITE HEART","5","2011-04-27 13:16:00","3.37","17850.0","France","EMEA"
"539793","71053","WHITE METAL LANTERN","2","2011-04-27 13:16:00","3.58","17850.0","France","EMEA"
"539794","20685","DOORMAT RED RETROSPOT","8","2011-04-09 14:09:00","7.14","14606.0","USA","AMER"
"539795","22752","SET 7 BABUSHKA NESTING BOXES","1","2011-04-30 12:34:00","7.82","15291.0","Belgium","EMEA"
"539795","71053","WHITE METAL LANTERN","4","2011-04-30 12:34:00","3.86","15291.0","Belgium","EMEA"
"539795","84029E","RED WOOLLY HOTTIE WHITE HEART","3","2011-04-30 12:34:00","3.77","15291.0","Belgium","EMEA"
"539796","84029E","RED WOOLLY HOTTIE WHITE HEART","12","2011-04-17 08:17:00","3.73","17809.0","Netherlands","EMEA"
"539797","85123A","WHITE HANGING HEART T-LIGHT HOLDER","9","2011-03-04 14:08:00","2.98","13047.0","Australia","APAC"
"539797","85123A","WHITE HANGING HEART T-LIGHT HOLDER","3","2011-03-04 14:08:00","2.45","13047.0","Australia","APAC"
"539798","22752","SET 7 BABUSHKA NESTING BOXES","9","2011-03-17 09:09:00","8.12","17850.0","Germany","EMEA"
"539798","22632","HAND WARMER RED POLKA DOT","7","2011-03-17 09:09:00","2.16","17850.0","Germany","EMEA"
"539798","84029E","RED WOOLLY HOTTIE WHITE HEART","10","2011-03-17 09:09:00","3.68","17850.0","Germany","EMEA"
"539799","84406B","CREAM CUPID HEARTS COAT HANGER","11","2011-03-21 08:39:00","2.67","12583.0","France","EMEA"
"539800","84406B","CREAM CUPID HEARTS COAT HANGER","7","2011-04-02 13:21:00","2.7","15291.0","Canada","AMER"
"539801","20685","DOORMAT RED RETROSPOT","7","2011-04-01 08:08:00","7.55","12583.0","USA","AMER"
"539802","22633","HAND WARMER UNION JACK","7","2011-03-09 15:37:00","2.31","16029.0","Netherlands","EMEA"
"539803","20685","DOORMAT RED RETROSPOT","4","2011-03-29 09:34:00","7.45","12583.0","United Kingdom","EMEA"
"539803","71053","WHITE METAL LANTERN","1","2011-03-29 09:34:00","3.32","12583.0","United Kingdom","EMEA"
"539804","22752","SET 7 BABUSHKA NESTING BOXES","5","2011-04-23 13:09:00","7.57","16029.0","Spain","EMEA"
"539804","85123A","WHITE HANGING HEART T-LIGHT HOLDER","12","2011-04-23 13:09:00","2.89","16029.0","Spain","EMEA"
"539804","22752","SET 7 BABUSHKA NESTING BOXES","11","2011-04-23 13:09:00","8.09","16029.0","Spain","EMEA"
"539805","20685","DOORMAT RED RETROSPOT","6","2011-04-11 11:17:00","7.28","15291.0","USA","AMER"
"539806","47566","PARTY BUNTING","8","2011-03-29 16:42:00","5.22","14606.0","Canada","AMER"
"539806","21730","GLASS STAR FROSTED T-LIGHT HOLDER","12","2011-03-29 16:42:00","4.6","14606.0","Canada","AMER"
"539807","20685","DOORMAT RED RETROSPOT","12","2011-03-06 14:41:00","7.03","13047.0","Canada","AMER"
"539807","20685","DOORMAT RED RETROSPOT","11","2011-03-06 14:41:00","7.13","13047.0","Canada","AMER"
"539807","21730","GLASS STAR FROSTED T-LIGHT HOLDER","7","2011-03-06 14:41:00","4.55","13047.0","Canada","AMER"
"539808","20685","DOORMAT RED RETROSPOT","12","2011-03-28 11:42:00","7.03","14096.0","France","EMEA"
"539809","85099B","JUMBO BAG RED RETROSPOT","8","2011-03-29 16:52:00","1.78","16029.0","France","EMEA"
"539809","20685","DOORMAT RED RETROSPOT","3","2011-03-29 16:52:00","7.16","16029.0","France","EMEA"
"539809","22632","HAND WARMER RED POLKA DOT","11","2011-03-29 16:52:00","1.93","16029.0","France","EMEA"
"539810","21730","GLASS STAR FROSTED T-LIGHT HOLDER","4","2011-03-28 10:59:00","4.36","14096.0","Germany","EMEA"
"539810","22752","SET 7 BABUSHKA NESTING BOXES","5","2011-03-28 10:59:00","7.97","14096.0","Germany","EMEA"
"539811","22752","SET 7 BABUSHKA NESTING BOXES","5","2011-03-20 08:52:00","8.02","12583.0","Netherlands","EMEA"
"539811","21730","GLASS STAR FROSTED T-LIGHT HOLDER","9","2011-03-20 08:52:00","4.27","12583.0","Netherlands","EMEA"
"539812","20685","DOORMAT RED RETROSPOT","5","2011-03-12 09:42:00","7.26","14606.0","Germany","EMEA"
"539813","22633","HAND WARMER UNION JACK","1","2011-03-03 11:10:00","2.31","15291.0","EIRE","EMEA"
"539813","22752","SET 7 BABUSHKA NESTING BOXES","5","2011-03-03 11:10:00","7.72","15291.0","EIRE","EMEA"
"539813","84406B","CREAM CUPID HEARTS COAT HANGER","8","2011-03-03 11:10:00","3.22","15291.0","EIRE","EMEA"
"539814","20685","DOORMAT RED RETROSPOT","6","2011-03-15 10:00:00","7.3","14606.0","France","EMEA"
"539815","85123A","WHITE HANGING HEART T-LIGHT HOLDER","11","2011-04-16 15:39:00","2.61","17850.0","France","EMEA"
"539815","84406B","CREAM CUPID HEARTS COAT HANGER","7","2011-04-16 15:39:00","3.21","17850.0","France","EMEA"
"539815","85099B","JUMBO BAG RED RETROSPOT","7","2011-04-16 15:39:00","1.61","17850.0","France","EMEA"
"539816","84029G","KNITTED UNION FLAG HOT WATER BOTTLE","5","2011-04-11 15:26:00","3.67","14096.0","EIRE","EMEA"
"539816","22632","HAND WARMER RED POLKA DOT","6","2011-04-11 15:26:00","1.83","14096.0","EIRE","EMEA"
"539816","22632","HAND WARMER RED POLKA DOT","6","2011-04-11 15:26:00","2.16","14096.0","EIRE","EMEA"
"539817","84029G","KNITTED UNION FLAG HOT WATER BOTTLE","12","2011-04-25 16:00:00","3.7","17809.0","Canada","AMER"
"539818","22633","HAND WARMER UNION JACK","12","2011-03-15 10:47:00","2.11","13047.0","United Kingdom","EMEA"
"539819","85099B","JUMBO BAG RED RETROSPOT","3","2011-04-19 14:20:00","1.6","17809.0","Netherlands","EMEA"
"539819","71053","WHITE METAL LANTERN","8","2011-04-19 14:20:00","3.84","17809.0","Netherlands","EMEA"
"539819","20685","DOORMAT RED RETROSPOT","9","2011-04-19 14:20:00","7.48","17809.0","Netherlands","EMEA"
"539820","47566","PARTY BUNTING","4","2011-03-08 08:20:00","5.21","15291.0","France","EMEA"
"539821","22633","HAND WARMER UNION JACK","11","2011-03-20 09:24:00","2.23","14096.0","United Kingdom","EMEA"
"539822","85099B","JUMBO BAG RED RETROSPOT","10","2011-04-06 10:51:00","1.58","14606.0","Germany","EMEA"
"539823","85123A","WHITE HANGING HEART T-LIGHT HOLDER","8","2011-03-18 08:06:00","2.73","15311.0","USA","AMER"
"539823","84406B","CREAM CUPID HEARTS COAT HANGER","6","2011-03-18 08:06:00","3.06","15311.0","USA","AMER"
"539824","22752","SET 7 BABUSHKA NESTING BOXES","10","2011-04-07 16:59:00","7.68","17850.0","Germany","EMEA"
"539825","84029G","KNITTED UNION FLAG HOT WATER BOTTLE","9","2011-04-25 16:17:00","3.67","17850.0","Belgium","EMEA"
"539825","47566","PARTY BUNTING","2","2011-04-25 16:17:00","5.0","17850.0","Belgium","EMEA"
"539825","84029G","KNITTED UNION FLAG HOT WATER BOTTLE","10","2011-04-25 16:17:00","3.76","17850.0","Belgium","EMEA"
"539826","22633","HAND WARMER UNION JACK","5","2011-04-02 15:09:00","1.85","13047.0","Germany","EMEA"
"539826","47566","PARTY BUNTING","4","2011-04-02 15:09:00","4.99","13047.0","Germany","EMEA"
"539827","21730","GLASS STAR FROSTED T-LIGHT HOLDER","4","2011-03-28 09:12:00","4.66","17809.0","Australia","APAC"
"539828","47566","PARTY BUNTING","6","2011-04-28 14:41:00","5.23","16029.0","Netherlands","EMEA"
"539829","85123A","WHITE HANGING HEART T-LIGHT HOLDER","9","2011-04-17 15:35:00","2.78","13047.0","Canada","AMER"
"539829","22752","SET 7 BABUSHKA NESTING BOXES","8","2011-04-17 15:35:00","7.79","13047.0","Canada","AMER"
"539830","71053","WHITE METAL LANTERN","7","2011-03-12 13:14:00","3.45","14096.0","Germany","EMEA"
"539830","85099B","JUMBO BAG RED RETROSPOT","3","2011-03-12 13:14:00","1.97","14096.0","Germany","EMEA"
"539831","84029E","RED WOOLLY HOTTIE WHITE HEART","6","2011-03-14 08:46:00","3.72","16029.0","EIRE","EMEA"
"539831","20685","DOORMAT RED RETROSPOT","8","2011-03-14 08:46:00","7.56","16029.0","EIRE","EMEA"
"539832","85123A","WHITE HANGING HEART T-LIGHT HOLDER","12","2011-04-09 16:27:00","2.85","12583.0","Germany","EMEA"
"539832","84029G","KNITTED UNION FLAG HOT WATER BOTTLE","8","2011-04-09 16:27:00","3.58","12583.0","Germany","EMEA"
"539833","84029G","KNITTED UNION FLAG HOT WATER BOTTLE","2","2011-03-17 10:20:00","3.58","17809.0","United Kingdom","EMEA"
"539833","85123A","WHITE HANGING HEART T-LIGHT HOLDER","3","2011-03-17 10:20:00","2.75","17809.0","United Kingdom","EMEA"
"539833","22633","HAND WARMER UNION JACK","3","2011-03-17 10:20:00","1.81","17809.0","United Kingdom","EMEA"
"539834","84406B","CREAM CUPID HEARTS COAT HANGER","9","2011-04-05 15:46:00","3.12","15291.0","Australia","APAC"
"539834","22632","HAND WARMER RED POLKA DOT","3","2011-04-05 15:46:00","2.21","15291.0","Australia","APAC"
"539834","22752","SET 7 BABUSHKA NESTING BOXES","1","2011-04-05 15:46:00","7.58","15291.0","Australia","APAC"
"539835","84029G","KNITTED UNION FLAG HOT WATER BOTTLE","6","2011-04-17 10:59:00","3.81","13047.0","EIRE","EMEA"
"539835","22632","HAND WARMER RED POLKA DOT","12","2011-04-17 10:59:00","2.32","13047.0","EIRE","EMEA"
"539835","21730","GLASS STAR FROSTED T-LIGHT HOLDER","7","2011-04-17 10:59:00","4.24","13047.0","EIRE","EMEA"
"539836","84029G","KNITTED UNION FLAG HOT WATER BOTTLE","3","2011-04-01 09:35:00","3.76","14096.0","Canada","AMER"
"539837","22752","SET 7 BABUSHKA NESTING BOXES","6","2011-03-01 10:04:00","7.89","15311.0","Netherlands","EMEA"
"539837","84406B","CREAM CUPID HEARTS COAT HANGER","3","2011-03-01 10:04:00","2.78","15311.0","Netherlands","EMEA"
"539837","47566","PARTY BUNTING","11","2011-03-01 10:04:00","5.35","15311.0","Netherlands","EMEA"
"539838","22752","SET 7 BABUSHKA NESTING BOXES","12","2011-04-15 09:02:00","7.61","16029.0","Netherlands","EMEA"
"539839","47566","PARTY BUNTING","8","2011-04-11 15:50:00","5.32","17850.0","Netherlands","EMEA"
"539839","84406B","CREAM CUPID HEARTS COAT HANGER","9","2011-04-11 15:50:00","3.22","17850.0","Netherlands","EMEA"
"539839","85123A","WHITE HANGING HEART T-LIGHT HOLDER","12","2011-04-11 15:50:00","2.78","17850.0","Netherlands","EMEA"
"539840","22632","HAND WARMER RED POLKA DOT","10","2011-03-29 08:56:00","2.09","15291.0","USA","AMER"
"539841","85099B","JUMBO BAG RED RETROSPOT","10","2011-03-15 16:35:00","1.61","17850.0","United Kingdom","EMEA"
"539842","21730","GLASS STAR FROSTED T-LIGHT HOLDER","1","2011-04-27 08:14:00","4.49","12583.0","EIRE","EMEA"
"539842","85123A","WHITE HANGING HEART T-LIGHT HOLDER","4","2011-04-27 08:14:00","2.59","12583.0","EIRE","EMEA"
"539842","84029E","RED WOOLLY HOTTIE WHITE HEART","10","2011-04-27 08:14:00","3.86","12583.0","EIRE","EMEA"
"539843","84406B","CREAM CUPID HEARTS COAT HANGER","12","2011-04-07 08:28:00","2.95","14096.0","France","EMEA"
"539844","84029E","RED WOOLLY HOTTIE WHITE HEART","7","2011-04-14 12:53:00","3.65","15311.0","Canada","AMER"
"539844","47566","PARTY BUNTING","1","2011-04-14 12:53:00","5.23","15311.0","Canada","AMER"
"539845","84029G","KNITTED UNION FLAG HOT WATER BOTTLE","8","2011-03-14 09:36:00","3.64","12583.0","United Kingdom","EMEA"
"539846","21730","GLASS STAR FROSTED T-LIGHT HOLDER","1","2011-03-18 12:54:00","4.15","17850.0","USA","AMER"
"539846","47566","PARTY BUNTING","2","2011-03-18 12:54:00","5.38","17850.0","USA","AMER"
"539846","84029E","RED WOOLLY HOTTIE WHITE HEART","10","2011-03-18 12:54:00","3.39","17850.0","USA","AMER"
"539847","84029G","KNITTED UNION FLAG HOT WATER BOTTLE","11","2011-03-04 10:31:00","3.76","12583.0","Canada","AMER"
"539847","85123A","WHITE HANGING HEART T-LIGHT HOLDER","5","2011-03-04 10:31:00","2.96","12583.0","Canada","AMER"
"539848","22752","SET 7 BABUSHKA NESTING BOXES","1","2011-04-03 08:21:00","7.61","13777.0","Canada","AMER"
"539848","84029E","RED WOOLLY HOTTIE WHITE HEART","4","2011-04-03 08:21:00","3.29","13777.0","Canada","AMER"
"539848","71053","WHITE METAL LANTERN","2","2011-04-03 08:21:00","3.67","13777.0","Canada","AMER"
"539849","71053","WHITE METAL LANTERN","3","2011-04-20 13:56:00","3.7","17850.0","Australia","APAC"
"539849","85123A","WHITE HANGING HEART T-LIGHT HOLDER","8","2011-04-20 13:56:00","2.64","17850.0","Australia","APAC"
"539850","84406B","CREAM CUPID HEARTS COAT HANGER","12","2011-04-18 12:43:00","2.8","17809.0","EIRE","EMEA"
"539850","22752","SET 7 BABUSHKA NESTING BOXES","11","2011-04-18 12:43:00","7.68","17809.0","EIRE","EMEA"
"539851","71053","WHITE METAL LANTERN","3","2011-04-04 12:38:00","3.67","17809.0","Netherlands","EMEA"
"539851","84406B","CREAM CUPID HEARTS COAT HANGER","7","2011-04-04 12:38:00","3.13","17809.0","Netherlands","EMEA"
"539852","22632","HAND WARMER RED POLKA DOT","6","2011-04-06 09:17:00","2.26","14606.0","France","EMEA"
"539852","21730","GLASS STAR FROSTED T-LIGHT HOLDER","2","2011-04-06 09:17:00","4.45","14606.0","France","EMEA"
"539853","84029E","RED WOOLLY HOTTIE WHITE HEART","12","2011-04-11 16:21:00","3.55","17809.0","Belgium","EMEA"
"539853","84029G","KNITTED UNION FLAG HOT WATER BOTTLE","10","2011-04-11 16:21:00","3.87","17809.0","Belgium","EMEA"
"539854","84406B","CREAM CUPID HEARTS COAT HANGER","8","2011-03-06 14:07:00","3.21","17850.0","EIRE","EMEA"
"539854","84406B","CREAM CUPID HEARTS COAT HANGER","5","2011-03-06 14:07:00","2.76","17850.0","EIRE","EMEA"
"539854","84406B","CREAM CUPID HEARTS COAT HANGER","9","2011-03-06 14:07:00","3.16","17850.0","EIRE","EMEA"
"539855","22632","HAND WARMER RED POLKA DOT","10","2011-03-29 09:26:00","2.24","17850.0","Netherlands","EMEA"
"539856","71053","WHITE METAL LANTERN","5","2011-04-27 15:07:00","3.52","13047.0","France","EMEA"
"539857","22633","HAND WARMER UNION JACK","1","2011-03-03 09:20:00","1.95","15311.0","Netherlands","EMEA"
"539857","22633","HAND WARMER UNION JACK","12","2011-03-03 09:20:00","1.77","15311.0","Netherlands","EMEA"
"539858","22633","HAND WARMER UNION JACK","12","2011-04-22 08:09:00","1.98","15311.0","Spain","EMEA"
"539859","84029E","RED WOOLLY HOTTIE WHITE HEART","5","2011-03-08 16:08:00","3.29","16029.0","Canada","AMER"
"539859","84406B","CREAM CUPID HEARTS COAT HANGER","12","2011-03-08 16:08:00","2.97","16029.0","Canada","AMER"
"539859","84406B","CREAM CUPID HEARTS COAT HANGER","5","2011-03-08 16:08:00","2.75","16029.0","Canada","AMER"
"539860","85123A","WHITE HANGING HEART T-LIGHT HOLDER","9","2011-03-22 12:05:00","2.93","16029.0","United Kingdom","EMEA"
"539861","21730","GLASS STAR FROSTED T-LIGHT HOLDER","5","2011-03-30 14:30:00","4.23","16029.0","France","EMEA"
"539861","84029G","KNITTED UNION FLAG HOT WATER BOTTLE","12","2011-03-30 14:30:00","3.43","16029.0","France","EMEA"
"539862","84406B","CREAM CUPID HEARTS COAT HANGER","2","2011-03-11 13:26:00","3.18","15311.0","Germany","EMEA"
"539863","20685","DOORMAT RED RETROSPOT","6","2011-03-06 12:00:00","7.2","14606.0","Australia","APAC"
"539863","21730","GLASS STAR FROSTED T-LIGHT HOLDER","11","2011-03-06 12:00:00","4.61","14606.0","Australia","APAC"
"539863","20685","DOORMAT RED RETROSPOT","10","2011-03-06 12:00:00","7.26","14606.0","Australia","APAC"
"539864","21730","GLASS STAR FROSTED T-LIGHT HOLDER","10","2011-03-26 09:43:00","4.28","13047.0","Canada","AMER"
"539865","84029E","RED WOOLLY HOTTIE WHITE HEART","7","2011-03-06 15:56:00","3.44","14096.0","Canada","AMER"
"539865","22633","HAND WARMER UNION JACK","11","2011-03-06 15:56:00","2.18","14096.0","Canada","AMER"
"539866","20685","DOORMAT RED RETROSPOT","3","2011-03-31 13:46:00","7.57","17850.0","France","EMEA"
"539866","22633","HAND WARMER UNION JACK","6","2011-03-31 13:46:00","2.03","17850.0","France","EMEA"
"539866","84029E","RED WOOLLY HOTTIE WHITE HEART","11","2011-03-31 13:46:00","3.76","17850.0","France","EMEA"
"539867","85099B","JUMBO BAG RED RETROSPOT","8","2011-04-13 11:56:00","1.6","15291.0","Spain","EMEA"
"539867","22752","SET 7 BABUSHKA NESTING BOXES","4","2011-04-13 11:56:00","8.0","15291.0","Spain","EMEA"
"539868","84029E","RED WOOLLY HOTTIE WHITE HEART","9","2011-03-13 09:31:00","3.35","14096.0","Australia","APAC"
"539869","84406B","CREAM CUPID HEARTS COAT HANGER","2","2011-03-17 11:06:00","3.09","13777.0","Belgium","EMEA"
"539869","84406B","CREAM CUPID HEARTS COAT HANGER","8","2011-03-17 11:06:00","2.74","13777.0","Belgium","EMEA"
"539869","47566","PARTY BUNTING","7","2011-03-17 11:06:00","5.12","13777.0","Belgium","EMEA"
"539870","71053","WHITE METAL LANTERN","8","2011-04-25 11:41:00","3.77","17809.0","Australia","APAC"
"539870","84029E","RED WOOLLY HOTTIE WHITE HEART","12","2011-04-25 11:41:00","3.8","17809.0","Australia","APAC"
"539871","21730","GLASS STAR FROSTED T-LIGHT HOLDER","1","2011-04-26 13:47:00","4.65","13777.0","Spain","EMEA"
"539871","47566","PARTY BUNTING","2","2011-04-26 13:47:00","5.05","13777.0","Spain","EMEA"
"539872","47566","PARTY BUNTING","7","2011-03-07 13:29:00","4.92","14606.0","Netherlands","EMEA"
"539872","84029E","RED WOOLLY HOTTIE WHITE HEART","3","2011-03-07 13:29:00","3.63","14606.0","Netherlands","EMEA"
"539872","84406B","CREAM CUPID HEARTS COAT HANGER","4","2011-03-07 13:29:00","2.81","14606.0","Netherlands","EMEA"
"539873","22632","HAND WARMER RED POLKA DOT","7","2011-03-04 15:33:00","2.35","12583.0","USA","AMER"
"539873","84406B","CREAM CUPID HEARTS COAT HANGER","4","2011-03-04 15:33:00","3.05","12583.0","USA","AMER"
"539873","84029G","KNITTED UNION FLAG HOT WATER BOTTLE","5","2011-03-04 15:33:00","3.73","12583.0","USA","AMER"
"539874","22632","HAND WARMER RED POLKA DOT","7","2011-04-27 10:45:00","2.3","15311.0","Germany","EMEA"
"539875","47566","PARTY BUNTING","9","2011-03-14 10:20:00","5.23","13777.0","Canada","AMER"
"539875","21730","GLASS STAR FROSTED T-LIGHT HOLDER","1","2011-03-14 10:20:00","4.52","13777.0","Canada","AMER"
"539876","22632","HAND WARMER RED POLKA DOT","6","2011-03-19 15:22:00","2.12","16029.0","EIRE","EMEA"
"539876","47566","PARTY BUNTING","4","2011-03-19 15:22:00","5.03","16029.0","EIRE","EMEA"
"539876","84029G","KNITTED UNION FLAG HOT WATER BOTTLE","3","2011-03-19 15:22:00","3.73","16029.0","EIRE","EMEA"
"539877","84029E","RED WOOLLY HOTTIE WHITE HEART","6","2011-03-17 08:39:00","3.33","16029.0","Germany","EMEA"
"539878","71053","WHITE METAL LANTERN","6","2011-04-14 09:31:00","3.75","17850.0","Canada","AMER"
"539878","22632","HAND WARMER RED POLKA DOT","10","2011-04-14 09:31:00","1.91","17850.0","Canada","AMER"
"539879","21730","GLASS STAR FROSTED T-LIGHT HOLDER","3","2011-03-24 11:43:00","4.7","17850.0","Netherlands","EMEA"
"539879","21730","GLASS STAR FROSTED T-LIGHT HOLDER","11","2011-03-24 11:43:00","4.16","17850.0","Netherlands","EMEA"
"539879","21730","GLASS STAR FROSTED T-LIGHT HOLDER","9","2011-03-24 11:43:00","4.25","17850.0","Netherlands","EMEA"
"539880","22632","HAND WARMER RED POLKA DOT","12","2011-03-19 08:24:00","2.26","13777.0","EIRE","EMEA"
"539880","47566","PARTY BUNTING","7","2011-03-19 08:24:00","5.0","13777.0","EIRE","EMEA"
"539881","84406B","CREAM CUPID HEARTS COAT HANGER","5","2011-03-22 15:56:00","2.97","13047.0","France","EMEA"
"539881","22752","SET 7 BABUSHKA NESTING BOXES","7","2011-03-22 15:56:00","7.98","13047.0","France","EMEA"
"539882","22632","HAND WARMER RED POLKA DOT","10","2011-03-19 11:38:00","2.1","14096.0","Spain","EMEA"
"539882","85099B","JUMBO BAG RED RETROSPOT","10","2011-03-19 11:38:00","1.68","14096.0","Spain","EMEA"
"539883","21730","GLASS STAR FROSTED T-LIGHT HOLDER","7","2011-04-25 08:17:00","4.4","17850.0","Australia","APAC"
"539883","20685","DOORMAT RED RETROSPOT","12","2011-04-25 08:17:00","7.2","17850.0","Australia","APAC"
"539883","84406B","CREAM CUPID HEARTS COAT HANGER","3","2011-04-25 08:17:00","3.07","17850.0","Australia","APAC"
"539884","71053","WHITE METAL LANTERN","4","2011-04-21 12:31:00","3.82","12583.0","Germany","EMEA"
"539884","85123A","WHITE HANGING HEART T-LIGHT HOLDER","6","2011-04-21 12:31:00","2.55","12583.0","Germany","EMEA"
"539885","85099B","JUMBO BAG RED RETROSPOT","2","2011-04-16 09:39:00","1.99","17850.0","Spain","EMEA"
"539885","22633","HAND WARMER UNION JACK","12","2011-04-16 09:39:00","2.34","17850.0","Spain","EMEA"
"539886","84029E","RED WOOLLY HOTTIE WHITE HEART","9","2011-04-06 11:20:00","3.66","14096.0","Belgium","EMEA"
"539887","71053","WHITE METAL LANTERN","5","2011-04-20 09:54:00","3.73","12583.0","United Kingdom","EMEA"
"539887","47566","PARTY BUNTING","2","2011-04-20 09:54:00","5.04","12583.0","United Kingdom","EMEA"
"539887","22632","HAND WARMER RED POLKA DOT","2","2011-04-20 09:54:00","1.99","12583.0","United Kingdom","EMEA"
"539888","84029E","RED WOOLLY HOTTIE WHITE HEART","10","2011-03-15 15:00:00","3.78","15311.0","USA","AMER"
"539889","22633","HAND WARMER UNION JACK","8","2011-04-24 11:11:00","1.78","14096.0","Netherlands","EMEA"
"539890","22632","HAND WARMER RED POLKA DOT","11","2011-03-15 10:32:00","2.19","16029.0","Germany","EMEA"
"539890","22752","SET 7 BABUSHKA NESTING BOXES","3","2011-03-15 10:32:00","7.74","16029.0","Germany","EMEA"
"539891","84029E","RED WOOLLY HOTTIE WHITE HEART","4","2011-03-23 10:25:00","3.55","13777.0","USA","AMER"
"539891","47566","PARTY BUNTING","11","2011-03-23 10:25:00","5.15","13777.0","USA","AMER"
"539892","22752","SET 7 BABUSHKA NESTING BOXES","5","2011-04-16 13:08:00","7.63","13777.0","Canada","AMER"
"539892","22633","HAND WARMER UNION JACK","2","2011-04-16 13:08:00","2.21","13777.0","Canada","AMER"
"539892","47566","PARTY BUNTING","2","2011-04-16 13:08:00","5.1","13777.0","Canada","AMER"
"539893","84406B","CREAM CUPID HEARTS COAT HANGER","12","2011-04-06 16:59:00","2.88","17809.0","Canada","AMER"
"539893","84029E","RED WOOLLY HOTTIE WHITE HEART","12","2011-04-06 16:59:00","3.64","17809.0","Canada","AMER"
"539894","20685","DOORMAT RED RETROSPOT","4","2011-04-30 08:20:00","7.5","16029.0","Netherlands","EMEA"
"539894","22752","SET 7 BABUSHKA NESTING BOXES","11","2011-04-30 08:20:00","8.13","16029.0","Netherlands","EMEA"
"539894","85099B","JUMBO BAG RED RETROSPOT","5","2011-04-30 08:20:00","1.89","16029.0","Netherlands","EMEA"
"539895","71053","WHITE METAL LANTERN","2","2011-04-10 13:45:00","3.72","16029.0","Spain","EMEA"
"539896","20685","DOORMAT RED RETROSPOT","9","2011-03-01 16:39:00","7.54","13047.0","United Kingdom","EMEA"
"539897","47566","PARTY BUNTING","5","2011-04-06 08:22:00","5.12","14096.0","France","EMEA"
"539897","84029G","KNITTED UNION FLAG HOT WATER BOTTLE","8","2011-04-06 08:22:00","3.41","14096.0","France","EMEA"
"539897","84406B","CREAM CUPID HEARTS COAT HANGER","7","2011-04-06 08:22:00","3.15","14096.0","France","EMEA"
"539898","85099B","JUMBO BAG RED RETROSPOT","9","2011-03-24 16:04:00","1.67","16029.0","Belgium","EMEA"
"539898","22633","HAND WARMER UNION JACK","12","2011-03-24 16:04:00","1.75","16029.0","Belgium","EMEA"
"539899","71053","WHITE METAL LANTERN","3","2011-04-17 11:45:00","3.74","13777.0","Spain","EMEA"
"539899","85099B","JUMBO BAG RED RETROSPOT","6","2011-04-17 11:45:00","2.05","13777.0","Spain","EMEA"
"539899","47566","PARTY BUNTING","8","2011-04-17 11:45:00","4.88","13777.0","Spain","EMEA"
"539900","22633","HAND WARMER UNION JACK","5","2011-04-06 15:26:00","1.79","14606.0","Germany","EMEA"
"539900","84406B","CREAM CUPID HEARTS COAT HANGER","9","2011-04-06 15:26:00","2.89","14606.0","Germany","EMEA"
"539901","22633","HAND WARMER UNION JACK","4","2011-04-20 08:59:00","2.21","14096.0","Germany","EMEA"
"539901","47566","PARTY BUNTING","9","2011-04-20 08:59:00","5.07","14096.0","Germany","EMEA"
"539902","22752","SET 7 BABUSHKA NESTING BOXES","6","2011-04-05 10:54:00","7.78","15291.0","Australia","APAC"
"539902","21730","GLASS STAR FROSTED T-LIGHT HOLDER","2","2011-04-05 10:54:00","4.26","15291.0","Australia","APAC"
"539903","22632","HAND WARMER RED POLKA DOT","11","2011-03-04 16:09:00","2.02","14606.0","France","EMEA"
"539903","84406B","CREAM CUPID HEARTS COAT HANGER","8","2011-03-04 16:09:00","3.03","14606.0","France","EMEA"
"539903","84029E","RED WOOLLY HOTTIE WHITE HEART","1","2011-03-04 16:09:00","3.52","14606.0","France","EMEA"
"539904","84029E","RED WOOLLY HOTTIE WHITE HEART","5","2011-04-03 15:02:00","3.63","15291.0","United Kingdom","EMEA"
"539904","85099B","JUMBO BAG RED RETROSPOT","7","2011-04-03 15:02:00","1.95","15291.0","United Kingdom","EMEA"
"539905","20685","DOORMAT RED RETROSPOT","6","2011-04-21 10:30:00","7.37","17850.0","EIRE","EMEA"
"539905","22633","HAND WARMER UNION JACK","10","2011-04-21 10:30:00","1.9","17850.0","EIRE","EMEA"
"539906","85123A","WHITE HANGING HEART T-LIGHT HOLDER","10","2011-03-23 08:01:00","2.92","17850.0","France","EMEA"
"539907","85123A","WHITE HANGING HEART T-LIGHT HOLDER","8","2011-03-22 14:47:00","2.65","14096.0","EIRE","EMEA"
"539907","22752","SET 7 BABUSHKA NESTING BOXES","5","2011-03-22 14:47:00","7.98","14096.0","EIRE","EMEA"
"539908","21730","GLASS STAR FROSTED T-LIGHT HOLDER","12","2011-03-14 14:00:00","4.51","15311.0","France","EMEA"
"539909","20685","DOORMAT RED RETROSPOT","11","2011-03-09 14:37:00","7.11","13777.0","Spain","EMEA"
"539910","21730","GLASS STAR FROSTED T-LIGHT HOLDER","2","2011-04-06 13:36:00","4.6","12583.0","Netherlands","EMEA"
"539911","84029E","RED WOOLLY HOTTIE WHITE HEART","9","2011-04-03 13:52:00","3.73","15291.0","United Kingdom","EMEA"
"539911","71053","WHITE METAL LANTERN","9","2011-04-03 13:52:00","3.6","15291.0","United Kingdom","EMEA"
"539912","85099B","JUMBO BAG RED RETROSPOT","10","2011-04-21 08:59:00","1.7","16029.0","Spain","EMEA"
"539912","20685","DOORMAT RED RETROSPOT","3","2011-04-21 08:59:00","7.2","16029.0","Spain","EMEA"
"539913","84029G","KNITTED UNION FLAG HOT WATER BOTTLE","1","2011-03-20 14:13:00","3.75","12583.0","Australia","APAC"
"539913","84029E","RED WOOLLY HOTTIE WHITE HEART","6","2011-03-20 14:13:00","3.61","12583.0","Australia","APAC"
"539914","85123A","WHITE HANGING HEART T-LIGHT HOLDER","9","2011-04-07 12:12:00","2.79","17850.0","Spain","EMEA"
"539914","84029E","RED WOOLLY HOTTIE WHITE HEART","4","2011-04-07 12:12:00","3.67","17850.0","Spain","EMEA"
"539914","21730","GLASS STAR FROSTED T-LIGHT HOLDER","7","2011-04-07 12:12:00","4.4","17850.0","Spain","EMEA"
"539915","22633","HAND WARMER UNION JACK","2","2011-03-22 12:43:00","2.23","17850.0","Australia","APAC"
"539915","47566","PARTY BUNTING","10","2011-03-22 12:43:00","5.09","17850.0","Australia","APAC"
"539916","20685","DOORMAT RED RETROSPOT","1","2011-04-08 13:30:00","7.26","14096.0","United Kingdom","EMEA"
"539917","85099B","JUMBO BAG RED RETROSPOT","9","2011-03-02 10:42:00","1.84","15291.0","United Kingdom","EMEA"
"539918","84029E","RED WOOLLY HOTTIE WHITE HEART","5","2011-04-14 10:46:00","3.86","13777.0","France","EMEA"
"539918","21730","GLASS STAR FROSTED T-LIGHT HOLDER","10","2011-04-14 10:46:00","4.35","13777.0","France","EMEA"
"539919","71053","WHITE METAL LANTERN","9","2011-03-06 15:07:00","3.6","13777.0","Germany","EMEA"
"539919","84406B","CREAM CUPID HEARTS COAT HANGER","2","2011-03-06 15:07:00","3.21","13777.0","Germany","EMEA"
"539920","71053","WHITE METAL LANTERN","4","2011-03-15 14:46:00","3.37","12583.0","Australia","APAC"
"539921","71053","WHITE METAL LANTERN","10","2011-03-02 08:48:00","3.49","17850.0","USA","AMER"
"539921","84029E","RED WOOLLY HOTTIE WHITE HEART","1","2011-03-02 08:48:00","3.6","17850.0","USA","AMER"
"539921","20685","DOORMAT RED RETROSPOT","8","2011-03-02 08:48:00","7.13","17850.0","USA","AMER"
"539922","22633","HAND WARMER UNION JACK","1","2011-03-14 12:26:00","1.97","15311.0","United Kingdom","EMEA"
"539922","22633","HAND WARMER UNION JACK","4","2011-03-14 12:26:00","1.99","15311.0","United Kingdom","EMEA"
"539923","21730","GLASS STAR FROSTED T-LIGHT HOLDER","10","2011-03-04 10:11:00","4.36","14606.0","Germany","EMEA"
"539923","84406B","CREAM CUPID HEARTS COAT HANGER","12","2011-03-04 10:11:00","2.65","14606.0","Germany","EMEA"
"539924","20685","DOORMAT RED RETROSPOT","9","2011-04-15 14:05:00","7.01","14606.0","USA","AMER"
"539924","22632","HAND WARMER RED POLKA DOT","9","2011-04-15 14:05:00","1.84","14606.0","USA","AMER"
"539925","22633","HAND WARMER UNION JACK","8","2011-04-04 12:12:00","2.26","15291.0","Canada","AMER"
"539926","20685","DOORMAT RED RETROSPOT","6","2011-03-14 09:35:00","7.51","15291.0","Germany","EMEA"
"539927","47566","PARTY BUNTING","11","2011-04-11 11:02:00","5.14","17809.0","Australia","APAC"
"539927","85099B","JUMBO BAG RED RETROSPOT","1","2011-04-11 11:02:00","1.71","17809.0","Australia","APAC"
"539927","20685","DOORMAT RED RETROSPOT","7","2011-04-11 11:02:00","7.45","17809.0","Australia","APAC"
"539928","84029E","RED WOOLLY HOTTIE WHITE HEART","2","2011-03-10 08:49:00","3.37","15291.0","Germany","EMEA"
"539928","47566","PARTY BUNTING","12","2011-03-10 08:49:00","5.35","15291.0","Germany","EMEA"
"539928","22752","SET 7 BABUSHKA NESTING BOXES","1","2011-03-10 08:49:00","8.13","15291.0","Germany","EMEA"
"539929","84029E","RED WOOLLY HOTTIE WHITE HEART","12","2011-03-12 09:59:00","3.68","15311.0","USA","AMER"
"539929","84029E","RED WOOLLY HOTTIE WHITE HEART","6","2011-03-12 09:59:00","3.88","15311.0","USA","AMER"
"539929","85099B","JUMBO BAG RED RETROSPOT","7","2011-03-12 09:59:00","2.06","15311.0","USA","AMER"
"539930","84029E","RED WOOLLY HOTTIE WHITE HEART","7","2011-04-26 11:05:00","3.86","14096.0","USA","AMER"
"539930","22633","HAND WARMER UNION JACK","1","2011-04-26 11:05:00","1.92","14096.0","USA","AMER"
"539930","71053","WHITE METAL LANTERN","2","2011-04-26 11:05:00","3.51","14096.0","USA","AMER"
"539931","47566","PARTY BUNTING","3","2011-03-22 13:12:00","5.31","16029.0","Belgium","EMEA"
"539931","22632","HAND WARMER RED POLKA DOT","2","2011-03-22 13:12:00","2.26","16029.0","Belgium","EMEA"
"539932","85099B","JUMBO BAG RED RETROSPOT","9","2011-04-23 14:16:00","2.12","14606.0","France","EMEA"
"539933","47566","PARTY BUNTING","1","2011-04-04 16:38:00","5.15","13777.0","United Kingdom","EMEA"
"539933","22633","HAND WARMER UNION JACK","8","2011-04-04 16:38:00","1.89","13777.0","United Kingdom","EMEA"
"539933","47566","PARTY BUNTING","9","2011-04-04 16:38:00","5.41","13777.0","United Kingdom","EMEA"
"539934","71053","WHITE METAL LANTERN","11","2011-03-12 16:09:00","3.86","12583.0","France","EMEA"
"539934","85123A","WHITE HANGING HEART T-LIGHT HOLDER","3","2011-03-12 16:09:00","2.52","12583.0","France","EMEA"
"539934","22752","SET 7 BABUSHKA NESTING BOXES","3","2011-03-12 16:09:00","7.67","12583.0","France","EMEA"
"539935","20685","DOORMAT RED RETROSPOT","12","2011-04-26 09:29:00","7.56","14606.0","USA","AMER"
"539935","47566","PARTY BUNTING","4","2011-04-26 09:29:00","4.93","14606.0","USA","AMER"
"539935","84406B","CREAM CUPID HEARTS COAT HANGER","6","2011-04-26 09:29:00","2.92","14606.0","USA","AMER"
"539936","22752","SET 7 BABUSHKA NESTING BOXES","1","2011-04-08 09:32:00","7.79","13777.0","Australia","APAC"
"539937","84406B","CREAM CUPID HEARTS COAT HANGER","1","2011-04-14 15:14:00","2.78","13777.0","Canada","AMER"
"539938","20685","DOORMAT RED RETROSPOT","9","2011-04-23 12:37:00","7.25","13047.0","Australia","APAC"
"539939","84029E","RED WOOLLY HOTTIE WHITE HEART","6","2011-04-15 12:49:00","3.57","15291.0","Australia","APAC"
"539940","20685","DOORMAT RED RETROSPOT","5","2011-03-28 11:07:00","7.05","13777.0","Belgium","EMEA"
"539940","84029G","KNITTED UNION FLAG HOT WATER BOTTLE","11","2011-03-28 11:07:00","3.35","13777.0","Belgium","EMEA"
"539940","47566","PARTY BUNTING","3","2011-03-28 11:07:00","5.22","13777.0","Belgium","EMEA"
"539941","84029E","RED WOOLLY HOTTIE WHITE HEART","12","2011-04-16 11:37:00","3.59","12583.0","France","EMEA"
"539942","22752","SET 7 BABUSHKA NESTING BOXES","1","2011-04-22 08:03:00","8.1","17850.0","USA","AMER"
"539942","21730","GLASS STAR FROSTED T-LIGHT HOLDER","8","2011-04-22 08:03:00","4.22","17850.0","USA","AMER"
"539942","21730","GLASS STAR FROSTED T-LIGHT HOLDER","11","2011-04-22 08:03:00","4.39","17850.0","USA","AMER"
"539943","85099B","JUMBO BAG RED RETROSPOT","1","2011-03-28 16:33:00","2.03","17809.0","USA","AMER"
"539943","85123A","WHITE HANGING HEART T-LIGHT HOLDER","10","2011-03-28 16:33:00","2.83","17809.0","USA","AMER"
"539944","22632","HAND WARMER RED POLKA DOT","11","2011-04-19 11:16:00","1.86","13777.0","Canada","AMER"
"539944","85123A","WHITE HANGING HEART T-LIGHT HOLDER","5","2011-04-19 11:16:00","2.67","13777.0","Canada","AMER"
"539944","22752","SET 7 BABUSHKA NESTING BOXES","8","2011-04-19 11:16:00","7.68","13777.0","Canada","AMER"
"539945","21730","GLASS STAR FROSTED T-LIGHT HOLDER","3","2011-03-13 08:22:00","4.56","14096.0","Belgium","EMEA"
"539945","20685","DOORMAT RED RETROSPOT","10","2011-03-13 08:22:00","7.25","14096.0","Belgium","EMEA"
"539945","84406B","CREAM CUPID HEARTS COAT HANGER","4","2011-03-13 08:22:00","2.94","14096.0","Belgium","EMEA"
"539946","85099B","JUMBO BAG RED RETROSPOT","9","2011-03-20 10:42:00","1.86","14606.0","Germany","EMEA"
"539946","22752","SET 7 BABUSHKA NESTING BOXES","9","2011-03-20 10:42:00","8.09","14606.0","Germany","EMEA"
"539946","71053","WHITE METAL LANTERN","11","2011-03-20 10:42:00","3.75","14606.0","Germany","EMEA"
"539947","71053","WHITE METAL LANTERN","4","2011-03-25 08:39:00","3.41","16029.0","Spain","EMEA"
"539948","84406B","CREAM CUPID HEARTS COAT HANGER","10","2011-04-26 14:47:00","2.74","12583.0","Australia","APAC"
"539948","22633","HAND WARMER UNION JACK","6","2011-04-26 14:47:00","1.78","12583.0","Australia","APAC"
"539949","20685","DOORMAT RED RETROSPOT","9","2011-04-20 10:57:00","7.06","15311.0","Netherlands","EMEA"
"539949","84029E","RED WOOLLY HOTTIE WHITE HEART","9","2011-04-20 10:57:00","3.51","15311.0","Netherlands","EMEA"
"539950","21730","GLASS STAR FROSTED T-LIGHT HOLDER","10","2011-03-09 13:29:00","4.5","17850.0","USA","AMER"
"539950","22632","HAND WARMER RED POLKA DOT","6","2011-03-09 13:29:00","2.06","17850.0","USA","AMER"
"539950","84029G","KNITTED UNION FLAG HOT WATER BOTTLE","10","2011-03-09 13:29:00","3.87","17850.0","USA","AMER"
"539951","47566","PARTY BUNTING","7","2011-04-18 08:34:00","5.11","13047.0","Netherlands","EMEA"
"539952","85099B","JUMBO BAG RED RETROSPOT","6","2011-04-04 16:20:00","2.09","12583.0","Australia","APAC"
"539953","47566","PARTY BUNTING","5","2011-04-11 13:14:00","5.06","17809.0","Canada","AMER"
"539953","84029E","RED WOOLLY HOTTIE WHITE HEART","6","2011-04-11 13:14:00","3.39","17809.0","Canada","AMER"
"539953","22632","HAND WARMER RED POLKA DOT","12","2011-04-11 13:14:00","1.97","17809.0","Canada","AMER"
"539954","20685","DOORMAT RED RETROSPOT","2","2011-04-25 09:04:00","7.01","14096.0","Spain","EMEA"
"539955","47566","PARTY BUNTING","12","2011-04-08 15:47:00","5.28","17809.0","Netherlands","EMEA"
"539955","84406B","CREAM CUPID HEARTS COAT HANGER","3","2011-04-08 15:47:00","3.2","17809.0","Netherlands","EMEA"
"539955","20685","DOORMAT RED RETROSPOT","4","2011-04-08 15:47:00","7.45","17809.0","Netherlands","EMEA"
"539956","20685","DOORMAT RED RETROSPOT","3","2011-03-20 10:26:00","7.28","12583.0","EIRE","EMEA"
"539957","22752","SET 7 BABUSHKA NESTING BOXES","2","2011-04-17 11:24:00","7.92","16029.0","USA","AMER"
"539957","21730","GLASS STAR FROSTED T-LIGHT HOLDER","6","2011-04-17 11:24:00","4.58","16029.0","USA","AMER"
"539957","22752","SET 7 BABUSHKA NESTING BOXES","12","2011-04-17 11:24:00","8.0","16029.0","USA","AMER"
"539958","47566","PARTY BUNTING","8","2011-03-26 14:07:00","4.97","17809.0","EIRE","EMEA"
"539959","22633","HAND WARMER UNION JACK","7","2011-04-21 12:04:00","2.14","14096.0","Canada","AMER"
"539959","20685","DOORMAT RED RETROSPOT","11","2011-04-21 12:04:00","7.18","14096.0","Canada","AMER"
"539959","85123A","WHITE HANGING HEART T-LIGHT HOLDER","8","2011-04-21 12:04:00","2.72","14096.0","Canada","AMER"
"539960","85123A","WHITE HANGING HEART T-LIGHT HOLDER","4","2011-03-07 10:00:00","2.53","16029.0","Spain","EMEA"
"539960","22632","HAND WARMER RED POLKA DOT","11","2011-03-07 10:00:00","1.98","16029.0","Spain","EMEA"
"539960","84029G","KNITTED UNION FLAG HOT WATER BOTTLE","8","2011-03-07 10:00:00","3.31","16029.0","Spain","EMEA"
"539961","85123A","WHITE HANGING HEART T-LIGHT HOLDER","10","2011-04-15 16:30:00","2.49","16029.0","Belgium","EMEA"
"539962","22633","HAND WARMER UNION JACK","4","2011-04-14 15:07:00","2.08","14096.0","Belgium","EMEA"
"539963","84029G","KNITTED UNION FLAG HOT WATER BOTTLE","1","2011-04-08 15:06:00","3.76","13777.0","EIRE","EMEA"
"539964","84029G","KNITTED UNION FLAG HOT WATER BOTTLE","4","2011-04-12 13:05:00","3.38","13047.0","Australia","APAC"
"539965","85099B","JUMBO BAG RED RETROSPOT","4","2011-04-04 15:58:00","2.02","13047.0","United Kingdom","EMEA"
"539965","84029G","KNITTED UNION FLAG HOT WATER BOTTLE","8","2011-04-04 15:58:00","3.52","13047.0","United Kingdom","EMEA"
"539965","84406B","CREAM CUPID HEARTS COAT HANGER","8","2011-04-04 15:58:00","3.11","13047.0","United Kingdom","EMEA"
"539966","85123A","WHITE HANGING HEART T-LIGHT HOLDER","3","2011-04-17 14:03:00","2.51","15291.0","United Kingdom","EMEA"
"539967","85099B","JUMBO BAG RED RETROSPOT","5","2011-04-22 09:25:00","2.14","14606.0","France","EMEA"
"539968","22632","HAND WARMER RED POLKA DOT","9","2011-04-30 14:55:00","1.84","16029.0","Australia","APAC"
"539968","22632","HAND WARMER RED POLKA DOT","10","2011-04-30 14:55:00","1.89","16029.0","Australia","APAC"
"539968","84029G","KNITTED UNION FLAG HOT WATER BOTTLE","11","2011-04-30 14:55:00","3.34","16029.0","Australia","APAC"
"539969","22632","HAND WARMER RED POLKA DOT","8","2011-04-15 12:43:00","2.18","15291.0","Spain","EMEA"
"539969","71053","WHITE METAL LANTERN","6","2011-04-15 12:43:00","3.38","15291.0","Spain","EMEA"
"539969","85123A","WHITE HANGING HEART T-LIGHT HOLDER","4","2011-04-15 12:43:00","2.51","15291.0","Spain","EMEA"
"539970","22632","HAND WARMER RED POLKA DOT","1","2011-03-20 16:47:00","2.23","17809.0","Australia","APAC"
"539970","71053","WHITE METAL LANTERN","8","2011-03-20 16:47:00","3.47","17809.0","Australia","APAC"
"539971","21730","GLASS STAR FROSTED T-LIGHT HOLDER","10","2011-04-17 14:50:00","4.32","15311.0","USA","AMER"
"539972","47566","PARTY BUNTING","10","2011-04-28 12:17:00","5.17","15311.0","USA","AMER"
"539973","84029G","KNITTED UNION FLAG HOT WATER BOTTLE","12","2011-03-10 13:23:00","3.54","13777.0","Spain","EMEA"
"539973","85099B","JUMBO BAG RED RETROSPOT","12","2011-03-10 13:23:00","2.03","13777.0","Spain","EMEA"
"539974","22752","SET 7 BABUSHKA NESTING BOXES","10","2011-03-26 08:54:00","8.0","17809.0","Netherlands","EMEA"
"539974","84029G","KNITTED UNION FLAG HOT WATER BOTTLE","4","2011-03-26 08:54:00","3.6","17809.0","Netherlands","EMEA"
"539974","47566","PARTY BUNTING","12","2011-03-26 08:54:00","4.93","17809.0","Netherlands","EMEA"
"539975","85099B","JUMBO BAG RED RETROSPOT","1","2011-03-08 11:45:00","1.8","16029.0","Belgium","EMEA"
"539976","22632","HAND WARMER RED POLKA DOT","6","2011-04-08 10:58:00","1.77","12583.0","Germany","EMEA"
"539977","85123A","WHITE HANGING HEART T-LIGHT HOLDER","8","2011-04-27 13:39:00","2.9","15311.0","Germany","EMEA"
"539977","21730","GLASS STAR FROSTED T-LIGHT HOLDER","8","2011-04-27 13:39:00","4.2","15311.0","Germany","EMEA"
"539978","20685","DOORMAT RED RETROSPOT","12","2011-04-25 13:50:00","7.44","12583.0","Netherlands","EMEA"
"539979","85123A","WHITE HANGING HEART T-LIGHT HOLDER","1","2011-03-08 15:58:00","2.75","12583.0","Belgium","EMEA"
"539979","22632","HAND WARMER RED POLKA DOT","2","2011-03-08 15:58:00","1.87","12583.0","Belgium","EMEA"
"539979","84406B","CREAM CUPID HEARTS COAT HANGER","10","2011-03-08 15:58:00","3.0","12583.0","Belgium","EMEA"
"539980","22632","HAND WARMER RED POLKA DOT","12","2011-04-23 09:49:00","1.86","13047.0","Germany","EMEA"
"539981","22752","SET 7 BABUSHKA NESTING BOXES","11","2011-04-04 12:03:00","8.13","16029.0","Australia","APAC"
"539981","84406B","CREAM CUPID HEARTS COAT HANGER","8","2011-04-04 12:03:00","2.79","16029.0","Australia","APAC"
"539981","22752","SET 7 BABUSHKA NESTING BOXES","10","2011-04-04 12:03:00","7.92","16029.0","Australia","APAC"
"539982","22632","HAND WARMER RED POLKA DOT","12","2011-04-15 16:37:00","2.19","17809.0","Belgium","EMEA"
"539982","20685","DOORMAT RED RETROSPOT","10","2011-04-15 16:37:00","7.54","17809.0","Belgium","EMEA"
"539982","84406B","CREAM CUPID HEARTS COAT HANGER","11","2011-04-15 16:37:00","2.68","17809.0","Belgium","EMEA"
"539983","22752","SET 7 BABUSHKA NESTING BOXES","1","2011-03-18 13:51:00","8.1","12583.0","USA","AMER"
"539983","85099B","JUMBO BAG RED RETROSPOT","2","2011-03-18 13:51:00","1.81","12583.0","USA","AMER"
"539984","22752","SET 7 BABUSHKA NESTING BOXES","10","2011-04-30 11:13:00","8.0","13777.0","United Kingdom","EMEA"
"539985","84406B","CREAM CUPID HEARTS COAT HANGER","12","2011-04-28 13:04:00","3.09","13777.0","Netherlands","EMEA"
"539985","20685","DOORMAT RED RETROSPOT","6","2011-04-28 13:04:00","7.47","13777.0","Netherlands","EMEA"
"539985","22633","HAND WARMER UNION JACK","7","2011-04-28 13:04:00","2.14","13777.0","Netherlands","EMEA"
"539986","85099B","JUMBO BAG RED RETROSPOT","5","2011-03-10 16:09:00","2.07","15291.0","Spain","EMEA"
"539986","85123A","WHITE HANGING HEART T-LIGHT HOLDER","12","2011-03-10 16:09:00","2.61","15291.0","Spain","EMEA"
"539986","84406B","CREAM CUPID HEARTS COAT HANGER","1","2011-03-10 16:09:00","3.05","15291.0","Spain","EMEA"
"539987","84029G","KNITTED UNION FLAG HOT WATER BOTTLE","4","2011-04-17 13:26:00","3.64","13047.0","United Kingdom","EMEA"
"539988","85099B","JUMBO BAG RED RETROSPOT","5","2011-03-23 15:24:00","1.72","13777.0","United Kingdom","EMEA"
"539988","84029G","KNITTED UNION FLAG HOT WATER BOTTLE","11","2011-03-23 15:24:00","3.39","13777.0","United Kingdom","EMEA"
"539988","47566","PARTY BUNTING","4","2011-03-23 15:24:00","4.96","13777.0","United Kingdom","EMEA"
"539989","22632","HAND WARMER RED POLKA DOT","10","2011-03-11 11:09:00","1.9","14606.0","Australia","APAC"
"539989","20685","DOORMAT RED RETROSPOT","1","2011-03-11 11:09:00","7.17","14606.0","Australia","APAC"
"539989","22632","HAND WARMER RED POLKA DOT","9","2011-03-11 11:09:00","1.78","14606.0","Australia","APAC"
"539990","22633","HAND WARMER UNION JACK","3","2011-03-03 14:12:00","1.8","14606.0","Spain","EMEA"
"539990","85099B","JUMBO BAG RED RETROSPOT","4","2011-03-03 14:12:00","1.81","14606.0","Spain","EMEA"
"539990","20685","DOORMAT RED RETROSPOT","12","2011-03-03 14:12:00","7.41","14606.0","Spain","EMEA"
"539991","84406B","CREAM CUPID HEARTS COAT HANGER","5","2011-03-12 16:10:00","3.0","16029.0","Netherlands","EMEA"
"539991","84029G","KNITTED UNION FLAG HOT WATER BOTTLE","9","2011-03-12 16:10:00","3.39","16029.0","Netherlands","EMEA"
"539991","21730","GLASS STAR FROSTED T-LIGHT HOLDER","10","2011-03-12 16:10:00","4.41","16029.0","Netherlands","EMEA"
"539992","22752","SET 7 BABUSHKA NESTING BOXES","6","2011-03-06 15:56:00","7.95","16029.0","Canada","AMER"
"539992","71053","WHITE METAL LANTERN","4","2011-03-06 15:56:00","3.42","16029.0","Canada","AMER"
"539993","85099B","JUMBO BAG RED RETROSPOT","4","2011-04-13 09:04:00","1.57","17809.0","Germany","EMEA"
"539993","71053","WHITE METAL LANTERN","1","2011-04-13 09:04:00","3.85","17809.0","Germany","EMEA"
"539993","22752","SET 7 BABUSHKA NESTING BOXES","9","2011-04-13 09:04:00","7.93","17809.0","Germany","EMEA"
"539994","84029E","RED WOOLLY HOTTIE WHITE HEART","4","2011-03-07 12:51:00","3.47","13047.0","Canada","AMER"
"539994","85099B","JUMBO BAG RED RETROSPOT","12","2011-03-07 12:51:00","2.13","13047.0","Canada","AMER"
"539994","84029E","RED WOOLLY HOTTIE WHITE HEART","10","2011-03-07 12:51:00","3.69","13047.0","Canada","AMER"
"539995","22752","SET 7 BABUSHKA NESTING BOXES","5","2011-03-08 11:57:00","8.04","14096.0","Netherlands","EMEA"
"539996","22632","HAND WARMER RED POLKA DOT","8","2011-03-02 15:12:00","1.95","16029.0","EIRE","EMEA"
"539996","22752","SET 7 BABUSHKA NESTING BOXES","11","2011-03-02 15:12:00","7.8","16029.0","EIRE","EMEA"
"539997","84029E","RED WOOLLY HOTTIE WHITE HEART","11","2011-04-20 10:38:00","3.67","13047.0","Germany","EMEA"
"539997","47566","PARTY BUNTING","1","2011-04-20 10:38:00","5.03","13047.0","Germany","EMEA"
"539997","85123A","WHITE HANGING HEART T-LIGHT HOLDER","2","2011-04-20 10:38:00","2.54","13047.0","Germany","EMEA"
"539998","85123A","WHITE HANGING HEART T-LIGHT HOLDER","3","2011-04-09 15:22:00","2.76","13047.0","Spain","EMEA"
"539999","22633","HAND WARMER UNION JACK","5","2011-03-16 16:04:00","1.96","15311.0","Australia","APAC"
"539999","47566","PARTY BUNTING","9","2011-03-16 16:04:00","5.45","15311.0","Australia","APAC"
"539999","22752","SET 7 BABUSHKA NESTING BOXES","7","2011-03-16 16:04:00","7.66","15311.0","Australia","APAC"
"540000","22633","HAND WARMER UNION JACK","9","2011-03-31 15:42:00","2.21","13777.0","Netherlands","EMEA"
"540000","84029G","KNITTED UNION FLAG HOT WATER BOTTLE","3","2011-03-31 15:42:00","3.33","13777.0","Netherlands","EMEA"
"540001","20685","DOORMAT RED RETROSPOT","8","2011-03-29 11:13:00","7.07","14096.0","USA","AMER"
"540001","22752","SET 7 BABUSHKA NESTING BOXES","7","2011-03-29 11:13:00","7.96","14096.0","USA","AMER"
"540001","84029G","KNITTED UNION FLAG HOT WATER BOTTLE","8","2011-03-29 11:13:00","3.39","14096.0","USA","AMER"
"540002","21730","GLASS STAR FROSTED T-LIGHT HOLDER","6","2011-03-21 09:51:00","4.36","14606.0","United Kingdom","EMEA"
"540003","22632","HAND WARMER RED POLKA DOT","12","2011-03-05 15:43:00","1.84","17809.0","Germany","EMEA"
"540003","84029G","KNITTED UNION FLAG HOT WATER BOTTLE","4","2011-03-05 15:43:00","3.7","17809.0","Germany","EMEA"
"540003","22752","SET 7 BABUSHKA NESTING BOXES","1","2011-03-05 15:43:00","7.66","17809.0","Germany","EMEA"
"540004","47566","PARTY BUNTING","10","2011-04-01 10:05:00","5.16","13047.0","France","EMEA"
"540004","47566","PARTY BUNTING","9","2011-04-01 10:05:00","4.93","13047.0","France","EMEA"
"540005","22632","HAND WARMER RED POLKA DOT","3","2011-03-10 12:08:00","1.87","12583.0","Australia","APAC"
"540005","84029E","RED WOOLLY HOTTIE WHITE HEART","5","2011-03-10 12:08:00","3.73","12583.0","Australia","APAC"
"540005","84406B","CREAM CUPID HEARTS COAT HANGER","10","2011-03-10 12:08:00","3.06","12583.0","Australia","APAC"
"540006","84406B","CREAM CUPID HEARTS COAT HANGER","6","2011-03-10 11:01:00","2.78","12583.0","Germany","EMEA"
"540006","85123A","WHITE HANGING HEART T-LIGHT HOLDER","1","2011-03-10 11:01:00","2.93","12583.0","Germany","EMEA"
"540007","22632","HAND WARMER RED POLKA DOT","11","2011-04-21 10:18:00","2.35","15311.0","France","EMEA"
"540007","84029E","RED WOOLLY HOTTIE WHITE HEART","5","2011-04-21 10:18:00","3.46","15311.0","France","EMEA"
"540008","84029E","RED WOOLLY HOTTIE WHITE HEART","11","2011-04-12 15:55:00","3.62","15311.0","Germany","EMEA"
"540008","22633","HAND WARMER UNION JACK","1","2011-04-12 15:55:00","1.96","15311.0","Germany","EMEA"
"540009","20685","DOORMAT RED RETROSPOT","3","2011-03-03 13:29:00","7.5","17850.0","USA","AMER"
"540009","84406B","CREAM CUPID HEARTS COAT HANGER","10","2011-03-03 13:29:00","3.04","17850.0","USA","AMER"
"540010","20685","DOORMAT RED RETROSPOT","10","2011-03-15 08:36:00","7.29","16029.0","Spain","EMEA"
"540010","84406B","CREAM CUPID HEARTS COAT HANGER","4","2011-03-15 08:36:00","2.77","16029.0","Spain","EMEA"
"540011","85099B","JUMBO BAG RED RETROSPOT","3","2011-03-23 11:58:00","1.86","13047.0","France","EMEA"
"540011","84406B","CREAM CUPID HEARTS COAT HANGER","4","2011-03-23 11:58:00","2.8","13047.0","France","EMEA"
"540011","85123A","WHITE HANGING HEART T-LIGHT HOLDER","2","2011-03-23 11:58:00","2.75","13047.0","France","EMEA"
"540012","84029E","RED WOOLLY HOTTIE WHITE HEART","6","2011-03-11 14:40:00","3.89","14096.0","Germany","EMEA"
"540012","85123A","WHITE HANGING HEART T-LIGHT HOLDER","10","2011-03-11 14:40:00","2.76","14096.0","Germany","EMEA"
"540012","22633","HAND WARMER UNION JACK","9","2011-03-11 14:40:00","2.01","14096.0","Germany","EMEA"
"540013","22633","HAND WARMER UNION JACK","11","2011-03-15 16:19:00","2.25","13047.0","Germany","EMEA"
"540013","84029E","RED WOOLLY HOTTIE WHITE HEART","1","2011-03-15 16:19:00","3.4","13047.0","Germany","EMEA"
"540013","84406B","CREAM CUPID HEARTS COAT HANGER","8","2011-03-15 16:19:00","2.81","13047.0","Germany","EMEA"
"540014","20685","DOORMAT RED RETROSPOT","12","2011-04-13 08:53:00","7.12","17850.0","EIRE","EMEA"
"540014","85099B","JUMBO BAG RED RETROSPOT","3","2011-04-13 08:53:00","2.03","17850.0","EIRE","EMEA"
"540014","47566","PARTY BUNTING","12","2011-04-13 08:53:00","5.38","17850.0","EIRE","EMEA"
"540015","22752","SET 7 BABUSHKA NESTING BOXES","12","2011-04-11 11:05:00","8.03","14096.0","EIRE","EMEA"
"540015","22633","HAND WARMER UNION JACK","11","2011-04-11 11:05:00","2.29","14096.0","EIRE","EMEA"
"540016","22633","HAND WARMER UNION JACK","8","2011-04-05 16:21:00","1.83","15311.0","United Kingdom","EMEA"
"540016","21730","GLASS STAR FROSTED T-LIGHT HOLDER","1","2011-04-05 16:21:00","4.61","15311.0","United Kingdom","EMEA"
"540017","84029G","KNITTED UNION FLAG HOT WATER BOTTLE","6","2011-04-25 08:27:00","3.64","14096.0","EIRE","EMEA"
"540018","85099B","JUMBO BAG RED RETROSPOT","1","2011-03-02 14:28:00","1.63","16029.0","Canada","AMER"
"540018","20685","DOORMAT RED RETROSPOT","2","2011-03-02 14:28:00","7.51","16029.0","Canada","AMER"
"540018","22752","SET 7 BABUSHKA NESTING BOXES","1","2011-03-02 14:28:00","8.08","16029.0","Canada","AMER"
"540019","71053","WHITE METAL LANTERN","7","2011-03-16 13:08:00","3.89","17809.0","United Kingdom","EMEA"
"540020","84406B","CREAM CUPID HEARTS COAT HANGER","2","2011-03-27 13:08:00","3.13","16029.0","France","EMEA"
"540021","71053","WHITE METAL LANTERN","4","2011-03-20 12:30:00","3.88","14096.0","USA","AMER"
"540021","84029E","RED WOOLLY HOTTIE WHITE HEART","2","2011-03-20 12:30:00","3.6","14096.0","USA","AMER"
"540021","84406B","CREAM CUPID HEARTS COAT HANGER","10","2011-03-20 12:30:00","2.71","14096.0","USA","AMER"
"540022","84406B","CREAM CUPID HEARTS COAT HANGER","6","2011-03-26 08:24:00","3.16","15291.0","Belgium","EMEA"
"540022","21730","GLASS STAR FROSTED T-LIGHT HOLDER","12","2011-03-26 08:24:00","4.19","15291.0","Belgium","EMEA"
"540022","84029G","KNITTED UNION FLAG HOT WATER BOTTLE","11","2011-03-26 08:24:00","3.6","15291.0","Belgium","EMEA"
"540023","21730","GLASS STAR FROSTED T-LIGHT HOLDER","8","2011-03-29 16:51:00","4.65","15291.0","Spain","EMEA"
"540023","22633","HAND WARMER UNION JACK","2","2011-03-29 16:51:00","1.79","15291.0","Spain","EMEA"
"540023","47566","PARTY BUNTING","1","2011-03-29 16:51:00","5.26","15291.0","Spain","EMEA"
"540024","21730","GLASS STAR FROSTED T-LIGHT HOLDER","3","2011-03-01 15:40:00","4.37","12583.0","EIRE","EMEA"
"540025","84406B","CREAM CUPID HEARTS COAT HANGER","9","2011-03-25 13:27:00","2.84","13047.0","EIRE","EMEA"
"540025","85099B","JUMBO BAG RED RETROSPOT","12","2011-03-25 13:27:00","1.6","13047.0","EIRE","EMEA"
"540026","84406B","CREAM CUPID HEARTS COAT HANGER","1","2011-03-23 16:41:00","3.02","13047.0","Canada","AMER"
"540026","85123A","WHITE HANGING HEART T-LIGHT HOLDER","1","2011-03-23 16:41:00","2.59","13047.0","Canada","AMER"
"540027","85123A","WHITE HANGING HEART T-LIGHT HOLDER","11","2011-04-20 13:34:00","2.78","13777.0","Belgium","EMEA"
"540027","22633","HAND WARMER UNION JACK","4","2011-04-20 13:34:00","1.88","13777.0","Belgium","EMEA"
"540028","85099B","JUMBO BAG RED RETROSPOT","11","2011-04-19 15:49:00","2.09","16029.0","Canada","AMER"
"540028","20685","DOORMAT RED RETROSPOT","4","2011-04-19 15:49:00","7.02","16029.0","Canada","AMER"
"540029","22752","SET 7 BABUSHKA NESTING BOXES","8","2011-04-16 11:25:00","7.72","16029.0","USA","AMER"
"540029","22632","HAND WARMER RED POLKA DOT","6","2011-04-16 11:25:00","2.06","16029.0","USA","AMER"
"540030","84029G","KNITTED UNION FLAG HOT WATER BOTTLE","11","2011-04-26 15:44:00","3.4","15291.0","Netherlands","EMEA"
"540030","22633","HAND WARMER UNION JACK","5","2011-04-26 15:44:00","2.28","15291.0","Netherlands","EMEA"
"540030","84029G","KNITTED UNION FLAG HOT WATER BOTTLE","4","2011-04-26 15:44:00","3.61","15291.0","Netherlands","EMEA"
"540031","84029E","RED WOOLLY HOTTIE WHITE HEART","3","2011-03-17 09:48:00","3.65","15311.0","France","EMEA"
"540031","47566","PARTY BUNTING","10","2011-03-17 09:48:00","5.25","15311.0","France","EMEA"
"540032","22632","HAND WARMER RED POLKA DOT","12","2011-04-15 14:46:00","2.0","16029.0","Germany","EMEA"
"540033","21730","GLASS STAR FROSTED T-LIGHT HOLDER","5","2011-04-01 13:38:00","4.45","15311.0","Germany","EMEA"
"540034","22633","HAND WARMER UNION JACK","11","2011-03-25 15:38:00","1.85","17850.0","France","EMEA"
"540034","22632","HAND WARMER RED POLKA DOT","5","2011-03-25 15:38:00","1.84","17850.0","France","EMEA"
"540035","84029E","RED WOOLLY HOTTIE WHITE HEART","10","2011-03-26 13:43:00","3.86","12583.0","USA","AMER"
"540036","22632","HAND WARMER RED POLKA DOT","1","2011-04-27 11:58:00","1.81","17850.0","Germany","EMEA"
"540037","84029E","RED WOOLLY HOTTIE WHITE HEART","7","2011-04-27 12:40:00","3.74","12583.0","Canada","AMER"
"540038","47566","PARTY BUNTING","10","2011-04-06 15:14:00","5.05","12583.0","United Kingdom","EMEA"
"540039","84029G","KNITTED UNION FLAG HOT WATER BOTTLE","4","2011-04-17 12:02:00","3.77","13777.0","France","EMEA"
"540039","84406B","CREAM CUPID HEARTS COAT HANGER","2","2011-04-17 12:02:00","2.79","13777.0","France","EMEA"
"540039","22632","HAND WARMER RED POLKA DOT","4","2011-04-17 12:02:00","2.25","13777.0","France","EMEA"
"540040","85123A","WHITE HANGING HEART T-LIGHT HOLDER","1","2011-04-14 16:16:00","2.9","14096.0","United Kingdom","EMEA"
"540040","71053","WHITE METAL LANTERN","6","2011-04-14 16:16:00","3.52","14096.0","United Kingdom","EMEA"
"540040","47566","PARTY BUNTING","4","2011-04-14 16:16:00","5.07","14096.0","United Kingdom","EMEA"
"540041","47566","PARTY BUNTING","3","2011-04-08 12:52:00","5.29","15311.0","United Kingdom","EMEA"
"540042","85123A","WHITE HANGING HEART T-LIGHT HOLDER","4","2011-04-25 11:41:00","2.93","15311.0","Germany","EMEA"
"540042","84029E","RED WOOLLY HOTTIE WHITE HEART","3","2011-04-25 11:41:00","3.39","15311.0","Germany","EMEA"
"540042","47566","PARTY BUNTING","10","2011-04-25 11:41:00","5.05","15311.0","Germany","EMEA"
"540043","84406B","CREAM CUPID HEARTS COAT HANGER","6","2011-04-22 12:14:00","3.21","12583.0","USA","AMER"
"540044","22632","HAND WARMER RED POLKA DOT","5","2011-04-15 12:44:00","2.0","17850.0","Netherlands","EMEA"
"540044","85099B","JUMBO BAG RED RETROSPOT","5","2011-04-15 12:44:00","2.03","17850.0","Netherlands","EMEA"
"540045","84029G","KNITTED UNION FLAG HOT WATER BOTTLE","7","2011-04-07 08:13:00","3.8","14096.0","Netherlands","EMEA"
"540045","84029E","RED WOOLLY HOTTIE WHITE HEART","6","2011-04-07 08:13:00","3.44","14096.0","Netherlands","EMEA"
"540046","22633","HAND WARMER UNION JACK","10","2011-03-20 11:19:00","2.04","13777.0","Netherlands","EMEA"
"540046","21730","GLASS STAR FROSTED T-LIGHT HOLDER","5","2011-03-20 11:19:00","4.53","13777.0","Netherlands","EMEA"
"540046","84406B","CREAM CUPID HEARTS COAT HANGER","8","2011-03-20 11:19:00","2.77","13777.0","Netherlands","EMEA"
"540047","84029E","RED WOOLLY HOTTIE WHITE HEART","4","2011-04-08 14:03:00","3.39","16029.0","Canada","AMER"
"540048","71053","WHITE METAL LANTERN","8","2011-04-20 09:09:00","3.72","13047.0","Belgium","EMEA"
"540048","84029E","RED WOOLLY HOTTIE WHITE HEART","4","2011-04-20 09:09:00","3.57","13047.0","Belgium","EMEA"
"540048","21730","GLASS STAR FROSTED T-LIGHT HOLDER","6","2011-04-20 09:09:00","4.17","13047.0","Belgium","EMEA"
"540049","84406B","CREAM CUPID HEARTS COAT HANGER","5","2011-03-13 15:59:00","3.25","15311.0","Spain","EMEA"
"540049","85099B","JUMBO BAG RED RETROSPOT","8","2011-03-13 15:59:00","1.73","15311.0","Spain","EMEA"
"540049","85123A","WHITE HANGING HEART T-LIGHT HOLDER","10","2011-03-13 15:59:00","2.95","15311.0","Spain","EMEA"
"540050","22632","HAND WARMER RED POLKA DOT","2","2011-03-31 14:38:00","2.31","12583.0","USA","AMER"
"540050","85099B","JUMBO BAG RED RETROSPOT","2","2011-03-31 14:38:00","1.94","12583.0","USA","AMER"
"540051","84029G","KNITTED UNION FLAG HOT WATER BOTTLE","8","2011-04-11 15:16:00","3.48","17850.0","France","EMEA"
"540051","71053","WHITE METAL LANTERN","11","2011-04-11 15:16:00","3.57","17850.0","France","EMEA"
"540052","71053","WHITE METAL LANTERN","1","2011-03-20 10:23:00","3.71","15291.0","Australia","APAC"
"540052","71053","WHITE METAL LANTERN","7","2011-03-20 10:23:00","3.49","15291.0","Australia","APAC"
"540053","71053","WHITE METAL LANTERN","10","2011-04-05 15:04:00","3.53","13777.0","USA","AMER"
"540053","22633","HAND WARMER UNION JACK","5","2011-04-05 15:04:00","2.15","13777.0","USA","AMER"
"540053","22633","HAND WARMER UNION JACK","6","2011-04-05 15:04:00","2.25","13777.0","USA","AMER"
"540054","22633","HAND WARMER UNION JACK","1","2011-04-12 15:39:00","2.01","12583.0","Belgium","EMEA"
"540055","71053","WHITE METAL LANTERN","6","2011-04-08 13:22:00","3.76","16029.0","Canada","AMER"
"540055","85123A","WHITE HANGING HEART T-LIGHT HOLDER","4","2011-04-08 13:22:00","2.93","16029.0","Canada","AMER"
"540056","84029E","RED WOOLLY HOTTIE WHITE HEART","8","2011-03-10 14:09:00","3.49","16029.0","USA","AMER"
"540057","22632","HAND WARMER RED POLKA DOT","10","2011-04-05 08:10:00","1.93","14096.0","Belgium","EMEA"
"540057","71053","WHITE METAL LANTERN","12","2011-04-05 08:10:00","3.46","14096.0","Belgium","EMEA"
"540058","71053","WHITE METAL LANTERN","12","2011-03-24 09:55:00","3.58","14606.0","Netherlands","EMEA"
"540058","22752","SET 7 BABUSHKA NESTING BOXES","6","2011-03-24 09:55:00","8.02","14606.0","Netherlands","EMEA"
"540059","71053","WHITE METAL LANTERN","6","2011-04-06 16:09:00","3.55","15311.0","USA","AMER"
"540059","47566","PARTY BUNTING","6","2011-04-06 16:09:00","5.23","15311.0","USA","AMER"
"540060","22633","HAND WARMER UNION JACK","3","2011-04-15 13:25:00","1.88","12583.0","Belgium","EMEA"
"540060","85123A","WHITE HANGING HEART T-LIGHT HOLDER","9","2011-04-15 13:25:00","2.65","12583.0","Belgium","EMEA"
"540061","84029E","RED WOOLLY HOTTIE WHITE HEART","5","2011-04-16 14:49:00","3.64","15311.0","Spain","EMEA"
"540061","22633","HAND WARMER UNION JACK","5","2011-04-16 14:49:00","2.34","15311.0","Spain","EMEA"
"540062","22633","HAND WARMER UNION JACK","12","2011-04-14 16:32:00","2.29","17850.0","Canada","AMER"
"540062","20685","DOORMAT RED RETROSPOT","7","2011-04-14 16:32:00","7.3","17850.0","Canada","AMER"
"540063","47566","PARTY BUNTING","8","2011-04-23 09:27:00","4.92","14606.0","USA","AMER"
"540064","22632","HAND WARMER RED POLKA DOT","10","2011-04-17 10:57:00","1.93","14096.0","Australia","APAC"
"540064","85123A","WHITE HANGING HEART T-LIGHT HOLDER","7","2011-04-17 10:57:00","2.9","14096.0","Australia","APAC"
"540065","22632","HAND WARMER RED POLKA DOT","7","2011-04-16 09:51:00","1.83","17809.0","EIRE","EMEA"
"540065","21730","GLASS STAR FROSTED T-LIGHT HOLDER","5","2011-04-16 09:51:00","4.43","17809.0","EIRE","EMEA"
"540065","22633","HAND WARMER UNION JACK","9","2011-04-16 09:51:00","2.31","17809.0","EIRE","EMEA"
"540066","22633","HAND WARMER UNION JACK","7","2011-04-15 14:51:00","2.0","15311.0","Canada","AMER"
"540067","84029G","KNITTED UNION FLAG HOT WATER BOTTLE","12","2011-03-04 08:10:00","3.8","12583.0","Australia","APAC"
"540067","71053","WHITE METAL LANTERN","10","2011-03-04 08:10:00","3.43","12583.0","Australia","APAC"
"540068","84029E","RED WOOLLY HOTTIE WHITE HEART","6","2011-03-02 09:50:00","3.31","17850.0","France","EMEA"
"540069","84029E","RED WOOLLY HOTTIE WHITE HEART","1","2011-04-28 12:54:00","3.88","14606.0","France","EMEA"
"540069","85123A","WHITE HANGING HEART T-LIGHT HOLDER","10","2011-04-28 12:54:00","2.47","14606.0","France","EMEA"
"540070","84029E","RED WOOLLY HOTTIE WHITE HEART","3","2011-03-20 15:10:00","3.78","12583.0","France","EMEA"
"540070","84029G","KNITTED UNION FLAG HOT WATER BOTTLE","1","2011-03-20 15:10:00","3.5","12583.0","France","EMEA"
"540071","22632","HAND WARMER RED POLKA DOT","3","2011-03-21 16:03:00","2.24","17850.0","Belgium","EMEA"
"540071","85123A","WHITE HANGING HEART T-LIGHT HOLDER","1","2011-03-21 16:03:00","2.69","17850.0","Belgium","EMEA"
"540071","47566","PARTY BUNTING","10","2011-03-21 16:03:00","4.95","17850.0","Belgium","EMEA"
"540072","22752","SET 7 BABUSHKA NESTING BOXES","6","2011-03-13 13:59:00","7.78","14096.0","Spain","EMEA"
"540072","84406B","CREAM CUPID HEARTS COAT HANGER","3","2011-03-13 13:59:00","2.88","14096.0","Spain","EMEA"
"540072","85099B","JUMBO BAG RED RETROSPOT","9","2011-03-13 13:59:00","1.62","14096.0","Spain","EMEA"
"540073","85099B","JUMBO BAG RED RETROSPOT","2","2011-03-30 08:07:00","2.12","16029.0","Netherlands","EMEA"
"540073","85123A","WHITE HANGING HEART T-LIGHT HOLDER","9","2011-03-30 08:07:00","2.48","16029.0","Netherlands","EMEA"
"540074","85099B","JUMBO BAG RED RETROSPOT","1","2011-04-16 12:37:00","1.76","16029.0","Australia","APAC"
"540074","22752","SET 7 BABUSHKA NESTING BOXES","9","2011-04-16 12:37:00","7.72","16029.0","Australia","APAC"
"540075","20685","DOORMAT RED RETROSPOT","2","2011-04-27 13:32:00","7.51","12583.0","USA","AMER"
"540075","20685","DOORMAT RED RETROSPOT","1","2011-04-27 13:32:00","7.43","12583.0","USA","AMER"
"540075","85099B","JUMBO BAG RED RETROSPOT","11","2011-04-27 13:32:00","1.66","12583.0","USA","AMER"
"540076","71053","WHITE METAL LANTERN","11","2011-04-21 16:57:00","3.33","17809.0","France","EMEA"
"540076","71053","WHITE METAL LANTERN","7","2011-04-21 16:57:00","3.6","17809.0","France","EMEA"
"540077","71053","WHITE METAL LANTERN","4","2011-03-23 15:12:00","3.39","14096.0","United Kingdom","EMEA"
"540077","22752","SET 7 BABUSHKA NESTING BOXES","2","2011-03-23 15:12:00","7.75","14096.0","United Kingdom","EMEA"
"540078","21730","GLASS STAR FROSTED T-LIGHT HOLDER","7","2011-03-17 10:33:00","4.44","13777.0","Canada","AMER"
"540079","20685","DOORMAT RED RETROSPOT","7","2011-03-12 11:12:00","7.32","17850.0","Canada","AMER"
"540080","20685","DOORMAT RED RETROSPOT","10","2011-04-16 08:35:00","7.26","15291.0","Australia","APAC"
"540080","22633","HAND WARMER UNION JACK","11","2011-04-16 08:35:00","2.1","15291.0","Australia","APAC"
"540080","22633","HAND WARMER UNION JACK","3","2011-04-16 08:35:00","2.29","15291.0","Australia","APAC"
"540081","22752","SET 7 BABUSHKA NESTING BOXES","11","2011-03-06 15:29:00","7.57","16029.0","France","EMEA"
"540081","21730","GLASS STAR FROSTED T-LIGHT HOLDER","4","2011-03-06 15:29:00","4.65","16029.0","France","EMEA"
"540082","85099B","JUMBO BAG RED RETROSPOT","9","2011-04-15 14:37:00","1.7","13777.0","Australia","APAC"
"540083","85099B","JUMBO BAG RED RETROSPOT","1","2011-03-07 10:18:00","1.92","13047.0","EIRE","EMEA"
"540083","20685","DOORMAT RED RETROSPOT","9","2011-03-07 10:18:00","7.58","13047.0","EIRE","EMEA"
"540083","21730","GLASS STAR FROSTED T-LIGHT HOLDER","11","2011-03-07 10:18:00","4.15","13047.0","EIRE","EMEA"
"540084","47566","PARTY BUNTING","6","2011-03-27 16:38:00","5.15","14096.0","EIRE","EMEA"
"540084","84029E","RED WOOLLY HOTTIE WHITE HEART","2","2011-03-27 16:38:00","3.35","14096.0","EIRE","EMEA"
"540085","84029G","KNITTED UNION FLAG HOT WATER BOTTLE","2","2011-03-28 12:08:00","3.89","17809.0","EIRE","EMEA"
"540085","21730","GLASS STAR FROSTED T-LIGHT HOLDER","5","2011-03-28 12:08:00","4.26","17809.0","EIRE","EMEA"
"540086","85099B","JUMBO BAG RED RETROSPOT","12","2011-03-16 12:25:00","1.6","14096.0","Canada","AMER"
"540087","85123A","WHITE HANGING HEART T-LIGHT HOLDER","8","2011-03-21 16:25:00","2.77","13777.0","USA","AMER"
"540088","84029E","RED WOOLLY HOTTIE WHITE HEART","1","2011-04-21 09:10:00","3.48","15291.0","EIRE","EMEA"
"540088","20685","DOORMAT RED RETROSPOT","11","2011-04-21 09:10:00","7.53","15291.0","EIRE","EMEA"
"540089","84029G","KNITTED UNION FLAG HOT WATER BOTTLE","8","2011-03-09 12:32:00","3.76","15291.0","Belgium","EMEA"
"540090","85099B","JUMBO BAG RED RETROSPOT","11","2011-03-26 09:55:00","1.72","17850.0","Belgium","EMEA"
"540091","84029G","KNITTED UNION FLAG HOT WATER BOTTLE","1","2011-03-06 13:28:00","3.29","17809.0","EIRE","EMEA"
"540091","22633","HAND WARMER UNION JACK","5","2011-03-06 13:28:00","2.0","17809.0","EIRE","EMEA"
"540091","22752","SET 7 BABUSHKA NESTING BOXES","3","2011-03-06 13:28:00","7.72","17809.0","EIRE","EMEA"
"540092","84029E","RED WOOLLY HOTTIE WHITE HEART","6","2011-03-13 09:05:00","3.3","15291.0","Spain","EMEA"
"540093","20685","DOORMAT RED RETROSPOT","10","2011-03-15 11:19:00","7.41","17809.0","Spain","EMEA"
"540093","22752","SET 7 BABUSHKA NESTING BOXES","7","2011-03-15 11:19:00","7.9","17809.0","Spain","EMEA"
"540094","20685","DOORMAT RED RETROSPOT","6","2011-03-07 11:33:00","7.34","17850.0","Spain","EMEA"
"540095","84029E","RED WOOLLY HOTTIE WHITE HEART","9","2011-03-27 16:57:00","3.82","14606.0","Belgium","EMEA"
"540095","85123A","WHITE HANGING HEART T-LIGHT HOLDER","12","2011-03-27 16:57:00","2.75","14606.0","Belgium","EMEA"
"540095","20685","DOORMAT RED RETROSPOT","6","2011-03-27 16:57:00","7.52","14606.0","Belgium","EMEA"
"540096","22632","HAND WARMER RED POLKA DOT","8","2011-04-29 10:19:00","1.93","15291.0","France","EMEA"
"540097","47566","PARTY BUNTING","9","2011-03-27 10:41:00","5.24","15311.0","France","EMEA"
"540098","71053","WHITE METAL LANTERN","5","2011-03-22 13:05:00","3.71","16029.0","Canada","AMER"
"540098","85123A","WHITE HANGING HEART T-LIGHT HOLDER","7","2011-03-22 13:05:00","2.76","16029.0","Canada","AMER"
"540099","22633","HAND WARMER UNION JACK","10","2011-04-18 08:24:00","1.92","17850.0","United Kingdom","EMEA"
"540099","20685","DOORMAT RED RETROSPOT","2","2011-04-18 08:24:00","7.32","17850.0","United Kingdom","EMEA"
"540100","71053","WHITE METAL LANTERN","7","2011-04-22 09:04:00","3.7","17850.0","France","EMEA"
"540101","22752","SET 7 BABUSHKA NESTING BOXES","6","2011-03-12 08:47:00","7.99","15291.0","France","EMEA"
"540101","84029E","RED WOOLLY HOTTIE WHITE HEART","2","2011-03-12 08:47:00","3.81","15291.0","France","EMEA"
"540101","20685","DOORMAT RED RETROSPOT","10","2011-03-12 08:47:00","7.37","15291.0","France","EMEA"
"540102","20685","DOORMAT RED RETROSPOT","12","2011-04-11 15:00:00","7.55","16029.0","EIRE","EMEA"
"540102","22633","HAND WARMER UNION JACK","12","2011-04-11 15:00:00","2.26","16029.0","EIRE","EMEA"
"540102","85123A","WHITE HANGING HEART T-LIGHT HOLDER","5","2011-04-11 15:00:00","2.82","16029.0","EIRE","EMEA"
"540103","71053","WHITE METAL LANTERN","11","2011-04-24 13:26:00","3.39","17850.0","Germany","EMEA"
"540104","84406B","CREAM CUPID HEARTS COAT HANGER","6","2011-03-31 13:58:00","3.17","16029.0","Canada","AMER"
"540104","22633","HAND WARMER UNION JACK","11","2011-03-31 13:58:00","1.79","16029.0","Canada","AMER"
"540104","22632","HAND WARMER RED POLKA DOT","9","2011-03-31 13:58:00","1.88","16029.0","Canada","AMER"
"540105","85099B","JUMBO BAG RED RETROSPOT","6","2011-03-18 15:08:00","1.61","14606.0","Canada","AMER"
"540105","84406B","CREAM CUPID HEARTS COAT HANGER","12","2011-03-18 15:08:00","3.22","14606.0","Canada","AMER"
"540105","84406B","CREAM CUPID HEARTS COAT HANGER","1","2011-03-18 15:08:00","2.98","14606.0","Canada","AMER"
"540106","85123A","WHITE HANGING HEART T-LIGHT HOLDER","2","2011-03-01 08:30:00","2.82","17809.0","Netherlands","EMEA"
"540106","84029G","KNITTED UNION FLAG HOT WATER BOTTLE","1","2011-03-01 08:30:00","3.51","17809.0","Netherlands","EMEA"
"540107","84029E","RED WOOLLY HOTTIE WHITE HEART","5","2011-03-06 14:13:00","3.36","13777.0","Spain","EMEA"
"540107","71053","WHITE METAL LANTERN","4","2011-03-06 14:13:00","3.86","13777.0","Spain","EMEA"
"540107","71053","WHITE METAL LANTERN","12","2011-03-06 14:13:00","3.38","13777.0","Spain","EMEA"
"540108","84406B","CREAM CUPID HEARTS COAT HANGER","8","2011-03-28 08:07:00","3.04","15311.0","United Kingdom","EMEA"
"540108","22632","HAND WARMER RED POLKA DOT","3","2011-03-28 08:07:00","2.02","15311.0","United Kingdom","EMEA"
"540109","85099B","JUMBO BAG RED RETROSPOT","5","2011-03-28 08:10:00","1.56","13777.0","Germany","EMEA"
"540109","20685","DOORMAT RED RETROSPOT","7","2011-03-28 08:10:00","7.12","13777.0","Germany","EMEA"
"540109","20685","DOORMAT RED RETROSPOT","6","2011-03-28 08:10:00","7.44","13777.0","Germany","EMEA"
"540110","84406B","CREAM CUPID HEARTS COAT HANGER","10","2011-04-07 13:21:00","3.0","13777.0","USA","AMER"
"540110","85123A","WHITE HANGING HEART T-LIGHT HOLDER","1","2011-04-07 13:21:00","2.94","13777.0","USA","AMER"
"540110","84406B","CREAM CUPID HEARTS COAT HANGER","10","2011-04-07 13:21:00","3.25","13777.0","USA","AMER"
"540111","84029G","KNITTED UNION FLAG HOT WATER BOTTLE","3","2011-03-31 08:34:00","3.88","14096.0","Canada","AMER"
"540111","22632","HAND WARMER RED POLKA DOT","8","2011-03-31 08:34:00","2.08","14096.0","Canada","AMER"
"540112","84029E","RED WOOLLY HOTTIE WHITE HEART","1","2011-04-05 11:43:00","3.75","17850.0","Netherlands","EMEA"
"540113","21730","GLASS STAR FROSTED T-LIGHT HOLDER","5","2011-03-03 12:28:00","4.18","13777.0","Germany","EMEA"
"540114","85123A","WHITE HANGING HEART T-LIGHT HOLDER","4","2011-03-25 08:24:00","2.53","13047.0","USA","AMER"
"540115","22633","HAND WARMER UNION JACK","5","2011-03-17 11:14:00","2.26","14606.0","France","EMEA"
"540116","22632","HAND WARMER RED POLKA DOT","3","2011-04-02 14:59:00","2.04","15291.0","Belgium","EMEA"
"540116","84029G","KNITTED UNION FLAG HOT WATER BOTTLE","5","2011-04-02 14:59:00","3.58","15291.0","Belgium","EMEA"
"540117","47566","PARTY BUNTING","10","2011-03-28 10:21:00","5.2","14606.0","France","EMEA"
"540117","47566","PARTY BUNTING","9","2011-03-28 10:21:00","5.19","14606.0","France","EMEA"
"540118","85099B","JUMBO BAG RED RETROSPOT","6","2011-04-24 08:21:00","1.57","12583.0","Belgium","EMEA"
"540118","22633","HAND WARMER UNION JACK","3","2011-04-24 08:21:00","2.06","12583.0","Belgium","EMEA"
"540118","84029G","KNITTED UNION FLAG HOT WATER BOTTLE","7","2011-04-24 08:21:00","3.29","12583.0","Belgium","EMEA"
"540119","71053","WHITE METAL LANTERN","10","2011-03-13 11:37:00","3.89","12583.0","Netherlands","EMEA"
"540120","22633","HAND WARMER UNION JACK","12","2011-04-28 15:45:00","2.29","12583.0","Belgium","EMEA"
"540120","84406B","CREAM CUPID HEARTS COAT HANGER","9","2011-04-28 15:45:00","2.95","12583.0","Belgium","EMEA"
"540120","22632","HAND WARMER RED POLKA DOT","10","2011-04-28 15:45:00","2.21","12583.0","Belgium","EMEA"
"540121","84029G","KNITTED UNION FLAG HOT WATER BOTTLE","2","2011-03-16 09:50:00","3.88","12583.0","USA","AMER"
"540122","84029G","KNITTED UNION FLAG HOT WATER BOTTLE","1","2011-04-09 09:08:00","3.55","16029.0","Australia","APAC"
"540122","22752","SET 7 BABUSHKA NESTING BOXES","12","2011-04-09 09:08:00","7.76","16029.0","Australia","APAC"
"540122","84029G","KNITTED UNION FLAG HOT WATER BOTTLE","4","2011-04-09 09:08:00","3.5","16029.0","Australia","APAC"
"540123","21730","GLASS STAR FROSTED T-LIGHT HOLDER","9","2011-03-25 12:53:00","4.34","16029.0","Spain","EMEA"
"540123","21730","GLASS STAR FROSTED T-LIGHT HOLDER","8","2011-03-25 12:53:00","4.21","16029.0","Spain","EMEA"
"540124","84029G","KNITTED UNION FLAG HOT WATER BOTTLE","11","2011-04-26 09:19:00","3.69","13777.0","Spain","EMEA"
"540124","47566","PARTY BUNTING","6","2011-04-26 09:19:00","4.9","13777.0","Spain","EMEA"
"540124","21730","GLASS STAR FROSTED T-LIGHT HOLDER","2","2011-04-26 09:19:00","4.54","13777.0","Spain","EMEA"
"540125","84029G","KNITTED UNION FLAG HOT WATER BOTTLE","10","2011-04-19 08:20:00","3.44","14606.0","France","EMEA"
"540125","22633","HAND WARMER UNION JACK","3","2011-04-19 08:20:00","2.13","14606.0","France","EMEA"
"540126","71053","WHITE METAL LANTERN","5","2011-04-30 11:24:00","3.86","15311.0","EIRE","EMEA"
"540127","20685","DOORMAT RED RETROSPOT","7","2011-04-27 12:34:00","7.28","14096.0","Netherlands","EMEA"
"540127","85099B","JUMBO BAG RED RETROSPOT","2","2011-04-27 12:34:00","1.75","14096.0","Netherlands","EMEA"
"540128","84029G","KNITTED UNION FLAG HOT WATER BOTTLE","5","2011-03-15 08:13:00","3.83","13777.0","Netherlands","EMEA"
"540128","71053","WHITE METAL LANTERN","7","2011-03-15 08:13:00","3.3","13777.0","Netherlands","EMEA"
"540128","21730","GLASS STAR FROSTED T-LIGHT HOLDER","3","2011-03-15 08:13:00","4.5","13777.0","Netherlands","EMEA"
"540129","85123A","WHITE HANGING HEART T-LIGHT HOLDER","2","2011-04-08 13:54:00","2.91","17850.0","Australia","APAC"
"540129","84406B","CREAM CUPID HEARTS COAT HANGER","8","2011-04-08 13:54:00","2.84","17850.0","Australia","APAC"
"540129","85099B","JUMBO BAG RED RETROSPOT","12","2011-04-08 13:54:00","2.05","17850.0","Australia","APAC"
"540130","22752","SET 7 BABUSHKA NESTING BOXES","8","2011-03-17 08:49:00","8.03","17809.0","EIRE","EMEA"
"540130","71053","WHITE METAL LANTERN","12","2011-03-17 08:49:00","3.74","17809.0","EIRE","EMEA"
"540131","84029G","KNITTED UNION FLAG HOT WATER BOTTLE","9","2011-03-11 12:38:00","3.67","15311.0","Belgium","EMEA"
"540132","47566","PARTY BUNTING","7","2011-03-30 09:23:00","5.3","17809.0","Spain","EMEA"
"540132","20685","DOORMAT RED RETROSPOT","10","2011-03-30 09:23:00","7.34","17809.0","Spain","EMEA"
"540132","84029E","RED WOOLLY HOTTIE WHITE HEART","10","2011-03-30 09:23:00","3.62","17809.0","Spain","EMEA"
"540133","71053","WHITE METAL LANTERN","8","2011-03-27 09:25:00","3.34","14606.0","United Kingdom","EMEA"
"540133","84406B","CREAM CUPID HEARTS COAT HANGER","8","2011-03-27 09:25:00","3.17","14606.0","United Kingdom","EMEA"
"540134","21730","GLASS STAR FROSTED T-LIGHT HOLDER","4","2011-03-06 16:20:00","4.73","13047.0","Australia","APAC"
"540134","85123A","WHITE HANGING HEART T-LIGHT HOLDER","7","2011-03-06 16:20:00","2.79","13047.0","Australia","APAC"
"540135","71053","WHITE METAL LANTERN","3","2011-04-11 09:12:00","3.36","14096.0","Belgium","EMEA"
"540136","84029E","RED WOOLLY HOTTIE WHITE HEART","7","2011-04-20 16:29:00","3.67","15291.0","Canada","AMER"
"540137","84406B","CREAM CUPID HEARTS COAT HANGER","12","2011-03-07 14:05:00","3.1","17809.0","EIRE","EMEA"
"540137","84029G","KNITTED UNION FLAG HOT WATER BOTTLE","5","2011-03-07 14:05:00","3.78","17809.0","EIRE","EMEA"
"540137","21730","GLASS STAR FROSTED T-LIGHT HOLDER","12","2011-03-07 14:05:00","4.22","17809.0","EIRE","EMEA"
"540138","84029G","KNITTED UNION FLAG HOT WATER BOTTLE","1","2011-03-14 11:38:00","3.64","14096.0","France","EMEA"
"540138","21730","GLASS STAR FROSTED T-LIGHT HOLDER","11","2011-03-14 11:38:00","4.36","14096.0","France","EMEA"
"540138","22632","HAND WARMER RED POLKA DOT","11","2011-03-14 11:38:00","1.83","14096.0","France","EMEA"
"540139","84029G","KNITTED UNION FLAG HOT WATER BOTTLE","5","2011-03-01 12:24:00","3.84","17850.0","EIRE","EMEA"
"540139","71053","WHITE METAL LANTERN","9","2011-03-01 12:24:00","3.54","17850.0","EIRE","EMEA"
"540139","47566","PARTY BUNTING","6","2011-03-01 12:24:00","5.04","17850.0","EIRE","EMEA"
"540140","22632","HAND WARMER RED POLKA DOT","11","2011-04-27 14:43:00","2.1","13047.0","Belgium","EMEA"
"540140","71053","WHITE METAL LANTERN","5","2011-04-27 14:43:00","3.73","13047.0","Belgium","EMEA"
"540140","47566","PARTY BUNTING","1","2011-04-27 14:43:00","5.27","13047.0","Belgium","EMEA"
"540141","84406B","CREAM CUPID HEARTS COAT HANGER","1","2011-04-30 10:04:00","2.77","16029.0","Canada","AMER"
"540141","85099B","JUMBO BAG RED RETROSPOT","1","2011-04-30 10:04:00","1.88","16029.0","Canada","AMER"
"540141","84406B","CREAM CUPID HEARTS COAT HANGER","11","2011-04-30 10:04:00","2.93","16029.0","Canada","AMER"
"540142","21730","GLASS STAR FROSTED T-LIGHT HOLDER","8","2011-04-11 14:21:00","4.53","15311.0","Belgium","EMEA"
"540142","21730","GLASS STAR FROSTED T-LIGHT HOLDER","10","2011-04-11 14:21:00","4.38","15311.0","Belgium","EMEA"
"540142","84029E","RED WOOLLY HOTTIE WHITE HEART","3","2011-04-11 14:21:00","3.31","15311.0","Belgium","EMEA"
"540143","22752","SET 7 BABUSHKA NESTING BOXES","1","2011-03-11 15:41:00","8.09","12583.0","USA","AMER"
"540143","84029E","RED WOOLLY HOTTIE WHITE HEART","5","2011-03-11 15:41:00","3.54","12583.0","USA","AMER"
"540144","21730","GLASS STAR FROSTED T-LIGHT HOLDER","3","2011-03-03 09:44:00","4.55","13777.0","Belgium","EMEA"
"540144","47566","PARTY BUNTING","9","2011-03-03 09:44:00","5.15","13777.0","Belgium","EMEA"
"540145","22752","SET 7 BABUSHKA NESTING BOXES","9","2011-03-20 09:25:00","8.06","15291.0","Netherlands","EMEA"
"540145","84029E","RED WOOLLY HOTTIE WHITE HEART","10","2011-03-20 09:25:00","3.33","15291.0","Netherlands","EMEA"
"540145","84029E","RED WOOLLY HOTTIE WHITE HEART","5","2011-03-20 09:25:00","3.36","15291.0","Netherlands","EMEA"
"540146","22633","HAND WARMER UNION JACK","4","2011-03-23 10:22:00","2.14","17850.0","Belgium","EMEA"
"540146","84029E","RED WOOLLY HOTTIE WHITE HEART","10","2011-03-23 10:22:00","3.63","17850.0","Belgium","EMEA"
"540146","22632","HAND WARMER RED POLKA DOT","6","2011-03-23 10:22:00","1.76","17850.0","Belgium","EMEA"
"540147","84029E","RED WOOLLY HOTTIE WHITE HEART","12","2011-04-02 10:16:00","3.64","15311.0","USA","AMER"
"540148","22752","SET 7 BABUSHKA NESTING BOXES","12","2011-04-23 09:59:00","7.7","16029.0","United Kingdom","EMEA"
"540149","20685","DOORMAT RED RETROSPOT","3","2011-04-21 12:12:00","7.11","15291.0","Germany","EMEA"
"540150","84029E","RED WOOLLY HOTTIE WHITE HEART","12","2011-04-26 16:29:00","3.77","14606.0","Australia","APAC"
"540151","85099B","JUMBO BAG RED RETROSPOT","8","2011-03-08 08:53:00","1.94","17850.0","Spain","EMEA"
"540152","22633","HAND WARMER UNION JACK","4","2011-04-17 13:57:00","2.17","12583.0","United Kingdom","EMEA"
"540152","22752","SET 7 BABUSHKA NESTING BOXES","10","2011-04-17 13:57:00","7.82","12583.0","United Kingdom","EMEA"
"540152","84406B","CREAM CUPID HEARTS COAT HANGER","9","2011-04-17 13:57:00","3.14","12583.0","United Kingdom","EMEA"
"540153","84029E","RED WOOLLY HOTTIE WHITE HEART","10","2011-03-29 12:26:00","3.83","14096.0","Belgium","EMEA"
"540153","84406B","CREAM CUPID HEARTS COAT HANGER","6","2011-03-29 12:26:00","2.72","14096.0","Belgium","EMEA"
"540154","84406B","CREAM CUPID HEARTS COAT HANGER","8","2011-04-02 15:16:00","3.04","16029.0","Canada","AMER"
"540154","85123A","WHITE HANGING HEART T-LIGHT HOLDER","2","2011-04-02 15:16:00","2.87","16029.0","Canada","AMER"
"540155","47566","PARTY BUNTING","9","2011-04-21 11:55:00","5.4","12583.0","Australia","APAC"
"540155","85099B","JUMBO BAG RED RETROSPOT","6","2011-04-21 11:55:00","1.86","12583.0","Australia","APAC"
"540155","47566","PARTY BUNTING","9","2011-04-21 11:55:00","4.88","12583.0","Australia","APAC"
"540156","84029E","RED WOOLLY HOTTIE WHITE HEART","9","2011-03-23 13:09:00","3.63","14096.0","Belgium","EMEA"
"540156","22752","SET 7 BABUSHKA NESTING BOXES","4","2011-03-23 13:09:00","7.57","14096.0","Belgium","EMEA"
"540157","20685","DOORMAT RED RETROSPOT","8","2011-04-24 14:52:00","7.1","15291.0","Belgium","EMEA"
"540157","84029E","RED WOOLLY HOTTIE WHITE HEART","1","2011-04-24 14:52:00","3.84","15291.0","Belgium","EMEA"
"540158","22752","SET 7 BABUSHKA NESTING BOXES","11","2011-03-24 11:24:00","7.81","16029.0","United Kingdom","EMEA"
"540159","22632","HAND WARMER RED POLKA DOT","8","2011-04-08 10:26:00","1.98","12583.0","Australia","APAC"
"540160","84029E","RED WOOLLY HOTTIE WHITE HEART","2","2011-04-19 16:17:00","3.48","15291.0","France","EMEA"
"540160","22752","SET 7 BABUSHKA NESTING BOXES","4","2011-04-19 16:17:00","7.94","15291.0","France","EMEA"
"540160","21730","GLASS STAR FROSTED T-LIGHT HOLDER","1","2011-04-19 16:17:00","4.7","15291.0","France","EMEA"
"540161","22633","HAND WARMER UNION JACK","8","2011-03-02 16:32:00","1.94","16029.0","Belgium","EMEA"
"540161","22633","HAND WARMER UNION JACK","9","2011-03-02 16:32:00","2.34","16029.0","Belgium","EMEA"
"540161","84029G","KNITTED UNION FLAG HOT WATER BOTTLE","6","2011-03-02 16:32:00","3.65","16029.0","Belgium","EMEA"
"540162","84406B","CREAM CUPID HEARTS COAT HANGER","9","2011-04-22 11:17:00","3.05","14096.0","Spain","EMEA"
"540162","84029G","KNITTED UNION FLAG HOT WATER BOTTLE","6","2011-04-22 11:17:00","3.57","14096.0","Spain","EMEA"
"540163","84406B","CREAM CUPID HEARTS COAT HANGER","8","2011-03-28 14:21:00","2.79","17850.0","France","EMEA"
"540163","20685","DOORMAT RED RETROSPOT","10","2011-03-28 14:21:00","7.37","17850.0","France","EMEA"
"540164","85123A","WHITE HANGING HEART T-LIGHT HOLDER","2","2011-04-03 16:02:00","2.99","12583.0","Netherlands","EMEA"
"540164","20685","DOORMAT RED RETROSPOT","7","2011-04-03 16:02:00","7.33","12583.0","Netherlands","EMEA"
"540165","71053","WHITE METAL LANTERN","6","2011-04-10 15:45:00","3.54","14096.0","Belgium","EMEA"
"540165","85099B","JUMBO BAG RED RETROSPOT","4","2011-04-10 15:45:00","2.08","14096.0","Belgium","EMEA"
"540166","22633","HAND WARMER UNION JACK","10","2011-04-06 10:21:00","2.03","17809.0","Australia","APAC"
"540166","85099B","JUMBO BAG RED RETROSPOT","7","2011-04-06 10:21:00","1.78","17809.0","Australia","APAC"
"540166","22632","HAND WARMER RED POLKA DOT","1","2011-04-06 10:21:00","2.21","17809.0","Australia","APAC"
"540167","22633","HAND WARMER UNION JACK","3","2011-03-14 09:15:00","2.21","13777.0","France","EMEA"
"540168","22752","SET 7 BABUSHKA NESTING BOXES","8","2011-03-21 13:35:00","7.92","12583.0","Germany","EMEA"
"540168","84406B","CREAM CUPID HEARTS COAT HANGER","6","2011-03-21 13:35:00","3.2","12583.0","Germany","EMEA"
"540169","47566","PARTY BUNTING","10","2011-03-12 09:07:00","5.41","17850.0","Spain","EMEA"
"540170","22633","HAND WARMER UNION JACK","8","2011-03-14 14:39:00","2.19","14606.0","Belgium","EMEA"
"540171","47566","PARTY BUNTING","3","2011-04-12 15:18:00","5.25","13777.0","Spain","EMEA"
"540171","85123A","WHITE HANGING HEART T-LIGHT HOLDER","6","2011-04-12 15:18:00","2.47","13777.0","Spain","EMEA"
"540172","47566","PARTY BUNTING","11","2011-03-31 11:24:00","5.25","12583.0","USA","AMER"
"540173","21730","GLASS STAR FROSTED T-LIGHT HOLDER","12","2011-04-17 09:44:00","4.6","16029.0","Germany","EMEA"
"540174","21730","GLASS STAR FROSTED T-LIGHT HOLDER","7","2011-04-20 08:33:00","4.66","13047.0","Australia","APAC"
"540174","84029E","RED WOOLLY HOTTIE WHITE HEART","8","2011-04-20 08:33:00","3.65","13047.0","Australia","APAC"
"540174","22632","HAND WARMER RED POLKA DOT","12","2011-04-20 08:33:00","2.19","13047.0","Australia","APAC"
"540175","22633","HAND WARMER UNION JACK","9","2011-04-07 10:57:00","1.81","15311.0","USA","AMER"
"540176","84406B","CREAM CUPID HEARTS COAT HANGER","8","2011-04-21 13:43:00","3.1","16029.0","USA","AMER"
"540176","21730","GLASS STAR FROSTED T-LIGHT HOLDER","10","2011-04-21 13:43:00","4.15","16029.0","USA","AMER"
"540177","84406B","CREAM CUPID HEARTS COAT HANGER","10","2011-03-20 13:06:00","3.16","17850.0","United Kingdom","EMEA"
"540178","22633","HAND WARMER UNION JACK","2","2011-03-07 14:47:00","1.98","16029.0","Canada","AMER"
"540178","84029G","KNITTED UNION FLAG HOT WATER BOTTLE","8","2011-03-07 14:47:00","3.85","16029.0","Canada","AMER"
"540179","85123A","WHITE HANGING HEART T-LIGHT HOLDER","12","2011-04-13 09:06:00","2.72","15291.0","Germany","EMEA"
"540180","84029E","RED WOOLLY HOTTIE WHITE HEART","6","2011-04-23 15:32:00","3.72","12583.0","Netherlands","EMEA"
"540180","84406B","CREAM CUPID HEARTS COAT HANGER","8","2011-04-23 15:32:00","3.09","12583.0","Netherlands","EMEA"
"540181","22632","HAND WARMER RED POLKA DOT","12","2011-04-27 11:42:00","2.07","17809.0","United Kingdom","EMEA"
"540182","85099B","JUMBO BAG RED RETROSPOT","10","2011-03-29 15:34:00","1.99","15291.0","Canada","AMER"
"540182","71053","WHITE METAL LANTERN","6","2011-03-29 15:34:00","3.89","15291.0","Canada","AMER"
"540183","22632","HAND WARMER RED POLKA DOT","7","2011-03-29 16:01:00","2.08","16029.0","Australia","APAC"
"540183","22633","HAND WARMER UNION JACK","7","2011-03-29 16:01:00","1.83","16029.0","Australia","APAC"
"540184","84029G","KNITTED UNION FLAG HOT WATER BOTTLE","4","2011-03-26 15:10:00","3.47","16029.0","Canada","AMER"
"540184","21730","GLASS STAR FROSTED T-LIGHT HOLDER","11","2011-03-26 15:10:00","4.19","16029.0","Canada","AMER"
"540184","22633","HAND WARMER UNION JACK","9","2011-03-26 15:10:00","2.09","16029.0","Canada","AMER"
"540185","84029G","KNITTED UNION FLAG HOT WATER BOTTLE","8","2011-03-04 10:03:00","3.61","13047.0","Australia","APAC"
"540185","84029E","RED WOOLLY HOTTIE WHITE HEART","2","2011-03-04 10:03:00","3.85","13047.0","Australia","APAC"
"540186","71053","WHITE METAL LANTERN","8","2011-03-29 12:30:00","3.63","14606.0","Canada","AMER"
"540186","84029G","KNITTED UNION FLAG HOT WATER BOTTLE","9","2011-03-29 12:30:00","3.61","14606.0","Canada","AMER"
"540186","22632","HAND WARMER RED POLKA DOT","5","2011-03-29 12:30:00","2.07","14606.0","Canada","AMER"
"540187","21730","GLASS STAR FROSTED T-LIGHT HOLDER","10","2011-04-05 10:17:00","4.48","15311.0","Belgium","EMEA"
"540187","71053","WHITE METAL LANTERN","11","2011-04-05 10:17:00","3.54","15311.0","Belgium","EMEA"
"540187","22752","SET 7 BABUSHKA NESTING BOXES","6","2011-04-05 10:17:00","7.59","15311.0","Belgium","EMEA"
"540188","71053","WHITE METAL LANTERN","6","2011-04-01 15:13:00","3.79","12583.0","Germany","EMEA"
"540189","84029G","KNITTED UNION FLAG HOT WATER BOTTLE","7","2011-03-23 08:17:00","3.67","13047.0","USA","AMER"
"540190","22752","SET 7 BABUSHKA NESTING BOXES","12","2011-04-23 09:45:00","7.62","16029.0","France","EMEA"
"540190","21730","GLASS STAR FROSTED T-LIGHT HOLDER","4","2011-04-23 09:45:00","4.51","16029.0","France","EMEA"
"540190","20685","DOORMAT RED RETROSPOT","5","2011-04-23 09:45:00","7.18","16029.0","France","EMEA"
"540191","71053","WHITE METAL LANTERN","4","2011-03-22 16:36:00","3.75","15291.0","France","EMEA"
"540191","22632","HAND WARMER RED POLKA DOT","10","2011-03-22 16:36:00","2.06","15291.0","France","EMEA"
"540191","71053","WHITE METAL LANTERN","12","2011-03-22 16:36:00","3.59","15291.0","France","EMEA"
"540192","84406B","CREAM CUPID HEARTS COAT HANGER","5","2011-04-08 16:28:00","3.23","17809.0","Germany","EMEA"
"540193","20685","DOORMAT RED RETROSPOT","11","2011-03-16 08:54:00","7.23","14606.0","EIRE","EMEA"
"540193","84029E","RED WOOLLY HOTTIE WHITE HEART","2","2011-03-16 08:54:00","3.53","14606.0","EIRE","EMEA"
"540193","22633","HAND WARMER UNION JACK","2","2011-03-16 08:54:00","1.83","14606.0","EIRE","EMEA"
"540194","20685","DOORMAT RED RETROSPOT","10","2011-04-09 09:13:00","7.36","15291.0","USA","AMER"
"540194","47566","PARTY BUNTING","8","2011-04-09 09:13:00","5.22","15291.0","USA","AMER"
"540194","22632","HAND WARMER RED POLKA DOT","9","2011-04-09 09:13:00","2.04","15291.0","USA","AMER"
"540195","84029E","RED WOOLLY HOTTIE WHITE HEART","4","2011-04-20 10:50:00","3.79","13777.0","Canada","AMER"
"540195","84406B","CREAM CUPID HEARTS COAT HANGER","5","2011-04-20 10:50:00","3.07","13777.0","Canada","AMER"
"540195","20685","DOORMAT RED RETROSPOT","4","2011-04-20 10:50:00","7.24","13777.0","Canada","AMER"
"540196","21730","GLASS STAR FROSTED T-LIGHT HOLDER","4","2011-03-13 13:50:00","4.75","12583.0","Netherlands","EMEA"
"540196","71053","WHITE METAL LANTERN","1","2011-03-13 13:50:00","3.69","12583.0","Netherlands","EMEA"
"540197","84029G","KNITTED UNION FLAG HOT WATER BOTTLE","6","2011-04-28 15:12:00","3.73","16029.0","USA","AMER"
"540197","71053","WHITE METAL LANTERN","4","2011-04-28 15:12:00","3.67","16029.0","USA","AMER"
"540197","85099B","JUMBO BAG RED RETROSPOT","1","2011-04-28 15:12:00","1.87","16029.0","USA","AMER"
"540198","84029G","KNITTED UNION FLAG HOT WATER BOTTLE","6","2011-03-05 13:53:00","3.87","13777.0","Spain","EMEA"
"540199","71053","WHITE METAL LANTERN","9","2011-04-19 10:52:00","3.57","13777.0","Australia","APAC"
"540200","22632","HAND WARMER RED POLKA DOT","5","2011-03-21 15:52:00","2.06","14606.0","EIRE","EMEA"
"540200","47566","PARTY BUNTING","10","2011-03-21 15:52:00","5.33","14606.0","EIRE","EMEA"
"540201","71053","WHITE METAL LANTERN","12","2011-03-14 13:14:00","3.37","13047.0","Spain","EMEA"
"540201","85099B","JUMBO BAG RED RETROSPOT","5","2011-03-14 13:14:00","1.79","13047.0","Spain","EMEA"
"540202","84029G","KNITTED UNION FLAG HOT WATER BOTTLE","8","2011-04-01 16:53:00","3.76","16029.0","France","EMEA"
"540202","71053","WHITE METAL LANTERN","3","2011-04-01 16:53:00","3.46","16029.0","France","EMEA"
"540202","22633","HAND WARMER UNION JACK","2","2011-04-01 16:53:00","2.3","16029.0","France","EMEA"
"540203","84029G","KNITTED UNION FLAG HOT WATER BOTTLE","4","2011-04-02 11:41:00","3.34","15311.0","United Kingdom","EMEA"
"540204","84029E","RED WOOLLY HOTTIE WHITE HEART","5","2011-04-27 15:41:00","3.49","13777.0","Canada","AMER"
"540205","84406B","CREAM CUPID HEARTS COAT HANGER","11","2011-03-27 14:43:00","3.21","16029.0","Belgium","EMEA"
"540205","84406B","CREAM CUPID HEARTS COAT HANGER","9","2011-03-27 14:43:00","2.76","16029.0","Belgium","EMEA"
"540206","22632","HAND WARMER RED POLKA DOT","12","2011-03-15 15:32:00","1.9","14096.0","Belgium","EMEA"
"540206","84029G","KNITTED UNION FLAG HOT WATER BOTTLE","1","2011-03-15 15:32:00","3.78","14096.0","Belgium","EMEA"
"540207","84029G","KNITTED UNION FLAG HOT WATER BOTTLE","12","2011-03-07 10:40:00","3.58","13777.0","Belgium","EMEA"
"540207","21730","GLASS STAR FROSTED T-LIGHT HOLDER","9","2011-03-07 10:40:00","4.49","13777.0","Belgium","EMEA"
"540208","20685","DOORMAT RED RETROSPOT","5","2011-03-13 14:47:00","7.48","15291.0","EIRE","EMEA"
"540209","85099B","JUMBO BAG RED RETROSPOT","10","2011-03-10 15:15:00","1.77","15291.0","Spain","EMEA"
"540209","22632","HAND WARMER RED POLKA DOT","11","2011-03-10 15:15:00","2.14","15291.0","Spain","EMEA"
"540210","22633","HAND WARMER UNION JACK","12","2011-03-18 16:57:00","1.81","13047.0","Belgium","EMEA"
"540210","22632","HAND WARMER RED POLKA DOT","12","2011-03-18 16:57:00","2.21","13047.0","Belgium","EMEA"
"540211","84406B","CREAM CUPID HEARTS COAT HANGER","5","2011-04-02 10:39:00","3.04","14096.0","Canada","AMER"
"540212","84406B","CREAM CUPID HEARTS COAT HANGER","2","2011-04-07 12:30:00","3.18","17850.0","Canada","AMER"
"540212","20685","DOORMAT RED RETROSPOT","6","2011-04-07 12:30:00","7.21","17850.0","Canada","AMER"
"540213","85099B","JUMBO BAG RED RETROSPOT","9","2011-03-24 16:45:00","1.86","12583.0","Netherlands","EMEA"
"540214","84406B","CREAM CUPID HEARTS COAT HANGER","11","2011-04-27 09:58:00","2.82","12583.0","USA","AMER"
"540214","84406B","CREAM CUPID HEARTS COAT HANGER","4","2011-04-27 09:58:00","2.95","12583.0","USA","AMER"
"540214","84029E","RED WOOLLY HOTTIE WHITE HEART","1","2011-04-27 09:58:00","3.76","12583.0","USA","AMER"
"540215","84029G","KNITTED UNION FLAG HOT WATER BOTTLE","2","2011-04-08 16:29:00","3.43","17850.0","Canada","AMER"
"540215","71053","WHITE METAL LANTERN","11","2011-04-08 16:29:00","3.76","17850.0","Canada","AMER"
"540216","47566","PARTY BUNTING","7","2011-04-19 16:00:00","4.99","14096.0","Netherlands","EMEA"
"540216","84029E","RED WOOLLY HOTTIE WHITE HEART","9","2011-04-19 16:00:00","3.65","14096.0","Netherlands","EMEA"
"540216","21730","GLASS STAR FROSTED T-LIGHT HOLDER","6","2011-04-19 16:00:00","4.5","14096.0","Netherlands","EMEA"
"540217","71053","WHITE METAL LANTERN","12","2011-04-27 15:00:00","3.76","17809.0","Netherlands","EMEA"
"540217","22633","HAND WARMER UNION JACK","3","2011-04-27 15:00:00","2.03","17809.0","Netherlands","EMEA"
"540218","20685","DOORMAT RED RETROSPOT","8","2011-04-16 16:45:00","7.14","16029.0","EIRE","EMEA"
"540218","22752","SET 7 BABUSHKA NESTING BOXES","12","2011-04-16 16:45:00","8.04","16029.0","EIRE","EMEA"
"540219","84406B","CREAM CUPID HEARTS COAT HANGER","9","2011-03-08 12:38:00","2.89","14606.0","Belgium","EMEA"
"540220","71053","WHITE METAL LANTERN","11","2011-04-05 09:01:00","3.39","13047.0","United Kingdom","EMEA"
"540220","85123A","WHITE HANGING HEART T-LIGHT HOLDER","1","2011-04-05 09:01:00","2.56","13047.0","United Kingdom","EMEA"
"540220","85099B","JUMBO BAG RED RETROSPOT","12","2011-04-05 09:01:00","2.13","13047.0","United Kingdom","EMEA"
"540221","21730","GLASS STAR FROSTED T-LIGHT HOLDER","7","2011-03-27 11:59:00","4.51","16029.0","Australia","APAC"
"540222","85099B","JUMBO BAG RED RETROSPOT","4","2011-03-07 08:38:00","1.66","17809.0","United Kingdom","EMEA"
"540223","22632","HAND WARMER RED POLKA DOT","6","2011-03-12 13:08:00","1.97","13047.0","France","EMEA"
"540223","20685","DOORMAT RED RETROSPOT","1","2011-03-12 13:08:00","7.53","13047.0","France","EMEA"
"540223","84406B","CREAM CUPID HEARTS COAT HANGER","10","2011-03-12 13:08:00","3.21","13047.0","France","EMEA"
"540224","84029G","KNITTED UNION FLAG HOT WATER BOTTLE","4","2011-03-09 16:41:00","3.6","17809.0","EIRE","EMEA"
"540225","21730","GLASS STAR FROSTED T-LIGHT HOLDER","8","2011-03-21 15:35:00","4.52","17809.0","USA","AMER"
"540226","22752","SET 7 BABUSHKA NESTING BOXES","10","2011-03-11 11:53:00","7.86","17850.0","EIRE","EMEA"
"540226","22632","HAND WARMER RED POLKA DOT","11","2011-03-11 11:53:00","2.32","17850.0","EIRE","EMEA"
"540226","85123A","WHITE HANGING HEART T-LIGHT HOLDER","1","2011-03-11 11:53:00","2.48","17850.0","EIRE","EMEA"
"540227","22752","SET 7 BABUSHKA NESTING BOXES","3","2011-04-29 16:12:00","7.98","14096.0","Spain","EMEA"
"540228","84406B","CREAM CUPID HEARTS COAT HANGER","12","2011-03-30 14:22:00","3.21","17850.0","Netherlands","EMEA"
"540229","20685","DOORMAT RED RETROSPOT","2","2011-03-21 15:02:00","7.33","15311.0","EIRE","EMEA"
"540229","21730","GLASS STAR FROSTED T-LIGHT HOLDER","6","2011-03-21 15:02:00","4.18","15311.0","EIRE","EMEA"
"540229","84406B","CREAM CUPID HEARTS COAT HANGER","10","2011-03-21 15:02:00","2.96","15311.0","EIRE","EMEA"
"540230","71053","WHITE METAL LANTERN","6","2011-04-23 13:59:00","3.37","14096.0","United Kingdom","EMEA"
"540230","85123A","WHITE HANGING HEART T-LIGHT HOLDER","2","2011-04-23 13:59:00","2.84","14096.0","United Kingdom","EMEA"
"540230","20685","DOORMAT RED RETROSPOT","8","2011-04-23 13:59:00","7.15","14096.0","United Kingdom","EMEA"
"540231","22633","HAND WARMER UNION JACK","7","2011-04-29 14:40:00","1.91","12583.0","Germany","EMEA"
"540231","84029E","RED WOOLLY HOTTIE WHITE HEART","10","2011-04-29 14:40:00","3.72","12583.0","Germany","EMEA"
"540231","22752","SET 7 BABUSHKA NESTING BOXES","5","2011-04-29 14:40:00","8.09","12583.0","Germany","EMEA"
"540232","84406B","CREAM CUPID HEARTS COAT HANGER","5","2011-04-07 10:51:00","2.92","13047.0","Australia","APAC"
"540232","84406B","CREAM CUPID HEARTS COAT HANGER","3","2011-04-07 10:51:00","2.72","13047.0","Australia","APAC"
"540233","85123A","WHITE HANGING HEART T-LIGHT HOLDER","8","2011-03-23 16:33:00","2.69","12583.0","EIRE","EMEA"
"540233","85099B","JUMBO BAG RED RETROSPOT","3","2011-03-23 16:33:00","1.9","12583.0","EIRE","EMEA"
"540233","84406B","CREAM CUPID HEARTS COAT HANGER","8","2011-03-23 16:33:00","2.65","12583.0","EIRE","EMEA"
"540234","21730","GLASS STAR FROSTED T-LIGHT HOLDER","2","2011-04-11 14:59:00","4.24","15311.0","Netherlands","EMEA"
"540234","20685","DOORMAT RED RETROSPOT","2","2011-04-11 14:59:00","7.05","15311.0","Netherlands","EMEA"
"540234","84406B","CREAM CUPID HEARTS COAT HANGER","4","2011-04-11 14:59:00","3.15","15311.0","Netherlands","EMEA"
"540235","20685","DOORMAT RED RETROSPOT","9","2011-04-22 09:16:00","7.01","15291.0","France","EMEA"
"540235","84406B","CREAM CUPID HEARTS COAT HANGER","10","2011-04-22 09:16:00","2.96","15291.0","France","EMEA"
"540235","20685","DOORMAT RED RETROSPOT","12","2011-04-22 09:16:00","7.18","15291.0","France","EMEA"
"540236","84029E","RED WOOLLY HOTTIE WHITE HEART","2","2011-03-30 12:48:00","3.68","14606.0","Australia","APAC"
"540236","84029E","RED WOOLLY HOTTIE WHITE HEART","1","2011-03-30 12:48:00","3.46","14606.0","Australia","APAC"
"540236","22632","HAND WARMER RED POLKA DOT","5","2011-03-30 12:48:00","1.86","14606.0","Australia","APAC"
"540237","20685","DOORMAT RED RETROSPOT","11","2011-03-16 13:47:00","7.47","15311.0","USA","AMER"
"540237","71053","WHITE METAL LANTERN","6","2011-03-16 13:47:00","3.62","15311.0","USA","AMER"
"540237","84406B","CREAM CUPID HEARTS COAT HANGER","8","2011-03-16 13:47:00","3.1","15311.0","USA","AMER"
"540238","47566","PARTY BUNTING","3","2011-03-11 16:23:00","4.98","17809.0","Spain","EMEA"
"540239","71053","WHITE METAL LANTERN","2","2011-04-15 11:10:00","3.33","15311.0","Belgium","EMEA"
"540239","84029E","RED WOOLLY HOTTIE WHITE HEART","8","2011-04-15 11:10:00","3.31","15311.0","Belgium","EMEA"
"540240","47566","PARTY BUNTING","7","2011-04-12 11:57:00","4.98","12583.0","Australia","APAC"
"540241","85099B","JUMBO BAG RED RETROSPOT","11","2011-04-11 08:57:00","1.61","16029.0","Germany","EMEA"
"540241","20685","DOORMAT RED RETROSPOT","11","2011-04-11 08:57:00","7.01","16029.0","Germany","EMEA"
"540241","85099B","JUMBO BAG RED RETROSPOT","7","2011-04-11 08:57:00","1.64","16029.0","Germany","EMEA"
"540242","71053","WHITE METAL LANTERN","3","2011-03-23 14:29:00","3.42","17809.0","USA","AMER"
"540242","85099B","JUMBO BAG RED RETROSPOT","1","2011-03-23 14:29:00","1.6","17809.0","USA","AMER"
"540243","84406B","CREAM CUPID HEARTS COAT HANGER","1","2011-03-03 10:06:00","3.15","15311.0","Spain","EMEA"
"540243","21730","GLASS STAR FROSTED T-LIGHT HOLDER","4","2011-03-03 10:06:00","4.25","15311.0","Spain","EMEA"
"540244","47566","PARTY BUNTING","5","2011-04-07 13:33:00","5.16","15311.0","Australia","APAC"
"540244","84406B","CREAM CUPID HEARTS COAT HANGER","9","2011-04-07 13:33:00","3.07","15311.0","Australia","APAC"
"540245","21730","GLASS STAR FROSTED T-LIGHT HOLDER","4","2011-03-08 10:24:00","4.17","14606.0","Belgium","EMEA"
"540245","47566","PARTY BUNTING","7","2011-03-08 10:24:00","5.15","14606.0","Belgium","EMEA"
"540246","71053","WHITE METAL LANTERN","8","2011-03-10 11:14:00","3.57","15291.0","France","EMEA"
"540247","22752","SET 7 BABUSHKA NESTING BOXES","12","2011-04-18 11:13:00","8.03","14606.0","Belgium","EMEA"
"540248","85099B","JUMBO BAG RED RETROSPOT","6","2011-03-31 13:52:00","1.84","13047.0","USA","AMER"
"540248","47566","PARTY BUNTING","6","2011-03-31 13:52:00","5.18","13047.0","USA","AMER"
"540249","85099B","JUMBO BAG RED RETROSPOT","7","2011-03-25 14:32:00","1.78","17850.0","USA","AMER"
"540249","85123A","WHITE HANGING HEART T-LIGHT HOLDER","10","2011-03-25 14:32:00","2.96","17850.0","USA","AMER"
"540249","85099B","JUMBO BAG RED RETROSPOT","9","2011-03-25 14:32:00","1.99","17850.0","USA","AMER"
"540250","22632","HAND WARMER RED POLKA DOT","7","2011-03-25 14:13:00","2.19","17809.0","Australia","APAC"
"540251","85123A","WHITE HANGING HEART T-LIGHT HOLDER","11","2011-04-05 12:04:00","3.03","15291.0","EIRE","EMEA"
"540252","84029E","RED WOOLLY HOTTIE WHITE HEART","10","2011-04-04 08:44:00","3.83","17809.0","Canada","AMER"
"540252","22752","SET 7 BABUSHKA NESTING BOXES","7","2011-04-04 08:44:00","7.95","17809.0","Canada","AMER"
"540253","84029G","KNITTED UNION FLAG HOT WATER BOTTLE","11","2011-03-28 10:56:00","3.62","17809.0","EIRE","EMEA"
"540254","71053","WHITE METAL LANTERN","8","2011-03-24 15:35:00","3.64","17809.0","Netherlands","EMEA"
"540255","84029E","RED WOOLLY HOTTIE WHITE HEART","11","2011-04-12 13:07:00","3.54","12583.0","EIRE","EMEA"
"540255","84029E","RED WOOLLY HOTTIE WHITE HEART","8","2011-04-12 13:07:00","3.84","12583.0","EIRE","EMEA"
"540256","21730","GLASS STAR FROSTED T-LIGHT HOLDER","11","2011-03-30 13:57:00","4.7","15311.0","France","EMEA"
"540256","47566","PARTY BUNTING","1","2011-03-30 13:57:00","5.45","15311.0","France","EMEA"
"540256","84406B","CREAM CUPID HEARTS COAT HANGER","5","2011-03-30 13:57:00","2.81","15311.0","France","EMEA"
"540257","71053","WHITE METAL LANTERN","7","2011-04-17 12:47:00","3.81","12583.0","Belgium","EMEA"
"540257","85099B","JUMBO BAG RED RETROSPOT","8","2011-04-17 12:47:00","1.71","12583.0","Belgium","EMEA"
"540257","22633","HAND WARMER UNION JACK","5","2011-04-17 12:47:00","2.07","12583.0","Belgium","EMEA"
"540258","47566","PARTY BUNTING","7","2011-04-20 16:14:00","4.88","17809.0","Canada","AMER"
"540258","84029E","RED WOOLLY HOTTIE WHITE HEART","9","2011-04-20 16:14:00","3.41","17809.0","Canada","AMER"
"540258","20685","DOORMAT RED RETROSPOT","2","2011-04-20 16:14:00","7.29","17809.0","Canada","AMER"
"540259","22632","HAND WARMER RED POLKA DOT","6","2011-04-23 09:19:00","1.77","15291.0","Germany","EMEA"
"540260","84029E","RED WOOLLY HOTTIE WHITE HEART","11","2011-03-29 14:15:00","3.82","15291.0","Germany","EMEA"
"540260","84029E","RED WOOLLY HOTTIE WHITE HEART","1","2011-03-29 14:15:00","3.53","15291.0","Germany","EMEA"
"540261","85099B","JUMBO BAG RED RETROSPOT","10","2011-03-12 12:30:00","2.03","15291.0","USA","AMER"
"540262","84029G","KNITTED UNION FLAG HOT WATER BOTTLE","1","2011-04-09 15:34:00","3.67","12583.0","France","EMEA"
"540263","84406B","CREAM CUPID HEARTS COAT HANGER","11","2011-03-06 15:36:00","2.76","16029.0","Canada","AMER"
"540263","47566","PARTY BUNTING","4","2011-03-06 15:36:00","5.29","16029.0","Canada","AMER"
"540263","85099B","JUMBO BAG RED RETROSPOT","10","2011-03-06 15:36:00","1.87","16029.0","Canada","AMER"
"540264","84029G","KNITTED UNION FLAG HOT WATER BOTTLE","3","2011-03-23 13:54:00","3.58","15291.0","United Kingdom","EMEA"
"540264","85099B","JUMBO BAG RED RETROSPOT","8","2011-03-23 13:54:00","1.83","15291.0","United Kingdom","EMEA"
"540264","22752","SET 7 BABUSHKA NESTING BOXES","6","2011-03-23 13:54:00","7.95","15291.0","United Kingdom","EMEA"
"540265","85099B","JUMBO BAG RED RETROSPOT","11","2011-03-06 16:04:00","2.14","13777.0","EIRE","EMEA"
"540266","21730","GLASS STAR FROSTED T-LIGHT HOLDER","11","2011-04-27 15:27:00","4.34","14606.0","France","EMEA"
"540266","47566","PARTY BUNTING","1","2011-04-27 15:27:00","5.05","14606.0","France","EMEA"
"540267","22633","HAND WARMER UNION JACK","5","2011-04-11 15:22:00","1.92","16029.0","Spain","EMEA"
"540268","22632","HAND WARMER RED POLKA DOT","5","2011-04-10 13:36:00","1.95","13047.0","United Kingdom","EMEA"
"540269","84029G","KNITTED UNION FLAG HOT WATER BOTTLE","3","2011-04-29 14:08:00","3.79","17809.0","Spain","EMEA"
"540269","22633","HAND WARMER UNION JACK","10","2011-04-29 14:08:00","1.81","17809.0","Spain","EMEA"
"540270","21730","GLASS STAR FROSTED T-LIGHT HOLDER","5","2011-04-23 16:41:00","4.26","13047.0","United Kingdom","EMEA"
"540270","22752","SET 7 BABUSHKA NESTING BOXES","12","2011-04-23 16:41:00","7.83","13047.0","United Kingdom","EMEA"
"540270","21730","GLASS STAR FROSTED T-LIGHT HOLDER","2","2011-04-23 16:41:00","4.45","13047.0","United Kingdom","EMEA"
"540271","84406B","CREAM CUPID HEARTS COAT HANGER","1","2011-04-19 10:31:00","3.15","13777.0","Canada","AMER"
"540272","84029E","RED WOOLLY HOTTIE WHITE HEART","7","2011-03-23 13:43:00","3.64","14606.0","Canada","AMER"
"540273","84029E","RED WOOLLY HOTTIE WHITE HEART","5","2011-03-06 12:09:00","3.6","14096.0","France","EMEA"
"540273","47566","PARTY BUNTING","5","2011-03-06 12:09:00","4.91","14096.0","France","EMEA"
"540274","22632","HAND WARMER RED POLKA DOT","10","2011-03-11 11:03:00","1.99","13777.0","Netherlands","EMEA"
"540274","85099B","JUMBO BAG RED RETROSPOT","3","2011-03-11 11:03:00","2.14","13777.0","Netherlands","EMEA"
"540275","22752","SET 7 BABUSHKA NESTING BOXES","2","2011-03-18 14:22:00","7.83","14606.0","Canada","AMER"
"540275","84029G","KNITTED UNION FLAG HOT WATER BOTTLE","8","2011-03-18 14:22:00","3.37","14606.0","Canada","AMER"
"540276","22632","HAND WARMER RED POLKA DOT","10","2011-04-02 10:12:00","1.84","15311.0","France","EMEA"
"540276","21730","GLASS STAR FROSTED T-LIGHT HOLDER","6","2011-04-02 10:12:00","4.48","15311.0","France","EMEA"
"540277","22632","HAND WARMER RED POLKA DOT","3","2011-03-31 14:44:00","2.07","15311.0","Belgium","EMEA"
"540277","84029E","RED WOOLLY HOTTIE WHITE HEART","11","2011-03-31 14:44:00","3.38","15311.0","Belgium","EMEA"
"540278","84029G","KNITTED UNION FLAG HOT WATER BOTTLE","12","2011-03-13 15:58:00","3.51","14606.0","Canada","AMER"
"540278","85099B","JUMBO BAG RED RETROSPOT","2","2011-03-13 15:58:00","2.12","14606.0","Canada","AMER"
"540279","22632","HAND WARMER RED POLKA DOT","5","2011-04-02 08:56:00","2.1","17809.0","Germany","EMEA"
"540279","85099B","JUMBO BAG RED RETROSPOT","11","2011-04-02 08:56:00","1.9","17809.0","Germany","EMEA"
"540279","84029E","RED WOOLLY HOTTIE WHITE HEART","8","2011-04-02 08:56:00","3.55","17809.0","Germany","EMEA"
"540280","84406B","CREAM CUPID HEARTS COAT HANGER","5","2011-03-15 16:29:00","2.98","13777.0","France","EMEA"
"540280","21730","GLASS STAR FROSTED T-LIGHT HOLDER","4","2011-03-15 16:29:00","4.34","13777.0","France","EMEA"
"540281","47566","PARTY BUNTING","4","2011-03-08 14:54:00","4.98","12583.0","France","EMEA"
"540281","22752","SET 7 BABUSHKA NESTING BOXES","11","2011-03-08 14:54:00","8.13","12583.0","France","EMEA"
"540281","84029G","KNITTED UNION FLAG HOT WATER BOTTLE","7","2011-03-08 14:54:00","3.84","12583.0","France","EMEA"
"540282","20685","DOORMAT RED RETROSPOT","10","2011-04-22 14:38:00","7.2","12583.0","EIRE","EMEA"
"540282","22633","HAND WARMER UNION JACK","7","2011-04-22 14:38:00","2.06","12583.0","EIRE","EMEA"
"540283","84029E","RED WOOLLY HOTTIE WHITE HEART","11","2011-03-04 09:38:00","3.76","14606.0","France","EMEA"
"540283","84406B","CREAM CUPID HEARTS COAT HANGER","3","2011-03-04 09:38:00","3.0","14606.0","France","EMEA"
"540283","20685","DOORMAT RED RETROSPOT","5","2011-03-04 09:38:00","7.57","14606.0","France","EMEA"
"540284","47566","PARTY BUNTING","10","2011-04-10 16:52:00","5.28","14606.0","EIRE","EMEA"
"540285","47566","PARTY BUNTING","12","2011-03-26 12:39:00","4.95","12583.0","Canada","AMER"
"540286","84029E","RED WOOLLY HOTTIE WHITE HEART","5","2011-04-26 09:29:00","3.66","12583.0","USA","AMER"
"540286","22752","SET 7 BABUSHKA NESTING BOXES","10","2011-04-26 09:29:00","7.94","12583.0","USA","AMER"
"540286","21730","GLASS STAR FROSTED T-LIGHT HOLDER","8","2011-04-26 09:29:00","4.28","12583.0","USA","AMER"
"540287","47566","PARTY BUNTING","7","2011-03-07 10:07:00","4.89","13047.0","France","EMEA"
"540287","22633","HAND WARMER UNION JACK","3","2011-03-07 10:07:00","2.2","13047.0","France","EMEA"
"540287","85123A","WHITE HANGING HEART T-LIGHT HOLDER","1","2011-03-07 10:07:00","2.49","13047.0","France","EMEA"
"540288","84406B","CREAM CUPID HEARTS COAT HANGER","3","2011-03-30 09:34:00","3.23","12583.0","Canada","AMER"
"540289","21730","GLASS STAR FROSTED T-LIGHT HOLDER","12","2011-04-20 12:16:00","4.44","16029.0","United Kingdom","EMEA"
"540289","85123A","WHITE HANGING HEART T-LIGHT HOLDER","8","2011-04-20 12:16:00","2.67","16029.0","United Kingdom","EMEA"
"540289","84029E","RED WOOLLY HOTTIE WHITE HEART","7","2011-04-20 12:16:00","3.79","16029.0","United Kingdom","EMEA"
"540290","84029E","RED WOOLLY HOTTIE WHITE HEART","2","2011-03-17 15:06:00","3.34","12583.0","France","EMEA"
"540290","22633","HAND WARMER UNION JACK","4","2011-03-17 15:06:00","2.23","12583.0","France","EMEA"
"540290","47566","PARTY BUNTING","11","2011-03-17 15:06:00","5.31","12583.0","France","EMEA"
"540291","21730","GLASS STAR FROSTED T-LIGHT HOLDER","2","2011-03-03 14:31:00","4.72","17809.0","Spain","EMEA"
"540291","21730","GLASS STAR FROSTED T-LIGHT HOLDER","12","2011-03-03 14:31:00","4.22","17809.0","Spain","EMEA"
"540292","84029G","KNITTED UNION FLAG HOT WATER BOTTLE","10","2011-03-25 14:37:00","3.34","13777.0","Australia","APAC"
"540293","20685","DOORMAT RED RETROSPOT","11","2011-04-19 16:12:00","7.35","15291.0","Canada","AMER"
"540294","84029G","KNITTED UNION FLAG HOT WATER BOTTLE","12","2011-03-22 10:29:00","3.54","16029.0","EIRE","EMEA"
"540294","84029E","RED WOOLLY HOTTIE WHITE HEART","2","2011-03-22 10:29:00","3.4","16029.0","EIRE","EMEA"
"540295","84029E","RED WOOLLY HOTTIE WHITE HEART","12","2011-03-01 12:29:00","3.46","17809.0","Spain","EMEA"
"540295","84029E","RED WOOLLY HOTTIE WHITE HEART","4","2011-03-01 12:29:00","3.6","17809.0","Spain","EMEA"
"540295","22633","HAND WARMER UNION JACK","4","2011-03-01 12:29:00","2.1","17809.0","Spain","EMEA"
"540296","20685","DOORMAT RED RETROSPOT","6","2011-03-08 11:26:00","7.44","13777.0","United Kingdom","EMEA"
"540296","85099B","JUMBO BAG RED RETROSPOT","10","2011-03-08 11:26:00","1.62","13777.0","United Kingdom","EMEA"
"540296","85123A","WHITE HANGING HEART T-LIGHT HOLDER","7","2011-03-08 11:26:00","2.51","13777.0","United Kingdom","EMEA"
"540297","47566","PARTY BUNTING","12","2011-03-17 14:55:00","5.01","17809.0","Netherlands","EMEA"
"540298","84029G","KNITTED UNION FLAG HOT WATER BOTTLE","6","2011-03-31 10:52:00","3.65","17850.0","Germany","EMEA"
"540298","22752","SET 7 BABUSHKA NESTING BOXES","2","2011-03-31 10:52:00","7.58","17850.0","Germany","EMEA"
"540299","85123A","WHITE HANGING HEART T-LIGHT HOLDER","3","2011-04-11 13:29:00","2.75","14606.0","Netherlands","EMEA"
"540300","84029E","RED WOOLLY HOTTIE WHITE HEART","8","2011-04-14 10:07:00","3.52","12583.0","Canada","AMER"
"540300","84406B","CREAM CUPID HEARTS COAT HANGER","9","2011-04-14 10:07:00","3.02","12583.0","Canada","AMER"
"540300","22632","HAND WARMER RED POLKA DOT","10","2011-04-14 10:07:00","2.34","12583.0","Canada","AMER"
"540301","71053","WHITE METAL LANTERN","11","2011-04-05 08:12:00","3.77","12583.0","Spain","EMEA"
"540302","22633","HAND WARMER UNION JACK","6","2011-04-20 14:07:00","2.09","14606.0","USA","AMER"
"540302","84406B","CREAM CUPID HEARTS COAT HANGER","7","2011-04-20 14:07:00","3.23","14606.0","USA","AMER"
"540302","22752","SET 7 BABUSHKA NESTING BOXES","10","2011-04-20 14:07:00","7.9","14606.0","USA","AMER"
"540303","22752","SET 7 BABUSHKA NESTING BOXES","9","2011-04-04 16:57:00","7.88","15291.0","Australia","APAC"
"540303","85099B","JUMBO BAG RED RETROSPOT","12","2011-04-04 16:57:00","1.98","15291.0","Australia","APAC"
"540303","22632","HAND WARMER RED POLKA DOT","2","2011-04-04 16:57:00","2.06","15291.0","Australia","APAC"
"540304","22633","HAND WARMER UNION JACK","2","2011-03-30 10:56:00","2.06","14096.0","Belgium","EMEA"
"540304","22752","SET 7 BABUSHKA NESTING BOXES","1","2011-03-30 10:56:00","7.95","14096.0","Belgium","EMEA"
"540304","22632","HAND WARMER RED POLKA DOT","12","2011-03-30 10:56:00","1.8","14096.0","Belgium","EMEA"
"540305","22632","HAND WARMER RED POLKA DOT","1","2011-04-18 16:03:00","1.97","17809.0","EIRE","EMEA"
"540305","22633","HAND WARMER UNION JACK","10","2011-04-18 16:03:00","1.8","17809.0","EIRE","EMEA"
"540306","85099B","JUMBO BAG RED RETROSPOT","9","2011-04-30 10:41:00","1.65","16029.0","EIRE","EMEA"
"540307","84029E","RED WOOLLY HOTTIE WHITE HEART","12","2011-04-03 14:10:00","3.42","13047.0","Germany","EMEA"
"540307","85123A","WHITE HANGING HEART T-LIGHT HOLDER","12","2011-04-03 14:10:00","2.99","13047.0","Germany","EMEA"
"540307","71053","WHITE METAL LANTERN","2","2011-04-03 14:10:00","3.72","13047.0","Germany","EMEA"
"540308","85123A","WHITE HANGING HEART T-LIGHT HOLDER","4","2011-04-12 14:21:00","2.97","15291.0","EIRE","EMEA"
"540309","22752","SET 7 BABUSHKA NESTING BOXES","8","2011-04-11 13:41:00","7.75","14096.0","Belgium","EMEA"
"540309","22632","HAND WARMER RED POLKA DOT","5","2011-04-11 13:41:00","2.17","14096.0","Belgium","EMEA"
"540310","47566","PARTY BUNTING","1","2011-04-19 09:19:00","4.86","15291.0","EIRE","EMEA"
"540311","22752","SET 7 BABUSHKA NESTING BOXES","9","2011-04-18 10:08:00","7.62","15311.0","Belgium","EMEA"
"540311","21730","GLASS STAR FROSTED T-LIGHT HOLDER","1","2011-04-18 10:08:00","4.61","15311.0","Belgium","EMEA"
"540312","22633","HAND WARMER UNION JACK","10","2011-04-25 15:45:00","2.13","15311.0","France","EMEA"
"540313","84029E","RED WOOLLY HOTTIE WHITE HEART","12","2011-04-30 13:51:00","3.79","17850.0","Netherlands","EMEA"
"540313","47566","PARTY BUNTING","6","2011-04-30 13:51:00","4.95","17850.0","Netherlands","EMEA"
"540314","85099B","JUMBO BAG RED RETROSPOT","7","2011-04-10 16:56:00","2.13","14606.0","France","EMEA"
"540315","85099B","JUMBO BAG RED RETROSPOT","9","2011-03-10 08:23:00","1.76","12583.0","Spain","EMEA"
"540315","47566","PARTY BUNTING","3","2011-03-10 08:23:00","5.32","12583.0","Spain","EMEA"
"540315","22633","HAND WARMER UNION JACK","6","2011-03-10 08:23:00","2.28","12583.0","Spain","EMEA"
"540316","22633","HAND WARMER UNION JACK","4","2011-04-11 11:43:00","1.84","17850.0","EIRE","EMEA"
"540317","84029E","RED WOOLLY HOTTIE WHITE HEART","1","2011-04-06 09:45:00","3.76","12583.0","Australia","APAC"
"540317","85099B","JUMBO BAG RED RETROSPOT","3","2011-04-06 09:45:00","1.81","12583.0","Australia","APAC"
"540317","22632","HAND WARMER RED POLKA DOT","1","2011-04-06 09:45:00","2.07","12583.0","Australia","APAC"
"540318","85123A","WHITE HANGING HEART T-LIGHT HOLDER","7","2011-04-29 13:21:00","2.84","15311.0","Belgium","EMEA"
"540318","21730","GLASS STAR FROSTED T-LIGHT HOLDER","7","2011-04-29 13:21:00","4.74","15311.0","Belgium","EMEA"
"540319","71053","WHITE METAL LANTERN","4","2011-03-03 15:37:00","3.75","14606.0","Netherlands","EMEA"
"540319","22633","HAND WARMER UNION JACK","1","2011-03-03 15:37:00","1.95","14606.0","Netherlands","EMEA"
"540319","85099B","JUMBO BAG RED RETROSPOT","2","2011-03-03 15:37:00","1.62","14606.0","Netherlands","EMEA"
"540320","84029G","KNITTED UNION FLAG HOT WATER BOTTLE","6","2011-04-11 10:55:00","3.84","13777.0","France","EMEA"
"540321","84406B","CREAM CUPID HEARTS COAT HANGER","12","2011-03-30 16:13:00","2.69","17809.0","France","EMEA"
"540321","20685","DOORMAT RED RETROSPOT","7","2011-03-30 16:13:00","7.3","17809.0","France","EMEA"
"540322","85123A","WHITE HANGING HEART T-LIGHT HOLDER","2","2011-03-21 13:09:00","2.57","14096.0","Netherlands","EMEA"
"540322","84406B","CREAM CUPID HEARTS COAT HANGER","1","2011-03-21 13:09:00","2.87","14096.0","Netherlands","EMEA"
"540323","84406B","CREAM CUPID HEARTS COAT HANGER","12","2011-03-07 12:02:00","2.67","13777.0","EIRE","EMEA"
"540323","22633","HAND WARMER UNION JACK","2","2011-03-07 12:02:00","1.86","13777.0","EIRE","EMEA"
"540323","22633","HAND WARMER UNION JACK","8","2011-03-07 12:02:00","2.34","13777.0","EIRE","EMEA"
"540324","85099B","JUMBO BAG RED RETROSPOT","7","2011-03-07 14:16:00","1.58","17850.0","Germany","EMEA"
"540324","84406B","CREAM CUPID HEARTS COAT HANGER","12","2011-03-07 14:16:00","3.04","17850.0","Germany","EMEA"
"540324","84406B","CREAM CUPID HEARTS COAT HANGER","2","2011-03-07 14:16:00","3.05","17850.0","Germany","EMEA"
"540325","85099B","JUMBO BAG RED RETROSPOT","8","2011-03-09 14:22:00","1.75","13777.0","France","EMEA"
"540325","22752","SET 7 BABUSHKA NESTING BOXES","3","2011-03-09 14:22:00","7.92","13777.0","France","EMEA"
"540325","85099B","JUMBO BAG RED RETROSPOT","12","2011-03-09 14:22:00","2.05","13777.0","France","EMEA"
"540326","85123A","WHITE HANGING HEART T-LIGHT HOLDER","3","2011-03-16 11:40:00","3.03","13777.0","Belgium","EMEA"
"540326","47566","PARTY BUNTING","4","2011-03-16 11:40:00","5.34","13777.0","Belgium","EMEA"
"540327","71053","WHITE METAL LANTERN","11","2011-04-21 13:48:00","3.87","15291.0","Spain","EMEA"
"540327","71053","WHITE METAL LANTERN","7","2011-04-21 13:48:00","3.31","15291.0","Spain","EMEA"
"540327","22632","HAND WARMER RED POLKA DOT","12","2011-04-21 13:48:00","2.06","15291.0","Spain","EMEA"
"540328","84029E","RED WOOLLY HOTTIE WHITE HEART","3","2011-03-28 12:39:00","3.3","13047.0","France","EMEA"
"540328","84406B","CREAM CUPID HEARTS COAT HANGER","8","2011-03-28 12:39:00","3.15","13047.0","France","EMEA"
"540328","71053","WHITE METAL LANTERN","9","2011-03-28 12:39:00","3.7","13047.0","France","EMEA"
"540329","22752","SET 7 BABUSHKA NESTING BOXES","4","2011-03-20 12:34:00","8.13","12583.0","Netherlands","EMEA"
"540330","71053","WHITE METAL LANTERN","6","2011-04-05 10:56:00","3.68","14096.0","France","EMEA"
"540330","20685","DOORMAT RED RETROSPOT","6","2011-04-05 10:56:00","7.23","14096.0","France","EMEA"
"540331","84406B","CREAM CUPID HEARTS COAT HANGER","5","2011-03-09 08:04:00","2.95","16029.0","Germany","EMEA"
"540331","84029E","RED WOOLLY HOTTIE WHITE HEART","5","2011-03-09 08:04:00","3.36","16029.0","Germany","EMEA"
"540331","71053","WHITE METAL LANTERN","11","2011-03-09 08:04:00","3.5","16029.0","Germany","EMEA"
"540332","47566","PARTY BUNTING","1","2011-03-25 09:34:00","5.14","16029.0","EIRE","EMEA"
"540332","22632","HAND WARMER RED POLKA DOT","4","2011-03-25 09:34:00","1.79","16029.0","EIRE","EMEA"
"540333","85099B","JUMBO BAG RED RETROSPOT","11","2011-04-06 11:43:00","2.03","14606.0","EIRE","EMEA"
"540334","47566","PARTY BUNTING","11","2011-04-07 13:06:00","5.35","14096.0","France","EMEA"
"540334","71053","WHITE METAL LANTERN","4","2011-04-07 13:06:00","3.4","14096.0","France","EMEA"
"540335","22633","HAND WARMER UNION JACK","5","2011-03-21 11:48:00","2.22","15291.0","Netherlands","EMEA"
"540336","84406B","CREAM CUPID HEARTS COAT HANGER","11","2011-03-04 12:33:00","2.93","15291.0","Netherlands","EMEA"
"540336","85099B","JUMBO BAG RED RETROSPOT","5","2011-03-04 12:33:00","1.64","15291.0","Netherlands","EMEA"
"540336","84029G","KNITTED UNION FLAG HOT WATER BOTTLE","11","2011-03-04 12:33:00","3.4","15291.0","Netherlands","EMEA"
"540337","20685","DOORMAT RED RETROSPOT","8","2011-03-01 09:19:00","7.09","16029.0","EIRE","EMEA"
"540337","85123A","WHITE HANGING HEART T-LIGHT HOLDER","9","2011-03-01 09:19:00","2.96","16029.0","EIRE","EMEA"
"540337","47566","PARTY BUNTING","2","2011-03-01 09:19:00","4.93","16029.0","EIRE","EMEA"
"540338","71053","WHITE METAL LANTERN","1","2011-04-10 16:10:00","3.49","13777.0","EIRE","EMEA"
"540338","22633","HAND WARMER UNION JACK","12","2011-04-10 16:10:00","2.33","13777.0","EIRE","EMEA"
"540339","85123A","WHITE HANGING HEART T-LIGHT HOLDER","7","2011-04-30 16:57:00","2.68","15311.0","EIRE","EMEA"
"540339","84406B","CREAM CUPID HEARTS COAT HANGER","6","2011-04-30 16:57:00","2.9","15311.0","EIRE","EMEA"
"540339","22633","HAND WARMER UNION JACK","1","2011-04-30 16:57:00","1.96","15311.0","EIRE","EMEA"
"540340","22752","SET 7 BABUSHKA NESTING BOXES","7","2011-03-13 13:15:00","7.75","14606.0","EIRE","EMEA"
"540340","84406B","CREAM CUPID HEARTS COAT HANGER","7","2011-03-13 13:15:00","2.94","14606.0","EIRE","EMEA"
"540341","22633","HAND WARMER UNION JACK","12","2011-04-16 13:21:00","1.91","14606.0","EIRE","EMEA"
"540341","84029E","RED WOOLLY HOTTIE WHITE HEART","5","2011-04-16 13:21:00","3.64","14606.0","EIRE","EMEA"
"540342","22632","HAND WARMER RED POLKA DOT","4","2011-03-05 08:42:00","2.04","13047.0","Australia","APAC"
"540343","84029E","RED WOOLLY HOTTIE WHITE HEART","2","2011-04-06 16:02:00","3.69","13777.0","USA","AMER"
"540344","22632","HAND WARMER RED POLKA DOT","6","2011-03-28 15:12:00","2.26","17809.0","Belgium","EMEA"
"540344","20685","DOORMAT RED RETROSPOT","5","2011-03-28 15:12:00","7.57","17809.0","Belgium","EMEA"
"540344","22632","HAND WARMER RED POLKA DOT","9","2011-03-28 15:12:00","1.78","17809.0","Belgium","EMEA"
"540345","85123A","WHITE HANGING HEART T-LIGHT HOLDER","6","2011-03-21 11:39:00","2.98","12583.0","Germany","EMEA"
"540346","47566","PARTY BUNTING","7","2011-04-26 13:45:00","4.97","13047.0","France","EMEA"
"540347","22752","SET 7 BABUSHKA NESTING BOXES","12","2011-03-01 10:18:00","8.04","14606.0","United Kingdom","EMEA"
"540347","22633","HAND WARMER UNION JACK","2","2011-03-01 10:18:00","2.11","14606.0","United Kingdom","EMEA"
"540348","22632","HAND WARMER RED POLKA DOT","4","2011-04-30 13:08:00","2.2","14606.0","Canada","AMER"
"540348","71053","WHITE METAL LANTERN","6","2011-04-30 13:08:00","3.43","14606.0","Canada","AMER"
"540349","85099B","JUMBO BAG RED RETROSPOT","1","2011-03-27 08:06:00","1.77","16029.0","USA","AMER"
"540350","84029E","RED WOOLLY HOTTIE WHITE HEART","10","2011-03-29 13:12:00","3.7","12583.0","France","EMEA"
"540350","22752","SET 7 BABUSHKA NESTING BOXES","9","2011-03-29 13:12:00","7.95","12583.0","France","EMEA"
"540350","22752","SET 7 BABUSHKA NESTING BOXES","7","2011-03-29 13:12:00","7.83","12583.0","France","EMEA"
"540351","84406B","CREAM CUPID HEARTS COAT HANGER","6","2011-03-26 11:10:00","3.07","15311.0","Spain","EMEA"
"540351","84029G","KNITTED UNION FLAG HOT WATER BOTTLE","3","2011-03-26 11:10:00","3.7","15311.0","Spain","EMEA"
"540352","20685","DOORMAT RED RETROSPOT","2","2011-03-31 16:58:00","7.28","13777.0","Belgium","EMEA"
"540352","85099B","JUMBO BAG RED RETROSPOT","12","2011-03-31 16:58:00","1.99","13777.0","Belgium","EMEA"
"540353","22633","HAND WARMER UNION JACK","2","2011-04-22 14:23:00","2.33","12583.0","France","EMEA"
"540353","84029E","RED WOOLLY HOTTIE WHITE HEART","2","2011-04-22 14:23:00","3.6","12583.0","France","EMEA"
"540353","84029G","KNITTED UNION FLAG HOT WATER BOTTLE","5","2011-04-22 14:23:00","3.74","12583.0","France","EMEA"
"540354","84406B","CREAM CUPID HEARTS COAT HANGER","7","2011-03-30 16:19:00","2.84","13777.0","Australia","APAC"
"540354","22633","HAND WARMER UNION JACK","10","2011-03-30 16:19:00","2.06","13777.0","Australia","APAC"
"540354","84029E","RED WOOLLY HOTTIE WHITE HEART","4","2011-03-30 16:19:00","3.52","13777.0","Australia","APAC"
"540355","71053","WHITE METAL LANTERN","2","2011-03-31 09:43:00","3.82","13047.0","United Kingdom","EMEA"
"540356","22632","HAND WARMER RED POLKA DOT","4","2011-04-17 16:04:00","2.18","17850.0","EIRE","EMEA"
"540357","20685","DOORMAT RED RETROSPOT","11","2011-04-24 14:03:00","7.5","12583.0","Australia","APAC"
"540357","20685","DOORMAT RED RETROSPOT","5","2011-04-24 14:03:00","7.22","12583.0","Australia","APAC"
"540357","84029G","KNITTED UNION FLAG HOT WATER BOTTLE","2","2011-04-24 14:03:00","3.56","12583.0","Australia","APAC"
"540358","22633","HAND WARMER UNION JACK","4","2011-03-16 14:53:00","2.13","12583.0","United Kingdom","EMEA"
"540358","21730","GLASS STAR FROSTED T-LIGHT HOLDER","4","2011-03-16 14:53:00","4.41","12583.0","United Kingdom","EMEA"
"540358","47566","PARTY BUNTING","7","2011-03-16 14:53:00","5.21","12583.0","United Kingdom","EMEA"
"540359","71053","WHITE METAL LANTERN","8","2011-03-29 08:01:00","3.73","15291.0","Australia","APAC"
"540359","22752","SET 7 BABUSHKA NESTING BOXES","4","2011-03-29 08:01:00","7.87","15291.0","Australia","APAC"
"540359","22632","HAND WARMER RED POLKA DOT","4","2011-03-29 08:01:00","1.83","15291.0","Australia","APAC"
"540360","84406B","CREAM CUPID HEARTS COAT HANGER","9","2011-04-24 12:00:00","3.24","13777.0","Canada","AMER"
"540361","85123A","WHITE HANGING HEART T-LIGHT HOLDER","4","2011-04-30 12:15:00","2.66","14096.0","Germany","EMEA"
"540362","22632","HAND WARMER RED POLKA DOT","2","2011-03-05 16:04:00","2.33","17850.0","Canada","AMER"
"540362","84406B","CREAM CUPID HEARTS COAT HANGER","2","2011-03-05 16:04:00","3.03","17850.0","Canada","AMER"
"540362","22752","SET 7 BABUSHKA NESTING BOXES","1","2011-03-05 16:04:00","8.15","17850.0","Canada","AMER"
"540363","20685","DOORMAT RED RETROSPOT","1","2011-03-05 10:43:00","7.49","15291.0","EIRE","EMEA"
"540363","84029E","RED WOOLLY HOTTIE WHITE HEART","7","2011-03-05 10:43:00","3.67","15291.0","EIRE","EMEA"
"540364","84029G","KNITTED UNION FLAG HOT WATER BOTTLE","12","2011-04-23 13:39:00","3.53","17809.0","Canada","AMER"
"540364","85099B","JUMBO BAG RED RETROSPOT","7","2011-04-23 13:39:00","1.75","17809.0","Canada","AMER"
