"InvoiceNo","StockCode","Description","Quantity","InvoiceDate","UnitPrice","CustomerID","Country","PromoCode"
"538365","22632","HAND WARMER RED POLKA DOT","11","2011-01-19 09:53:00","2.21","12583.0","Netherlands","SUMMER10"
"538365","22632","HAND WARMER RED POLKA DOT","12","2011-01-19 09:53:00","2.28","12583.0","Netherlands",""
"538365","22752","SET 7 BABUSHKA NESTING BOXES","5","2011-01-19 09:53:00","8.04","12583.0","Netherlands",""
"538366","22632","HAND WARMER RED POLKA DOT","4","2011-01-04 15:04:00","1.86","14606.0","EIRE",""
"538366","85123A","WHITE HANGING HEART T-LIGHT HOLDER","7","2011-01-04 15:04:00","2.85","14606.0","EIRE",""
"538366","20685","DOORMAT RED RETROSPOT","2","2011-01-04 15:04:00","7.51","14606.0","EIRE","SUMMER10"
"538366","47566","PARTY BUNTING","10","2011-01-04 15:04:00","5.15","14606.0","EIRE",""
"538367","20685","DOORMAT RED RETROSPOT","12","2010-12-27 09:38:00","7.52","13777.0","France","NEWCUST"
"538367","22632","HAND WARMER RED POLKA DOT","1","2010-12-27 09:38:00","1.85","13777.0","France",""
"538367","84406B","CREAM CUPID HEARTS COAT HANGER","8","2010-12-27 09:38:00","2.81","13777.0","France",""
"538368","22752","SET 7 BABUSHKA NESTING BOXES","12","2011-01-27 12:13:00","7.56","12583.0","Spain",""
"538369","85099B","JUMBO BAG RED RETROSPOT","7","2010-12-23 11:38:00","2.08","15291.0","Spain","BULK5"
"538370","85099B","JUMBO BAG RED RETROSPOT","4","2010-12-11 12:39:00","1.72","16029.0","Netherlands","BULK5"
"538371","84029G","KNITTED UNION FLAG HOT WATER BOTTLE","1","2011-01-19 15:28:00","3.55","17809.0","France",""
"538371","22752","SET 7 BABUSHKA NESTING BOXES","6","2011-01-19 15:28:00","7.93","17809.0","France",""
"538371","71053","WHITE METAL LANTERN","11","2011-01-19 15:28:00","3.64","17809.0","France","SUMMER10"
"538371","22632","HAND WARMER RED POLKA DOT","1","2011-01-19 15:28:00","1.98","17809.0","France","NEWCUST"
"538372","47566","PARTY BUNTING","8","2011-01-05 15:54:00","5.11","17809.0","France",""
"538372","84406B","CREAM CUPID HEARTS COAT HANGER","6","2011-01-05 15:54:00","3.04","17809.0","France",""
"538372","21730","GLASS STAR FROSTED T-LIGHT HOLDER","3","2011-01-05 15:54:00","4.23","17809.0","France",""
"538373","84406B","CREAM CUPID HEARTS COAT HANGER","5","2011-01-08 09:35:00","2.84","15291.0","Spain",""
"538373","84029G","KNITTED UNION FLAG HOT WATER BOTTLE","12","2011-01-08 09:35:00","3.79","15291.0","Spain",""
"538374","85123A","WHITE HANGING HEART T-LIGHT HOLDER","10","2011-01-19 10:02:00","2.55","14606.0","France","NEWCUST"
"538374","20685","DOORMAT RED RETROSPOT","10","2011-01-19 10:02:00","7.34","14606.0","France",""
"538374","85099B","JUMBO BAG RED RETROSPOT","11","2011-01-19 10:02:00","1.95","14606.0","France",""
"538374","84406B","CREAM CUPID HEARTS COAT HANGER","9","2011-01-19 10:02:00","2.65","14606.0","France","SUMMER10"
"538375","22752","SET 7 BABUSHKA NESTING BOXES","9","2011-01-03 16:05:00","7.74","13047.0","Australia","NEWCUST"
"538375","20685","DOORMAT RED RETROSPOT","12","2011-01-03 16:05:00","7.08","13047.0","Australia",""
"538375","47566","PARTY BUNTING","12","2011-01-03 16:05:00","4.97","13047.0","Australia",""
"538375","84406B","CREAM CUPID HEARTS COAT HANGER","6","2011-01-03 16:05:00","2.86","13047.0","Australia","SUMMER10"
"538376","20685","DOORMAT RED RETROSPOT","7","2010-12-13 12:39:00","7.26","14606.0","Netherlands","SUMMER10"
"538376","47566","PARTY BUNTING","11","2010-12-13 12:39:00","5.14","14606.0","Netherlands",""
"538376","47566","PARTY BUNTING","4","2010-12-13 12:39:00","5.23","14606.0","Netherlands","SUMMER10"
"538376","85099B","JUMBO BAG RED RETROSPOT","2","2010-12-13 12:39:00","2.01","14606.0","Netherlands",""
"538377","85123A","WHITE HANGING HEART T-LIGHT HOLDER","2","2010-12-02 09:35:00","2.59","13047.0","Germany","NEWCUST"
"538377","22632","HAND WARMER RED POLKA DOT","11","2010-12-02 09:35:00","2.14","13047.0","Germany",""
"538378","84406B","CREAM CUPID HEARTS COAT HANGER","11","2010-12-13 13:31:00","3.2","14096.0","United Kingdom","BULK5"
"538378","84029E","RED WOOLLY HOTTIE WHITE HEART","5","2010-12-13 13:31:00","3.31","14096.0","United Kingdom",""
"538379","85123A","WHITE HANGING HEART T-LIGHT HOLDER","8","2010-12-29 15:11:00","2.62","13047.0","France",""
"538380","84029E","RED WOOLLY HOTTIE WHITE HEART","4","2010-12-31 14:41:00","3.63","12583.0","France","SUMMER10"
"538380","22633","HAND WARMER UNION JACK","3","2010-12-31 14:41:00","1.85","12583.0","France","BULK5"
"538380","20685","DOORMAT RED RETROSPOT","8","2010-12-31 14:41:00","7.18","12583.0","France",""
"538380","22632","HAND WARMER RED POLKA DOT","12","2010-12-31 14:41:00","2.17","12583.0","France","BULK5"
"538381","22752","SET 7 BABUSHKA NESTING BOXES","10","2011-01-03 13:38:00","7.67","14606.0","United Kingdom",""
"538381","22633","HAND WARMER UNION JACK","9","2011-01-03 13:38:00","2.35","14606.0","United Kingdom","BULK5"
"538381","21730","GLASS STAR FROSTED T-LIGHT HOLDER","2","2011-01-03 13:38:00","4.52","14606.0","United Kingdom",""
"538381","21730","GLASS STAR FROSTED T-LIGHT HOLDER","10","2011-01-03 13:38:00","4.71","14606.0","United Kingdom","NEWCUST"
"538382","22633","HAND WARMER UNION JACK","6","2011-01-27 15:44:00","1.91","15291.0","Belgium",""
"538383","84406B","CREAM CUPID HEARTS COAT HANGER","10","2010-12-19 15:25:00","2.92","15291.0","Germany",""
"538384","71053","WHITE METAL LANTERN","8","2010-12-06 14:46:00","3.77","16029.0","Australia",""
"538384","85123A","WHITE HANGING HEART T-LIGHT HOLDER","3","2010-12-06 14:46:00","2.87","16029.0","Australia",""
"538384","21730","GLASS STAR FROSTED T-LIGHT HOLDER","11","2010-12-06 14:46:00","4.3","16029.0","Australia",""
"538385","84029G","KNITTED UNION FLAG HOT WATER BOTTLE","12","2011-01-18 13:31:00","3.3","13047.0","United Kingdom",""
"538386","84029E","RED WOOLLY HOTTIE WHITE HEART","11","2011-01-07 09:12:00","3.42","13047.0","EIRE",""
"538386","22752","SET 7 BABUSHKA NESTING BOXES","8","2011-01-07 09:12:00","7.72","13047.0","EIRE",""
"538387","85123A","WHITE HANGING HEART T-LIGHT HOLDER","10","2010-12-21 12:09:00","2.77","14096.0","Belgium",""
"538387","21730","GLASS STAR FROSTED T-LIGHT HOLDER","5","2010-12-21 12:09:00","4.36","14096.0","Belgium",""
"538387","85123A","WHITE HANGING HEART T-LIGHT HOLDER","8","2010-12-21 12:09:00","2.47","14096.0","Belgium","BULK5"
"538387","71053","WHITE METAL LANTERN","9","2010-12-21 12:09:00","3.88","14096.0","Belgium",""
"538388","85123A","WHITE HANGING HEART T-LIGHT HOLDER","10","2010-12-02 10:43:00","2.89","13047.0","France","NEWCUST"
"538388","71053","WHITE METAL LANTERN","7","2010-12-02 10:43:00","3.57","13047.0","France",""
"538388","84029E","RED WOOLLY HOTTIE WHITE HEART","4","2010-12-02 10:43:00","3.52","13047.0","France","SUMMER10"
"538389","84406B","CREAM CUPID HEARTS COAT HANGER","5","2011-01-03 13:32:00","2.66","15311.0","Netherlands",""
"538389","22752","SET 7 BABUSHKA NESTING BOXES","9","2011-01-03 13:32:00","8.13","15311.0","Netherlands",""
"538390","84029E","RED WOOLLY HOTTIE WHITE HEART","7","2010-12-22 10:51:00","3.4","15311.0","Germany",""
"538390","22633","HAND WARMER UNION JACK","1","2010-12-22 10:51:00","1.86","15311.0","Germany","NEWCUST"
"538391","84029G","KNITTED UNION FLAG HOT WATER BOTTLE","9","2010-12-09 13:56:00","3.89","17850.0","Australia","NEWCUST"
"538391","84029G","KNITTED UNION FLAG HOT WATER BOTTLE","11","2010-12-09 13:56:00","3.55","17850.0","Australia","NEWCUST"
"538391","47566","PARTY BUNTING","8","2010-12-09 13:56:00","5.31","17850.0","Australia",""
"538391","71053","WHITE METAL LANTERN","1","2010-12-09 13:56:00","3.65","17850.0","Australia","BULK5"
"538392","22752","SET 7 BABUSHKA NESTING BOXES","9","2011-01-08 14:36:00","8.03","15291.0","United Kingdom","BULK5"
"538392","85099B","JUMBO BAG RED RETROSPOT","6","2011-01-08 14:36:00","1.59","15291.0","United Kingdom","NEWCUST"
"538393","84406B","CREAM CUPID HEARTS COAT HANGER","6","2010-12-24 13:36:00","2.76","14606.0","Germany",""
"538393","21730","GLASS STAR FROSTED T-LIGHT HOLDER","1","2010-12-24 13:36:00","4.35","14606.0","Germany","NEWCUST"
"538393","85099B","JUMBO BAG RED RETROSPOT","2","2010-12-24 13:36:00","1.61","14606.0","Germany",""
"538394","84029G","KNITTED UNION FLAG HOT WATER BOTTLE","8","2011-01-16 14:06:00","3.74","15311.0","France",""
"538394","84029G","KNITTED UNION FLAG HOT WATER BOTTLE","5","2011-01-16 14:06:00","3.4","15311.0","France",""
"538394","47566","PARTY BUNTING","2","2011-01-16 14:06:00","4.94","15311.0","France",""
"538395","21730","GLASS STAR FROSTED T-LIGHT HOLDER","11","2010-12-23 16:58:00","4.31","15291.0","Belgium","BULK5"
"538395","84029G","KNITTED UNION FLAG HOT WATER BOTTLE","2","2010-12-23 16:58:00","3.36","15291.0","Belgium",""
"538396","85099B","JUMBO BAG RED RETROSPOT","1","2011-01-14 10:45:00","2.01","16029.0","EIRE","NEWCUST"
"538396","22633","HAND WARMER UNION JACK","8","2011-01-14 10:45:00","1.79","16029.0","EIRE",""
"538396","84029G","KNITTED UNION FLAG HOT WATER BOTTLE","10","2011-01-14 10:45:00","3.51","16029.0","EIRE","NEWCUST"
"538397","21730","GLASS STAR FROSTED T-LIGHT HOLDER","1","2010-12-16 13:06:00","4.52","14096.0","United Kingdom",""
"538397","20685","DOORMAT RED RETROSPOT","2","2010-12-16 13:06:00","7.36","14096.0","United Kingdom",""
"538397","22752","SET 7 BABUSHKA NESTING BOXES","12","2010-12-16 13:06:00","7.7","14096.0","United Kingdom",""
"538398","20685","DOORMAT RED RETROSPOT","7","2011-01-04 14:03:00","7.17","15311.0","United Kingdom",""
"538398","71053","WHITE METAL LANTERN","3","2011-01-04 14:03:00","3.61","15311.0","United Kingdom","BULK5"
"538399","22633","HAND WARMER UNION JACK","4","2011-01-01 14:25:00","2.17","17850.0","Spain",""
"538400","22632","HAND WARMER RED POLKA DOT","3","2011-01-28 08:28:00","1.93","16029.0","Spain","BULK5"
"538401","20685","DOORMAT RED RETROSPOT","4","2010-12-01 14:54:00","7.02","14096.0","Germany","BULK5"
"538401","22752","SET 7 BABUSHKA NESTING BOXES","9","2010-12-01 14:54:00","8.04","14096.0","Germany",""
"538401","20685","DOORMAT RED RETROSPOT","12","2010-12-01 14:54:00","7.54","14096.0","Germany",""
"538401","22632","HAND WARMER RED POLKA DOT","3","2010-12-01 14:54:00","2.15","14096.0","Germany","SUMMER10"
"538402","84029E","RED WOOLLY HOTTIE WHITE HEART","12","2011-01-10 11:52:00","3.55","15291.0","EIRE",""
"538402","71053","WHITE METAL LANTERN","2","2011-01-10 11:52:00","3.58","15291.0","EIRE",""
"538402","22752","SET 7 BABUSHKA NESTING BOXES","4","2011-01-10 11:52:00","7.87","15291.0","EIRE",""
"538402","21730","GLASS STAR FROSTED T-LIGHT HOLDER","8","2011-01-10 11:52:00","4.49","15291.0","EIRE",""
"538403","71053","WHITE METAL LANTERN","12","2010-12-19 11:14:00","3.39","14606.0","Belgium",""
"538403","22633","HAND WARMER UNION JACK","11","2010-12-19 11:14:00","1.97","14606.0","Belgium","SUMMER10"
"538403","22632","HAND WARMER RED POLKA DOT","1","2010-12-19 11:14:00","1.76","14606.0","Belgium",""
"538403","84029G","KNITTED UNION FLAG HOT WATER BOTTLE","11","2010-12-19 11:14:00","3.57","14606.0","Belgium","BULK5"
"538404","22632","HAND WARMER RED POLKA DOT","12","2010-12-20 09:39:00","1.81","13047.0","Spain","SUMMER10"
"538404","84406B","CREAM CUPID HEARTS COAT HANGER","6","2010-12-20 09:39:00","2.66","13047.0","Spain",""
"538405","85123A","WHITE HANGING HEART T-LIGHT HOLDER","3","2010-12-14 11:20:00","2.91","13777.0","EIRE",""
"538405","22633","HAND WARMER UNION JACK","12","2010-12-14 11:20:00","2.19","13777.0","EIRE","BULK5"
"538405","84029G","KNITTED UNION FLAG HOT WATER BOTTLE","11","2010-12-14 11:20:00","3.62","13777.0","EIRE","BULK5"
"538406","22633","HAND WARMER UNION JACK","7","2010-12-27 14:49:00","2.03","14606.0","Germany",""
"538406","47566","PARTY BUNTING","9","2010-12-27 14:49:00","5.0","14606.0","Germany",""
"538406","84029E","RED WOOLLY HOTTIE WHITE HEART","9","2010-12-27 14:49:00","3.62","14606.0","Germany",""
"538406","22633","HAND WARMER UNION JACK","9","2010-12-27 14:49:00","2.16","14606.0","Germany","NEWCUST"
"538407","84029E","RED WOOLLY HOTTIE WHITE HEART","7","2010-12-05 10:36:00","3.51","15291.0","EIRE",""
"538407","21730","GLASS STAR FROSTED T-LIGHT HOLDER","11","2010-12-05 10:36:00","4.17","15291.0","EIRE",""
"538407","84406B","CREAM CUPID HEARTS COAT HANGER","5","2010-12-05 10:36:00","3.0","15291.0","EIRE","BULK5"
"538407","84029E","RED WOOLLY HOTTIE WHITE HEART","7","2010-12-05 10:36:00","3.63","15291.0","EIRE","SUMMER10"
"538408","22632","HAND WARMER RED POLKA DOT","2","2011-01-12 14:49:00","2.01","16029.0","Netherlands",""
"538408","85123A","WHITE HANGING HEART T-LIGHT HOLDER","2","2011-01-12 14:49:00","2.74","16029.0","Netherlands",""
"538409","85099B","JUMBO BAG RED RETROSPOT","3","2011-01-15 11:01:00","2.11","13047.0","United Kingdom",""
"538410","21730","GLASS STAR FROSTED T-LIGHT HOLDER","11","2011-01-11 08:51:00","4.73","12583.0","EIRE",""
"538410","20685","DOORMAT RED RETROSPOT","2","2011-01-11 08:51:00","7.16","12583.0","EIRE",""
"538411","22632","HAND WARMER RED POLKA DOT","7","2011-01-18 09:08:00","2.21","15311.0","United Kingdom",""
"538411","71053","WHITE METAL LANTERN","11","2011-01-18 09:08:00","3.44","15311.0","United Kingdom","BULK5"
"538411","71053","WHITE METAL LANTERN","5","2011-01-18 09:08:00","3.85","15311.0","United Kingdom","NEWCUST"
"538411","22752","SET 7 BABUSHKA NESTING BOXES","3","2011-01-18 09:08:00","8.15","15311.0","United Kingdom","BULK5"
"538412","84406B","CREAM CUPID HEARTS COAT HANGER","3","2010-12-28 11:54:00","3.19","15291.0","EIRE","SUMMER10"
"538412","22633","HAND WARMER UNION JACK","1","2010-12-28 11:54:00","2.15","15291.0","EIRE","SUMMER10"
"538412","22633","HAND WARMER UNION JACK","6","2010-12-28 11:54:00","2.03","15291.0","EIRE",""
"538413","84406B","CREAM CUPID HEARTS COAT HANGER","7","2011-01-22 12:04:00","2.81","13777.0","Spain",""
"538414","21730","GLASS STAR FROSTED T-LIGHT HOLDER","9","2010-12-24 11:09:00","4.61","17850.0","Australia",""
"538414","21730","GLASS STAR FROSTED T-LIGHT HOLDER","8","2010-12-24 11:09:00","4.51","17850.0","Australia","SUMMER10"
"538414","21730","GLASS STAR FROSTED T-LIGHT HOLDER","9","2010-12-24 11:09:00","4.71","17850.0","Australia",""
"538414","20685","DOORMAT RED RETROSPOT","2","2010-12-24 11:09:00","7.31","17850.0","Australia","NEWCUST"
"538415","84406B","CREAM CUPID HEARTS COAT HANGER","2","2011-01-23 10:08:00","2.81","14096.0","Australia",""
"538415","85099B","JUMBO BAG RED RETROSPOT","2","2011-01-23 10:08:00","1.61","14096.0","Australia",""
"538415","22752","SET 7 BABUSHKA NESTING BOXES","3","2011-01-23 10:08:00","7.8","14096.0","Australia",""
"538416","22633","HAND WARMER UNION JACK","8","2010-12-02 14:52:00","2.21","15311.0","EIRE",""
"538416","20685","DOORMAT RED RETROSPOT","6","2010-12-02 14:52:00","7.52","15311.0","EIRE",""
"538416","22633","HAND WARMER UNION JACK","12","2010-12-02 14:52:00","1.95","15311.0","EIRE",""
"538417","22633","HAND WARMER UNION JACK","2","2010-12-11 15:42:00","2.28","14606.0","Netherlands",""
"538417","22752","SET 7 BABUSHKA NESTING BOXES","11","2010-12-11 15:42:00","7.74","14606.0","Netherlands",""
"538418","22632","HAND WARMER RED POLKA DOT","5","2010-12-02 09:51:00","2.08","17850.0","Australia",""
"538418","21730","GLASS STAR FROSTED T-LIGHT HOLDER","5","2010-12-02 09:51:00","4.71","17850.0","Australia",""
"538418","20685","DOORMAT RED RETROSPOT","1","2010-12-02 09:51:00","7.11","17850.0","Australia",""
"538418","22633","HAND WARMER UNION JACK","12","2010-12-02 09:51:00","2.0","17850.0","Australia","SUMMER10"
"538419","22632","HAND WARMER RED POLKA DOT","8","2011-01-26 08:20:00","1.88","14606.0","Belgium","BULK5"
"538419","84406B","CREAM CUPID HEARTS COAT HANGER","12","2011-01-26 08:20:00","2.76","14606.0","Belgium","BULK5"
"538419","22632","HAND WARMER RED POLKA DOT","7","2011-01-26 08:20:00","2.3","14606.0","Belgium","SUMMER10"
"538420","84029G","KNITTED UNION FLAG HOT WATER BOTTLE","1","2010-12-08 12:57:00","3.66","15311.0","Australia",""
"538421","22632","HAND WARMER RED POLKA DOT","4","2010-12-26 16:04:00","2.01","17850.0","France","SUMMER10"
"538422","71053","WHITE METAL LANTERN","11","2011-01-09 15:50:00","3.44","15291.0","Spain",""
"538422","84029G","KNITTED UNION FLAG HOT WATER BOTTLE","9","2011-01-09 15:50:00","3.62","15291.0","Spain",""
"538423","84406B","CREAM CUPID HEARTS COAT HANGER","5","2011-01-18 08:50:00","3.24","17850.0","Spain","BULK5"
"538423","84029E","RED WOOLLY HOTTIE WHITE HEART","1","2011-01-18 08:50:00","3.82","17850.0","Spain","SUMMER10"
"538424","20685","DOORMAT RED RETROSPOT","9","2010-12-16 16:03:00","7.55","13047.0","Germany","NEWCUST"
"538424","22632","HAND WARMER RED POLKA DOT","2","2010-12-16 16:03:00","1.89","13047.0","Germany",""
"538424","47566","PARTY BUNTING","8","2010-12-16 16:03:00","5.26","13047.0","Germany","NEWCUST"
"538425","84406B","CREAM CUPID HEARTS COAT HANGER","3","2011-01-27 15:16:00","3.05","13047.0","Spain",""
"538425","22752","SET 7 BABUSHKA NESTING BOXES","5","2011-01-27 15:16:00","7.89","13047.0","Spain",""
"538426","85099B","JUMBO BAG RED RETROSPOT","2","2010-12-01 10:04:00","2.03","13047.0","United Kingdom","NEWCUST"
"538427","84029E","RED WOOLLY HOTTIE WHITE HEART","3","2010-12-29 16:04:00","3.55","17850.0","Spain",""
"538427","21730","GLASS STAR FROSTED T-LIGHT HOLDER","4","2010-12-29 16:04:00","4.25","17850.0","Spain",""
"538428","22752","SET 7 BABUSHKA NESTING BOXES","11","2011-01-02 15:20:00","7.69","14606.0","EIRE",""
"538428","85099B","JUMBO BAG RED RETROSPOT","6","2011-01-02 15:20:00","2.08","14606.0","EIRE",""
"538428","22632","HAND WARMER RED POLKA DOT","8","2011-01-02 15:20:00","2.13","14606.0","EIRE","NEWCUST"
"538429","21730","GLASS STAR FROSTED T-LIGHT HOLDER","7","2011-01-27 11:33:00","4.67","12583.0","EIRE","BULK5"
"538429","47566","PARTY BUNTING","8","2011-01-27 11:33:00","5.25","12583.0","EIRE",""
"538429","85099B","JUMBO BAG RED RETROSPOT","3","2011-01-27 11:33:00","2.12","12583.0","EIRE",""
"538429","84029E","RED WOOLLY HOTTIE WHITE HEART","2","2011-01-27 11:33:00","3.81","12583.0","EIRE","NEWCUST"
"538430","22633","HAND WARMER UNION JACK","8","2011-01-28 14:54:00","1.97","15311.0","Netherlands",""
"538430","84406B","CREAM CUPID HEARTS COAT HANGER","2","2011-01-28 14:54:00","3.1","15311.0","Netherlands","BULK5"
"538430","22633","HAND WARMER UNION JACK","4","2011-01-28 14:54:00","2.2","15311.0","Netherlands",""
"538430","20685","DOORMAT RED RETROSPOT","2","2011-01-28 14:54:00","7.02","15311.0","Netherlands",""
"538431","22633","HAND WARMER UNION JACK","11","2011-01-01 13:26:00","2.22","14606.0","France","NEWCUST"
"538432","22633","HAND WARMER UNION JACK","5","2010-12-12 09:16:00","2.2","17850.0","Australia",""
"538432","22752","SET 7 BABUSHKA NESTING BOXES","1","2010-12-12 09:16:00","8.09","17850.0","Australia","NEWCUST"
"538432","84029E","RED WOOLLY HOTTIE WHITE HEART","12","2010-12-12 09:16:00","3.62","17850.0","Australia",""
"538432","84406B","CREAM CUPID HEARTS COAT HANGER","4","2010-12-12 09:16:00","3.13","17850.0","Australia","NEWCUST"
"538433","85099B","JUMBO BAG RED RETROSPOT","12","2011-01-04 12:21:00","1.81","13047.0","EIRE",""
"538433","84029G","KNITTED UNION FLAG HOT WATER BOTTLE","2","2011-01-04 12:21:00","3.56","13047.0","EIRE",""
"538433","22633","HAND WARMER UNION JACK","9","2011-01-04 12:21:00","1.87","13047.0","EIRE",""
"538433","22633","HAND WARMER UNION JACK","7","2011-01-04 12:21:00","2.28","13047.0","EIRE","NEWCUST"
"538434","47566","PARTY BUNTING","12","2011-01-27 15:36:00","5.3","15291.0","Belgium","BULK5"
"538434","22632","HAND WARMER RED POLKA DOT","7","2011-01-27 15:36:00","1.9","15291.0","Belgium","SUMMER10"
"538434","22632","HAND WARMER RED POLKA DOT","3","2011-01-27 15:36:00","1.94","15291.0","Belgium",""
"538434","84029G","KNITTED UNION FLAG HOT WATER BOTTLE","11","2011-01-27 15:36:00","3.66","15291.0","Belgium",""
"538435","21730","GLASS STAR FROSTED T-LIGHT HOLDER","11","2010-12-18 11:04:00","4.42","17809.0","United Kingdom","SUMMER10"
"538436","84406B","CREAM CUPID HEARTS COAT HANGER","5","2011-01-24 10:10:00","2.68","14606.0","United Kingdom","NEWCUST"
"538436","21730","GLASS STAR FROSTED T-LIGHT HOLDER","7","2011-01-24 10:10:00","4.58","14606.0","United Kingdom","SUMMER10"
"538436","21730","GLASS STAR FROSTED T-LIGHT HOLDER","5","2011-01-24 10:10:00","4.18","14606.0","United Kingdom",""
"538437","20685","DOORMAT RED RETROSPOT","7","2010-12-30 16:35:00","7.22","12583.0","Belgium",""
"538437","85123A","WHITE HANGING HEART T-LIGHT HOLDER","1","2010-12-30 16:35:00","2.57","12583.0","Belgium","SUMMER10"
"538437","84029G","KNITTED UNION FLAG HOT WATER BOTTLE","8","2010-12-30 16:35:00","3.51","12583.0","Belgium","NEWCUST"
"538438","22633","HAND WARMER UNION JACK","11","2010-12-29 14:28:00","1.96","13777.0","United Kingdom","BULK5"
"538438","71053","WHITE METAL LANTERN","4","2010-12-29 14:28:00","3.69","13777.0","United Kingdom","NEWCUST"
"538438","71053","WHITE METAL LANTERN","3","2010-12-29 14:28:00","3.64","13777.0","United Kingdom",""
"538438","22752","SET 7 BABUSHKA NESTING BOXES","6","2010-12-29 14:28:00","7.64","13777.0","United Kingdom",""
"538439","20685","DOORMAT RED RETROSPOT","12","2011-01-05 16:50:00","7.36","16029.0","EIRE",""
"538439","71053","WHITE METAL LANTERN","12","2011-01-05 16:50:00","3.36","16029.0","EIRE","BULK5"
"538439","47566","PARTY BUNTING","6","2011-01-05 16:50:00","5.04","16029.0","EIRE","BULK5"
"538440","85099B","JUMBO BAG RED RETROSPOT","3","2010-12-18 09:25:00","1.74","17809.0","United Kingdom",""
"538440","20685","DOORMAT RED RETROSPOT","9","2010-12-18 09:25:00","7.01","17809.0","United Kingdom",""
"538440","22632","HAND WARMER RED POLKA DOT","2","2010-12-18 09:25:00","2.34","17809.0","United Kingdom",""
"538441","22632","HAND WARMER RED POLKA DOT","9","2011-01-28 10:48:00","2.33","13777.0","Australia",""
"538441","84029G","KNITTED UNION FLAG HOT WATER BOTTLE","7","2011-01-28 10:48:00","3.31","13777.0","Australia","SUMMER10"
"538441","71053","WHITE METAL LANTERN","1","2011-01-28 10:48:00","3.69","13777.0","Australia",""
"538441","84029G","KNITTED UNION FLAG HOT WATER BOTTLE","6","2011-01-28 10:48:00","3.63","13777.0","Australia","BULK5"
"538442","85123A","WHITE HANGING HEART T-LIGHT HOLDER","10","2011-01-02 08:03:00","2.71","17809.0","France","SUMMER10"
"538442","22632","HAND WARMER RED POLKA DOT","1","2011-01-02 08:03:00","2.22","17809.0","France","SUMMER10"
"538442","47566","PARTY BUNTING","9","2011-01-02 08:03:00","5.28","17809.0","France",""
"538443","22752","SET 7 BABUSHKA NESTING BOXES","10","2011-01-29 14:24:00","7.68","13047.0","EIRE",""
"538443","84029G","KNITTED UNION FLAG HOT WATER BOTTLE","6","2011-01-29 14:24:00","3.32","13047.0","EIRE","SUMMER10"
"538444","47566","PARTY BUNTING","6","2010-12-26 09:44:00","5.15","17850.0","United Kingdom","NEWCUST"
"538444","22633","HAND WARMER UNION JACK","4","2010-12-26 09:44:00","1.75","17850.0","United Kingdom",""
"538445","22632","HAND WARMER RED POLKA DOT","10","2011-01-25 09:52:00","1.84","14606.0","Spain",""
"538445","22632","HAND WARMER RED POLKA DOT","3","2011-01-25 09:52:00","1.84","14606.0","Spain",""
"538446","71053","WHITE METAL LANTERN","6","2011-01-11 13:44:00","3.35","17809.0","Germany","NEWCUST"
"538446","84406B","CREAM CUPID HEARTS COAT HANGER","9","2011-01-11 13:44:00","3.17","17809.0","Germany",""
"538446","22632","HAND WARMER RED POLKA DOT","10","2011-01-11 13:44:00","2.34","17809.0","Germany",""
"538446","22632","HAND WARMER RED POLKA DOT","8","2011-01-11 13:44:00","2.19","17809.0","Germany","SUMMER10"
"538447","21730","GLASS STAR FROSTED T-LIGHT HOLDER","9","2010-12-08 11:33:00","4.39","12583.0","United Kingdom","SUMMER10"
"538447","85099B","JUMBO BAG RED RETROSPOT","11","2010-12-08 11:33:00","1.61","12583.0","United Kingdom","NEWCUST"
"538447","20685","DOORMAT RED RETROSPOT","9","2010-12-08 11:33:00","7.12","12583.0","United Kingdom",""
"538447","20685","DOORMAT RED RETROSPOT","10","2010-12-08 11:33:00","7.28","12583.0","United Kingdom",""
"538448","84406B","CREAM CUPID HEARTS COAT HANGER","5","2010-12-10 08:17:00","2.66","13047.0","Australia",""
"538448","84406B","CREAM CUPID HEARTS COAT HANGER","8","2010-12-10 08:17:00","2.82","13047.0","Australia","SUMMER10"
"538449","85099B","JUMBO BAG RED RETROSPOT","8","2010-12-20 11:13:00","1.67","14606.0","Belgium",""
"538450","47566","PARTY BUNTING","10","2010-12-03 14:11:00","5.42","16029.0","United Kingdom",""
"538451","85123A","WHITE HANGING HEART T-LIGHT HOLDER","11","2010-12-04 12:06:00","2.99","16029.0","EIRE",""
"538452","22633","HAND WARMER UNION JACK","7","2010-12-14 09:17:00","2.05","15311.0","Belgium","SUMMER10"
"538453","47566","PARTY BUNTING","12","2010-12-19 14:04:00","5.44","14096.0","Germany","SUMMER10"
"538454","47566","PARTY BUNTING","7","2011-01-27 08:33:00","5.37","15311.0","Netherlands",""
"538454","22633","HAND WARMER UNION JACK","5","2011-01-27 08:33:00","1.98","15311.0","Netherlands","SUMMER10"
"538454","20685","DOORMAT RED RETROSPOT","10","2011-01-27 08:33:00","7.15","15311.0","Netherlands",""
"538455","85123A","WHITE HANGING HEART T-LIGHT HOLDER","4","2010-12-09 09:38:00","3.02","14096.0","EIRE","SUMMER10"
"538455","20685","DOORMAT RED RETROSPOT","7","2010-12-09 09:38:00","7.54","14096.0","EIRE",""
"538456","84029G","KNITTED UNION FLAG HOT WATER BOTTLE","3","2010-12-08 10:27:00","3.68","14606.0","Spain","NEWCUST"
"538456","21730","GLASS STAR FROSTED T-LIGHT HOLDER","3","2010-12-08 10:27:00","4.29","14606.0","Spain","NEWCUST"
"538457","84406B","CREAM CUPID HEARTS COAT HANGER","7","2010-12-21 14:52:00","2.77","14606.0","EIRE",""
"538457","85099B","JUMBO BAG RED RETROSPOT","12","2010-12-21 14:52:00","2.13","14606.0","EIRE","NEWCUST"
"538457","84029G","KNITTED UNION FLAG HOT WATER BOTTLE","6","2010-12-21 14:52:00","3.77","14606.0","EIRE","NEWCUST"
"538457","85099B","JUMBO BAG RED RETROSPOT","3","2010-12-21 14:52:00","1.82","14606.0","EIRE",""
"538458","85123A","WHITE HANGING HEART T-LIGHT HOLDER","10","2010-12-28 14:26:00","2.9","13777.0","United Kingdom",""
"538458","84029E","RED WOOLLY HOTTIE WHITE HEART","6","2010-12-28 14:26:00","3.72","13777.0","United Kingdom","NEWCUST"
"538458","85099B","JUMBO BAG RED RETROSPOT","10","2010-12-28 14:26:00","1.65","13777.0","United Kingdom","NEWCUST"
"538459","71053","WHITE METAL LANTERN","8","2011-01-06 13:47:00","3.89","14606.0","Spain",""
"538459","84406B","CREAM CUPID HEARTS COAT HANGER","5","2011-01-06 13:47:00","3.1","14606.0","Spain","BULK5"
"538459","84406B","CREAM CUPID HEARTS COAT HANGER","8","2011-01-06 13:47:00","2.79","14606.0","Spain",""
"538460","22752","SET 7 BABUSHKA NESTING BOXES","10","2010-12-01 08:42:00","7.7","13047.0","Belgium",""
"538460","84406B","CREAM CUPID HEARTS COAT HANGER","8","2010-12-01 08:42:00","3.21","13047.0","Belgium",""
"538460","21730","GLASS STAR FROSTED T-LIGHT HOLDER","10","2010-12-01 08:42:00","4.73","13047.0","Belgium",""
"538460","22633","HAND WARMER UNION JACK","11","2010-12-01 08:42:00","1.82","13047.0","Belgium","BULK5"
"538461","22632","HAND WARMER RED POLKA DOT","1","2011-01-28 16:22:00","1.84","12583.0","Australia",""
"538462","21730","GLASS STAR FROSTED T-LIGHT HOLDER","1","2011-01-28 14:18:00","4.71","17850.0","France","BULK5"
"538463","21730","GLASS STAR FROSTED T-LIGHT HOLDER","1","2010-12-24 15:34:00","4.58","15291.0","Belgium",""
"538463","22632","HAND WARMER RED POLKA DOT","1","2010-12-24 15:34:00","1.9","15291.0","Belgium",""
"538464","22752","SET 7 BABUSHKA NESTING BOXES","1","2010-12-28 14:30:00","7.73","15291.0","Germany",""
"538464","84029E","RED WOOLLY HOTTIE WHITE HEART","11","2010-12-28 14:30:00","3.7","15291.0","Germany","NEWCUST"
"538465","85099B","JUMBO BAG RED RETROSPOT","9","2010-12-12 08:29:00","1.58","13777.0","Australia",""
"538466","22632","HAND WARMER RED POLKA DOT","1","2011-01-17 11:36:00","2.1","13777.0","France",""
"538466","22632","HAND WARMER RED POLKA DOT","12","2011-01-17 11:36:00","2.06","13777.0","France","NEWCUST"
"538467","20685","DOORMAT RED RETROSPOT","7","2010-12-30 12:28:00","7.35","13777.0","EIRE","SUMMER10"
"538467","84029E","RED WOOLLY HOTTIE WHITE HEART","12","2010-12-30 12:28:00","3.49","13777.0","EIRE","SUMMER10"
"538467","85123A","WHITE HANGING HEART T-LIGHT HOLDER","12","2010-12-30 12:28:00","2.67","13777.0","EIRE","NEWCUST"
"538468","22632","HAND WARMER RED POLKA DOT","7","2011-01-24 12:38:00","1.77","15291.0","Australia",""
"538468","84029E","RED WOOLLY HOTTIE WHITE HEART","3","2011-01-24 12:38:00","3.51","15291.0","Australia",""
"538469","22633","HAND WARMER UNION JACK","9","2010-12-23 08:31:00","2.07","17809.0","United Kingdom","BULK5"
"538469","47566","PARTY BUNTING","10","2010-12-23 08:31:00","5.44","17809.0","United Kingdom",""
"538469","85099B","JUMBO BAG RED RETROSPOT","11","2010-12-23 08:31:00","1.56","17809.0","United Kingdom","NEWCUST"
"538469","47566","PARTY BUNTING","2","2010-12-23 08:31:00","5.17","17809.0","United Kingdom",""
"538470","22752","SET 7 BABUSHKA NESTING BOXES","3","2011-01-23 10:27:00","8.08","17850.0","Netherlands",""
"538470","22633","HAND WARMER UNION JACK","10","2011-01-23 10:27:00","2.3","17850.0","Netherlands","SUMMER10"
"538471","22633","HAND WARMER UNION JACK","8","2010-12-01 15:47:00","2.33","15311.0","Australia","SUMMER10"
"538471","85123A","WHITE HANGING HEART T-LIGHT HOLDER","9","2010-12-01 15:47:00","2.9","15311.0","Australia","SUMMER10"
"538471","84029G","KNITTED UNION FLAG HOT WATER BOTTLE","1","2010-12-01 15:47:00","3.51","15311.0","Australia",""
"538472","21730","GLASS STAR FROSTED T-LIGHT HOLDER","10","2010-12-01 11:06:00","4.51","17850.0","Germany",""
"538472","84406B","CREAM CUPID HEARTS COAT HANGER","2","2010-12-01 11:06:00","3.2","17850.0","Germany",""
"538472","20685","DOORMAT RED RETROSPOT","4","2010-12-01 11:06:00","7.32","17850.0","Germany","BULK5"
"538473","85099B","JUMBO BAG RED RETROSPOT","5","2010-12-06 12:08:00","1.68","17809.0","Belgium",""
"538474","84029E","RED WOOLLY HOTTIE WHITE HEART","1","2010-12-10 16:44:00","3.55","16029.0","France",""
"538474","84029G","KNITTED UNION FLAG HOT WATER BOTTLE","4","2010-12-10 16:44:00","3.62","16029.0","France",""
"538474","84406B","CREAM CUPID HEARTS COAT HANGER","5","2010-12-10 16:44:00","2.92","16029.0","France",""
"538475","22633","HAND WARMER UNION JACK","2","2010-12-30 11:21:00","2.07","16029.0","Germany",""
"538475","84406B","CREAM CUPID HEARTS COAT HANGER","9","2010-12-30 11:21:00","2.87","16029.0","Germany","BULK5"
"538475","84406B","CREAM CUPID HEARTS COAT HANGER","4","2010-12-30 11:21:00","3.11","16029.0","Germany",""
"538476","22752","SET 7 BABUSHKA NESTING BOXES","5","2010-12-11 09:44:00","8.03","13047.0","Netherlands","NEWCUST"
"538477","21730","GLASS STAR FROSTED T-LIGHT HOLDER","8","2011-01-03 15:19:00","4.75","17850.0","Australia","SUMMER10"
"538477","47566","PARTY BUNTING","1","2011-01-03 15:19:00","5.26","17850.0","Australia","SUMMER10"
"538477","84029E","RED WOOLLY HOTTIE WHITE HEART","4","2011-01-03 15:19:00","3.48","17850.0","Australia",""
"538477","21730","GLASS STAR FROSTED T-LIGHT HOLDER","11","2011-01-03 15:19:00","4.53","17850.0","Australia",""
"538478","85099B","JUMBO BAG RED RETROSPOT","2","2010-12-10 11:11:00","1.62","15291.0","United Kingdom",""
"538479","85099B","JUMBO BAG RED RETROSPOT","2","2011-01-13 16:26:00","1.93","14606.0","France",""
"538480","22752","SET 7 BABUSHKA NESTING BOXES","8","2010-12-23 13:51:00","7.85","15311.0","Belgium",""
"538481","22633","HAND WARMER UNION JACK","4","2011-01-22 15:18:00","1.96","17809.0","Spain",""
"538482","71053","WHITE METAL LANTERN","7","2010-12-25 15:49:00","3.78","13777.0","Netherlands",""
"538482","84029G","KNITTED UNION FLAG HOT WATER BOTTLE","5","2010-12-25 15:49:00","3.82","13777.0","Netherlands",""
"538482","22633","HAND WARMER UNION JACK","8","2010-12-25 15:49:00","2.09","13777.0","Netherlands",""
"538482","84029G","KNITTED UNION FLAG HOT WATER BOTTLE","4","2010-12-25 15:49:00","3.34","13777.0","Netherlands",""
"538483","85123A","WHITE HANGING HEART T-LIGHT HOLDER","11","2010-12-29 13:15:00","2.88","17809.0","Australia",""
"538484","22633","HAND WARMER UNION JACK","5","2011-01-23 08:53:00","2.29","13777.0","EIRE",""
"538484","85099B","JUMBO BAG RED RETROSPOT","8","2011-01-23 08:53:00","2.07","13777.0","EIRE","BULK5"
"538484","71053","WHITE METAL LANTERN","5","2011-01-23 08:53:00","3.88","13777.0","EIRE",""
"538485","47566","PARTY BUNTING","11","2010-12-10 14:05:00","4.93","16029.0","Belgium",""
"538485","84406B","CREAM CUPID HEARTS COAT HANGER","11","2010-12-10 14:05:00","3.05","16029.0","Belgium",""
"538486","84029E","RED WOOLLY HOTTIE WHITE HEART","8","2011-01-12 13:02:00","3.49","13777.0","United Kingdom","NEWCUST"
"538486","85123A","WHITE HANGING HEART T-LIGHT HOLDER","10","2011-01-12 13:02:00","2.83","13777.0","United Kingdom",""
"538487","22752","SET 7 BABUSHKA NESTING BOXES","1","2011-01-01 12:57:00","7.61","13047.0","Spain",""
"538488","22632","HAND WARMER RED POLKA DOT","6","2010-12-23 11:04:00","2.04","16029.0","Netherlands",""
"538489","84029E","RED WOOLLY HOTTIE WHITE HEART","5","2011-01-22 09:25:00","3.76","17809.0","Australia",""
"538490","22633","HAND WARMER UNION JACK","7","2011-01-29 11:39:00","1.84","14606.0","Spain","SUMMER10"
"538490","20685","DOORMAT RED RETROSPOT","12","2011-01-29 11:39:00","7.55","14606.0","Spain",""
"538490","47566","PARTY BUNTING","12","2011-01-29 11:39:00","5.32","14606.0","Spain","NEWCUST"
"538491","20685","DOORMAT RED RETROSPOT","5","2011-01-19 13:47:00","7.51","15291.0","Spain","BULK5"
"538491","85123A","WHITE HANGING HEART T-LIGHT HOLDER","9","2011-01-19 13:47:00","2.88","15291.0","Spain",""
"538491","84029E","RED WOOLLY HOTTIE WHITE HEART","12","2011-01-19 13:47:00","3.78","15291.0","Spain",""
"538491","22632","HAND WARMER RED POLKA DOT","11","2011-01-19 13:47:00","1.82","15291.0","Spain",""
"538492","22633","HAND WARMER UNION JACK","2","2010-12-01 12:31:00","2.06","16029.0","Germany","NEWCUST"
"538492","22633","HAND WARMER UNION JACK","4","2010-12-01 12:31:00","1.75","16029.0","Germany",""
"538492","20685","DOORMAT RED RETROSPOT","11","2010-12-01 12:31:00","7.21","16029.0","Germany",""
"538493","71053","WHITE METAL LANTERN","6","2011-01-10 10:17:00","3.34","16029.0","EIRE",""
"538493","84029E","RED WOOLLY HOTTIE WHITE HEART","11","2011-01-10 10:17:00","3.31","16029.0","EIRE",""
"538494","71053","WHITE METAL LANTERN","3","2010-12-14 14:16:00","3.48","13047.0","Australia","NEWCUST"
"538494","84029E","RED WOOLLY HOTTIE WHITE HEART","2","2010-12-14 14:16:00","3.6","13047.0","Australia",""
"538494","85123A","WHITE HANGING HEART T-LIGHT HOLDER","9","2010-12-14 14:16:00","2.98","13047.0","Australia","NEWCUST"
"538495","47566","PARTY BUNTING","8","2010-12-31 15:12:00","5.23","15291.0","Spain",""
"538495","21730","GLASS STAR FROSTED T-LIGHT HOLDER","6","2010-12-31 15:12:00","4.21","15291.0","Spain",""
"538495","84029G","KNITTED UNION FLAG HOT WATER BOTTLE","9","2010-12-31 15:12:00","3.68","15291.0","Spain",""
"538495","20685","DOORMAT RED RETROSPOT","3","2010-12-31 15:12:00","7.2","15291.0","Spain","NEWCUST"
"538496","21730","GLASS STAR FROSTED T-LIGHT HOLDER","6","2010-12-01 12:48:00","4.42","13777.0","Spain","NEWCUST"
"538496","22633","HAND WARMER UNION JACK","4","2010-12-01 12:48:00","2.27","13777.0","Spain",""
"538496","85099B","JUMBO BAG RED RETROSPOT","8","2010-12-01 12:48:00","2.12","13777.0","Spain","NEWCUST"
"538496","85099B","JUMBO BAG RED RETROSPOT","2","2010-12-01 12:48:00","1.77","13777.0","Spain",""
"538497","21730","GLASS STAR FROSTED T-LIGHT HOLDER","1","2011-01-13 11:00:00","4.64","16029.0","France",""
"538497","47566","PARTY BUNTING","12","2011-01-13 11:00:00","5.18","16029.0","France","SUMMER10"
"538497","47566","PARTY BUNTING","3","2011-01-13 11:00:00","4.86","16029.0","France","BULK5"
"538497","22632","HAND WARMER RED POLKA DOT","3","2011-01-13 11:00:00","2.1","16029.0","France","BULK5"
"538498","22633","HAND WARMER UNION JACK","9","2010-12-11 13:32:00","2.29","15311.0","Netherlands",""
"538498","85123A","WHITE HANGING HEART T-LIGHT HOLDER","12","2010-12-11 13:32:00","2.53","15311.0","Netherlands","SUMMER10"
"538498","84406B","CREAM CUPID HEARTS COAT HANGER","11","2010-12-11 13:32:00","3.21","15311.0","Netherlands",""
"538499","71053","WHITE METAL LANTERN","11","2010-12-07 14:49:00","3.52","14606.0","Belgium",""
"538499","85099B","JUMBO BAG RED RETROSPOT","11","2010-12-07 14:49:00","1.71","14606.0","Belgium",""
"538499","84029E","RED WOOLLY HOTTIE WHITE HEART","9","2010-12-07 14:49:00","3.41","14606.0","Belgium","NEWCUST"
"538500","47566","PARTY BUNTING","2","2010-12-06 11:37:00","5.26","14606.0","Australia","NEWCUST"
"538501","22633","HAND WARMER UNION JACK","5","2010-12-10 16:37:00","1.88","12583.0","Spain",""
"538501","22633","HAND WARMER UNION JACK","7","2010-12-10 16:37:00","2.3","12583.0","Spain",""
"538501","21730","GLASS STAR FROSTED T-LIGHT HOLDER","2","2010-12-10 16:37:00","4.19","12583.0","Spain",""
"538502","22632","HAND WARMER RED POLKA DOT","4","2011-01-09 14:02:00","2.27","15311.0","Germany",""
"538502","84406B","CREAM CUPID HEARTS COAT HANGER","2","2011-01-09 14:02:00","2.91","15311.0","Germany","NEWCUST"
"538502","84406B","CREAM CUPID HEARTS COAT HANGER","12","2011-01-09 14:02:00","3.12","15311.0","Germany","BULK5"
"538502","20685","DOORMAT RED RETROSPOT","5","2011-01-09 14:02:00","7.02","15311.0","Germany",""
"538503","85099B","JUMBO BAG RED RETROSPOT","11","2010-12-13 16:59:00","1.81","13777.0","Belgium","NEWCUST"
"538503","85123A","WHITE HANGING HEART T-LIGHT HOLDER","6","2010-12-13 16:59:00","2.71","13777.0","Belgium","SUMMER10"
"538503","21730","GLASS STAR FROSTED T-LIGHT HOLDER","3","2010-12-13 16:59:00","4.22","13777.0","Belgium","NEWCUST"
"538504","84029G","KNITTED UNION FLAG HOT WATER BOTTLE","9","2010-12-28 10:13:00","3.42","12583.0","Belgium",""
"538504","84029G","KNITTED UNION FLAG HOT WATER BOTTLE","2","2010-12-28 10:13:00","3.38","12583.0","Belgium",""
"538504","21730","GLASS STAR FROSTED T-LIGHT HOLDER","12","2010-12-28 10:13:00","4.44","12583.0","Belgium",""
"538505","22632","HAND WARMER RED POLKA DOT","9","2011-01-22 15:36:00","2.34","15311.0","Australia","SUMMER10"
"538505","85123A","WHITE HANGING HEART T-LIGHT HOLDER","11","2011-01-22 15:36:00","2.98","15311.0","Australia",""
"538505","20685","DOORMAT RED RETROSPOT","11","2011-01-22 15:36:00","7.11","15311.0","Australia",""
"538505","22632","HAND WARMER RED POLKA DOT","6","2011-01-22 15:36:00","1.82","15311.0","Australia","NEWCUST"
"538506","85099B","JUMBO BAG RED RETROSPOT","2","2011-01-24 10:10:00","1.65","15311.0","Germany",""
"538506","22752","SET 7 BABUSHKA NESTING BOXES","5","2011-01-24 10:10:00","7.67","15311.0","Germany","NEWCUST"
"538506","84406B","CREAM CUPID HEARTS COAT HANGER","10","2011-01-24 10:10:00","2.99","15311.0","Germany","BULK5"
"538506","84406B","CREAM CUPID HEARTS COAT HANGER","6","2011-01-24 10:10:00","2.78","15311.0","Germany","SUMMER10"
"538507","85123A","WHITE HANGING HEART T-LIGHT HOLDER","6","2011-01-23 16:42:00","2.49","15311.0","Spain",""
"538507","22632","HAND WARMER RED POLKA DOT","10","2011-01-23 16:42:00","1.95","15311.0","Spain","NEWCUST"
"538507","20685","DOORMAT RED RETROSPOT","3","2011-01-23 16:42:00","7.25","15311.0","Spain",""
"538508","20685","DOORMAT RED RETROSPOT","7","2011-01-23 12:54:00","7.55","17850.0","Spain",""
"538508","85123A","WHITE HANGING HEART T-LIGHT HOLDER","5","2011-01-23 12:54:00","2.97","17850.0","Spain",""
"538509","21730","GLASS STAR FROSTED T-LIGHT HOLDER","7","2010-12-12 11:10:00","4.47","15291.0","France",""
"538509","21730","GLASS STAR FROSTED T-LIGHT HOLDER","7","2010-12-12 11:10:00","4.27","15291.0","France","SUMMER10"
"538510","21730","GLASS STAR FROSTED T-LIGHT HOLDER","8","2010-12-07 15:28:00","4.32","13777.0","France",""
"538510","84406B","CREAM CUPID HEARTS COAT HANGER","12","2010-12-07 15:28:00","3.1","13777.0","France","SUMMER10"
"538510","84029G","KNITTED UNION FLAG HOT WATER BOTTLE","6","2010-12-07 15:28:00","3.54","13777.0","France",""
"538511","22633","HAND WARMER UNION JACK","9","2011-01-26 14:39:00","2.1","14606.0","Spain",""
"538512","21730","GLASS STAR FROSTED T-LIGHT HOLDER","3","2010-12-17 15:39:00","4.4","17850.0","United Kingdom",""
"538512","22633","HAND WARMER UNION JACK","9","2010-12-17 15:39:00","2.32","17850.0","United Kingdom",""
"538512","22633","HAND WARMER UNION JACK","7","2010-12-17 15:39:00","1.82","17850.0","United Kingdom",""
"538513","71053","WHITE METAL LANTERN","10","2011-01-09 16:50:00","3.83","15291.0","Belgium","BULK5"
"538513","22632","HAND WARMER RED POLKA DOT","2","2011-01-09 16:50:00","1.75","15291.0","Belgium",""
"538514","71053","WHITE METAL LANTERN","6","2011-01-12 16:09:00","3.53","14096.0","Australia",""
"538515","21730","GLASS STAR FROSTED T-LIGHT HOLDER","4","2010-12-02 10:10:00","4.32","15291.0","Belgium",""
"538515","71053","WHITE METAL LANTERN","5","2010-12-02 10:10:00","3.69","15291.0","Belgium","NEWCUST"
"538515","71053","WHITE METAL LANTERN","11","2010-12-02 10:10:00","3.43","15291.0","Belgium","BULK5"
"538516","21730","GLASS STAR FROSTED T-LIGHT HOLDER","1","2010-12-28 10:58:00","4.21","13777.0","Australia",""
"538517","71053","WHITE METAL LANTERN","8","2011-01-21 16:17:00","3.3","13777.0","Netherlands",""
"538517","22632","HAND WARMER RED POLKA DOT","8","2011-01-21 16:17:00","1.79","13777.0","Netherlands",""
"538518","85123A","WHITE HANGING HEART T-LIGHT HOLDER","5","2011-01-25 13:35:00","2.69","14096.0","United Kingdom",""
"538518","22752","SET 7 BABUSHKA NESTING BOXES","8","2011-01-25 13:35:00","8.12","14096.0","United Kingdom",""
"538518","22752","SET 7 BABUSHKA NESTING BOXES","3","2011-01-25 13:35:00","7.78","14096.0","United Kingdom",""
"538519","22752","SET 7 BABUSHKA NESTING BOXES","8","2011-01-14 09:20:00","7.56","14606.0","Belgium",""
"538519","47566","PARTY BUNTING","10","2011-01-14 09:20:00","4.89","14606.0","Belgium","SUMMER10"
"538519","22633","HAND WARMER UNION JACK","10","2011-01-14 09:20:00","2.09","14606.0","Belgium",""
"538519","22752","SET 7 BABUSHKA NESTING BOXES","11","2011-01-14 09:20:00","7.6","14606.0","Belgium",""
"538520","20685","DOORMAT RED RETROSPOT","1","2011-01-14 08:16:00","7.45","15291.0","Germany",""
"538520","22752","SET 7 BABUSHKA NESTING BOXES","7","2011-01-14 08:16:00","8.02","15291.0","Germany","NEWCUST"
"538521","84406B","CREAM CUPID HEARTS COAT HANGER","2","2010-12-15 10:41:00","3.23","17809.0","Spain",""
"538521","85099B","JUMBO BAG RED RETROSPOT","9","2010-12-15 10:41:00","1.71","17809.0","Spain","SUMMER10"
"538521","22752","SET 7 BABUSHKA NESTING BOXES","2","2010-12-15 10:41:00","7.94","17809.0","Spain",""
"538522","21730","GLASS STAR FROSTED T-LIGHT HOLDER","4","2011-01-23 13:36:00","4.72","13777.0","Germany","SUMMER10"
"538522","85099B","JUMBO BAG RED RETROSPOT","4","2011-01-23 13:36:00","1.8","13777.0","Germany",""
"538522","84029G","KNITTED UNION FLAG HOT WATER BOTTLE","12","2011-01-23 13:36:00","3.68","13777.0","Germany",""
"538522","20685","DOORMAT RED RETROSPOT","3","2011-01-23 13:36:00","7.56","13777.0","Germany","NEWCUST"
"538523","84029G","KNITTED UNION FLAG HOT WATER BOTTLE","3","2010-12-04 11:38:00","3.57","14606.0","Belgium","BULK5"
"538523","22633","HAND WARMER UNION JACK","12","2010-12-04 11:38:00","2.13","14606.0","Belgium",""
"538523","71053","WHITE METAL LANTERN","5","2010-12-04 11:38:00","3.72","14606.0","Belgium","BULK5"
"538523","71053","WHITE METAL LANTERN","5","2010-12-04 11:38:00","3.49","14606.0","Belgium",""
"538524","22752","SET 7 BABUSHKA NESTING BOXES","6","2011-01-07 14:43:00","7.64","15291.0","Belgium",""
"538525","47566","PARTY BUNTING","5","2010-12-29 14:27:00","4.93","17850.0","France","SUMMER10"
"538525","22633","HAND WARMER UNION JACK","1","2010-12-29 14:27:00","1.76","17850.0","France","SUMMER10"
"538525","71053","WHITE METAL LANTERN","9","2010-12-29 14:27:00","3.76","17850.0","France",""
"538525","47566","PARTY BUNTING","5","2010-12-29 14:27:00","5.13","17850.0","France",""
"538526","22632","HAND WARMER RED POLKA DOT","11","2010-12-26 10:04:00","1.76","15291.0","Australia","SUMMER10"
"538526","85099B","JUMBO BAG RED RETROSPOT","7","2010-12-26 10:04:00","1.69","15291.0","Australia",""
"538526","85123A","WHITE HANGING HEART T-LIGHT HOLDER","3","2010-12-26 10:04:00","2.45","15291.0","Australia","NEWCUST"
"538527","20685","DOORMAT RED RETROSPOT","7","2010-12-28 16:42:00","7.01","15291.0","France",""
"538527","84029E","RED WOOLLY HOTTIE WHITE HEART","1","2010-12-28 16:42:00","3.72","15291.0","France",""
"538527","47566","PARTY BUNTING","11","2010-12-28 16:42:00","5.21","15291.0","France",""
"538527","22633","HAND WARMER UNION JACK","6","2010-12-28 16:42:00","2.25","15291.0","France",""
"538528","71053","WHITE METAL LANTERN","7","2011-01-27 16:23:00","3.6","13047.0","Belgium","NEWCUST"
"538529","22633","HAND WARMER UNION JACK","9","2010-12-20 11:40:00","2.06","17850.0","France","SUMMER10"
"538529","85099B","JUMBO BAG RED RETROSPOT","6","2010-12-20 11:40:00","1.87","17850.0","France",""
"538529","71053","WHITE METAL LANTERN","1","2010-12-20 11:40:00","3.61","17850.0","France",""
"538529","84406B","CREAM CUPID HEARTS COAT HANGER","7","2010-12-20 11:40:00","3.1","17850.0","France","BULK5"
"538530","85123A","WHITE HANGING HEART T-LIGHT HOLDER","8","2011-01-12 14:38:00","2.78","17809.0","Australia","BULK5"
"538530","84029G","KNITTED UNION FLAG HOT WATER BOTTLE","10","2011-01-12 14:38:00","3.74","17809.0","Australia",""
"538530","20685","DOORMAT RED RETROSPOT","9","2011-01-12 14:38:00","7.39","17809.0","Australia","NEWCUST"
"538531","22633","HAND WARMER UNION JACK","2","2010-12-18 08:20:00","2.03","15311.0","Australia","NEWCUST"
"538531","22632","HAND WARMER RED POLKA DOT","6","2010-12-18 08:20:00","2.02","15311.0","Australia","NEWCUST"
"538531","84029G","KNITTED UNION FLAG HOT WATER BOTTLE","10","2010-12-18 08:20:00","3.82","15311.0","Australia",""
"538532","85123A","WHITE HANGING HEART T-LIGHT HOLDER","9","2010-12-05 13:11:00","2.84","15311.0","Spain",""
"538532","22632","HAND WARMER RED POLKA DOT","1","2010-12-05 13:11:00","2.14","15311.0","Spain","BULK5"
"538533","84406B","CREAM CUPID HEARTS COAT HANGER","9","2011-01-19 14:47:00","2.7","13047.0","Netherlands",""
"538533","22633","HAND WARMER UNION JACK","12","2011-01-19 14:47:00","2.14","13047.0","Netherlands","BULK5"
"538534","85123A","WHITE HANGING HEART T-LIGHT HOLDER","1","2011-01-19 12:04:00","2.49","14096.0","Belgium",""
"538534","84029G","KNITTED UNION FLAG HOT WATER BOTTLE","12","2011-01-19 12:04:00","3.45","14096.0","Belgium",""
"538534","84406B","CREAM CUPID HEARTS COAT HANGER","1","2011-01-19 12:04:00","3.05","14096.0","Belgium","NEWCUST"
"538534","84029G","KNITTED UNION FLAG HOT WATER BOTTLE","2","2011-01-19 12:04:00","3.86","14096.0","Belgium",""
"538535","85123A","WHITE HANGING HEART T-LIGHT HOLDER","6","2011-01-30 16:39:00","2.99","17850.0","Australia",""
"538535","22633","HAND WARMER UNION JACK","10","2011-01-30 16:39:00","2.32","17850.0","Australia","NEWCUST"
"538536","84406B","CREAM CUPID HEARTS COAT HANGER","9","2011-01-25 14:22:00","2.83","16029.0","Germany",""
"538536","84029E","RED WOOLLY HOTTIE WHITE HEART","1","2011-01-25 14:22:00","3.52","16029.0","Germany","NEWCUST"
"538536","47566","PARTY BUNTING","8","2011-01-25 14:22:00","5.38","16029.0","Germany",""
"538537","20685","DOORMAT RED RETROSPOT","9","2010-12-10 11:59:00","7.16","15311.0","United Kingdom","SUMMER10"
"538537","47566","PARTY BUNTING","6","2010-12-10 11:59:00","5.37","15311.0","United Kingdom","SUMMER10"
"538537","85123A","WHITE HANGING HEART T-LIGHT HOLDER","2","2010-12-10 11:59:00","2.91","15311.0","United Kingdom","NEWCUST"
"538537","85099B","JUMBO BAG RED RETROSPOT","10","2010-12-10 11:59:00","1.99","15311.0","United Kingdom",""
"538538","84029G","KNITTED UNION FLAG HOT WATER BOTTLE","3","2010-12-06 16:36:00","3.84","14606.0","Netherlands",""
"538538","22632","HAND WARMER RED POLKA DOT","10","2010-12-06 16:36:00","2.11","14606.0","Netherlands",""
"538539","21730","GLASS STAR FROSTED T-LIGHT HOLDER","3","2010-12-11 11:24:00","4.39","17809.0","Netherlands",""
"538539","84029G","KNITTED UNION FLAG HOT WATER BOTTLE","8","2010-12-11 11:24:00","3.81","17809.0","Netherlands",""
"538539","71053","WHITE METAL LANTERN","6","2010-12-11 11:24:00","3.86","17809.0","Netherlands",""
"538540","84406B","CREAM CUPID HEARTS COAT HANGER","7","2010-12-13 16:30:00","2.73","17850.0","Australia","SUMMER10"
"538540","22633","HAND WARMER UNION JACK","9","2010-12-13 16:30:00","2.06","17850.0","Australia","BULK5"
"538541","22633","HAND WARMER UNION JACK","12","2010-12-20 16:59:00","2.17","14606.0","Germany","NEWCUST"
"538541","47566","PARTY BUNTING","5","2010-12-20 16:59:00","5.13","14606.0","Germany",""
"538542","21730","GLASS STAR FROSTED T-LIGHT HOLDER","1","2011-01-17 15:11:00","4.32","17809.0","France",""
"538542","47566","PARTY BUNTING","1","2011-01-17 15:11:00","5.22","17809.0","France",""
"538543","20685","DOORMAT RED RETROSPOT","1","2010-12-03 11:37:00","7.32","15291.0","France",""
"538543","85123A","WHITE HANGING HEART T-LIGHT HOLDER","3","2010-12-03 11:37:00","2.66","15291.0","France","BULK5"
"538544","84029E","RED WOOLLY HOTTIE WHITE HEART","8","2010-12-20 16:52:00","3.85","15311.0","France","NEWCUST"
"538544","71053","WHITE METAL LANTERN","3","2010-12-20 16:52:00","3.45","15311.0","France",""
"538544","22633","HAND WARMER UNION JACK","8","2010-12-20 16:52:00","2.07","15311.0","France","NEWCUST"
"538545","22752","SET 7 BABUSHKA NESTING BOXES","12","2010-12-23 14:20:00","8.04","15291.0","Belgium",""
"538545","20685","DOORMAT RED RETROSPOT","3","2010-12-23 14:20:00","7.29","15291.0","Belgium","BULK5"
"538546","84029E","RED WOOLLY HOTTIE WHITE HEART","7","2010-12-16 12:09:00","3.45","14606.0","Spain",""
"538547","85123A","WHITE HANGING HEART T-LIGHT HOLDER","6","2010-12-15 12:35:00","2.99","17850.0","France","BULK5"
"538547","20685","DOORMAT RED RETROSPOT","4","2010-12-15 12:35:00","7.04","17850.0","France",""
"538548","84406B","CREAM CUPID HEARTS COAT HANGER","11","2011-01-20 15:34:00","2.9","15311.0","Spain","BULK5"
"538548","22752","SET 7 BABUSHKA NESTING BOXES","11","2011-01-20 15:34:00","7.89","15311.0","Spain",""
"538548","22752","SET 7 BABUSHKA NESTING BOXES","9","2011-01-20 15:34:00","8.09","15311.0","Spain","NEWCUST"
"538549","22752","SET 7 BABUSHKA NESTING BOXES","8","2010-12-06 12:38:00","7.97","12583.0","Netherlands",""
"538549","47566","PARTY BUNTING","6","2010-12-06 12:38:00","5.14","12583.0","Netherlands",""
"538550","84029E","RED WOOLLY HOTTIE WHITE HEART","5","2011-01-30 10:49:00","3.32","17850.0","Belgium","SUMMER10"
"538550","71053","WHITE METAL LANTERN","5","2011-01-30 10:49:00","3.41","17850.0","Belgium",""
"538550","85123A","WHITE HANGING HEART T-LIGHT HOLDER","6","2011-01-30 10:49:00","2.89","17850.0","Belgium",""
"538550","22632","HAND WARMER RED POLKA DOT","9","2011-01-30 10:49:00","1.75","17850.0","Belgium","BULK5"
"538551","22633","HAND WARMER UNION JACK","9","2011-01-01 16:33:00","1.94","13047.0","France","SUMMER10"
"538551","20685","DOORMAT RED RETROSPOT","6","2011-01-01 16:33:00","7.47","13047.0","France","SUMMER10"
"538551","22752","SET 7 BABUSHKA NESTING BOXES","7","2011-01-01 16:33:00","7.88","13047.0","France",""
"538551","84406B","CREAM CUPID HEARTS COAT HANGER","9","2011-01-01 16:33:00","3.23","13047.0","France",""
"538552","84406B","CREAM CUPID HEARTS COAT HANGER","10","2011-01-04 13:51:00","2.96","14606.0","Australia",""
"538553","22632","HAND WARMER RED POLKA DOT","4","2010-12-10 10:44:00","2.26","14606.0","Netherlands","BULK5"
"538553","84029E","RED WOOLLY HOTTIE WHITE HEART","8","2010-12-10 10:44:00","3.74","14606.0","Netherlands",""
"538553","85099B","JUMBO BAG RED RETROSPOT","11","2010-12-10 10:44:00","1.96","14606.0","Netherlands","NEWCUST"
"538554","22752","SET 7 BABUSHKA NESTING BOXES","3","2011-01-01 13:42:00","7.77","12583.0","Australia",""
"538555","84029G","KNITTED UNION FLAG HOT WATER BOTTLE","8","2010-12-22 14:11:00","3.47","12583.0","Spain","NEWCUST"
"538555","71053","WHITE METAL LANTERN","11","2010-12-22 14:11:00","3.35","12583.0","Spain","BULK5"
"538556","21730","GLASS STAR FROSTED T-LIGHT HOLDER","8","2010-12-21 09:06:00","4.27","16029.0","EIRE",""
"538557","84406B","CREAM CUPID HEARTS COAT HANGER","2","2011-01-24 10:02:00","2.85","12583.0","Belgium",""
"538557","84029E","RED WOOLLY HOTTIE WHITE HEART","3","2011-01-24 10:02:00","3.44","12583.0","Belgium",""
"538557","47566","PARTY BUNTING","4","2011-01-24 10:02:00","5.45","12583.0","Belgium",""
"538557","85099B","JUMBO BAG RED RETROSPOT","8","2011-01-24 10:02:00","1.75","12583.0","Belgium",""
"538558","22633","HAND WARMER UNION JACK","11","2010-12-01 10:41:00","2.22","14606.0","Australia",""
"538558","85123A","WHITE HANGING HEART T-LIGHT HOLDER","7","2010-12-01 10:41:00","2.83","14606.0","Australia","NEWCUST"
"538559","22752","SET 7 BABUSHKA NESTING BOXES","9","2010-12-29 13:06:00","7.92","12583.0","France","NEWCUST"
"538560","85099B","JUMBO BAG RED RETROSPOT","11","2010-12-04 12:22:00","2.14","15311.0","France","SUMMER10"
"538560","20685","DOORMAT RED RETROSPOT","5","2010-12-04 12:22:00","7.08","15311.0","France",""
"538560","47566","PARTY BUNTING","7","2010-12-04 12:22:00","4.98","15311.0","France","SUMMER10"
"538561","84029E","RED WOOLLY HOTTIE WHITE HEART","10","2011-01-21 09:10:00","3.86","14606.0","Belgium",""
"538562","71053","WHITE METAL LANTERN","10","2010-12-07 10:37:00","3.56","13047.0","Germany",""
"538563","71053","WHITE METAL LANTERN","2","2011-01-09 12:07:00","3.56","14096.0","France","BULK5"
"538563","84029G","KNITTED UNION FLAG HOT WATER BOTTLE","5","2011-01-09 12:07:00","3.68","14096.0","France",""
"538563","85123A","WHITE HANGING HEART T-LIGHT HOLDER","4","2011-01-09 12:07:00","2.76","14096.0","France",""
"538564","71053","WHITE METAL LANTERN","9","2011-01-24 09:31:00","3.88","15311.0","Germany","SUMMER10"
"538565","71053","WHITE METAL LANTERN","4","2011-01-21 11:51:00","3.72","14096.0","EIRE",""
"538566","84406B","CREAM CUPID HEARTS COAT HANGER","12","2010-12-03 11:45:00","2.96","16029.0","Germany",""
"538566","85099B","JUMBO BAG RED RETROSPOT","2","2010-12-03 11:45:00","1.84","16029.0","Germany","SUMMER10"
"538567","84029E","RED WOOLLY HOTTIE WHITE HEART","9","2010-12-25 15:07:00","3.81","17850.0","Belgium",""
"538567","47566","PARTY BUNTING","12","2010-12-25 15:07:00","5.16","17850.0","Belgium",""
"538567","20685","DOORMAT RED RETROSPOT","4","2010-12-25 15:07:00","7.09","17850.0","Belgium","NEWCUST"
"538568","85099B","JUMBO BAG RED RETROSPOT","6","2011-01-13 11:49:00","2.08","13777.0","United Kingdom",""
"538569","71053","WHITE METAL LANTERN","3","2010-12-28 10:56:00","3.6","17850.0","Germany",""
"538569","47566","PARTY BUNTING","11","2010-12-28 10:56:00","4.92","17850.0","Germany",""
"538570","20685","DOORMAT RED RETROSPOT","7","2011-01-06 14:15:00","7.18","14606.0","United Kingdom","NEWCUST"
"538570","85123A","WHITE HANGING HEART T-LIGHT HOLDER","9","2011-01-06 14:15:00","2.87","14606.0","United Kingdom",""
"538570","84406B","CREAM CUPID HEARTS COAT HANGER","10","2011-01-06 14:15:00","2.65","14606.0","United Kingdom","SUMMER10"
"538571","85099B","JUMBO BAG RED RETROSPOT","2","2011-01-26 08:37:00","1.79","17850.0","Belgium",""
"538572","21730","GLASS STAR FROSTED T-LIGHT HOLDER","3","2011-01-23 16:23:00","4.3","17850.0","Netherlands",""
"538572","22752","SET 7 BABUSHKA NESTING BOXES","4","2011-01-23 16:23:00","7.86","17850.0","Netherlands",""
"538572","71053","WHITE METAL LANTERN","11","2011-01-23 16:23:00","3.32","17850.0","Netherlands","SUMMER10"
"538572","84029E","RED WOOLLY HOTTIE WHITE HEART","3","2011-01-23 16:23:00","3.63","17850.0","Netherlands",""
"538573","84029G","KNITTED UNION FLAG HOT WATER BOTTLE","8","2011-01-05 13:06:00","3.88","17809.0","Belgium",""
"538573","47566","PARTY BUNTING","8","2011-01-05 13:06:00","5.34","17809.0","Belgium",""
"538573","22752","SET 7 BABUSHKA NESTING BOXES","5","2011-01-05 13:06:00","8.03","17809.0","Belgium",""
"538574","20685","DOORMAT RED RETROSPOT","5","2010-12-01 10:12:00","7.19","15311.0","Spain",""
"538575","20685","DOORMAT RED RETROSPOT","7","2011-01-19 14:42:00","7.08","14606.0","Australia","SUMMER10"
"538575","21730","GLASS STAR FROSTED T-LIGHT HOLDER","12","2011-01-19 14:42:00","4.44","14606.0","Australia",""
"538576","22752","SET 7 BABUSHKA NESTING BOXES","9","2011-01-23 14:00:00","7.83","13777.0","Netherlands",""
"538576","71053","WHITE METAL LANTERN","8","2011-01-23 14:00:00","3.52","13777.0","Netherlands",""
"538576","47566","PARTY BUNTING","1","2011-01-23 14:00:00","4.94","13777.0","Netherlands",""
"538577","84029E","RED WOOLLY HOTTIE WHITE HEART","10","2010-12-09 09:32:00","3.51","15291.0","United Kingdom",""
"538577","22632","HAND WARMER RED POLKA DOT","11","2010-12-09 09:32:00","1.77","15291.0","United Kingdom",""
"538577","22752","SET 7 BABUSHKA NESTING BOXES","10","2010-12-09 09:32:00","8.04","15291.0","United Kingdom",""
"538578","85099B","JUMBO BAG RED RETROSPOT","2","2011-01-04 16:31:00","1.93","13047.0","EIRE",""
"538578","47566","PARTY BUNTING","9","2011-01-04 16:31:00","5.16","13047.0","EIRE","NEWCUST"
"538578","84406B","CREAM CUPID HEARTS COAT HANGER","4","2011-01-04 16:31:00","3.18","13047.0","EIRE","SUMMER10"
"538578","47566","PARTY BUNTING","7","2011-01-04 16:31:00","5.43","13047.0","EIRE","SUMMER10"
"538579","22752","SET 7 BABUSHKA NESTING BOXES","9","2010-12-22 08:21:00","7.61","17850.0","Belgium","NEWCUST"
"538579","22633","HAND WARMER UNION JACK","10","2010-12-22 08:21:00","2.14","17850.0","Belgium","SUMMER10"
"538579","84406B","CREAM CUPID HEARTS COAT HANGER","3","2010-12-22 08:21:00","2.87","17850.0","Belgium",""
"538580","47566","PARTY BUNTING","2","2011-01-02 08:57:00","5.45","15311.0","Netherlands",""
"538580","22632","HAND WARMER RED POLKA DOT","12","2011-01-02 08:57:00","2.06","15311.0","Netherlands",""
"538580","85123A","WHITE HANGING HEART T-LIGHT HOLDER","3","2011-01-02 08:57:00","2.77","15311.0","Netherlands","SUMMER10"
"538580","20685","DOORMAT RED RETROSPOT","1","2011-01-02 08:57:00","7.13","15311.0","Netherlands","NEWCUST"
"538581","84029G","KNITTED UNION FLAG HOT WATER BOTTLE","11","2010-12-30 10:37:00","3.53","16029.0","United Kingdom","BULK5"
"538582","20685","DOORMAT RED RETROSPOT","10","2011-01-15 12:01:00","7.1","17850.0","Spain","BULK5"
"538582","22633","HAND WARMER UNION JACK","4","2011-01-15 12:01:00","2.33","17850.0","Spain",""
"538582","84406B","CREAM CUPID HEARTS COAT HANGER","7","2011-01-15 12:01:00","2.67","17850.0","Spain",""
"538583","84029G","KNITTED UNION FLAG HOT WATER BOTTLE","9","2010-12-29 10:49:00","3.62","15291.0","France",""
"538584","22632","HAND WARMER RED POLKA DOT","7","2010-12-24 12:43:00","2.2","14096.0","Belgium","SUMMER10"
"538584","84406B","CREAM CUPID HEARTS COAT HANGER","12","2010-12-24 12:43:00","3.24","14096.0","Belgium",""
"538584","84029G","KNITTED UNION FLAG HOT WATER BOTTLE","7","2010-12-24 12:43:00","3.74","14096.0","Belgium",""
"538585","85099B","JUMBO BAG RED RETROSPOT","10","2011-01-11 12:35:00","2.05","17850.0","United Kingdom",""
"538586","85099B","JUMBO BAG RED RETROSPOT","2","2011-01-30 14:22:00","1.6","13047.0","Spain",""
"538586","85099B","JUMBO BAG RED RETROSPOT","4","2011-01-30 14:22:00","1.92","13047.0","Spain",""
"538586","84029G","KNITTED UNION FLAG HOT WATER BOTTLE","2","2011-01-30 14:22:00","3.63","13047.0","Spain","BULK5"
"538587","84029G","KNITTED UNION FLAG HOT WATER BOTTLE","10","2010-12-26 16:39:00","3.58","15291.0","United Kingdom",""
"538587","20685","DOORMAT RED RETROSPOT","1","2010-12-26 16:39:00","7.16","15291.0","United Kingdom","BULK5"
"538588","47566","PARTY BUNTING","1","2011-01-07 13:11:00","4.99","16029.0","Germany",""
"538588","47566","PARTY BUNTING","6","2011-01-07 13:11:00","5.1","16029.0","Germany",""
"538588","20685","DOORMAT RED RETROSPOT","6","2011-01-07 13:11:00","7.34","16029.0","Germany",""
"538589","84029G","KNITTED UNION FLAG HOT WATER BOTTLE","7","2010-12-07 16:31:00","3.51","17809.0","Spain",""
"538590","22752","SET 7 BABUSHKA NESTING BOXES","10","2011-01-28 11:18:00","7.66","14606.0","Netherlands","BULK5"
"538590","20685","DOORMAT RED RETROSPOT","2","2011-01-28 11:18:00","7.13","14606.0","Netherlands",""
"538590","84406B","CREAM CUPID HEARTS COAT HANGER","1","2011-01-28 11:18:00","2.75","14606.0","Netherlands",""
"538591","22632","HAND WARMER RED POLKA DOT","1","2011-01-26 11:11:00","1.86","15291.0","EIRE","NEWCUST"
"538591","22633","HAND WARMER UNION JACK","11","2011-01-26 11:11:00","1.88","15291.0","EIRE","BULK5"
"538592","22633","HAND WARMER UNION JACK","2","2010-12-29 11:48:00","2.03","13047.0","Germany",""
"538592","22752","SET 7 BABUSHKA NESTING BOXES","9","2010-12-29 11:48:00","7.84","13047.0","Germany",""
"538592","22632","HAND WARMER RED POLKA DOT","7","2010-12-29 11:48:00","2.14","13047.0","Germany",""
"538593","71053","WHITE METAL LANTERN","7","2010-12-13 11:06:00","3.46","14606.0","Australia",""
"538593","47566","PARTY BUNTING","7","2010-12-13 11:06:00","5.42","14606.0","Australia","SUMMER10"
"538593","22752","SET 7 BABUSHKA NESTING BOXES","4","2010-12-13 11:06:00","7.98","14606.0","Australia",""
"538594","84029G","KNITTED UNION FLAG HOT WATER BOTTLE","10","2011-01-15 11:58:00","3.62","14606.0","Australia","NEWCUST"
"538595","84029G","KNITTED UNION FLAG HOT WATER BOTTLE","12","2010-12-23 08:19:00","3.42","13777.0","United Kingdom",""
"538596","22632","HAND WARMER RED POLKA DOT","2","2010-12-26 10:57:00","1.95","14606.0","United Kingdom","BULK5"
"538596","84029G","KNITTED UNION FLAG HOT WATER BOTTLE","7","2010-12-26 10:57:00","3.59","14606.0","United Kingdom","NEWCUST"
"538596","20685","DOORMAT RED RETROSPOT","12","2010-12-26 10:57:00","7.11","14606.0","United Kingdom","SUMMER10"
"538596","85099B","JUMBO BAG RED RETROSPOT","2","2010-12-26 10:57:00","2.14","14606.0","United Kingdom","NEWCUST"
"538597","21730","GLASS STAR FROSTED T-LIGHT HOLDER","9","2010-12-18 09:24:00","4.63","14096.0","United Kingdom","NEWCUST"
"538597","20685","DOORMAT RED RETROSPOT","4","2010-12-18 09:24:00","7.19","14096.0","United Kingdom","NEWCUST"
"538597","22633","HAND WARMER UNION JACK","11","2010-12-18 09:24:00","2.01","14096.0","United Kingdom","BULK5"
"538597","71053","WHITE METAL LANTERN","2","2010-12-18 09:24:00","3.63","14096.0","United Kingdom",""
"538598","21730","GLASS STAR FROSTED T-LIGHT HOLDER","1","2010-12-16 09:44:00","4.45","15291.0","Germany",""
"538598","84029E","RED WOOLLY HOTTIE WHITE HEART","6","2010-12-16 09:44:00","3.78","15291.0","Germany",""
"538599","22752","SET 7 BABUSHKA NESTING BOXES","9","2010-12-28 11:33:00","7.72","15291.0","Australia",""
"538600","85123A","WHITE HANGING HEART T-LIGHT HOLDER","4","2010-12-29 13:54:00","2.64","14096.0","France",""
"538600","22632","HAND WARMER RED POLKA DOT","9","2010-12-29 13:54:00","2.12","14096.0","France","SUMMER10"
"538600","85099B","JUMBO BAG RED RETROSPOT","6","2010-12-29 13:54:00","1.68","14096.0","France","BULK5"
"538600","22752","SET 7 BABUSHKA NESTING BOXES","6","2010-12-29 13:54:00","7.85","14096.0","France",""
"538601","21730","GLASS STAR FROSTED T-LIGHT HOLDER","10","2011-01-24 16:31:00","4.42","15291.0","Spain","SUMMER10"
"538601","84029E","RED WOOLLY HOTTIE WHITE HEART","3","2011-01-24 16:31:00","3.4","15291.0","Spain","SUMMER10"
"538601","84406B","CREAM CUPID HEARTS COAT HANGER","5","2011-01-24 16:31:00","2.82","15291.0","Spain",""
"538601","85099B","JUMBO BAG RED RETROSPOT","9","2011-01-24 16:31:00","1.92","15291.0","Spain","BULK5"
"538602","84029E","RED WOOLLY HOTTIE WHITE HEART","1","2011-01-15 10:58:00","3.38","17850.0","Australia",""
"538602","85099B","JUMBO BAG RED RETROSPOT","2","2011-01-15 10:58:00","2.06","17850.0","Australia",""
"538603","22632","HAND WARMER RED POLKA DOT","12","2011-01-29 10:57:00","2.19","16029.0","Netherlands","NEWCUST"
"538603","21730","GLASS STAR FROSTED T-LIGHT HOLDER","9","2011-01-29 10:57:00","4.68","16029.0","Netherlands",""
"538603","85099B","JUMBO BAG RED RETROSPOT","2","2011-01-29 10:57:00","1.7","16029.0","Netherlands",""
"538603","71053","WHITE METAL LANTERN","7","2011-01-29 10:57:00","3.64","16029.0","Netherlands",""
"538604","22752","SET 7 BABUSHKA NESTING BOXES","2","2011-01-11 16:35:00","7.55","17809.0","Germany","SUMMER10"
"538605","84029E","RED WOOLLY HOTTIE WHITE HEART","1","2010-12-24 10:27:00","3.48","12583.0","Spain","SUMMER10"
"538606","47566","PARTY BUNTING","2","2011-01-06 10:04:00","5.23","15291.0","Netherlands",""
"538606","47566","PARTY BUNTING","6","2011-01-06 10:04:00","4.94","15291.0","Netherlands","SUMMER10"
"538606","84029E","RED WOOLLY HOTTIE WHITE HEART","7","2011-01-06 10:04:00","3.38","15291.0","Netherlands","SUMMER10"
"538606","47566","PARTY BUNTING","8","2011-01-06 10:04:00","5.35","15291.0","Netherlands","NEWCUST"
"538607","20685","DOORMAT RED RETROSPOT","1","2010-12-27 14:19:00","7.01","13777.0","Australia","BULK5"
"538608","22632","HAND WARMER RED POLKA DOT","12","2011-01-15 10:21:00","1.97","12583.0","EIRE",""
"538609","85099B","JUMBO BAG RED RETROSPOT","10","2010-12-11 16:20:00","1.84","15291.0","France","BULK5"
"538609","71053","WHITE METAL LANTERN","6","2010-12-11 16:20:00","3.57","15291.0","France",""
"538609","22752","SET 7 BABUSHKA NESTING BOXES","1","2010-12-11 16:20:00","7.93","15291.0","France",""
"538609","21730","GLASS STAR FROSTED T-LIGHT HOLDER","9","2010-12-11 16:20:00","4.18","15291.0","France",""
"538610","20685","DOORMAT RED RETROSPOT","2","2011-01-08 12:08:00","7.21","17850.0","Netherlands",""
"538610","84406B","CREAM CUPID HEARTS COAT HANGER","2","2011-01-08 12:08:00","2.92","17850.0","Netherlands",""
"538610","22633","HAND WARMER UNION JACK","10","2011-01-08 12:08:00","2.01","17850.0","Netherlands","SUMMER10"
"538610","22633","HAND WARMER UNION JACK","6","2011-01-08 12:08:00","2.11","17850.0","Netherlands",""
"538611","22633","HAND WARMER UNION JACK","8","2010-12-25 09:40:00","2.07","17850.0","United Kingdom",""
"538611","84029E","RED WOOLLY HOTTIE WHITE HEART","5","2010-12-25 09:40:00","3.44","17850.0","United Kingdom",""
"538612","21730","GLASS STAR FROSTED T-LIGHT HOLDER","12","2010-12-15 08:12:00","4.58","17850.0","Australia",""
"538613","22632","HAND WARMER RED POLKA DOT","5","2010-12-05 09:21:00","1.87","16029.0","EIRE","NEWCUST"
"538613","85123A","WHITE HANGING HEART T-LIGHT HOLDER","2","2010-12-05 09:21:00","2.59","16029.0","EIRE","SUMMER10"
"538614","84406B","CREAM CUPID HEARTS COAT HANGER","8","2010-12-31 12:11:00","2.81","15291.0","Spain",""
"538614","47566","PARTY BUNTING","4","2010-12-31 12:11:00","5.05","15291.0","Spain",""
"538615","84029E","RED WOOLLY HOTTIE WHITE HEART","1","2011-01-07 16:55:00","3.36","15311.0","Spain",""
"538616","85123A","WHITE HANGING HEART T-LIGHT HOLDER","2","2010-12-18 16:32:00","2.82","14606.0","Australia",""
"538617","84406B","CREAM CUPID HEARTS COAT HANGER","9","2011-01-15 16:25:00","3.1","13777.0","EIRE","BULK5"
"538617","22752","SET 7 BABUSHKA NESTING BOXES","1","2011-01-15 16:25:00","7.93","13777.0","EIRE","NEWCUST"
"538617","47566","PARTY BUNTING","5","2011-01-15 16:25:00","4.93","13777.0","EIRE","NEWCUST"
"538617","85099B","JUMBO BAG RED RETROSPOT","2","2011-01-15 16:25:00","1.73","13777.0","EIRE","BULK5"
"538618","85099B","JUMBO BAG RED RETROSPOT","1","2010-12-01 08:17:00","1.79","15311.0","Spain",""
"538619","22632","HAND WARMER RED POLKA DOT","7","2010-12-21 13:05:00","1.95","13777.0","Spain",""
"538619","71053","WHITE METAL LANTERN","5","2010-12-21 13:05:00","3.3","13777.0","Spain",""
"538619","84029G","KNITTED UNION FLAG HOT WATER BOTTLE","6","2010-12-21 13:05:00","3.45","13777.0","Spain",""
"538619","85123A","WHITE HANGING HEART T-LIGHT HOLDER","7","2010-12-21 13:05:00","2.97","13777.0","Spain","SUMMER10"
"538620","47566","PARTY BUNTING","8","2010-12-23 16:48:00","5.35","12583.0","EIRE",""
"538620","21730","GLASS STAR FROSTED T-LIGHT HOLDER","10","2010-12-23 16:48:00","4.45","12583.0","EIRE","BULK5"
"538620","71053","WHITE METAL LANTERN","1","2010-12-23 16:48:00","3.54","12583.0","EIRE","NEWCUST"
"538621","22633","HAND WARMER UNION JACK","9","2010-12-29 11:37:00","2.33","13777.0","Netherlands","BULK5"
"538621","85099B","JUMBO BAG RED RETROSPOT","5","2010-12-29 11:37:00","1.6","13777.0","Netherlands",""
"538622","22752","SET 7 BABUSHKA NESTING BOXES","8","2011-01-10 11:18:00","8.06","15291.0","United Kingdom","SUMMER10"
"538622","22633","HAND WARMER UNION JACK","2","2011-01-10 11:18:00","1.81","15291.0","United Kingdom","BULK5"
"538622","22752","SET 7 BABUSHKA NESTING BOXES","12","2011-01-10 11:18:00","7.97","15291.0","United Kingdom","BULK5"
"538622","85099B","JUMBO BAG RED RETROSPOT","10","2011-01-10 11:18:00","1.78","15291.0","United Kingdom",""
"538623","71053","WHITE METAL LANTERN","8","2011-01-13 11:19:00","3.74","15311.0","Australia","NEWCUST"
"538623","84406B","CREAM CUPID HEARTS COAT HANGER","12","2011-01-13 11:19:00","3.18","15311.0","Australia","SUMMER10"
"538624","22633","HAND WARMER UNION JACK","9","2011-01-16 14:23:00","1.91","14606.0","United Kingdom",""
"538624","20685","DOORMAT RED RETROSPOT","7","2011-01-16 14:23:00","7.07","14606.0","United Kingdom",""
"538624","71053","WHITE METAL LANTERN","4","2011-01-16 14:23:00","3.33","14606.0","United Kingdom","NEWCUST"
"538625","22752","SET 7 BABUSHKA NESTING BOXES","4","2010-12-15 10:25:00","7.82","13047.0","United Kingdom","BULK5"
"538625","47566","PARTY BUNTING","8","2010-12-15 10:25:00","5.17","13047.0","United Kingdom","SUMMER10"
"538625","84029G","KNITTED UNION FLAG HOT WATER BOTTLE","8","2010-12-15 10:25:00","3.82","13047.0","United Kingdom","BULK5"
"538626","47566","PARTY BUNTING","11","2010-12-24 12:39:00","4.96","17809.0","EIRE",""
"538626","21730","GLASS STAR FROSTED T-LIGHT HOLDER","8","2010-12-24 12:39:00","4.57","17809.0","EIRE","SUMMER10"
"538627","84029G","KNITTED UNION FLAG HOT WATER BOTTLE","11","2011-01-10 12:19:00","3.55","15311.0","EIRE","NEWCUST"
"538628","84029G","KNITTED UNION FLAG HOT WATER BOTTLE","11","2010-12-11 15:26:00","3.66","15311.0","Netherlands",""
"538629","84029G","KNITTED UNION FLAG HOT WATER BOTTLE","8","2011-01-11 10:59:00","3.76","14606.0","Germany",""
"538629","20685","DOORMAT RED RETROSPOT","9","2011-01-11 10:59:00","7.18","14606.0","Germany","SUMMER10"
"538629","84029G","KNITTED UNION FLAG HOT WATER BOTTLE","2","2011-01-11 10:59:00","3.79","14606.0","Germany","BULK5"
"538630","71053","WHITE METAL LANTERN","4","2010-12-25 09:55:00","3.51","14096.0","EIRE",""
"538630","20685","DOORMAT RED RETROSPOT","11","2010-12-25 09:55:00","7.31","14096.0","EIRE",""
"538630","22752","SET 7 BABUSHKA NESTING BOXES","8","2010-12-25 09:55:00","8.1","14096.0","EIRE","NEWCUST"
"538631","22752","SET 7 BABUSHKA NESTING BOXES","11","2011-01-10 15:52:00","8.01","12583.0","United Kingdom",""
"538631","47566","PARTY BUNTING","9","2011-01-10 15:52:00","5.3","12583.0","United Kingdom",""
"538631","85123A","WHITE HANGING HEART T-LIGHT HOLDER","1","2011-01-10 15:52:00","2.5","12583.0","United Kingdom","SUMMER10"
"538632","22752","SET 7 BABUSHKA NESTING BOXES","9","2010-12-24 10:34:00","8.11","17850.0","Netherlands","BULK5"
"538633","71053","WHITE METAL LANTERN","11","2010-12-01 15:36:00","3.31","13047.0","France",""
"538634","21730","GLASS STAR FROSTED T-LIGHT HOLDER","4","2011-01-01 12:21:00","4.31","15291.0","United Kingdom","NEWCUST"
"538634","85099B","JUMBO BAG RED RETROSPOT","4","2011-01-01 12:21:00","1.82","15291.0","United Kingdom","NEWCUST"
"538634","22632","HAND WARMER RED POLKA DOT","4","2011-01-01 12:21:00","1.79","15291.0","United Kingdom",""
"538634","84029G","KNITTED UNION FLAG HOT WATER BOTTLE","1","2011-01-01 12:21:00","3.54","15291.0","United Kingdom","BULK5"
"538635","84406B","CREAM CUPID HEARTS COAT HANGER","8","2010-12-04 10:09:00","3.12","14096.0","Germany","NEWCUST"
"538635","84406B","CREAM CUPID HEARTS COAT HANGER","12","2010-12-04 10:09:00","3.13","14096.0","Germany",""
"538635","22632","HAND WARMER RED POLKA DOT","11","2010-12-04 10:09:00","1.86","14096.0","Germany",""
"538635","22633","HAND WARMER UNION JACK","2","2010-12-04 10:09:00","2.25","14096.0","Germany",""
"538636","84029G","KNITTED UNION FLAG HOT WATER BOTTLE","3","2011-01-15 16:49:00","3.5","13047.0","United Kingdom",""
"538636","71053","WHITE METAL LANTERN","3","2011-01-15 16:49:00","3.34","13047.0","United Kingdom","NEWCUST"
"538636","85099B","JUMBO BAG RED RETROSPOT","9","2011-01-15 16:49:00","1.68","13047.0","United Kingdom","SUMMER10"
"538637","84029E","RED WOOLLY HOTTIE WHITE HEART","7","2011-01-26 11:13:00","3.38","16029.0","EIRE",""
"538637","84029E","RED WOOLLY HOTTIE WHITE HEART","3","2011-01-26 11:13:00","3.44","16029.0","EIRE",""
"538638","47566","PARTY BUNTING","2","2010-12-18 10:23:00","5.02","13777.0","Germany",""
"538639","84029G","KNITTED UNION FLAG HOT WATER BOTTLE","7","2010-12-13 11:56:00","3.58","15291.0","EIRE","SUMMER10"
"538639","22633","HAND WARMER UNION JACK","7","2010-12-13 11:56:00","1.85","15291.0","EIRE","NEWCUST"
"538639","22632","HAND WARMER RED POLKA DOT","1","2010-12-13 11:56:00","2.16","15291.0","EIRE",""
"538639","47566","PARTY BUNTING","11","2010-12-13 11:56:00","5.2","15291.0","EIRE",""
"538640","84029E","RED WOOLLY HOTTIE WHITE HEART","1","2010-12-09 12:40:00","3.63","17809.0","United Kingdom",""
"538640","22633","HAND WARMER UNION JACK","8","2010-12-09 12:40:00","2.32","17809.0","United Kingdom","NEWCUST"
"538640","71053","WHITE METAL LANTERN","1","2010-12-09 12:40:00","3.31","17809.0","United Kingdom",""
"538640","22752","SET 7 BABUSHKA NESTING BOXES","12","2010-12-09 12:40:00","7.85","17809.0","United Kingdom",""
"538641","21730","GLASS STAR FROSTED T-LIGHT HOLDER","5","2011-01-04 09:07:00","4.52","13777.0","Australia","BULK5"
"538641","84029E","RED WOOLLY HOTTIE WHITE HEART","9","2011-01-04 09:07:00","3.41","13777.0","Australia",""
"538641","47566","PARTY BUNTING","7","2011-01-04 09:07:00","5.37","13777.0","Australia",""
"538641","84029G","KNITTED UNION FLAG HOT WATER BOTTLE","11","2011-01-04 09:07:00","3.53","13777.0","Australia","NEWCUST"
"538642","20685","DOORMAT RED RETROSPOT","9","2010-12-04 15:10:00","7.25","15311.0","Belgium",""
"538642","22752","SET 7 BABUSHKA NESTING BOXES","8","2010-12-04 15:10:00","7.93","15311.0","Belgium","SUMMER10"
"538642","22632","HAND WARMER RED POLKA DOT","3","2010-12-04 15:10:00","2.16","15311.0","Belgium",""
"538642","71053","WHITE METAL LANTERN","4","2010-12-04 15:10:00","3.33","15311.0","Belgium","BULK5"
"538643","22633","HAND WARMER UNION JACK","5","2010-12-29 10:52:00","2.33","17850.0","Belgium","NEWCUST"
"538643","84406B","CREAM CUPID HEARTS COAT HANGER","3","2010-12-29 10:52:00","3.24","17850.0","Belgium","BULK5"
"538644","85099B","JUMBO BAG RED RETROSPOT","4","2010-12-20 14:57:00","1.92","14606.0","Netherlands",""
"538644","85099B","JUMBO BAG RED RETROSPOT","4","2010-12-20 14:57:00","2.0","14606.0","Netherlands","NEWCUST"
"538645","22633","HAND WARMER UNION JACK","7","2011-01-06 09:38:00","2.27","14096.0","Belgium",""
"538645","84029G","KNITTED UNION FLAG HOT WATER BOTTLE","4","2011-01-06 09:38:00","3.29","14096.0","Belgium",""
"538646","84029E","RED WOOLLY HOTTIE WHITE HEART","10","2011-01-18 16:16:00","3.55","17809.0","Germany","NEWCUST"
"538646","47566","PARTY BUNTING","5","2011-01-18 16:16:00","5.17","17809.0","Germany",""
"538646","84029E","RED WOOLLY HOTTIE WHITE HEART","8","2011-01-18 16:16:00","3.35","17809.0","Germany","NEWCUST"
"538647","85099B","JUMBO BAG RED RETROSPOT","5","2011-01-17 14:36:00","2.01","17809.0","Australia",""
"538647","85099B","JUMBO BAG RED RETROSPOT","7","2011-01-17 14:36:00","1.73","17809.0","Australia",""
"538647","84029G","KNITTED UNION FLAG HOT WATER BOTTLE","12","2011-01-17 14:36:00","3.3","17809.0","Australia",""
"538647","22632","HAND WARMER RED POLKA DOT","9","2011-01-17 14:36:00","2.11","17809.0","Australia","SUMMER10"
"538648","84029E","RED WOOLLY HOTTIE WHITE HEART","1","2010-12-04 14:47:00","3.78","17809.0","Netherlands","BULK5"
"538649","85099B","JUMBO BAG RED RETROSPOT","1","2010-12-28 12:43:00","1.87","12583.0","Belgium","NEWCUST"
"538649","47566","PARTY BUNTING","6","2010-12-28 12:43:00","5.42","12583.0","Belgium",""
"538649","71053","WHITE METAL LANTERN","5","2010-12-28 12:43:00","3.74","12583.0","Belgium",""
"538650","71053","WHITE METAL LANTERN","7","2011-01-10 10:35:00","3.88","12583.0","Australia","NEWCUST"
"538650","22752","SET 7 BABUSHKA NESTING BOXES","10","2011-01-10 10:35:00","8.05","12583.0","Australia","SUMMER10"
"538650","22752","SET 7 BABUSHKA NESTING BOXES","3","2011-01-10 10:35:00","7.78","12583.0","Australia","SUMMER10"
"538651","22633","HAND WARMER UNION JACK","7","2011-01-05 09:38:00","2.02","13777.0","Australia","NEWCUST"
"538651","84029G","KNITTED UNION FLAG HOT WATER BOTTLE","2","2011-01-05 09:38:00","3.47","13777.0","Australia","SUMMER10"
"538651","84406B","CREAM CUPID HEARTS COAT HANGER","5","2011-01-05 09:38:00","3.12","13777.0","Australia",""
"538651","47566","PARTY BUNTING","6","2011-01-05 09:38:00","5.38","13777.0","Australia",""
"538652","85123A","WHITE HANGING HEART T-LIGHT HOLDER","7","2011-01-14 10:53:00","3.01","17850.0","Netherlands","SUMMER10"
"538653","84029E","RED WOOLLY HOTTIE WHITE HEART","11","2011-01-21 08:11:00","3.7","12583.0","Australia",""
"538653","20685","DOORMAT RED RETROSPOT","10","2011-01-21 08:11:00","7.44","12583.0","Australia",""
"538653","84029G","KNITTED UNION FLAG HOT WATER BOTTLE","7","2011-01-21 08:11:00","3.38","12583.0","Australia","BULK5"
"538654","85123A","WHITE HANGING HEART T-LIGHT HOLDER","6","2010-12-21 14:38:00","2.84","15291.0","EIRE",""
"538654","84406B","CREAM CUPID HEARTS COAT HANGER","6","2010-12-21 14:38:00","2.9","15291.0","EIRE",""
"538654","22752","SET 7 BABUSHKA NESTING BOXES","5","2010-12-21 14:38:00","7.86","15291.0","EIRE","SUMMER10"
"538654","47566","PARTY BUNTING","1","2010-12-21 14:38:00","4.92","15291.0","EIRE","NEWCUST"
"538655","84406B","CREAM CUPID HEARTS COAT HANGER","11","2011-01-20 15:34:00","2.71","17850.0","Australia","SUMMER10"
"538656","21730","GLASS STAR FROSTED T-LIGHT HOLDER","8","2010-12-16 14:02:00","4.36","14606.0","Belgium",""
"538656","22633","HAND WARMER UNION JACK","12","2010-12-16 14:02:00","2.17","14606.0","Belgium","SUMMER10"
"538656","22633","HAND WARMER UNION JACK","11","2010-12-16 14:02:00","1.79","14606.0","Belgium",""
"538656","22633","HAND WARMER UNION JACK","11","2010-12-16 14:02:00","2.25","14606.0","Belgium",""
"538657","22632","HAND WARMER RED POLKA DOT","8","2010-12-09 10:50:00","1.96","15311.0","Germany","BULK5"
"538657","85099B","JUMBO BAG RED RETROSPOT","9","2010-12-09 10:50:00","2.08","15311.0","Germany","SUMMER10"
"538657","85123A","WHITE HANGING HEART T-LIGHT HOLDER","6","2010-12-09 10:50:00","2.69","15311.0","Germany",""
"538657","71053","WHITE METAL LANTERN","9","2010-12-09 10:50:00","3.86","15311.0","Germany","NEWCUST"
"538658","84029E","RED WOOLLY HOTTIE WHITE HEART","9","2010-12-21 08:17:00","3.41","17850.0","EIRE","SUMMER10"
"538658","22633","HAND WARMER UNION JACK","4","2010-12-21 08:17:00","2.27","17850.0","EIRE",""
"538658","85123A","WHITE HANGING HEART T-LIGHT HOLDER","1","2010-12-21 08:17:00","2.79","17850.0","EIRE","NEWCUST"
"538659","85123A","WHITE HANGING HEART T-LIGHT HOLDER","5","2010-12-30 15:50:00","2.51","15291.0","Australia",""
"538659","22633","HAND WARMER UNION JACK","5","2010-12-30 15:50:00","2.32","15291.0","Australia",""
"538659","47566","PARTY BUNTING","5","2010-12-30 15:50:00","5.43","15291.0","Australia","BULK5"
"538660","85099B","JUMBO BAG RED RETROSPOT","9","2010-12-27 14:57:00","1.64","16029.0","Netherlands","BULK5"
"538661","20685","DOORMAT RED RETROSPOT","10","2011-01-10 15:15:00","7.48","17850.0","EIRE",""
"538661","85123A","WHITE HANGING HEART T-LIGHT HOLDER","8","2011-01-10 15:15:00","2.58","17850.0","EIRE",""
"538661","22752","SET 7 BABUSHKA NESTING BOXES","7","2011-01-10 15:15:00","7.84","17850.0","EIRE",""
"538661","84029E","RED WOOLLY HOTTIE WHITE HEART","11","2011-01-10 15:15:00","3.63","17850.0","EIRE","SUMMER10"
"538662","22752","SET 7 BABUSHKA NESTING BOXES","8","2011-01-07 11:28:00","8.03","14606.0","Australia","BULK5"
"538663","20685","DOORMAT RED RETROSPOT","2","2010-12-24 13:12:00","7.21","15291.0","United Kingdom",""
"538663","22752","SET 7 BABUSHKA NESTING BOXES","1","2010-12-24 13:12:00","7.72","15291.0","United Kingdom","BULK5"
"538663","84029E","RED WOOLLY HOTTIE WHITE HEART","5","2010-12-24 13:12:00","3.61","15291.0","United Kingdom",""
"538663","21730","GLASS STAR FROSTED T-LIGHT HOLDER","12","2010-12-24 13:12:00","4.69","15291.0","United Kingdom",""
"538664","21730","GLASS STAR FROSTED T-LIGHT HOLDER","3","2011-01-21 15:05:00","4.29","13777.0","Germany","BULK5"
"538665","71053","WHITE METAL LANTERN","4","2011-01-24 16:50:00","3.7","16029.0","France","BULK5"
"538665","85123A","WHITE HANGING HEART T-LIGHT HOLDER","3","2011-01-24 16:50:00","2.88","16029.0","France","BULK5"
"538665","20685","DOORMAT RED RETROSPOT","12","2011-01-24 16:50:00","7.19","16029.0","France",""
"538666","22752","SET 7 BABUSHKA NESTING BOXES","5","2011-01-29 10:20:00","7.87","14096.0","France","SUMMER10"
"538666","22752","SET 7 BABUSHKA NESTING BOXES","3","2011-01-29 10:20:00","7.98","14096.0","France",""
"538667","21730","GLASS STAR FROSTED T-LIGHT HOLDER","9","2010-12-07 15:38:00","4.61","13047.0","United Kingdom","SUMMER10"
"538667","84029E","RED WOOLLY HOTTIE WHITE HEART","6","2010-12-07 15:38:00","3.79","13047.0","United Kingdom","NEWCUST"
"538668","84029E","RED WOOLLY HOTTIE WHITE HEART","12","2011-01-11 09:08:00","3.62","16029.0","Spain",""
"538668","22632","HAND WARMER RED POLKA DOT","1","2011-01-11 09:08:00","2.16","16029.0","Spain","SUMMER10"
"538668","22752","SET 7 BABUSHKA NESTING BOXES","7","2011-01-11 09:08:00","7.69","16029.0","Spain",""
"538669","84029G","KNITTED UNION FLAG HOT WATER BOTTLE","9","2010-12-02 09:19:00","3.88","13777.0","Australia","BULK5"
"538669","20685","DOORMAT RED RETROSPOT","1","2010-12-02 09:19:00","7.41","13777.0","Australia",""
"538670","84406B","CREAM CUPID HEARTS COAT HANGER","2","2010-12-21 16:21:00","3.12","15311.0","Belgium","SUMMER10"
"538670","85123A","WHITE HANGING HEART T-LIGHT HOLDER","2","2010-12-21 16:21:00","2.75","15311.0","Belgium",""
"538670","20685","DOORMAT RED RETROSPOT","10","2010-12-21 16:21:00","7.49","15311.0","Belgium","SUMMER10"
"538671","20685","DOORMAT RED RETROSPOT","3","2010-12-23 15:30:00","7.58","17850.0","Australia",""
"538671","22752","SET 7 BABUSHKA NESTING BOXES","4","2010-12-23 15:30:00","7.68","17850.0","Australia",""
"538671","85099B","JUMBO BAG RED RETROSPOT","6","2010-12-23 15:30:00","1.8","17850.0","Australia",""
"538671","84029G","KNITTED UNION FLAG HOT WATER BOTTLE","3","2010-12-23 15:30:00","3.64","17850.0","Australia",""
"538672","22632","HAND WARMER RED POLKA DOT","12","2011-01-16 16:53:00","2.23","12583.0","Germany",""
"538673","22632","HAND WARMER RED POLKA DOT","10","2011-01-25 11:14:00","1.91","16029.0","Belgium","NEWCUST"
"538673","84406B","CREAM CUPID HEARTS COAT HANGER","7","2011-01-25 11:14:00","3.0","16029.0","Belgium","NEWCUST"
"538674","22633","HAND WARMER UNION JACK","10","2011-01-22 10:49:00","1.76","13777.0","United Kingdom",""
"538674","84029G","KNITTED UNION FLAG HOT WATER BOTTLE","4","2011-01-22 10:49:00","3.68","13777.0","United Kingdom","NEWCUST"
"538674","84029G","KNITTED UNION FLAG HOT WATER BOTTLE","9","2011-01-22 10:49:00","3.67","13777.0","United Kingdom","NEWCUST"
"538674","21730","GLASS STAR FROSTED T-LIGHT HOLDER","10","2011-01-22 10:49:00","4.44","13777.0","United Kingdom",""
"538675","21730","GLASS STAR FROSTED T-LIGHT HOLDER","12","2010-12-15 16:33:00","4.36","15291.0","Australia",""
"538676","21730","GLASS STAR FROSTED T-LIGHT HOLDER","11","2010-12-20 14:45:00","4.36","17809.0","EIRE","BULK5"
"538677","84029G","KNITTED UNION FLAG HOT WATER BOTTLE","10","2011-01-28 11:45:00","3.77","17809.0","Australia",""
"538677","21730","GLASS STAR FROSTED T-LIGHT HOLDER","9","2011-01-28 11:45:00","4.48","17809.0","Australia","SUMMER10"
"538678","85099B","JUMBO BAG RED RETROSPOT","11","2011-01-27 13:25:00","2.07","12583.0","United Kingdom",""
"538679","71053","WHITE METAL LANTERN","5","2011-01-17 15:49:00","3.55","14096.0","Australia",""
"538679","22632","HAND WARMER RED POLKA DOT","10","2011-01-17 15:49:00","1.99","14096.0","Australia",""
"538680","85123A","WHITE HANGING HEART T-LIGHT HOLDER","6","2010-12-30 13:17:00","2.67","13777.0","France","SUMMER10"
"538680","22632","HAND WARMER RED POLKA DOT","11","2010-12-30 13:17:00","1.87","13777.0","France",""
"538681","47566","PARTY BUNTING","10","2010-12-26 10:35:00","5.05","15311.0","United Kingdom",""
"538681","84029E","RED WOOLLY HOTTIE WHITE HEART","5","2010-12-26 10:35:00","3.58","15311.0","United Kingdom",""
"538681","84406B","CREAM CUPID HEARTS COAT HANGER","9","2010-12-26 10:35:00","3.08","15311.0","United Kingdom",""
"538682","84406B","CREAM CUPID HEARTS COAT HANGER","11","2011-01-03 16:07:00","2.7","14096.0","France","NEWCUST"
"538683","85099B","JUMBO BAG RED RETROSPOT","12","2011-01-22 11:38:00","2.1","15311.0","Netherlands",""
"538683","84406B","CREAM CUPID HEARTS COAT HANGER","10","2011-01-22 11:38:00","2.87","15311.0","Netherlands","NEWCUST"
"538683","22632","HAND WARMER RED POLKA DOT","12","2011-01-22 11:38:00","1.98","15311.0","Netherlands","NEWCUST"
"538684","21730","GLASS STAR FROSTED T-LIGHT HOLDER","4","2010-12-23 10:20:00","4.19","16029.0","United Kingdom",""
"538684","85123A","WHITE HANGING HEART T-LIGHT HOLDER","1","2010-12-23 10:20:00","2.99","16029.0","United Kingdom","SUMMER10"
"538684","84029G","KNITTED UNION FLAG HOT WATER BOTTLE","12","2010-12-23 10:20:00","3.62","16029.0","United Kingdom","SUMMER10"
"538685","21730","GLASS STAR FROSTED T-LIGHT HOLDER","11","2011-01-27 09:11:00","4.6","14606.0","Australia","SUMMER10"
"538686","85123A","WHITE HANGING HEART T-LIGHT HOLDER","8","2010-12-05 10:33:00","2.85","15311.0","United Kingdom","BULK5"
"538687","84406B","CREAM CUPID HEARTS COAT HANGER","3","2010-12-17 14:49:00","2.89","13777.0","Spain",""
"538687","47566","PARTY BUNTING","7","2010-12-17 14:49:00","5.02","13777.0","Spain",""
"538687","21730","GLASS STAR FROSTED T-LIGHT HOLDER","4","2010-12-17 14:49:00","4.7","13777.0","Spain",""
"538688","22752","SET 7 BABUSHKA NESTING BOXES","12","2010-12-26 11:16:00","7.77","15291.0","Germany",""
"538688","84029E","RED WOOLLY HOTTIE WHITE HEART","8","2010-12-26 11:16:00","3.3","15291.0","Germany","SUMMER10"
"538689","71053","WHITE METAL LANTERN","3","2010-12-20 08:28:00","3.64","17809.0","United Kingdom",""
"538689","47566","PARTY BUNTING","10","2010-12-20 08:28:00","5.31","17809.0","United Kingdom",""
"538689","47566","PARTY BUNTING","1","2010-12-20 08:28:00","4.92","17809.0","United Kingdom",""
"538689","20685","DOORMAT RED RETROSPOT","7","2010-12-20 08:28:00","7.07","17809.0","United Kingdom",""
"538690","85123A","WHITE HANGING HEART T-LIGHT HOLDER","11","2010-12-18 13:43:00","2.98","13047.0","EIRE","NEWCUST"
"538690","84029G","KNITTED UNION FLAG HOT WATER BOTTLE","2","2010-12-18 13:43:00","3.51","13047.0","EIRE","BULK5"
"538690","22752","SET 7 BABUSHKA NESTING BOXES","3","2010-12-18 13:43:00","7.96","13047.0","EIRE",""
"538690","84029G","KNITTED UNION FLAG HOT WATER BOTTLE","3","2010-12-18 13:43:00","3.38","13047.0","EIRE",""
"538691","47566","PARTY BUNTING","4","2011-01-28 12:38:00","5.21","13777.0","France",""
"538692","22632","HAND WARMER RED POLKA DOT","5","2011-01-30 09:08:00","2.2","13047.0","United Kingdom",""
"538693","20685","DOORMAT RED RETROSPOT","5","2011-01-24 11:16:00","7.22","12583.0","Australia",""
"538694","47566","PARTY BUNTING","1","2011-01-18 14:35:00","5.17","12583.0","Netherlands",""
"538694","84406B","CREAM CUPID HEARTS COAT HANGER","7","2011-01-18 14:35:00","3.15","12583.0","Netherlands",""
"538694","71053","WHITE METAL LANTERN","6","2011-01-18 14:35:00","3.45","12583.0","Netherlands","BULK5"
"538694","22632","HAND WARMER RED POLKA DOT","3","2011-01-18 14:35:00","2.1","12583.0","Netherlands",""
"538695","22632","HAND WARMER RED POLKA DOT","11","2011-01-06 09:38:00","2.33","14606.0","United Kingdom",""
"538695","85123A","WHITE HANGING HEART T-LIGHT HOLDER","11","2011-01-06 09:38:00","2.46","14606.0","United Kingdom",""
"538695","47566","PARTY BUNTING","2","2011-01-06 09:38:00","5.41","14606.0","United Kingdom","NEWCUST"
"538695","22633","HAND WARMER UNION JACK","8","2011-01-06 09:38:00","1.76","14606.0","United Kingdom",""
"538696","85099B","JUMBO BAG RED RETROSPOT","12","2011-01-30 12:30:00","1.85","15311.0","Spain",""
"538696","84406B","CREAM CUPID HEARTS COAT HANGER","2","2011-01-30 12:30:00","3.14","15311.0","Spain",""
"538696","85099B","JUMBO BAG RED RETROSPOT","12","2011-01-30 12:30:00","1.68","15311.0","Spain",""
"538697","21730","GLASS STAR FROSTED T-LIGHT HOLDER","11","2010-12-24 08:22:00","4.58","17809.0","Spain","NEWCUST"
"538698","84029E","RED WOOLLY HOTTIE WHITE HEART","3","2010-12-18 12:26:00","3.6","12583.0","United Kingdom",""
"538698","47566","PARTY BUNTING","6","2010-12-18 12:26:00","4.94","12583.0","United Kingdom",""
"538699","85099B","JUMBO BAG RED RETROSPOT","10","2010-12-09 08:50:00","1.56","14606.0","France","BULK5"
"538699","85099B","JUMBO BAG RED RETROSPOT","11","2010-12-09 08:50:00","1.76","14606.0","France","NEWCUST"
"538700","20685","DOORMAT RED RETROSPOT","8","2011-01-10 09:12:00","7.5","12583.0","EIRE","SUMMER10"
"538700","22633","HAND WARMER UNION JACK","8","2011-01-10 09:12:00","1.83","12583.0","EIRE",""
"538700","84029E","RED WOOLLY HOTTIE WHITE HEART","2","2011-01-10 09:12:00","3.84","12583.0","EIRE",""
"538701","22632","HAND WARMER RED POLKA DOT","12","2010-12-12 15:33:00","2.32","15311.0","EIRE",""
"538701","84029E","RED WOOLLY HOTTIE WHITE HEART","6","2010-12-12 15:33:00","3.77","15311.0","EIRE","BULK5"
"538701","85123A","WHITE HANGING HEART T-LIGHT HOLDER","6","2010-12-12 15:33:00","2.45","15311.0","EIRE",""
"538701","85099B","JUMBO BAG RED RETROSPOT","10","2010-12-12 15:33:00","1.88","15311.0","EIRE",""
"538702","47566","PARTY BUNTING","3","2011-01-01 10:17:00","5.31","17809.0","France",""
"538702","22632","HAND WARMER RED POLKA DOT","8","2011-01-01 10:17:00","2.0","17809.0","France","SUMMER10"
"538702","85123A","WHITE HANGING HEART T-LIGHT HOLDER","12","2011-01-01 10:17:00","2.69","17809.0","France",""
"538703","21730","GLASS STAR FROSTED T-LIGHT HOLDER","5","2010-12-02 09:52:00","4.32","16029.0","Belgium","BULK5"
"538703","20685","DOORMAT RED RETROSPOT","4","2010-12-02 09:52:00","7.49","16029.0","Belgium",""
"538703","85123A","WHITE HANGING HEART T-LIGHT HOLDER","2","2010-12-02 09:52:00","2.91","16029.0","Belgium","NEWCUST"
"538704","20685","DOORMAT RED RETROSPOT","1","2011-01-25 13:04:00","7.44","17809.0","Germany",""
"538704","71053","WHITE METAL LANTERN","8","2011-01-25 13:04:00","3.58","17809.0","Germany",""
"538704","22633","HAND WARMER UNION JACK","9","2011-01-25 13:04:00","2.25","17809.0","Germany","SUMMER10"
"538705","22633","HAND WARMER UNION JACK","7","2011-01-23 16:53:00","1.98","17809.0","EIRE",""
"538705","47566","PARTY BUNTING","1","2011-01-23 16:53:00","5.38","17809.0","EIRE","SUMMER10"
"538706","21730","GLASS STAR FROSTED T-LIGHT HOLDER","3","2011-01-19 10:14:00","4.37","15311.0","Belgium",""
"538707","71053","WHITE METAL LANTERN","11","2011-01-26 15:03:00","3.67","17850.0","EIRE",""
"538707","85099B","JUMBO BAG RED RETROSPOT","12","2011-01-26 15:03:00","1.62","17850.0","EIRE",""
"538707","21730","GLASS STAR FROSTED T-LIGHT HOLDER","12","2011-01-26 15:03:00","4.48","17850.0","EIRE",""
"538707","22633","HAND WARMER UNION JACK","9","2011-01-26 15:03:00","1.78","17850.0","EIRE","BULK5"
"538708","47566","PARTY BUNTING","6","2010-12-07 14:19:00","5.17","15311.0","France",""
"538708","47566","PARTY BUNTING","2","2010-12-07 14:19:00","5.34","15311.0","France",""
"538709","85123A","WHITE HANGING HEART T-LIGHT HOLDER","8","2011-01-05 08:13:00","2.93","17809.0","United Kingdom","NEWCUST"
"538709","84029E","RED WOOLLY HOTTIE WHITE HEART","7","2011-01-05 08:13:00","3.31","17809.0","United Kingdom","SUMMER10"
"538709","47566","PARTY BUNTING","10","2011-01-05 08:13:00","5.06","17809.0","United Kingdom",""
"538709","84406B","CREAM CUPID HEARTS COAT HANGER","5","2011-01-05 08:13:00","2.83","17809.0","United Kingdom",""
"538710","84029G","KNITTED UNION FLAG HOT WATER BOTTLE","1","2011-01-30 15:46:00","3.84","15311.0","Germany",""
"538711","47566","PARTY BUNTING","7","2010-12-24 09:50:00","5.3","17850.0","Germany","SUMMER10"
"538711","84029E","RED WOOLLY HOTTIE WHITE HEART","12","2010-12-24 09:50:00","3.81","17850.0","Germany",""
"538712","84029G","KNITTED UNION FLAG HOT WATER BOTTLE","12","2011-01-28 14:16:00","3.38","13777.0","United Kingdom",""
"538713","22632","HAND WARMER RED POLKA DOT","3","2010-12-12 12:14:00","2.13","14606.0","Germany",""
"538713","20685","DOORMAT RED RETROSPOT","5","2010-12-12 12:14:00","7.5","14606.0","Germany",""
"538714","71053","WHITE METAL LANTERN","1","2010-12-16 16:19:00","3.76","17809.0","Germany","BULK5"
"538714","84029E","RED WOOLLY HOTTIE WHITE HEART","1","2010-12-16 16:19:00","3.65","17809.0","Germany",""
"538714","84406B","CREAM CUPID HEARTS COAT HANGER","12","2010-12-16 16:19:00","2.89","17809.0","Germany","NEWCUST"
"538715","84029G","KNITTED UNION FLAG HOT WATER BOTTLE","2","2011-01-14 12:47:00","3.82","17809.0","Belgium","BULK5"
"538715","85099B","JUMBO BAG RED RETROSPOT","12","2011-01-14 12:47:00","2.01","17809.0","Belgium",""
"538715","21730","GLASS STAR FROSTED T-LIGHT HOLDER","4","2011-01-14 12:47:00","4.41","17809.0","Belgium",""
"538715","85123A","WHITE HANGING HEART T-LIGHT HOLDER","11","2011-01-14 12:47:00","2.83","17809.0","Belgium","SUMMER10"
"538716","84406B","CREAM CUPID HEARTS COAT HANGER","1","2011-01-02 13:08:00","2.84","12583.0","France","BULK5"
"538716","84029G","KNITTED UNION FLAG HOT WATER BOTTLE","12","2011-01-02 13:08:00","3.29","12583.0","France","SUMMER10"
"538716","21730","GLASS STAR FROSTED T-LIGHT HOLDER","3","2011-01-02 13:08:00","4.29","12583.0","France",""
"538717","22633","HAND WARMER UNION JACK","4","2011-01-04 10:30:00","1.93","13777.0","Spain",""
"538718","20685","DOORMAT RED RETROSPOT","7","2010-12-28 13:09:00","7.27","14606.0","EIRE","NEWCUST"
"538718","85099B","JUMBO BAG RED RETROSPOT","5","2010-12-28 13:09:00","1.92","14606.0","EIRE",""
"538718","22632","HAND WARMER RED POLKA DOT","4","2010-12-28 13:09:00","2.3","14606.0","EIRE",""
"538718","20685","DOORMAT RED RETROSPOT","12","2010-12-28 13:09:00","7.03","14606.0","EIRE",""
"538719","21730","GLASS STAR FROSTED T-LIGHT HOLDER","7","2011-01-29 11:29:00","4.16","13777.0","Australia","BULK5"
"538720","22752","SET 7 BABUSHKA NESTING BOXES","8","2011-01-01 10:18:00","8.04","13777.0","EIRE",""
"538720","71053","WHITE METAL LANTERN","6","2011-01-01 10:18:00","3.42","13777.0","EIRE",""
"538720","21730","GLASS STAR FROSTED T-LIGHT HOLDER","1","2011-01-01 10:18:00","4.47","13777.0","EIRE",""
"538721","85099B","JUMBO BAG RED RETROSPOT","2","2011-01-08 12:00:00","1.89","15291.0","Spain","SUMMER10"
"538722","22632","HAND WARMER RED POLKA DOT","12","2010-12-30 11:25:00","2.17","15291.0","Belgium",""
"538722","22752","SET 7 BABUSHKA NESTING BOXES","7","2010-12-30 11:25:00","7.6","15291.0","Belgium",""
"538722","85099B","JUMBO BAG RED RETROSPOT","2","2010-12-30 11:25:00","2.0","15291.0","Belgium","BULK5"
"538723","22633","HAND WARMER UNION JACK","6","2011-01-16 14:55:00","1.94","13047.0","EIRE","SUMMER10"
"538723","85099B","JUMBO BAG RED RETROSPOT","4","2011-01-16 14:55:00","2.09","13047.0","EIRE","NEWCUST"
"538723","71053","WHITE METAL LANTERN","1","2011-01-16 14:55:00","3.66","13047.0","EIRE",""
"538724","22633","HAND WARMER UNION JACK","4","2010-12-13 15:39:00","2.2","14096.0","Netherlands",""
"538724","22633","HAND WARMER UNION JACK","9","2010-12-13 15:39:00","2.09","14096.0","Netherlands",""
"538725","84406B","CREAM CUPID HEARTS COAT HANGER","3","2011-01-29 14:58:00","2.77","16029.0","Germany",""
"538726","22752","SET 7 BABUSHKA NESTING BOXES","4","2011-01-12 10:58:00","8.15","13047.0","Germany","SUMMER10"
"538726","84029E","RED WOOLLY HOTTIE WHITE HEART","5","2011-01-12 10:58:00","3.45","13047.0","Germany",""
"538727","71053","WHITE METAL LANTERN","12","2011-01-18 09:54:00","3.36","12583.0","Australia","BULK5"
"538728","47566","PARTY BUNTING","12","2011-01-28 15:55:00","5.06","14096.0","Belgium","SUMMER10"
"538728","71053","WHITE METAL LANTERN","4","2011-01-28 15:55:00","3.66","14096.0","Belgium","NEWCUST"
"538728","22752","SET 7 BABUSHKA NESTING BOXES","4","2011-01-28 15:55:00","7.58","14096.0","Belgium",""
"538729","22633","HAND WARMER UNION JACK","6","2010-12-14 13:37:00","2.04","15311.0","Belgium",""
"538729","47566","PARTY BUNTING","8","2010-12-14 13:37:00","5.32","15311.0","Belgium",""
"538730","71053","WHITE METAL LANTERN","5","2010-12-29 14:23:00","3.71","12583.0","Germany","BULK5"
"538730","84029E","RED WOOLLY HOTTIE WHITE HEART","12","2010-12-29 14:23:00","3.78","12583.0","Germany","SUMMER10"
"538730","85123A","WHITE HANGING HEART T-LIGHT HOLDER","1","2010-12-29 14:23:00","2.93","12583.0","Germany",""
"538730","47566","PARTY BUNTING","1","2010-12-29 14:23:00","4.86","12583.0","Germany",""
"538731","84406B","CREAM CUPID HEARTS COAT HANGER","1","2010-12-27 14:55:00","2.9","15311.0","Germany",""
"538732","85123A","WHITE HANGING HEART T-LIGHT HOLDER","2","2011-01-24 10:48:00","2.51","17850.0","Germany",""
"538732","84029E","RED WOOLLY HOTTIE WHITE HEART","6","2011-01-24 10:48:00","3.36","17850.0","Germany",""
"538732","20685","DOORMAT RED RETROSPOT","9","2011-01-24 10:48:00","7.37","17850.0","Germany",""
"538732","47566","PARTY BUNTING","4","2011-01-24 10:48:00","5.01","17850.0","Germany",""
"538733","85123A","WHITE HANGING HEART T-LIGHT HOLDER","7","2010-12-07 09:46:00","2.48","17850.0","Germany","BULK5"
"538733","85123A","WHITE HANGING HEART T-LIGHT HOLDER","12","2010-12-07 09:46:00","3.04","17850.0","Germany",""
"538734","84406B","CREAM CUPID HEARTS COAT HANGER","5","2010-12-03 14:07:00","2.85","13777.0","EIRE",""
"538734","71053","WHITE METAL LANTERN","10","2010-12-03 14:07:00","3.51","13777.0","EIRE","SUMMER10"
"538734","84029G","KNITTED UNION FLAG HOT WATER BOTTLE","12","2010-12-03 14:07:00","3.37","13777.0","EIRE","NEWCUST"
"538734","84406B","CREAM CUPID HEARTS COAT HANGER","7","2010-12-03 14:07:00","2.91","13777.0","EIRE",""
"538735","71053","WHITE METAL LANTERN","8","2011-01-27 16:01:00","3.67","16029.0","United Kingdom","NEWCUST"
"538735","20685","DOORMAT RED RETROSPOT","1","2011-01-27 16:01:00","7.47","16029.0","United Kingdom","NEWCUST"
"538735","22752","SET 7 BABUSHKA NESTING BOXES","7","2011-01-27 16:01:00","7.89","16029.0","United Kingdom","NEWCUST"
"538736","22632","HAND WARMER RED POLKA DOT","9","2010-12-21 15:51:00","1.91","14606.0","United Kingdom","SUMMER10"
"538736","84029E","RED WOOLLY HOTTIE WHITE HEART","11","2010-12-21 15:51:00","3.42","14606.0","United Kingdom","SUMMER10"
"538736","84406B","CREAM CUPID HEARTS COAT HANGER","1","2010-12-21 15:51:00","2.68","14606.0","United Kingdom",""
"538737","22632","HAND WARMER RED POLKA DOT","5","2011-01-02 10:47:00","1.88","17809.0","Germany",""
"538737","22752","SET 7 BABUSHKA NESTING BOXES","7","2011-01-02 10:47:00","8.13","17809.0","Germany","NEWCUST"
"538737","22752","SET 7 BABUSHKA NESTING BOXES","12","2011-01-02 10:47:00","7.88","17809.0","Germany",""
"538738","84406B","CREAM CUPID HEARTS COAT HANGER","8","2011-01-19 11:01:00","2.96","14606.0","Spain","SUMMER10"
"538738","71053","WHITE METAL LANTERN","8","2011-01-19 11:01:00","3.73","14606.0","Spain",""
"538738","22752","SET 7 BABUSHKA NESTING BOXES","7","2011-01-19 11:01:00","7.61","14606.0","Spain",""
"538738","22752","SET 7 BABUSHKA NESTING BOXES","2","2011-01-19 11:01:00","7.65","14606.0","Spain",""
"538739","84029E","RED WOOLLY HOTTIE WHITE HEART","6","2011-01-02 11:49:00","3.67","14606.0","United Kingdom",""
"538739","21730","GLASS STAR FROSTED T-LIGHT HOLDER","9","2011-01-02 11:49:00","4.23","14606.0","United Kingdom",""
"538739","84029E","RED WOOLLY HOTTIE WHITE HEART","2","2011-01-02 11:49:00","3.42","14606.0","United Kingdom","NEWCUST"
"538740","22633","HAND WARMER UNION JACK","8","2011-01-13 14:02:00","2.09","14606.0","Germany","SUMMER10"
"538740","22632","HAND WARMER RED POLKA DOT","12","2011-01-13 14:02:00","1.92","14606.0","Germany",""
"538741","84029E","RED WOOLLY HOTTIE WHITE HEART","8","2011-01-16 16:55:00","3.54","13777.0","Netherlands",""
"538741","85123A","WHITE HANGING HEART T-LIGHT HOLDER","6","2011-01-16 16:55:00","2.63","13777.0","Netherlands",""
"538742","71053","WHITE METAL LANTERN","4","2011-01-11 13:13:00","3.84","14606.0","Spain",""
"538742","21730","GLASS STAR FROSTED T-LIGHT HOLDER","8","2011-01-11 13:13:00","4.46","14606.0","Spain","BULK5"
"538742","21730","GLASS STAR FROSTED T-LIGHT HOLDER","3","2011-01-11 13:13:00","4.7","14606.0","Spain",""
"538742","20685","DOORMAT RED RETROSPOT","11","2011-01-11 13:13:00","7.32","14606.0","Spain","NEWCUST"
"538743","22752","SET 7 BABUSHKA NESTING BOXES","11","2011-01-12 12:02:00","7.6","13777.0","EIRE","NEWCUST"
"538743","71053","WHITE METAL LANTERN","8","2011-01-12 12:02:00","3.51","13777.0","EIRE","NEWCUST"
"538744","71053","WHITE METAL LANTERN","4","2011-01-05 11:27:00","3.6","12583.0","France",""
"538744","84406B","CREAM CUPID HEARTS COAT HANGER","1","2011-01-05 11:27:00","3.06","12583.0","France","SUMMER10"
"538745","85123A","WHITE HANGING HEART T-LIGHT HOLDER","4","2011-01-13 12:46:00","2.7","15311.0","Australia",""
"538745","85099B","JUMBO BAG RED RETROSPOT","6","2011-01-13 12:46:00","1.78","15311.0","Australia",""
"538746","47566","PARTY BUNTING","4","2011-01-16 12:08:00","4.94","12583.0","France",""
"538746","84029E","RED WOOLLY HOTTIE WHITE HEART","12","2011-01-16 12:08:00","3.49","12583.0","France","BULK5"
"538746","20685","DOORMAT RED RETROSPOT","1","2011-01-16 12:08:00","7.29","12583.0","France",""
"538747","71053","WHITE METAL LANTERN","8","2011-01-08 16:47:00","3.75","17809.0","Australia","BULK5"
"538748","84406B","CREAM CUPID HEARTS COAT HANGER","5","2010-12-02 09:45:00","3.2","14096.0","Germany","NEWCUST"
"538749","85123A","WHITE HANGING HEART T-LIGHT HOLDER","9","2010-12-04 11:26:00","2.53","14096.0","EIRE",""
"538750","22632","HAND WARMER RED POLKA DOT","5","2011-01-15 13:44:00","2.1","13777.0","Netherlands",""
"538751","85123A","WHITE HANGING HEART T-LIGHT HOLDER","11","2011-01-03 09:51:00","2.98","12583.0","Netherlands",""
"538751","84029G","KNITTED UNION FLAG HOT WATER BOTTLE","2","2011-01-03 09:51:00","3.66","12583.0","Netherlands","NEWCUST"
"538751","84029G","KNITTED UNION FLAG HOT WATER BOTTLE","9","2011-01-03 09:51:00","3.64","12583.0","Netherlands","BULK5"
"538752","84029G","KNITTED UNION FLAG HOT WATER BOTTLE","6","2010-12-15 09:14:00","3.6","12583.0","Netherlands",""
"538752","84406B","CREAM CUPID HEARTS COAT HANGER","7","2010-12-15 09:14:00","2.95","12583.0","Netherlands",""
"538752","85123A","WHITE HANGING HEART T-LIGHT HOLDER","4","2010-12-15 09:14:00","2.95","12583.0","Netherlands",""
"538753","85099B","JUMBO BAG RED RETROSPOT","1","2011-01-21 16:24:00","1.61","14606.0","Spain","SUMMER10"
"538754","85123A","WHITE HANGING HEART T-LIGHT HOLDER","5","2011-01-09 08:00:00","2.86","12583.0","EIRE","BULK5"
"538754","71053","WHITE METAL LANTERN","10","2011-01-09 08:00:00","3.64","12583.0","EIRE",""
"538754","85099B","JUMBO BAG RED RETROSPOT","10","2011-01-09 08:00:00","1.68","12583.0","EIRE",""
"538754","21730","GLASS STAR FROSTED T-LIGHT HOLDER","12","2011-01-09 08:00:00","4.6","12583.0","EIRE",""
"538755","20685","DOORMAT RED RETROSPOT","12","2010-12-12 13:26:00","7.22","13047.0","EIRE",""
"538755","84406B","CREAM CUPID HEARTS COAT HANGER","1","2010-12-12 13:26:00","2.88","13047.0","EIRE","SUMMER10"
"538756","22632","HAND WARMER RED POLKA DOT","10","2010-12-18 16:52:00","1.9","12583.0","United Kingdom","NEWCUST"
"538756","84029E","RED WOOLLY HOTTIE WHITE HEART","11","2010-12-18 16:52:00","3.37","12583.0","United Kingdom",""
"538756","71053","WHITE METAL LANTERN","11","2010-12-18 16:52:00","3.36","12583.0","United Kingdom","BULK5"
"538757","84029E","RED WOOLLY HOTTIE WHITE HEART","2","2010-12-12 16:41:00","3.77","13047.0","EIRE",""
"538757","85099B","JUMBO BAG RED RETROSPOT","3","2010-12-12 16:41:00","1.83","13047.0","EIRE",""
"538758","84029G","KNITTED UNION FLAG HOT WATER BOTTLE","3","2011-01-22 10:23:00","3.78","16029.0","Netherlands",""
"538758","84406B","CREAM CUPID HEARTS COAT HANGER","6","2011-01-22 10:23:00","3.17","16029.0","Netherlands",""
"538758","20685","DOORMAT RED RETROSPOT","8","2011-01-22 10:23:00","7.19","16029.0","Netherlands",""
"538759","22632","HAND WARMER RED POLKA DOT","10","2010-12-20 10:38:00","2.0","12583.0","Belgium","SUMMER10"
"538759","22632","HAND WARMER RED POLKA DOT","8","2010-12-20 10:38:00","1.95","12583.0","Belgium",""
"538759","22632","HAND WARMER RED POLKA DOT","11","2010-12-20 10:38:00","2.28","12583.0","Belgium","BULK5"
"538759","22632","HAND WARMER RED POLKA DOT","2","2010-12-20 10:38:00","2.02","12583.0","Belgium","BULK5"
"538760","84406B","CREAM CUPID HEARTS COAT HANGER","3","2010-12-21 16:22:00","3.24","14606.0","France",""
"538760","85099B","JUMBO BAG RED RETROSPOT","4","2010-12-21 16:22:00","1.6","14606.0","France",""
"538760","22633","HAND WARMER UNION JACK","3","2010-12-21 16:22:00","1.78","14606.0","France","BULK5"
"538760","20685","DOORMAT RED RETROSPOT","9","2010-12-21 16:22:00","7.29","14606.0","France",""
"538761","21730","GLASS STAR FROSTED T-LIGHT HOLDER","3","2011-01-12 08:33:00","4.68","13047.0","Belgium",""
"538761","85099B","JUMBO BAG RED RETROSPOT","6","2011-01-12 08:33:00","1.92","13047.0","Belgium",""
"538761","84029E","RED WOOLLY HOTTIE WHITE HEART","1","2011-01-12 08:33:00","3.76","13047.0","Belgium",""
"538762","22752","SET 7 BABUSHKA NESTING BOXES","6","2010-12-21 08:54:00","7.78","12583.0","Spain","BULK5"
"538762","47566","PARTY BUNTING","8","2010-12-21 08:54:00","5.43","12583.0","Spain",""
"538762","47566","PARTY BUNTING","4","2010-12-21 08:54:00","5.43","12583.0","Spain",""
"538762","84029E","RED WOOLLY HOTTIE WHITE HEART","2","2010-12-21 08:54:00","3.64","12583.0","Spain",""
"538763","85099B","JUMBO BAG RED RETROSPOT","12","2011-01-02 13:47:00","2.02","16029.0","Germany","SUMMER10"
"538763","22752","SET 7 BABUSHKA NESTING BOXES","6","2011-01-02 13:47:00","7.93","16029.0","Germany","NEWCUST"
"538764","85099B","JUMBO BAG RED RETROSPOT","4","2011-01-06 15:22:00","1.86","14096.0","Spain",""
"538764","84029G","KNITTED UNION FLAG HOT WATER BOTTLE","7","2011-01-06 15:22:00","3.87","14096.0","Spain",""
"538765","20685","DOORMAT RED RETROSPOT","4","2010-12-28 09:07:00","7.04","14096.0","Australia",""
"538765","21730","GLASS STAR FROSTED T-LIGHT HOLDER","2","2010-12-28 09:07:00","4.65","14096.0","Australia","NEWCUST"
"538766","22632","HAND WARMER RED POLKA DOT","8","2011-01-26 12:45:00","1.78","17850.0","Netherlands",""
"538766","22632","HAND WARMER RED POLKA DOT","8","2011-01-26 12:45:00","2.34","17850.0","Netherlands",""
"538766","85099B","JUMBO BAG RED RETROSPOT","5","2011-01-26 12:45:00","1.58","17850.0","Netherlands","SUMMER10"
"538766","85123A","WHITE HANGING HEART T-LIGHT HOLDER","7","2011-01-26 12:45:00","2.73","17850.0","Netherlands","NEWCUST"
"538767","22752","SET 7 BABUSHKA NESTING BOXES","7","2011-01-12 12:02:00","7.58","17809.0","Spain","BULK5"
"538767","85123A","WHITE HANGING HEART T-LIGHT HOLDER","12","2011-01-12 12:02:00","2.85","17809.0","Spain","SUMMER10"
"538767","22632","HAND WARMER RED POLKA DOT","8","2011-01-12 12:02:00","1.87","17809.0","Spain",""
"538767","22752","SET 7 BABUSHKA NESTING BOXES","12","2011-01-12 12:02:00","7.79","17809.0","Spain",""
"538768","85123A","WHITE HANGING HEART T-LIGHT HOLDER","6","2011-01-19 11:32:00","2.85","17809.0","United Kingdom",""
"538769","84029E","RED WOOLLY HOTTIE WHITE HEART","12","2011-01-30 11:09:00","3.3","17850.0","Netherlands",""
"538769","84029G","KNITTED UNION FLAG HOT WATER BOTTLE","1","2011-01-30 11:09:00","3.57","17850.0","Netherlands","SUMMER10"
"538769","20685","DOORMAT RED RETROSPOT","4","2011-01-30 11:09:00","7.01","17850.0","Netherlands",""
"538769","85099B","JUMBO BAG RED RETROSPOT","6","2011-01-30 11:09:00","1.94","17850.0","Netherlands","NEWCUST"
"538770","22632","HAND WARMER RED POLKA DOT","4","2011-01-18 16:38:00","2.21","14606.0","EIRE","NEWCUST"
"538770","21730","GLASS STAR FROSTED T-LIGHT HOLDER","4","2011-01-18 16:38:00","4.45","14606.0","EIRE",""
"538771","20685","DOORMAT RED RETROSPOT","4","2011-01-09 15:40:00","7.41","15291.0","United Kingdom",""
"538771","21730","GLASS STAR FROSTED T-LIGHT HOLDER","6","2011-01-09 15:40:00","4.33","15291.0","United Kingdom",""
"538771","22633","HAND WARMER UNION JACK","5","2011-01-09 15:40:00","2.0","15291.0","United Kingdom","SUMMER10"
"538771","71053","WHITE METAL LANTERN","11","2011-01-09 15:40:00","3.34","15291.0","United Kingdom","SUMMER10"
"538772","71053","WHITE METAL LANTERN","7","2011-01-25 08:54:00","3.75","16029.0","EIRE","NEWCUST"
"538772","85099B","JUMBO BAG RED RETROSPOT","4","2011-01-25 08:54:00","1.76","16029.0","EIRE",""
"538772","22752","SET 7 BABUSHKA NESTING BOXES","2","2011-01-25 08:54:00","7.7","16029.0","EIRE","SUMMER10"
"538773","47566","PARTY BUNTING","6","2010-12-13 08:00:00","5.36","17809.0","France","NEWCUST"
"538774","47566","PARTY BUNTING","10","2011-01-11 12:19:00","5.28","15311.0","United Kingdom","NEWCUST"
"538774","47566","PARTY BUNTING","6","2011-01-11 12:19:00","5.29","15311.0","United Kingdom","NEWCUST"
"538774","84029E","RED WOOLLY HOTTIE WHITE HEART","1","2011-01-11 12:19:00","3.36","15311.0","United Kingdom",""
"538775","22752","SET 7 BABUSHKA NESTING BOXES","5","2010-12-23 08:12:00","7.7","16029.0","Spain","NEWCUST"
"538775","84406B","CREAM CUPID HEARTS COAT HANGER","6","2010-12-23 08:12:00","3.19","16029.0","Spain","BULK5"
"538775","20685","DOORMAT RED RETROSPOT","1","2010-12-23 08:12:00","7.17","16029.0","Spain",""
"538775","20685","DOORMAT RED RETROSPOT","12","2010-12-23 08:12:00","7.04","16029.0","Spain",""
"538776","85099B","JUMBO BAG RED RETROSPOT","5","2011-01-25 14:50:00","1.55","12583.0","Germany",""
"538776","47566","PARTY BUNTING","12","2011-01-25 14:50:00","4.97","12583.0","Germany","NEWCUST"
"538776","22633","HAND WARMER UNION JACK","6","2011-01-25 14:50:00","1.94","12583.0","Germany",""
"538777","84029E","RED WOOLLY HOTTIE WHITE HEART","4","2011-01-13 14:27:00","3.31","14096.0","United Kingdom",""
"538777","84029G","KNITTED UNION FLAG HOT WATER BOTTLE","9","2011-01-13 14:27:00","3.58","14096.0","United Kingdom","SUMMER10"
"538777","84406B","CREAM CUPID HEARTS COAT HANGER","8","2011-01-13 14:27:00","3.16","14096.0","United Kingdom",""
"538777","22633","HAND WARMER UNION JACK","11","2011-01-13 14:27:00","2.25","14096.0","United Kingdom",""
"538778","71053","WHITE METAL LANTERN","8","2011-01-05 12:32:00","3.56","13047.0","France",""
"538778","84029E","RED WOOLLY HOTTIE WHITE HEART","6","2011-01-05 12:32:00","3.48","13047.0","France",""
"538778","84029E","RED WOOLLY HOTTIE WHITE HEART","9","2011-01-05 12:32:00","3.73","13047.0","France",""
"538778","47566","PARTY BUNTING","2","2011-01-05 12:32:00","4.9","13047.0","France",""
"538779","22633","HAND WARMER UNION JACK","5","2011-01-11 12:44:00","1.86","15311.0","Australia",""
"538780","85123A","WHITE HANGING HEART T-LIGHT HOLDER","11","2010-12-13 09:22:00","2.79","14606.0","Germany","SUMMER10"
"538781","84406B","CREAM CUPID HEARTS COAT HANGER","11","2010-12-10 08:48:00","3.12","17850.0","Germany",""
"538781","47566","PARTY BUNTING","3","2010-12-10 08:48:00","5.07","17850.0","Germany",""
"538781","20685","DOORMAT RED RETROSPOT","7","2010-12-10 08:48:00","7.03","17850.0","Germany","BULK5"
"538781","85123A","WHITE HANGING HEART T-LIGHT HOLDER","4","2010-12-10 08:48:00","2.96","17850.0","Germany",""
"538782","22632","HAND WARMER RED POLKA DOT","5","2011-01-09 11:10:00","2.26","15291.0","Germany",""
"538782","85123A","WHITE HANGING HEART T-LIGHT HOLDER","8","2011-01-09 11:10:00","2.76","15291.0","Germany","BULK5"
"538783","84029E","RED WOOLLY HOTTIE WHITE HEART","2","2011-01-13 11:10:00","3.83","13047.0","EIRE",""
"538783","71053","WHITE METAL LANTERN","1","2011-01-13 11:10:00","3.67","13047.0","EIRE","NEWCUST"
"538783","84406B","CREAM CUPID HEARTS COAT HANGER","3","2011-01-13 11:10:00","3.16","13047.0","EIRE",""
"538783","20685","DOORMAT RED RETROSPOT","2","2011-01-13 11:10:00","7.23","13047.0","EIRE","BULK5"
"538784","85099B","JUMBO BAG RED RETROSPOT","2","2011-01-17 12:11:00","1.56","15311.0","Netherlands",""
"538784","22632","HAND WARMER RED POLKA DOT","12","2011-01-17 12:11:00","2.28","15311.0","Netherlands",""
"538784","71053","WHITE METAL LANTERN","2","2011-01-17 12:11:00","3.66","15311.0","Netherlands","BULK5"
"538785","22633","HAND WARMER UNION JACK","1","2010-12-04 13:09:00","1.87","15311.0","United Kingdom",""
"538786","84029E","RED WOOLLY HOTTIE WHITE HEART","4","2011-01-19 08:45:00","3.6","14606.0","Spain","SUMMER10"
"538787","85123A","WHITE HANGING HEART T-LIGHT HOLDER","6","2011-01-27 12:47:00","2.91","17809.0","Netherlands",""
"538787","85099B","JUMBO BAG RED RETROSPOT","6","2011-01-27 12:47:00","1.95","17809.0","Netherlands",""
"538787","22632","HAND WARMER RED POLKA DOT","7","2011-01-27 12:47:00","2.25","17809.0","Netherlands",""
"538787","22752","SET 7 BABUSHKA NESTING BOXES","3","2011-01-27 12:47:00","7.79","17809.0","Netherlands",""
"538788","85099B","JUMBO BAG RED RETROSPOT","4","2010-12-11 11:05:00","2.08","13777.0","United Kingdom","SUMMER10"
"538788","47566","PARTY BUNTING","2","2010-12-11 11:05:00","5.24","13777.0","United Kingdom","BULK5"
"538788","22632","HAND WARMER RED POLKA DOT","9","2010-12-11 11:05:00","1.93","13777.0","United Kingdom",""
"538789","20685","DOORMAT RED RETROSPOT","2","2011-01-18 13:14:00","7.58","13777.0","Netherlands",""
"538789","85123A","WHITE HANGING HEART T-LIGHT HOLDER","9","2011-01-18 13:14:00","2.51","13777.0","Netherlands","BULK5"
"538790","84406B","CREAM CUPID HEARTS COAT HANGER","10","2011-01-30 11:13:00","3.16","15311.0","France","SUMMER10"
"538790","47566","PARTY BUNTING","12","2011-01-30 11:13:00","5.0","15311.0","France","SUMMER10"
"538790","85123A","WHITE HANGING HEART T-LIGHT HOLDER","3","2011-01-30 11:13:00","2.48","15311.0","France",""
"538790","85123A","WHITE HANGING HEART T-LIGHT HOLDER","7","2011-01-30 11:13:00","2.96","15311.0","France",""
"538791","22632","HAND WARMER RED POLKA DOT","12","2010-12-03 08:47:00","2.28","15291.0","Netherlands","SUMMER10"
"538791","20685","DOORMAT RED RETROSPOT","8","2010-12-03 08:47:00","7.14","15291.0","Netherlands","SUMMER10"
"538792","20685","DOORMAT RED RETROSPOT","4","2011-01-19 15:10:00","7.51","17850.0","Australia","NEWCUST"
"538793","22632","HAND WARMER RED POLKA DOT","2","2010-12-28 10:39:00","2.1","14096.0","Belgium",""
"538793","22633","HAND WARMER UNION JACK","9","2010-12-28 10:39:00","2.06","14096.0","Belgium",""
"538793","22632","HAND WARMER RED POLKA DOT","11","2010-12-28 10:39:00","2.21","14096.0","Belgium","BULK5"
"538794","84029G","KNITTED UNION FLAG HOT WATER BOTTLE","7","2010-12-28 13:03:00","3.3","13777.0","Germany",""
"538794","71053","WHITE METAL LANTERN","10","2010-12-28 13:03:00","3.42","13777.0","Germany",""
"538794","85099B","JUMBO BAG RED RETROSPOT","2","2010-12-28 13:03:00","1.64","13777.0","Germany","SUMMER10"
"538795","84029E","RED WOOLLY HOTTIE WHITE HEART","5","2011-01-19 16:48:00","3.77","16029.0","United Kingdom",""
"538796","84406B","CREAM CUPID HEARTS COAT HANGER","7","2011-01-10 16:35:00","2.86","14606.0","France","BULK5"
"538796","84029E","RED WOOLLY HOTTIE WHITE HEART","4","2011-01-10 16:35:00","3.32","14606.0","France","SUMMER10"
"538796","21730","GLASS STAR FROSTED T-LIGHT HOLDER","4","2011-01-10 16:35:00","4.23","14606.0","France","NEWCUST"
"538797","84029G","KNITTED UNION FLAG HOT WATER BOTTLE","6","2011-01-07 09:00:00","3.39","14096.0","Netherlands","NEWCUST"
"538797","85099B","JUMBO BAG RED RETROSPOT","2","2011-01-07 09:00:00","1.77","14096.0","Netherlands",""
"538798","20685","DOORMAT RED RETROSPOT","1","2010-12-05 16:20:00","7.05","15291.0","Netherlands","SUMMER10"
"538798","22632","HAND WARMER RED POLKA DOT","4","2010-12-05 16:20:00","2.06","15291.0","Netherlands","BULK5"
"538798","71053","WHITE METAL LANTERN","2","2010-12-05 16:20:00","3.54","15291.0","Netherlands","BULK5"
"538798","84029E","RED WOOLLY HOTTIE WHITE HEART","8","2010-12-05 16:20:00","3.3","15291.0","Netherlands","SUMMER10"
"538799","85099B","JUMBO BAG RED RETROSPOT","11","2010-12-08 16:15:00","1.96","14606.0","Netherlands",""
"538799","84406B","CREAM CUPID HEARTS COAT HANGER","10","2010-12-08 16:15:00","3.06","14606.0","Netherlands","BULK5"
"538799","85099B","JUMBO BAG RED RETROSPOT","7","2010-12-08 16:15:00","2.03","14606.0","Netherlands","SUMMER10"
"538799","22633","HAND WARMER UNION JACK","11","2010-12-08 16:15:00","1.99","14606.0","Netherlands","NEWCUST"
"538800","85099B","JUMBO BAG RED RETROSPOT","2","2010-12-01 09:19:00","1.61","15311.0","Australia","SUMMER10"
"538801","20685","DOORMAT RED RETROSPOT","9","2010-12-27 15:38:00","7.55","17809.0","United Kingdom",""
"538801","21730","GLASS STAR FROSTED T-LIGHT HOLDER","5","2010-12-27 15:38:00","4.66","17809.0","United Kingdom",""
"538801","85123A","WHITE HANGING HEART T-LIGHT HOLDER","8","2010-12-27 15:38:00","2.82","17809.0","United Kingdom","SUMMER10"
"538802","71053","WHITE METAL LANTERN","7","2010-12-12 09:52:00","3.72","14606.0","United Kingdom","BULK5"
"538802","84029E","RED WOOLLY HOTTIE WHITE HEART","11","2010-12-12 09:52:00","3.33","14606.0","United Kingdom",""
"538802","21730","GLASS STAR FROSTED T-LIGHT HOLDER","4","2010-12-12 09:52:00","4.28","14606.0","United Kingdom","SUMMER10"
"538803","21730","GLASS STAR FROSTED T-LIGHT HOLDER","2","2011-01-19 15:12:00","4.45","15311.0","EIRE",""
"538803","22632","HAND WARMER RED POLKA DOT","5","2011-01-19 15:12:00","1.91","15311.0","EIRE",""
"538804","85099B","JUMBO BAG RED RETROSPOT","5","2011-01-27 15:19:00","1.87","15291.0","Netherlands","BULK5"
"538804","71053","WHITE METAL LANTERN","3","2011-01-27 15:19:00","3.45","15291.0","Netherlands","SUMMER10"
"538805","85099B","JUMBO BAG RED RETROSPOT","7","2011-01-18 09:51:00","1.73","16029.0","Netherlands",""
"538805","22632","HAND WARMER RED POLKA DOT","11","2011-01-18 09:51:00","2.16","16029.0","Netherlands",""
"538805","22633","HAND WARMER UNION JACK","11","2011-01-18 09:51:00","1.76","16029.0","Netherlands",""
"538805","20685","DOORMAT RED RETROSPOT","5","2011-01-18 09:51:00","7.42","16029.0","Netherlands",""
"538806","84029G","KNITTED UNION FLAG HOT WATER BOTTLE","8","2011-01-27 09:12:00","3.32","14606.0","Germany","NEWCUST"
"538807","21730","GLASS STAR FROSTED T-LIGHT HOLDER","4","2010-12-26 10:07:00","4.19","12583.0","Australia",""
"538807","22633","HAND WARMER UNION JACK","7","2010-12-26 10:07:00","1.8","12583.0","Australia",""
"538807","84029E","RED WOOLLY HOTTIE WHITE HEART","4","2010-12-26 10:07:00","3.5","12583.0","Australia","NEWCUST"
"538808","85123A","WHITE HANGING HEART T-LIGHT HOLDER","2","2010-12-17 11:40:00","3.03","14096.0","EIRE",""
"538809","85099B","JUMBO BAG RED RETROSPOT","3","2011-01-06 14:28:00","1.74","12583.0","Netherlands","BULK5"
"538809","84029E","RED WOOLLY HOTTIE WHITE HEART","11","2011-01-06 14:28:00","3.58","12583.0","Netherlands",""
"538809","85123A","WHITE HANGING HEART T-LIGHT HOLDER","2","2011-01-06 14:28:00","2.64","12583.0","Netherlands","BULK5"
"538810","21730","GLASS STAR FROSTED T-LIGHT HOLDER","10","2011-01-20 10:47:00","4.66","17850.0","Germany",""
"538810","84029E","RED WOOLLY HOTTIE WHITE HEART","11","2011-01-20 10:47:00","3.8","17850.0","Germany",""
"538810","47566","PARTY BUNTING","1","2011-01-20 10:47:00","5.08","17850.0","Germany",""
"538810","85123A","WHITE HANGING HEART T-LIGHT HOLDER","5","2011-01-20 10:47:00","2.7","17850.0","Germany",""
"538811","20685","DOORMAT RED RETROSPOT","10","2010-12-04 12:17:00","7.54","15311.0","Spain",""
"538811","47566","PARTY BUNTING","7","2010-12-04 12:17:00","5.41","15311.0","Spain",""
"538811","22633","HAND WARMER UNION JACK","8","2010-12-04 12:17:00","2.14","15311.0","Spain","SUMMER10"
"538811","22752","SET 7 BABUSHKA NESTING BOXES","8","2010-12-04 12:17:00","7.78","15311.0","Spain",""
"538812","85099B","JUMBO BAG RED RETROSPOT","9","2011-01-18 09:11:00","1.56","17850.0","United Kingdom","BULK5"
"538812","84029E","RED WOOLLY HOTTIE WHITE HEART","4","2011-01-18 09:11:00","3.33","17850.0","United Kingdom",""
"538812","22632","HAND WARMER RED POLKA DOT","2","2011-01-18 09:11:00","2.31","17850.0","United Kingdom","SUMMER10"
"538812","47566","PARTY BUNTING","9","2011-01-18 09:11:00","5.43","17850.0","United Kingdom","NEWCUST"
"538813","22752","SET 7 BABUSHKA NESTING BOXES","10","2010-12-20 11:25:00","7.99","15311.0","EIRE",""
"538813","85123A","WHITE HANGING HEART T-LIGHT HOLDER","3","2010-12-20 11:25:00","2.79","15311.0","EIRE","NEWCUST"
"538813","21730","GLASS STAR FROSTED T-LIGHT HOLDER","3","2010-12-20 11:25:00","4.55","15311.0","EIRE",""
"538814","84029E","RED WOOLLY HOTTIE WHITE HEART","12","2010-12-30 15:04:00","3.69","14096.0","Netherlands",""
"538814","85099B","JUMBO BAG RED RETROSPOT","7","2010-12-30 15:04:00","1.86","14096.0","Netherlands","NEWCUST"
"538814","22752","SET 7 BABUSHKA NESTING BOXES","8","2010-12-30 15:04:00","7.71","14096.0","Netherlands",""
"538815","85099B","JUMBO BAG RED RETROSPOT","3","2011-01-03 16:49:00","1.74","12583.0","Netherlands","SUMMER10"
"538815","22632","HAND WARMER RED POLKA DOT","4","2011-01-03 16:49:00","2.27","12583.0","Netherlands","NEWCUST"
"538815","20685","DOORMAT RED RETROSPOT","7","2011-01-03 16:49:00","7.26","12583.0","Netherlands","SUMMER10"
"538816","22752","SET 7 BABUSHKA NESTING BOXES","9","2011-01-26 11:23:00","7.82","13777.0","France",""
"538816","22633","HAND WARMER UNION JACK","3","2011-01-26 11:23:00","2.31","13777.0","France",""
"538817","85099B","JUMBO BAG RED RETROSPOT","12","2010-12-27 11:51:00","1.84","17809.0","France",""
"538817","22632","HAND WARMER RED POLKA DOT","11","2010-12-27 11:51:00","1.98","17809.0","France",""
"538817","20685","DOORMAT RED RETROSPOT","9","2010-12-27 11:51:00","7.15","17809.0","France","SUMMER10"
"538817","22752","SET 7 BABUSHKA NESTING BOXES","6","2010-12-27 11:51:00","7.68","17809.0","France","BULK5"
"538818","84029G","KNITTED UNION FLAG HOT WATER BOTTLE","5","2010-12-16 09:58:00","3.77","16029.0","EIRE","BULK5"
"538818","20685","DOORMAT RED RETROSPOT","7","2010-12-16 09:58:00","7.01","16029.0","EIRE","NEWCUST"
"538818","84029G","KNITTED UNION FLAG HOT WATER BOTTLE","11","2010-12-16 09:58:00","3.58","16029.0","EIRE","SUMMER10"
"538819","22632","HAND WARMER RED POLKA DOT","1","2010-12-05 11:41:00","2.22","14096.0","United Kingdom",""
"538819","47566","PARTY BUNTING","1","2010-12-05 11:41:00","4.88","14096.0","United Kingdom","BULK5"
"538819","22632","HAND WARMER RED POLKA DOT","9","2010-12-05 11:41:00","2.13","14096.0","United Kingdom",""
"538820","85123A","WHITE HANGING HEART T-LIGHT HOLDER","5","2010-12-15 08:18:00","2.75","15291.0","EIRE",""
"538820","20685","DOORMAT RED RETROSPOT","2","2010-12-15 08:18:00","7.58","15291.0","EIRE","SUMMER10"
"538821","47566","PARTY BUNTING","4","2010-12-24 10:34:00","5.31","14096.0","EIRE","BULK5"
"538821","84029G","KNITTED UNION FLAG HOT WATER BOTTLE","11","2010-12-24 10:34:00","3.49","14096.0","EIRE",""
"538822","22752","SET 7 BABUSHKA NESTING BOXES","11","2010-12-24 16:10:00","7.94","14606.0","Spain",""
"538822","84406B","CREAM CUPID HEARTS COAT HANGER","4","2010-12-24 16:10:00","2.95","14606.0","Spain",""
"538822","84406B","CREAM CUPID HEARTS COAT HANGER","1","2010-12-24 16:10:00","2.81","14606.0","Spain","BULK5"
"538822","47566","PARTY BUNTING","4","2010-12-24 16:10:00","5.02","14606.0","Spain",""
"538823","47566","PARTY BUNTING","5","2011-01-09 13:06:00","5.08","15311.0","United Kingdom",""
"538823","22633","HAND WARMER UNION JACK","9","2011-01-09 13:06:00","2.29","15311.0","United Kingdom","NEWCUST"
"538824","85099B","JUMBO BAG RED RETROSPOT","11","2010-12-23 08:15:00","1.86","16029.0","EIRE",""
"538825","22632","HAND WARMER RED POLKA DOT","11","2010-12-28 14:22:00","2.18","15311.0","EIRE",""
"538825","20685","DOORMAT RED RETROSPOT","4","2010-12-28 14:22:00","7.08","15311.0","EIRE","SUMMER10"
"538825","47566","PARTY BUNTING","7","2010-12-28 14:22:00","5.11","15311.0","EIRE","NEWCUST"
"538826","21730","GLASS STAR FROSTED T-LIGHT HOLDER","9","2010-12-11 13:43:00","4.71","14096.0","Germany",""
"538826","22632","HAND WARMER RED POLKA DOT","9","2010-12-11 13:43:00","1.9","14096.0","Germany",""
"538827","85123A","WHITE HANGING HEART T-LIGHT HOLDER","9","2010-12-23 08:35:00","2.84","15291.0","Netherlands","SUMMER10"
"538827","85123A","WHITE HANGING HEART T-LIGHT HOLDER","6","2010-12-23 08:35:00","2.85","15291.0","Netherlands","BULK5"
"538827","21730","GLASS STAR FROSTED T-LIGHT HOLDER","11","2010-12-23 08:35:00","4.57","15291.0","Netherlands",""
"538827","84406B","CREAM CUPID HEARTS COAT HANGER","9","2010-12-23 08:35:00","3.19","15291.0","Netherlands",""
"538828","84029E","RED WOOLLY HOTTIE WHITE HEART","4","2010-12-21 14:20:00","3.63","13047.0","Belgium","NEWCUST"
"538828","85123A","WHITE HANGING HEART T-LIGHT HOLDER","6","2010-12-21 14:20:00","2.5","13047.0","Belgium",""
"538828","22752","SET 7 BABUSHKA NESTING BOXES","7","2010-12-21 14:20:00","8.07","13047.0","Belgium",""
"538829","21730","GLASS STAR FROSTED T-LIGHT HOLDER","6","2011-01-03 10:10:00","4.36","15311.0","Australia","NEWCUST"
"538829","47566","PARTY BUNTING","10","2011-01-03 10:10:00","5.44","15311.0","Australia","NEWCUST"
"538829","20685","DOORMAT RED RETROSPOT","10","2011-01-03 10:10:00","7.52","15311.0","Australia","BULK5"
"538829","84029G","KNITTED UNION FLAG HOT WATER BOTTLE","2","2011-01-03 10:10:00","3.79","15311.0","Australia",""
"538830","85123A","WHITE HANGING HEART T-LIGHT HOLDER","11","2010-12-12 11:59:00","2.46","17809.0","Germany","SUMMER10"
"538830","21730","GLASS STAR FROSTED T-LIGHT HOLDER","7","2010-12-12 11:59:00","4.53","17809.0","Germany","BULK5"
"538831","22752","SET 7 BABUSHKA NESTING BOXES","12","2010-12-05 12:24:00","8.11","15311.0","Spain",""
"538831","47566","PARTY BUNTING","10","2010-12-05 12:24:00","5.35","15311.0","Spain",""
"538832","21730","GLASS STAR FROSTED T-LIGHT HOLDER","3","2011-01-13 16:19:00","4.31","14606.0","Belgium","BULK5"
"538833","84029G","KNITTED UNION FLAG HOT WATER BOTTLE","5","2010-12-22 14:00:00","3.33","15311.0","Spain",""
"538834","84029E","RED WOOLLY HOTTIE WHITE HEART","2","2011-01-25 13:48:00","3.38","17809.0","France",""
"538834","85123A","WHITE HANGING HEART T-LIGHT HOLDER","11","2011-01-25 13:48:00","3.03","17809.0","France",""
"538834","47566","PARTY BUNTING","4","2011-01-25 13:48:00","4.85","17809.0","France","NEWCUST"
"538834","22752","SET 7 BABUSHKA NESTING BOXES","4","2011-01-25 13:48:00","7.72","17809.0","France","SUMMER10"
"538835","85123A","WHITE HANGING HEART T-LIGHT HOLDER","5","2010-12-30 12:33:00","2.51","14096.0","Spain",""
"538836","47566","PARTY BUNTING","6","2011-01-21 11:14:00","5.25","17809.0","Australia",""
"538836","85099B","JUMBO BAG RED RETROSPOT","8","2011-01-21 11:14:00","1.71","17809.0","Australia",""
"538836","85123A","WHITE HANGING HEART T-LIGHT HOLDER","7","2011-01-21 11:14:00","2.95","17809.0","Australia",""
"538837","85099B","JUMBO BAG RED RETROSPOT","6","2010-12-12 12:27:00","1.67","13047.0","EIRE","SUMMER10"
"538838","84406B","CREAM CUPID HEARTS COAT HANGER","2","2011-01-07 13:21:00","2.84","12583.0","France","BULK5"
"538838","20685","DOORMAT RED RETROSPOT","4","2011-01-07 13:21:00","7.04","12583.0","France",""
"538838","22632","HAND WARMER RED POLKA DOT","10","2011-01-07 13:21:00","2.33","12583.0","France","NEWCUST"
"538838","22752","SET 7 BABUSHKA NESTING BOXES","6","2011-01-07 13:21:00","8.12","12583.0","France",""
"538839","20685","DOORMAT RED RETROSPOT","3","2010-12-13 16:36:00","7.55","13047.0","Spain",""
"538839","22632","HAND WARMER RED POLKA DOT","9","2010-12-13 16:36:00","2.03","13047.0","Spain",""
"538839","47566","PARTY BUNTING","12","2010-12-13 16:36:00","5.22","13047.0","Spain","SUMMER10"
"538839","22632","HAND WARMER RED POLKA DOT","12","2010-12-13 16:36:00","2.21","13047.0","Spain",""
"538840","84029G","KNITTED UNION FLAG HOT WATER BOTTLE","6","2010-12-10 16:40:00","3.37","17850.0","France",""
"538840","22633","HAND WARMER UNION JACK","7","2010-12-10 16:40:00","2.24","17850.0","France",""
"538840","22752","SET 7 BABUSHKA NESTING BOXES","7","2010-12-10 16:40:00","8.13","17850.0","France",""
"538840","84029G","KNITTED UNION FLAG HOT WATER BOTTLE","11","2010-12-10 16:40:00","3.35","17850.0","France","NEWCUST"
"538841","22633","HAND WARMER UNION JACK","10","2010-12-07 12:51:00","2.24","13777.0","Germany",""
"538841","22752","SET 7 BABUSHKA NESTING BOXES","2","2010-12-07 12:51:00","7.91","13777.0","Germany","NEWCUST"
"538841","20685","DOORMAT RED RETROSPOT","10","2010-12-07 12:51:00","6.98","13777.0","Germany",""
"538842","84029G","KNITTED UNION FLAG HOT WATER BOTTLE","6","2011-01-30 10:01:00","3.31","17809.0","Germany",""
"538842","84029G","KNITTED UNION FLAG HOT WATER BOTTLE","7","2011-01-30 10:01:00","3.61","17809.0","Germany","SUMMER10"
"538842","21730","GLASS STAR FROSTED T-LIGHT HOLDER","8","2011-01-30 10:01:00","4.71","17809.0","Germany",""
"538843","71053","WHITE METAL LANTERN","2","2011-01-18 14:16:00","3.78","16029.0","Spain",""
"538843","85099B","JUMBO BAG RED RETROSPOT","9","2011-01-18 14:16:00","1.93","16029.0","Spain",""
"538843","47566","PARTY BUNTING","3","2011-01-18 14:16:00","5.38","16029.0","Spain","NEWCUST"
"538844","22632","HAND WARMER RED POLKA DOT","3","2011-01-11 14:38:00","1.8","17850.0","United Kingdom","BULK5"
"538844","47566","PARTY BUNTING","1","2011-01-11 14:38:00","4.94","17850.0","United Kingdom",""
"538844","22752","SET 7 BABUSHKA NESTING BOXES","1","2011-01-11 14:38:00","7.81","17850.0","United Kingdom","BULK5"
"538844","84029E","RED WOOLLY HOTTIE WHITE HEART","9","2011-01-11 14:38:00","3.53","17850.0","United Kingdom",""
"538845","85099B","JUMBO BAG RED RETROSPOT","8","2011-01-13 13:06:00","1.84","16029.0","Netherlands","BULK5"
"538846","85123A","WHITE HANGING HEART T-LIGHT HOLDER","3","2010-12-06 15:51:00","2.46","12583.0","United Kingdom","BULK5"
"538846","84029E","RED WOOLLY HOTTIE WHITE HEART","9","2010-12-06 15:51:00","3.87","12583.0","United Kingdom","BULK5"
"538846","84029G","KNITTED UNION FLAG HOT WATER BOTTLE","5","2010-12-06 15:51:00","3.81","12583.0","United Kingdom",""
"538847","84406B","CREAM CUPID HEARTS COAT HANGER","2","2011-01-29 09:23:00","2.78","14606.0","EIRE","NEWCUST"
"538847","21730","GLASS STAR FROSTED T-LIGHT HOLDER","8","2011-01-29 09:23:00","4.53","14606.0","EIRE","SUMMER10"
"538847","85099B","JUMBO BAG RED RETROSPOT","8","2011-01-29 09:23:00","2.06","14606.0","EIRE",""
"538847","84029E","RED WOOLLY HOTTIE WHITE HEART","9","2011-01-29 09:23:00","3.5","14606.0","EIRE",""
"538848","22752","SET 7 BABUSHKA NESTING BOXES","7","2010-12-16 16:16:00","7.86","13047.0","Australia",""
"538849","84029E","RED WOOLLY HOTTIE WHITE HEART","9","2011-01-22 10:59:00","3.45","14096.0","Germany","BULK5"
"538849","22632","HAND WARMER RED POLKA DOT","9","2011-01-22 10:59:00","2.28","14096.0","Germany",""
"538849","84029G","KNITTED UNION FLAG HOT WATER BOTTLE","12","2011-01-22 10:59:00","3.43","14096.0","Germany","SUMMER10"
"538849","85099B","JUMBO BAG RED RETROSPOT","12","2011-01-22 10:59:00","2.06","14096.0","Germany",""
"538850","22632","HAND WARMER RED POLKA DOT","2","2011-01-14 13:53:00","2.26","15291.0","Germany","BULK5"
"538850","84029G","KNITTED UNION FLAG HOT WATER BOTTLE","12","2011-01-14 13:53:00","3.67","15291.0","Germany","NEWCUST"
"538850","85099B","JUMBO BAG RED RETROSPOT","11","2011-01-14 13:53:00","1.79","15291.0","Germany","BULK5"
"538851","20685","DOORMAT RED RETROSPOT","1","2010-12-02 16:26:00","7.37","17850.0","Belgium",""
"538851","85123A","WHITE HANGING HEART T-LIGHT HOLDER","5","2010-12-02 16:26:00","2.79","17850.0","Belgium","SUMMER10"
"538851","84029G","KNITTED UNION FLAG HOT WATER BOTTLE","4","2010-12-02 16:26:00","3.39","17850.0","Belgium","NEWCUST"
"538851","85099B","JUMBO BAG RED RETROSPOT","7","2010-12-02 16:26:00","1.67","17850.0","Belgium","BULK5"
"538852","22632","HAND WARMER RED POLKA DOT","4","2010-12-29 14:38:00","2.15","13777.0","Germany",""
"538852","22633","HAND WARMER UNION JACK","11","2010-12-29 14:38:00","1.82","13777.0","Germany","BULK5"
"538852","47566","PARTY BUNTING","1","2010-12-29 14:38:00","5.39","13777.0","Germany",""
"538853","84029E","RED WOOLLY HOTTIE WHITE HEART","1","2010-12-21 12:09:00","3.36","15291.0","United Kingdom","BULK5"
"538853","22632","HAND WARMER RED POLKA DOT","3","2010-12-21 12:09:00","2.04","15291.0","United Kingdom","SUMMER10"
"538853","22752","SET 7 BABUSHKA NESTING BOXES","5","2010-12-21 12:09:00","7.64","15291.0","United Kingdom",""
"538854","21730","GLASS STAR FROSTED T-LIGHT HOLDER","6","2011-01-04 15:03:00","4.69","15291.0","Netherlands",""
"538854","85123A","WHITE HANGING HEART T-LIGHT HOLDER","3","2011-01-04 15:03:00","2.85","15291.0","Netherlands",""
"538855","84029E","RED WOOLLY HOTTIE WHITE HEART","9","2010-12-04 16:07:00","3.36","12583.0","Netherlands",""
"538855","84029E","RED WOOLLY HOTTIE WHITE HEART","9","2010-12-04 16:07:00","3.32","12583.0","Netherlands",""
"538855","85099B","JUMBO BAG RED RETROSPOT","1","2010-12-04 16:07:00","1.58","12583.0","Netherlands","NEWCUST"
"538856","22752","SET 7 BABUSHKA NESTING BOXES","3","2011-01-02 13:00:00","8.01","14096.0","Germany",""
"538856","84029G","KNITTED UNION FLAG HOT WATER BOTTLE","6","2011-01-02 13:00:00","3.89","14096.0","Germany","SUMMER10"
"538856","85123A","WHITE HANGING HEART T-LIGHT HOLDER","8","2011-01-02 13:00:00","2.99","14096.0","Germany","BULK5"
"538857","84406B","CREAM CUPID HEARTS COAT HANGER","6","2011-01-03 16:08:00","2.92","17850.0","France",""
"538857","22752","SET 7 BABUSHKA NESTING BOXES","11","2011-01-03 16:08:00","8.04","17850.0","France","NEWCUST"
"538857","84029E","RED WOOLLY HOTTIE WHITE HEART","9","2011-01-03 16:08:00","3.31","17850.0","France","BULK5"
"538857","85099B","JUMBO BAG RED RETROSPOT","5","2011-01-03 16:08:00","2.05","17850.0","France","NEWCUST"
"538858","22633","HAND WARMER UNION JACK","1","2010-12-16 12:01:00","1.86","12583.0","United Kingdom","NEWCUST"
"538858","22633","HAND WARMER UNION JACK","12","2010-12-16 12:01:00","2.32","12583.0","United Kingdom",""
"538858","85099B","JUMBO BAG RED RETROSPOT","7","2010-12-16 12:01:00","1.57","12583.0","United Kingdom",""
"538858","22632","HAND WARMER RED POLKA DOT","1","2010-12-16 12:01:00","2.25","12583.0","United Kingdom",""
"538859","47566","PARTY BUNTING","8","2011-01-09 08:55:00","4.86","17809.0","Spain","NEWCUST"
"538860","47566","PARTY BUNTING","5","2011-01-14 09:18:00","5.02","15291.0","Spain","SUMMER10"
"538860","71053","WHITE METAL LANTERN","7","2011-01-14 09:18:00","3.74","15291.0","Spain",""
"538861","22632","HAND WARMER RED POLKA DOT","10","2011-01-25 12:41:00","2.15","16029.0","Spain",""
"538861","85099B","JUMBO BAG RED RETROSPOT","1","2011-01-25 12:41:00","1.91","16029.0","Spain","NEWCUST"
"538861","84029E","RED WOOLLY HOTTIE WHITE HEART","10","2011-01-25 12:41:00","3.52","16029.0","Spain",""
"538861","22752","SET 7 BABUSHKA NESTING BOXES","10","2011-01-25 12:41:00","7.58","16029.0","Spain",""
"538862","71053","WHITE METAL LANTERN","6","2010-12-16 13:02:00","3.68","13777.0","United Kingdom","BULK5"
"538863","84029E","RED WOOLLY HOTTIE WHITE HEART","9","2011-01-07 16:04:00","3.64","12583.0","Spain",""
"538863","84029G","KNITTED UNION FLAG HOT WATER BOTTLE","10","2011-01-07 16:04:00","3.31","12583.0","Spain","SUMMER10"
"538863","47566","PARTY BUNTING","1","2011-01-07 16:04:00","5.13","12583.0","Spain",""
"538864","20685","DOORMAT RED RETROSPOT","9","2010-12-02 10:46:00","7.0","16029.0","France","NEWCUST"
"538865","22632","HAND WARMER RED POLKA DOT","1","2011-01-24 10:30:00","2.12","15311.0","EIRE","SUMMER10"
"538866","22633","HAND WARMER UNION JACK","4","2011-01-05 11:29:00","2.24","15291.0","Spain",""
"538867","85099B","JUMBO BAG RED RETROSPOT","6","2011-01-09 12:38:00","2.11","13047.0","Australia",""
"538867","22632","HAND WARMER RED POLKA DOT","3","2011-01-09 12:38:00","1.8","13047.0","Australia","NEWCUST"
"538867","85123A","WHITE HANGING HEART T-LIGHT HOLDER","7","2011-01-09 12:38:00","2.82","13047.0","Australia",""
"538867","22632","HAND WARMER RED POLKA DOT","5","2011-01-09 12:38:00","2.28","13047.0","Australia","SUMMER10"
"538868","47566","PARTY BUNTING","7","2010-12-14 13:53:00","5.08","17809.0","Australia","BULK5"
"538868","85099B","JUMBO BAG RED RETROSPOT","6","2010-12-14 13:53:00","2.14","17809.0","Australia",""
"538869","22633","HAND WARMER UNION JACK","8","2011-01-19 16:13:00","2.11","15311.0","Netherlands","NEWCUST"
"538869","47566","PARTY BUNTING","6","2011-01-19 16:13:00","5.13","15311.0","Netherlands","SUMMER10"
"538869","22752","SET 7 BABUSHKA NESTING BOXES","8","2011-01-19 16:13:00","7.9","15311.0","Netherlands",""
"538869","21730","GLASS STAR FROSTED T-LIGHT HOLDER","1","2011-01-19 16:13:00","4.63","15311.0","Netherlands",""
"538870","85123A","WHITE HANGING HEART T-LIGHT HOLDER","3","2011-01-07 16:01:00","2.98","12583.0","Netherlands",""
"538870","84029E","RED WOOLLY HOTTIE WHITE HEART","7","2011-01-07 16:01:00","3.33","12583.0","Netherlands","SUMMER10"
"538870","84406B","CREAM CUPID HEARTS COAT HANGER","3","2011-01-07 16:01:00","3.15","12583.0","Netherlands",""
"538871","47566","PARTY BUNTING","6","2011-01-27 12:53:00","5.29","15291.0","Spain","SUMMER10"
"538872","22633","HAND WARMER UNION JACK","12","2011-01-07 14:51:00","2.23","17809.0","Netherlands","NEWCUST"
"538873","22752","SET 7 BABUSHKA NESTING BOXES","7","2011-01-20 16:59:00","7.83","13047.0","Spain","NEWCUST"
"538873","22632","HAND WARMER RED POLKA DOT","9","2011-01-20 16:59:00","1.99","13047.0","Spain","BULK5"
"538873","84406B","CREAM CUPID HEARTS COAT HANGER","12","2011-01-20 16:59:00","2.71","13047.0","Spain","BULK5"
"538873","84029G","KNITTED UNION FLAG HOT WATER BOTTLE","10","2011-01-20 16:59:00","3.37","13047.0","Spain",""
"538874","85099B","JUMBO BAG RED RETROSPOT","4","2011-01-25 12:16:00","1.86","14606.0","France",""
"538874","22633","HAND WARMER UNION JACK","5","2011-01-25 12:16:00","1.91","14606.0","France","SUMMER10"
"538874","84029E","RED WOOLLY HOTTIE WHITE HEART","10","2011-01-25 12:16:00","3.49","14606.0","France",""
"538874","85123A","WHITE HANGING HEART T-LIGHT HOLDER","5","2011-01-25 12:16:00","2.85","14606.0","France",""
"538875","71053","WHITE METAL LANTERN","6","2010-12-19 12:41:00","3.79","14096.0","Australia","NEWCUST"
"538875","22633","HAND WARMER UNION JACK","10","2010-12-19 12:41:00","2.15","14096.0","Australia",""
"538875","22752","SET 7 BABUSHKA NESTING BOXES","4","2010-12-19 12:41:00","7.64","14096.0","Australia",""
"538876","20685","DOORMAT RED RETROSPOT","2","2011-01-20 16:30:00","7.24","12583.0","Netherlands","NEWCUST"
"538876","84029E","RED WOOLLY HOTTIE WHITE HEART","5","2011-01-20 16:30:00","3.83","12583.0","Netherlands","BULK5"
"538877","22633","HAND WARMER UNION JACK","9","2010-12-27 11:21:00","1.92","16029.0","Australia","SUMMER10"
"538877","71053","WHITE METAL LANTERN","4","2010-12-27 11:21:00","3.61","16029.0","Australia",""
"538877","71053","WHITE METAL LANTERN","12","2010-12-27 11:21:00","3.87","16029.0","Australia",""
"538878","85123A","WHITE HANGING HEART T-LIGHT HOLDER","4","2011-01-12 08:15:00","2.9","16029.0","France","NEWCUST"
"538879","84406B","CREAM CUPID HEARTS COAT HANGER","6","2011-01-30 13:26:00","3.14","17850.0","France",""
"538879","22752","SET 7 BABUSHKA NESTING BOXES","8","2011-01-30 13:26:00","8.11","17850.0","France","NEWCUST"
"538879","84406B","CREAM CUPID HEARTS COAT HANGER","2","2011-01-30 13:26:00","2.81","17850.0","France",""
"538879","84029E","RED WOOLLY HOTTIE WHITE HEART","3","2011-01-30 13:26:00","3.85","17850.0","France","SUMMER10"
"538880","21730","GLASS STAR FROSTED T-LIGHT HOLDER","4","2010-12-18 14:29:00","4.41","14096.0","Belgium",""
"538881","20685","DOORMAT RED RETROSPOT","10","2011-01-19 08:27:00","7.16","14096.0","Australia","SUMMER10"
"538882","22632","HAND WARMER RED POLKA DOT","9","2011-01-11 13:50:00","1.97","12583.0","France","BULK5"
"538882","85099B","JUMBO BAG RED RETROSPOT","4","2011-01-11 13:50:00","2.14","12583.0","France",""
"538883","22632","HAND WARMER RED POLKA DOT","11","2011-01-06 15:36:00","1.93","14606.0","Belgium","NEWCUST"
"538884","21730","GLASS STAR FROSTED T-LIGHT HOLDER","9","2011-01-05 08:30:00","4.71","13047.0","United Kingdom","BULK5"
"538884","85123A","WHITE HANGING HEART T-LIGHT HOLDER","12","2011-01-05 08:30:00","2.9","13047.0","United Kingdom",""
"538884","85123A","WHITE HANGING HEART T-LIGHT HOLDER","4","2011-01-05 08:30:00","2.65","13047.0","United Kingdom","NEWCUST"
"538885","47566","PARTY BUNTING","3","2011-01-25 12:46:00","4.96","16029.0","Spain",""
"538886","84029E","RED WOOLLY HOTTIE WHITE HEART","8","2010-12-30 15:50:00","3.84","14096.0","Germany",""
"538887","20685","DOORMAT RED RETROSPOT","2","2011-01-10 11:17:00","7.04","15311.0","Germany",""
"538887","85123A","WHITE HANGING HEART T-LIGHT HOLDER","3","2011-01-10 11:17:00","2.94","15311.0","Germany","BULK5"
"538888","84406B","CREAM CUPID HEARTS COAT HANGER","11","2011-01-06 15:15:00","2.95","17809.0","Netherlands",""
"538888","22632","HAND WARMER RED POLKA DOT","8","2011-01-06 15:15:00","1.79","17809.0","Netherlands","NEWCUST"
"538889","84029G","KNITTED UNION FLAG HOT WATER BOTTLE","10","2010-12-12 12:32:00","3.64","17850.0","Netherlands","BULK5"
"538889","85123A","WHITE HANGING HEART T-LIGHT HOLDER","7","2010-12-12 12:32:00","2.85","17850.0","Netherlands","NEWCUST"
"538889","22752","SET 7 BABUSHKA NESTING BOXES","6","2010-12-12 12:32:00","8.1","17850.0","Netherlands",""
"538889","47566","PARTY BUNTING","12","2010-12-12 12:32:00","4.96","17850.0","Netherlands",""
"538890","20685","DOORMAT RED RETROSPOT","3","2011-01-25 13:11:00","7.54","13777.0","Australia",""
"538890","22752","SET 7 BABUSHKA NESTING BOXES","7","2011-01-25 13:11:00","7.76","13777.0","Australia",""
"538891","85099B","JUMBO BAG RED RETROSPOT","6","2011-01-06 10:31:00","2.02","13047.0","Netherlands",""
"538892","22752","SET 7 BABUSHKA NESTING BOXES","9","2011-01-01 13:32:00","8.12","14096.0","United Kingdom",""
"538893","22632","HAND WARMER RED POLKA DOT","1","2010-12-10 13:44:00","1.93","14096.0","Spain",""
"538893","71053","WHITE METAL LANTERN","2","2010-12-10 13:44:00","3.36","14096.0","Spain",""
"538894","47566","PARTY BUNTING","6","2010-12-08 10:21:00","5.01","15291.0","France",""
"538895","21730","GLASS STAR FROSTED T-LIGHT HOLDER","11","2010-12-20 12:08:00","4.23","15311.0","Spain",""
"538896","85123A","WHITE HANGING HEART T-LIGHT HOLDER","9","2011-01-24 16:36:00","2.48","14606.0","Germany",""
"538896","47566","PARTY BUNTING","5","2011-01-24 16:36:00","5.3","14606.0","Germany",""
"538896","22752","SET 7 BABUSHKA NESTING BOXES","4","2011-01-24 16:36:00","7.73","14606.0","Germany",""
"538896","84029G","KNITTED UNION FLAG HOT WATER BOTTLE","1","2011-01-24 16:36:00","3.52","14606.0","Germany",""
"538897","84029G","KNITTED UNION FLAG HOT WATER BOTTLE","7","2010-12-22 10:48:00","3.72","14606.0","United Kingdom","NEWCUST"
"538897","47566","PARTY BUNTING","3","2010-12-22 10:48:00","4.98","14606.0","United Kingdom",""
"538897","84406B","CREAM CUPID HEARTS COAT HANGER","3","2010-12-22 10:48:00","2.67","14606.0","United Kingdom",""
"538897","85123A","WHITE HANGING HEART T-LIGHT HOLDER","3","2010-12-22 10:48:00","2.66","14606.0","United Kingdom",""
"538898","20685","DOORMAT RED RETROSPOT","9","2011-01-19 12:27:00","7.56","15291.0","France","SUMMER10"
"538899","84029E","RED WOOLLY HOTTIE WHITE HEART","1","2011-01-22 16:39:00","3.64","13777.0","EIRE",""
"538899","21730","GLASS STAR FROSTED T-LIGHT HOLDER","7","2011-01-22 16:39:00","4.45","13777.0","EIRE",""
"538899","22632","HAND WARMER RED POLKA DOT","7","2011-01-22 16:39:00","1.92","13777.0","EIRE",""
"538900","84029G","KNITTED UNION FLAG HOT WATER BOTTLE","6","2010-12-28 13:36:00","3.39","14096.0","Spain","BULK5"
"538900","22632","HAND WARMER RED POLKA DOT","6","2010-12-28 13:36:00","2.04","14096.0","Spain","SUMMER10"
"538900","84406B","CREAM CUPID HEARTS COAT HANGER","2","2010-12-28 13:36:00","3.04","14096.0","Spain","BULK5"
"538900","85099B","JUMBO BAG RED RETROSPOT","8","2010-12-28 13:36:00","2.08","14096.0","Spain","SUMMER10"
"538901","84029G","KNITTED UNION FLAG HOT WATER BOTTLE","8","2011-01-18 13:28:00","3.68","15311.0","France","NEWCUST"
"538902","47566","PARTY BUNTING","3","2010-12-24 08:04:00","4.94","12583.0","EIRE","NEWCUST"
"538902","71053","WHITE METAL LANTERN","10","2010-12-24 08:04:00","3.55","12583.0","EIRE","NEWCUST"
"538903","84029G","KNITTED UNION FLAG HOT WATER BOTTLE","12","2010-12-08 08:20:00","3.59","15311.0","United Kingdom",""
"538903","22632","HAND WARMER RED POLKA DOT","1","2010-12-08 08:20:00","2.33","15311.0","United Kingdom",""
"538903","84406B","CREAM CUPID HEARTS COAT HANGER","1","2010-12-08 08:20:00","3.17","15311.0","United Kingdom",""
"538903","84029G","KNITTED UNION FLAG HOT WATER BOTTLE","11","2010-12-08 08:20:00","3.41","15311.0","United Kingdom",""
"538904","84029E","RED WOOLLY HOTTIE WHITE HEART","8","2010-12-05 10:33:00","3.73","15311.0","Netherlands",""
"538904","84029G","KNITTED UNION FLAG HOT WATER BOTTLE","4","2010-12-05 10:33:00","3.34","15311.0","Netherlands","NEWCUST"
"538904","85099B","JUMBO BAG RED RETROSPOT","3","2010-12-05 10:33:00","1.6","15311.0","Netherlands",""
"538904","84029E","RED WOOLLY HOTTIE WHITE HEART","11","2010-12-05 10:33:00","3.44","15311.0","Netherlands",""
"538905","71053","WHITE METAL LANTERN","8","2011-01-13 12:11:00","3.6","13777.0","United Kingdom",""
"538905","20685","DOORMAT RED RETROSPOT","4","2011-01-13 12:11:00","7.0","13777.0","United Kingdom",""
"538905","22633","HAND WARMER UNION JACK","6","2011-01-13 12:11:00","1.85","13777.0","United Kingdom",""
"538906","84029E","RED WOOLLY HOTTIE WHITE HEART","10","2010-12-13 14:59:00","3.7","15291.0","Netherlands","BULK5"
"538906","22632","HAND WARMER RED POLKA DOT","12","2010-12-13 14:59:00","2.11","15291.0","Netherlands",""
"538906","21730","GLASS STAR FROSTED T-LIGHT HOLDER","9","2010-12-13 14:59:00","4.2","15291.0","Netherlands",""
"538906","21730","GLASS STAR FROSTED T-LIGHT HOLDER","11","2010-12-13 14:59:00","4.29","15291.0","Netherlands","SUMMER10"
"538907","21730","GLASS STAR FROSTED T-LIGHT HOLDER","12","2011-01-05 10:48:00","4.36","13047.0","France","NEWCUST"
"538907","22752","SET 7 BABUSHKA NESTING BOXES","4","2011-01-05 10:48:00","7.88","13047.0","France","SUMMER10"
"538907","22632","HAND WARMER RED POLKA DOT","2","2011-01-05 10:48:00","1.77","13047.0","France",""
"538907","21730","GLASS STAR FROSTED T-LIGHT HOLDER","5","2011-01-05 10:48:00","4.74","13047.0","France",""
"538908","84029E","RED WOOLLY HOTTIE WHITE HEART","10","2010-12-06 12:29:00","3.43","12583.0","EIRE","NEWCUST"
"538908","22752","SET 7 BABUSHKA NESTING BOXES","5","2010-12-06 12:29:00","7.89","12583.0","EIRE","SUMMER10"
"538908","85123A","WHITE HANGING HEART T-LIGHT HOLDER","10","2010-12-06 12:29:00","2.75","12583.0","EIRE",""
"538909","47566","PARTY BUNTING","7","2011-01-11 16:30:00","5.34","14096.0","Australia",""
"538909","22633","HAND WARMER UNION JACK","1","2011-01-11 16:30:00","2.12","14096.0","Australia",""
"538909","20685","DOORMAT RED RETROSPOT","4","2011-01-11 16:30:00","7.2","14096.0","Australia","NEWCUST"
"538909","84406B","CREAM CUPID HEARTS COAT HANGER","8","2011-01-11 16:30:00","3.19","14096.0","Australia","BULK5"
"538910","22633","HAND WARMER UNION JACK","8","2011-01-28 15:02:00","2.32","13777.0","Germany",""
"538910","84029G","KNITTED UNION FLAG HOT WATER BOTTLE","11","2011-01-28 15:02:00","3.31","13777.0","Germany",""
"538911","84406B","CREAM CUPID HEARTS COAT HANGER","1","2010-12-19 09:27:00","2.8","16029.0","Belgium",""
"538911","47566","PARTY BUNTING","2","2010-12-19 09:27:00","5.05","16029.0","Belgium",""
"538911","84029G","KNITTED UNION FLAG HOT WATER BOTTLE","2","2010-12-19 09:27:00","3.48","16029.0","Belgium",""
"538911","84029G","KNITTED UNION FLAG HOT WATER BOTTLE","1","2010-12-19 09:27:00","3.5","16029.0","Belgium",""
"538912","22752","SET 7 BABUSHKA NESTING BOXES","11","2011-01-26 13:01:00","7.57","17850.0","Belgium",""
"538913","84029E","RED WOOLLY HOTTIE WHITE HEART","11","2011-01-15 14:02:00","3.75","15291.0","EIRE","SUMMER10"
"538914","84029G","KNITTED UNION FLAG HOT WATER BOTTLE","3","2011-01-11 10:34:00","3.78","12583.0","France",""
"538915","84029E","RED WOOLLY HOTTIE WHITE HEART","3","2010-12-21 13:24:00","3.45","14096.0","United Kingdom",""
"538916","21730","GLASS STAR FROSTED T-LIGHT HOLDER","2","2011-01-25 11:36:00","4.61","12583.0","Australia",""
"538917","22633","HAND WARMER UNION JACK","4","2010-12-28 09:25:00","1.9","12583.0","France",""
"538917","21730","GLASS STAR FROSTED T-LIGHT HOLDER","1","2010-12-28 09:25:00","4.37","12583.0","France",""
"538918","85099B","JUMBO BAG RED RETROSPOT","1","2010-12-11 12:39:00","1.93","17809.0","Spain",""
"538918","84029E","RED WOOLLY HOTTIE WHITE HEART","12","2010-12-11 12:39:00","3.75","17809.0","Spain","SUMMER10"
"538918","84029G","KNITTED UNION FLAG HOT WATER BOTTLE","3","2010-12-11 12:39:00","3.41","17809.0","Spain","SUMMER10"
"538919","22752","SET 7 BABUSHKA NESTING BOXES","4","2011-01-24 15:38:00","7.91","17809.0","EIRE",""
"538919","20685","DOORMAT RED RETROSPOT","6","2011-01-24 15:38:00","7.37","17809.0","EIRE",""
"538919","47566","PARTY BUNTING","3","2011-01-24 15:38:00","5.18","17809.0","EIRE","SUMMER10"
"538920","84029G","KNITTED UNION FLAG HOT WATER BOTTLE","7","2010-12-20 15:51:00","3.83","17809.0","Germany","BULK5"
"538920","71053","WHITE METAL LANTERN","10","2010-12-20 15:51:00","3.43","17809.0","Germany",""
"538920","21730","GLASS STAR FROSTED T-LIGHT HOLDER","6","2010-12-20 15:51:00","4.24","17809.0","Germany","SUMMER10"
"538921","22632","HAND WARMER RED POLKA DOT","1","2010-12-26 09:09:00","1.97","14606.0","Netherlands",""
"538921","84029G","KNITTED UNION FLAG HOT WATER BOTTLE","10","2010-12-26 09:09:00","3.71","14606.0","Netherlands",""
"538922","20685","DOORMAT RED RETROSPOT","1","2010-12-24 13:27:00","7.58","12583.0","France","SUMMER10"
"538922","85123A","WHITE HANGING HEART T-LIGHT HOLDER","2","2010-12-24 13:27:00","2.63","12583.0","France",""
"538923","84029E","RED WOOLLY HOTTIE WHITE HEART","4","2011-01-30 11:27:00","3.57","15291.0","Australia",""
"538923","84406B","CREAM CUPID HEARTS COAT HANGER","11","2011-01-30 11:27:00","2.89","15291.0","Australia","BULK5"
"538923","84029G","KNITTED UNION FLAG HOT WATER BOTTLE","3","2011-01-30 11:27:00","3.77","15291.0","Australia","NEWCUST"
"538924","71053","WHITE METAL LANTERN","9","2011-01-17 16:39:00","3.79","15291.0","Germany",""
"538924","84029G","KNITTED UNION FLAG HOT WATER BOTTLE","6","2011-01-17 16:39:00","3.75","15291.0","Germany",""
"538924","71053","WHITE METAL LANTERN","3","2011-01-17 16:39:00","3.77","15291.0","Germany",""
"538924","85123A","WHITE HANGING HEART T-LIGHT HOLDER","5","2011-01-17 16:39:00","2.89","15291.0","Germany","SUMMER10"
"538925","85123A","WHITE HANGING HEART T-LIGHT HOLDER","10","2010-12-09 09:18:00","2.8","17850.0","Spain","NEWCUST"
"538925","84029E","RED WOOLLY HOTTIE WHITE HEART","10","2010-12-09 09:18:00","3.71","17850.0","Spain","BULK5"
"538926","85123A","WHITE HANGING HEART T-LIGHT HOLDER","12","2011-01-24 15:06:00","2.5","13047.0","Spain","SUMMER10"
"538927","84029E","RED WOOLLY HOTTIE WHITE HEART","9","2010-12-11 10:49:00","3.73","17850.0","Spain",""
"538927","84029E","RED WOOLLY HOTTIE WHITE HEART","3","2010-12-11 10:49:00","3.3","17850.0","Spain",""
"538927","20685","DOORMAT RED RETROSPOT","9","2010-12-11 10:49:00","7.31","17850.0","Spain",""
"538928","84406B","CREAM CUPID HEARTS COAT HANGER","7","2010-12-02 08:45:00","2.96","12583.0","EIRE",""
"538928","22633","HAND WARMER UNION JACK","1","2010-12-02 08:45:00","1.77","12583.0","EIRE","BULK5"
"538929","71053","WHITE METAL LANTERN","4","2011-01-04 09:00:00","3.82","15311.0","Netherlands",""
"538929","71053","WHITE METAL LANTERN","2","2011-01-04 09:00:00","3.79","15311.0","Netherlands",""
"538929","85099B","JUMBO BAG RED RETROSPOT","6","2011-01-04 09:00:00","2.09","15311.0","Netherlands",""
"538930","20685","DOORMAT RED RETROSPOT","11","2011-01-22 13:24:00","7.22","13777.0","Spain","BULK5"
"538930","47566","PARTY BUNTING","7","2011-01-22 13:24:00","4.89","13777.0","Spain","SUMMER10"
"538930","22633","HAND WARMER UNION JACK","7","2011-01-22 13:24:00","2.21","13777.0","Spain","NEWCUST"
"538930","84029E","RED WOOLLY HOTTIE WHITE HEART","8","2011-01-22 13:24:00","3.43","13777.0","Spain","SUMMER10"
"538931","85123A","WHITE HANGING HEART T-LIGHT HOLDER","7","2011-01-21 16:16:00","2.51","13047.0","Belgium","NEWCUST"
"538931","20685","DOORMAT RED RETROSPOT","12","2011-01-21 16:16:00","7.3","13047.0","Belgium","NEWCUST"
"538932","85123A","WHITE HANGING HEART T-LIGHT HOLDER","9","2011-01-19 08:52:00","2.51","14096.0","Spain","SUMMER10"
"538932","22632","HAND WARMER RED POLKA DOT","5","2011-01-19 08:52:00","1.99","14096.0","Spain",""
"538932","85123A","WHITE HANGING HEART T-LIGHT HOLDER","4","2011-01-19 08:52:00","3.01","14096.0","Spain",""
"538933","20685","DOORMAT RED RETROSPOT","2","2011-01-17 10:25:00","7.18","13777.0","Australia",""
"538934","22633","HAND WARMER UNION JACK","7","2010-12-08 12:58:00","2.06","15311.0","EIRE",""
"538934","21730","GLASS STAR FROSTED T-LIGHT HOLDER","4","2010-12-08 12:58:00","4.72","15311.0","EIRE",""
"538934","22632","HAND WARMER RED POLKA DOT","4","2010-12-08 12:58:00","1.92","15311.0","EIRE",""
"538935","84029E","RED WOOLLY HOTTIE WHITE HEART","6","2011-01-03 16:18:00","3.8","13047.0","United Kingdom","NEWCUST"
"538935","85123A","WHITE HANGING HEART T-LIGHT HOLDER","12","2011-01-03 16:18:00","2.55","13047.0","United Kingdom",""
"538936","47566","PARTY BUNTING","6","2010-12-08 10:49:00","5.01","15311.0","Spain","SUMMER10"
"538936","84029G","KNITTED UNION FLAG HOT WATER BOTTLE","12","2010-12-08 10:49:00","3.31","15311.0","Spain","BULK5"
"538937","84406B","CREAM CUPID HEARTS COAT HANGER","11","2011-01-30 12:28:00","3.15","16029.0","France",""
"538937","85123A","WHITE HANGING HEART T-LIGHT HOLDER","1","2011-01-30 12:28:00","2.9","16029.0","France",""
"538937","22633","HAND WARMER UNION JACK","3","2011-01-30 12:28:00","2.06","16029.0","France","NEWCUST"
"538938","84029E","RED WOOLLY HOTTIE WHITE HEART","3","2011-01-23 12:50:00","3.82","12583.0","Netherlands","BULK5"
"538938","84029G","KNITTED UNION FLAG HOT WATER BOTTLE","11","2011-01-23 12:50:00","3.88","12583.0","Netherlands","SUMMER10"
"538939","84029E","RED WOOLLY HOTTIE WHITE HEART","3","2010-12-29 15:13:00","3.36","12583.0","EIRE",""
"538940","47566","PARTY BUNTING","10","2011-01-26 15:03:00","5.25","16029.0","Australia","NEWCUST"
"538940","84029E","RED WOOLLY HOTTIE WHITE HEART","6","2011-01-26 15:03:00","3.39","16029.0","Australia","BULK5"
"538940","85123A","WHITE HANGING HEART T-LIGHT HOLDER","6","2011-01-26 15:03:00","2.79","16029.0","Australia",""
"538940","47566","PARTY BUNTING","9","2011-01-26 15:03:00","5.43","16029.0","Australia",""
"538941","22633","HAND WARMER UNION JACK","12","2010-12-20 10:44:00","1.88","17809.0","Netherlands",""
"538941","22632","HAND WARMER RED POLKA DOT","2","2010-12-20 10:44:00","2.0","17809.0","Netherlands","BULK5"
"538941","20685","DOORMAT RED RETROSPOT","11","2010-12-20 10:44:00","7.48","17809.0","Netherlands","SUMMER10"
"538942","22752","SET 7 BABUSHKA NESTING BOXES","10","2011-01-27 16:07:00","7.75","12583.0","EIRE","BULK5"
"538943","47566","PARTY BUNTING","9","2011-01-12 16:30:00","5.34","14096.0","Australia",""
"538943","85123A","WHITE HANGING HEART T-LIGHT HOLDER","6","2011-01-12 16:30:00","2.81","14096.0","Australia","NEWCUST"
"538943","84406B","CREAM CUPID HEARTS COAT HANGER","11","2011-01-12 16:30:00","2.92","14096.0","Australia",""
"538943","22633","HAND WARMER UNION JACK","3","2011-01-12 16:30:00","2.05","14096.0","Australia","BULK5"
"538944","22752","SET 7 BABUSHKA NESTING BOXES","12","2010-12-23 16:42:00","8.01","15311.0","Belgium","BULK5"
"538944","84406B","CREAM CUPID HEARTS COAT HANGER","2","2010-12-23 16:42:00","2.69","15311.0","Belgium",""
"538944","22752","SET 7 BABUSHKA NESTING BOXES","6","2010-12-23 16:42:00","7.78","15311.0","Belgium",""
"538945","22632","HAND WARMER RED POLKA DOT","3","2010-12-01 09:31:00","2.31","15291.0","Belgium",""
"538945","85099B","JUMBO BAG RED RETROSPOT","3","2010-12-01 09:31:00","1.8","15291.0","Belgium",""
"538945","20685","DOORMAT RED RETROSPOT","10","2010-12-01 09:31:00","7.29","15291.0","Belgium","SUMMER10"
"538945","22752","SET 7 BABUSHKA NESTING BOXES","6","2010-12-01 09:31:00","7.93","15291.0","Belgium",""
"538946","21730","GLASS STAR FROSTED T-LIGHT HOLDER","11","2011-01-12 16:04:00","4.52","13777.0","Netherlands",""
"538946","22633","HAND WARMER UNION JACK","3","2011-01-12 16:04:00","2.27","13777.0","Netherlands","BULK5"
"538946","71053","WHITE METAL LANTERN","5","2011-01-12 16:04:00","3.71","13777.0","Netherlands",""
"538946","71053","WHITE METAL LANTERN","6","2011-01-12 16:04:00","3.44","13777.0","Netherlands",""
"538947","22632","HAND WARMER RED POLKA DOT","10","2010-12-03 10:27:00","2.19","13777.0","EIRE","BULK5"
"538948","47566","PARTY BUNTING","4","2011-01-05 10:03:00","5.37","17809.0","United Kingdom",""
"538949","21730","GLASS STAR FROSTED T-LIGHT HOLDER","10","2011-01-03 09:18:00","4.55","13047.0","Spain",""
"538949","22752","SET 7 BABUSHKA NESTING BOXES","11","2011-01-03 09:18:00","7.93","13047.0","Spain",""
"538949","20685","DOORMAT RED RETROSPOT","2","2011-01-03 09:18:00","7.41","13047.0","Spain","SUMMER10"
"538950","84406B","CREAM CUPID HEARTS COAT HANGER","2","2010-12-27 13:29:00","2.71","14606.0","United Kingdom",""
"538950","84406B","CREAM CUPID HEARTS COAT HANGER","9","2010-12-27 13:29:00","3.07","14606.0","United Kingdom",""
"538950","84029E","RED WOOLLY HOTTIE WHITE HEART","4","2010-12-27 13:29:00","3.78","14606.0","United Kingdom",""
"538951","71053","WHITE METAL LANTERN","2","2010-12-24 14:22:00","3.54","15311.0","United Kingdom",""
"538951","47566","PARTY BUNTING","9","2010-12-24 14:22:00","5.1","15311.0","United Kingdom",""
"538951","22633","HAND WARMER UNION JACK","11","2010-12-24 14:22:00","2.06","15311.0","United Kingdom","NEWCUST"
"538951","84029E","RED WOOLLY HOTTIE WHITE HEART","1","2010-12-24 14:22:00","3.43","15311.0","United Kingdom","NEWCUST"
"538952","20685","DOORMAT RED RETROSPOT","4","2011-01-13 13:57:00","7.09","16029.0","Netherlands",""
"538953","84406B","CREAM CUPID HEARTS COAT HANGER","7","2010-12-02 12:42:00","3.13","15291.0","Netherlands","BULK5"
"538954","84029E","RED WOOLLY HOTTIE WHITE HEART","10","2011-01-05 10:47:00","3.78","14096.0","Belgium",""
"538954","22633","HAND WARMER UNION JACK","5","2011-01-05 10:47:00","1.98","14096.0","Belgium","BULK5"
"538954","22752","SET 7 BABUSHKA NESTING BOXES","10","2011-01-05 10:47:00","7.81","14096.0","Belgium",""
"538954","84406B","CREAM CUPID HEARTS COAT HANGER","5","2011-01-05 10:47:00","2.9","14096.0","Belgium",""
"538955","21730","GLASS STAR FROSTED T-LIGHT HOLDER","3","2011-01-18 13:09:00","4.19","15311.0","United Kingdom","BULK5"
"538955","85123A","WHITE HANGING HEART T-LIGHT HOLDER","5","2011-01-18 13:09:00","2.46","15311.0","United Kingdom",""
"538955","84029E","RED WOOLLY HOTTIE WHITE HEART","5","2011-01-18 13:09:00","3.43","15311.0","United Kingdom","SUMMER10"
"538956","47566","PARTY BUNTING","2","2010-12-06 13:14:00","4.94","15311.0","United Kingdom",""
"538957","22633","HAND WARMER UNION JACK","7","2010-12-03 14:12:00","1.88","15291.0","United Kingdom",""
"538957","22632","HAND WARMER RED POLKA DOT","7","2010-12-03 14:12:00","2.33","15291.0","United Kingdom",""
"538957","85123A","WHITE HANGING HEART T-LIGHT HOLDER","5","2010-12-03 14:12:00","2.98","15291.0","United Kingdom","SUMMER10"
"538958","71053","WHITE METAL LANTERN","4","2010-12-14 09:56:00","3.78","16029.0","France","SUMMER10"
"538958","22632","HAND WARMER RED POLKA DOT","11","2010-12-14 09:56:00","1.9","16029.0","France",""
"538959","84029G","KNITTED UNION FLAG HOT WATER BOTTLE","8","2011-01-30 14:47:00","3.33","15291.0","United Kingdom","SUMMER10"
"538959","84406B","CREAM CUPID HEARTS COAT HANGER","7","2011-01-30 14:47:00","2.95","15291.0","United Kingdom","NEWCUST"
"538960","84029E","RED WOOLLY HOTTIE WHITE HEART","3","2011-01-08 12:04:00","3.83","13777.0","United Kingdom","BULK5"
"538960","84029E","RED WOOLLY HOTTIE WHITE HEART","9","2011-01-08 12:04:00","3.61","13777.0","United Kingdom","SUMMER10"
"538960","84029E","RED WOOLLY HOTTIE WHITE HEART","5","2011-01-08 12:04:00","3.7","13777.0","United Kingdom",""
"538960","84406B","CREAM CUPID HEARTS COAT HANGER","11","2011-01-08 12:04:00","3.19","13777.0","United Kingdom","NEWCUST"
"538961","85099B","JUMBO BAG RED RETROSPOT","8","2010-12-06 16:00:00","1.92","17850.0","Spain",""
"538962","84029E","RED WOOLLY HOTTIE WHITE HEART","8","2010-12-23 13:14:00","3.63","14096.0","United Kingdom",""
"538963","21730","GLASS STAR FROSTED T-LIGHT HOLDER","1","2010-12-05 11:38:00","4.21","17809.0","Belgium","SUMMER10"
"538963","84029G","KNITTED UNION FLAG HOT WATER BOTTLE","3","2010-12-05 11:38:00","3.34","17809.0","Belgium",""
"538963","85099B","JUMBO BAG RED RETROSPOT","1","2010-12-05 11:38:00","1.99","17809.0","Belgium","BULK5"
"538963","84406B","CREAM CUPID HEARTS COAT HANGER","5","2010-12-05 11:38:00","2.93","17809.0","Belgium",""
"538964","84029G","KNITTED UNION FLAG HOT WATER BOTTLE","10","2011-01-29 12:25:00","3.75","12583.0","France",""
"538965","47566","PARTY BUNTING","4","2010-12-19 16:27:00","5.04","15291.0","Germany","BULK5"
"538965","22632","HAND WARMER RED POLKA DOT","11","2010-12-19 16:27:00","1.97","15291.0","Germany","SUMMER10"
"538965","84029E","RED WOOLLY HOTTIE WHITE HEART","7","2010-12-19 16:27:00","3.61","15291.0","Germany",""
"538966","20685","DOORMAT RED RETROSPOT","9","2010-12-14 14:55:00","7.23","17809.0","EIRE",""
"538966","21730","GLASS STAR FROSTED T-LIGHT HOLDER","12","2010-12-14 14:55:00","4.51","17809.0","EIRE","SUMMER10"
"538966","22633","HAND WARMER UNION JACK","11","2010-12-14 14:55:00","1.77","17809.0","EIRE",""
"538966","22633","HAND WARMER UNION JACK","6","2010-12-14 14:55:00","2.2","17809.0","EIRE","SUMMER10"
"538967","84029E","RED WOOLLY HOTTIE WHITE HEART","9","2011-01-14 10:49:00","3.42","13777.0","United Kingdom","SUMMER10"
"538968","85099B","JUMBO BAG RED RETROSPOT","8","2010-12-07 08:15:00","1.83","17850.0","Australia",""
"538968","22752","SET 7 BABUSHKA NESTING BOXES","9","2010-12-07 08:15:00","8.0","17850.0","Australia","NEWCUST"
"538968","47566","PARTY BUNTING","12","2010-12-07 08:15:00","5.04","17850.0","Australia",""
"538968","20685","DOORMAT RED RETROSPOT","5","2010-12-07 08:15:00","7.22","17850.0","Australia","NEWCUST"
"538969","47566","PARTY BUNTING","8","2011-01-17 10:06:00","5.1","12583.0","Netherlands",""
"538969","84029E","RED WOOLLY HOTTIE WHITE HEART","6","2011-01-17 10:06:00","3.78","12583.0","Netherlands",""
"538970","84029E","RED WOOLLY HOTTIE WHITE HEART","6","2011-01-08 08:26:00","3.57","13047.0","Australia","SUMMER10"
"538971","22752","SET 7 BABUSHKA NESTING BOXES","11","2010-12-26 10:37:00","8.06","14606.0","France",""
"538972","85099B","JUMBO BAG RED RETROSPOT","10","2010-12-05 09:52:00","1.73","17809.0","United Kingdom","BULK5"
"538972","22752","SET 7 BABUSHKA NESTING BOXES","11","2010-12-05 09:52:00","8.02","17809.0","United Kingdom","NEWCUST"
"538972","84029E","RED WOOLLY HOTTIE WHITE HEART","9","2010-12-05 09:52:00","3.56","17809.0","United Kingdom",""
"538972","20685","DOORMAT RED RETROSPOT","7","2010-12-05 09:52:00","7.05","17809.0","United Kingdom","BULK5"
"538973","20685","DOORMAT RED RETROSPOT","12","2010-12-05 12:44:00","6.98","15311.0","Netherlands","NEWCUST"
"538973","85123A","WHITE HANGING HEART T-LIGHT HOLDER","1","2010-12-05 12:44:00","2.56","15311.0","Netherlands",""
"538973","22633","HAND WARMER UNION JACK","7","2010-12-05 12:44:00","2.04","15311.0","Netherlands",""
"538973","85123A","WHITE HANGING HEART T-LIGHT HOLDER","6","2010-12-05 12:44:00","2.5","15311.0","Netherlands","SUMMER10"
"538974","20685","DOORMAT RED RETROSPOT","3","2010-12-18 13:38:00","7.13","14606.0","Belgium",""
"538974","47566","PARTY BUNTING","10","2010-12-18 13:38:00","5.14","14606.0","Belgium",""
"538975","20685","DOORMAT RED RETROSPOT","3","2010-12-20 14:04:00","7.43","12583.0","Germany",""
"538975","22752","SET 7 BABUSHKA NESTING BOXES","10","2010-12-20 14:04:00","7.74","12583.0","Germany",""
"538975","47566","PARTY BUNTING","3","2010-12-20 14:04:00","5.4","12583.0","Germany","BULK5"
"538976","84406B","CREAM CUPID HEARTS COAT HANGER","6","2011-01-26 12:51:00","2.88","13047.0","EIRE","BULK5"
"538977","84029G","KNITTED UNION FLAG HOT WATER BOTTLE","4","2010-12-14 15:50:00","3.66","15291.0","Germany",""
"538977","84029E","RED WOOLLY HOTTIE WHITE HEART","11","2010-12-14 15:50:00","3.82","15291.0","Germany",""
"538977","21730","GLASS STAR FROSTED T-LIGHT HOLDER","1","2010-12-14 15:50:00","4.69","15291.0","Germany","SUMMER10"
"538978","22632","HAND WARMER RED POLKA DOT","8","2011-01-03 13:19:00","1.94","14606.0","United Kingdom","BULK5"
"538978","47566","PARTY BUNTING","1","2011-01-03 13:19:00","5.43","14606.0","United Kingdom","SUMMER10"
"538978","20685","DOORMAT RED RETROSPOT","3","2011-01-03 13:19:00","7.42","14606.0","United Kingdom","SUMMER10"
"538979","21730","GLASS STAR FROSTED T-LIGHT HOLDER","7","2011-01-16 14:17:00","4.32","17850.0","Spain",""
"538980","84029E","RED WOOLLY HOTTIE WHITE HEART","12","2010-12-11 15:20:00","3.85","15291.0","Germany","SUMMER10"
"538980","22633","HAND WARMER UNION JACK","12","2010-12-11 15:20:00","1.82","15291.0","Germany","NEWCUST"
"538980","71053","WHITE METAL LANTERN","8","2010-12-11 15:20:00","3.47","15291.0","Germany","NEWCUST"
"538981","84029E","RED WOOLLY HOTTIE WHITE HEART","8","2010-12-18 14:47:00","3.39","13777.0","Netherlands","BULK5"
"538982","21730","GLASS STAR FROSTED T-LIGHT HOLDER","2","2011-01-16 09:29:00","4.31","13047.0","Belgium","SUMMER10"
"538982","84406B","CREAM CUPID HEARTS COAT HANGER","8","2011-01-16 09:29:00","3.02","13047.0","Belgium","NEWCUST"
"538982","84029E","RED WOOLLY HOTTIE WHITE HEART","11","2011-01-16 09:29:00","3.88","13047.0","Belgium","SUMMER10"
"538982","84029E","RED WOOLLY HOTTIE WHITE HEART","10","2011-01-16 09:29:00","3.89","13047.0","Belgium","NEWCUST"
"538983","84029E","RED WOOLLY HOTTIE WHITE HEART","8","2010-12-07 15:10:00","3.7","13047.0","Germany",""
"538983","20685","DOORMAT RED RETROSPOT","9","2010-12-07 15:10:00","7.55","13047.0","Germany",""
"538983","71053","WHITE METAL LANTERN","5","2010-12-07 15:10:00","3.69","13047.0","Germany",""
"538983","84029G","KNITTED UNION FLAG HOT WATER BOTTLE","12","2010-12-07 15:10:00","3.45","13047.0","Germany",""
"538984","71053","WHITE METAL LANTERN","12","2011-01-24 08:00:00","3.37","14606.0","France","BULK5"
"538985","71053","WHITE METAL LANTERN","8","2011-01-21 16:55:00","3.4","14606.0","Netherlands",""
"538985","20685","DOORMAT RED RETROSPOT","4","2011-01-21 16:55:00","7.02","14606.0","Netherlands","BULK5"
"538985","47566","PARTY BUNTING","4","2011-01-21 16:55:00","5.02","14606.0","Netherlands",""
"538986","22752","SET 7 BABUSHKA NESTING BOXES","11","2010-12-05 15:16:00","8.14","13047.0","France",""
"538986","85123A","WHITE HANGING HEART T-LIGHT HOLDER","3","2010-12-05 15:16:00","2.89","13047.0","France",""
"538986","22633","HAND WARMER UNION JACK","2","2010-12-05 15:16:00","1.94","13047.0","France",""
"538986","84406B","CREAM CUPID HEARTS COAT HANGER","1","2010-12-05 15:16:00","3.08","13047.0","France",""
"538987","22632","HAND WARMER RED POLKA DOT","7","2011-01-29 15:43:00","1.9","13047.0","EIRE",""
"538987","22633","HAND WARMER UNION JACK","2","2011-01-29 15:43:00","2.28","13047.0","EIRE",""
"538987","84029E","RED WOOLLY HOTTIE WHITE HEART","4","2011-01-29 15:43:00","3.65","13047.0","EIRE",""
"538987","85099B","JUMBO BAG RED RETROSPOT","11","2011-01-29 15:43:00","1.93","13047.0","EIRE","NEWCUST"
"538988","85123A","WHITE HANGING HEART T-LIGHT HOLDER","1","2011-01-04 08:43:00","3.04","13777.0","Belgium",""
"538989","47566","PARTY BUNTING","1","2010-12-13 12:49:00","4.96","17850.0","EIRE",""
"538989","22752","SET 7 BABUSHKA NESTING BOXES","2","2010-12-13 12:49:00","7.59","17850.0","EIRE",""
"538990","85099B","JUMBO BAG RED RETROSPOT","6","2011-01-28 08:07:00","1.73","16029.0","EIRE","SUMMER10"
"538991","22752","SET 7 BABUSHKA NESTING BOXES","2","2010-12-27 13:37:00","7.89","12583.0","Belgium",""
"538991","84029G","KNITTED UNION FLAG HOT WATER BOTTLE","10","2010-12-27 13:37:00","3.84","12583.0","Belgium",""
"538991","22752","SET 7 BABUSHKA NESTING BOXES","5","2010-12-27 13:37:00","8.1","12583.0","Belgium",""
"538992","84029G","KNITTED UNION FLAG HOT WATER BOTTLE","2","2010-12-22 16:24:00","3.64","13047.0","Spain",""
"538993","84406B","CREAM CUPID HEARTS COAT HANGER","11","2011-01-01 08:26:00","2.74","17809.0","EIRE",""
"538994","85099B","JUMBO BAG RED RETROSPOT","5","2011-01-26 10:37:00","2.08","16029.0","EIRE",""
"538995","20685","DOORMAT RED RETROSPOT","2","2010-12-27 13:04:00","7.42","13777.0","France","SUMMER10"
"538995","84406B","CREAM CUPID HEARTS COAT HANGER","1","2010-12-27 13:04:00","3.13","13777.0","France","NEWCUST"
"538995","22633","HAND WARMER UNION JACK","11","2010-12-27 13:04:00","2.2","13777.0","France","BULK5"
"538995","71053","WHITE METAL LANTERN","11","2010-12-27 13:04:00","3.3","13777.0","France","NEWCUST"
"538996","22633","HAND WARMER UNION JACK","7","2010-12-31 15:25:00","2.34","14096.0","France",""
"538996","71053","WHITE METAL LANTERN","8","2010-12-31 15:25:00","3.75","14096.0","France","SUMMER10"
"538996","84029E","RED WOOLLY HOTTIE WHITE HEART","11","2010-12-31 15:25:00","3.44","14096.0","France","NEWCUST"
"538997","20685","DOORMAT RED RETROSPOT","5","2010-12-09 16:25:00","7.28","14096.0","United Kingdom",""
"538998","20685","DOORMAT RED RETROSPOT","11","2010-12-31 14:05:00","7.04","13047.0","EIRE",""
"538998","20685","DOORMAT RED RETROSPOT","11","2010-12-31 14:05:00","7.29","13047.0","EIRE","BULK5"
"538999","21730","GLASS STAR FROSTED T-LIGHT HOLDER","5","2010-12-07 13:51:00","4.23","15291.0","Spain",""
"538999","84029G","KNITTED UNION FLAG HOT WATER BOTTLE","10","2010-12-07 13:51:00","3.69","15291.0","Spain",""
"538999","84029E","RED WOOLLY HOTTIE WHITE HEART","6","2010-12-07 13:51:00","3.65","15291.0","Spain",""
"539000","84029E","RED WOOLLY HOTTIE WHITE HEART","12","2010-12-06 11:06:00","3.6","14096.0","Germany",""
"539001","71053","WHITE METAL LANTERN","5","2010-12-22 13:58:00","3.52","16029.0","Germany","BULK5"
"539001","85123A","WHITE HANGING HEART T-LIGHT HOLDER","12","2010-12-22 13:58:00","2.96","16029.0","Germany",""
"539001","20685","DOORMAT RED RETROSPOT","11","2010-12-22 13:58:00","7.56","16029.0","Germany",""
"539001","71053","WHITE METAL LANTERN","9","2010-12-22 13:58:00","3.8","16029.0","Germany",""
"539002","84406B","CREAM CUPID HEARTS COAT HANGER","12","2010-12-26 14:23:00","2.9","13777.0","France",""
"539002","84029G","KNITTED UNION FLAG HOT WATER BOTTLE","1","2010-12-26 14:23:00","3.56","13777.0","France",""
"539003","84029G","KNITTED UNION FLAG HOT WATER BOTTLE","7","2010-12-07 12:45:00","3.54","17850.0","Spain",""
"539003","84029E","RED WOOLLY HOTTIE WHITE HEART","12","2010-12-07 12:45:00","3.84","17850.0","Spain",""
"539003","85123A","WHITE HANGING HEART T-LIGHT HOLDER","3","2010-12-07 12:45:00","2.61","17850.0","Spain",""
"539004","84406B","CREAM CUPID HEARTS COAT HANGER","10","2011-01-10 13:02:00","2.99","14606.0","Belgium","SUMMER10"
"539004","20685","DOORMAT RED RETROSPOT","9","2011-01-10 13:02:00","7.32","14606.0","Belgium","BULK5"
"539004","71053","WHITE METAL LANTERN","10","2011-01-10 13:02:00","3.45","14606.0","Belgium",""
"539004","85099B","JUMBO BAG RED RETROSPOT","3","2011-01-10 13:02:00","1.69","14606.0","Belgium",""
"539005","85099B","JUMBO BAG RED RETROSPOT","2","2011-01-03 08:30:00","1.92","15291.0","Spain","NEWCUST"
"539005","21730","GLASS STAR FROSTED T-LIGHT HOLDER","4","2011-01-03 08:30:00","4.21","15291.0","Spain","BULK5"
"539006","84406B","CREAM CUPID HEARTS COAT HANGER","2","2010-12-25 16:24:00","3.2","13047.0","Netherlands",""
"539007","22632","HAND WARMER RED POLKA DOT","2","2011-01-06 08:40:00","1.96","15311.0","Spain","NEWCUST"
"539007","22633","HAND WARMER UNION JACK","11","2011-01-06 08:40:00","1.86","15311.0","Spain",""
"539008","84029E","RED WOOLLY HOTTIE WHITE HEART","3","2010-12-06 13:37:00","3.63","16029.0","Germany",""
"539008","22632","HAND WARMER RED POLKA DOT","10","2010-12-06 13:37:00","1.92","16029.0","Germany",""
"539009","22633","HAND WARMER UNION JACK","2","2011-01-17 14:01:00","2.06","12583.0","Australia",""
"539009","20685","DOORMAT RED RETROSPOT","1","2011-01-17 14:01:00","7.46","12583.0","Australia",""
"539010","22752","SET 7 BABUSHKA NESTING BOXES","2","2011-01-19 16:59:00","7.97","12583.0","Netherlands","BULK5"
"539010","84406B","CREAM CUPID HEARTS COAT HANGER","10","2011-01-19 16:59:00","2.66","12583.0","Netherlands","NEWCUST"
"539010","20685","DOORMAT RED RETROSPOT","8","2011-01-19 16:59:00","7.05","12583.0","Netherlands",""
"539010","20685","DOORMAT RED RETROSPOT","11","2011-01-19 16:59:00","7.11","12583.0","Netherlands",""
"539011","22752","SET 7 BABUSHKA NESTING BOXES","9","2010-12-13 12:15:00","7.73","15291.0","Netherlands",""
"539011","85099B","JUMBO BAG RED RETROSPOT","12","2010-12-13 12:15:00","1.66","15291.0","Netherlands","NEWCUST"
"539011","22633","HAND WARMER UNION JACK","8","2010-12-13 12:15:00","2.1","15291.0","Netherlands","BULK5"
"539012","22632","HAND WARMER RED POLKA DOT","4","2011-01-06 12:52:00","1.84","17850.0","Netherlands","SUMMER10"
"539012","21730","GLASS STAR FROSTED T-LIGHT HOLDER","8","2011-01-06 12:52:00","4.38","17850.0","Netherlands",""
"539012","21730","GLASS STAR FROSTED T-LIGHT HOLDER","9","2011-01-06 12:52:00","4.67","17850.0","Netherlands",""
"539013","22633","HAND WARMER UNION JACK","12","2010-12-24 15:24:00","2.06","15291.0","Belgium",""
"539013","20685","DOORMAT RED RETROSPOT","12","2010-12-24 15:24:00","7.13","15291.0","Belgium","SUMMER10"
"539013","22752","SET 7 BABUSHKA NESTING BOXES","9","2010-12-24 15:24:00","7.64","15291.0","Belgium","NEWCUST"
"539014","21730","GLASS STAR FROSTED T-LIGHT HOLDER","9","2011-01-17 12:40:00","4.28","17850.0","Australia","BULK5"
"539015","71053","WHITE METAL LANTERN","5","2011-01-07 12:31:00","3.69","17809.0","EIRE","NEWCUST"
"539015","22752","SET 7 BABUSHKA NESTING BOXES","4","2011-01-07 12:31:00","7.93","17809.0","EIRE",""
"539015","85099B","JUMBO BAG RED RETROSPOT","1","2011-01-07 12:31:00","1.62","17809.0","EIRE",""
"539015","47566","PARTY BUNTING","9","2011-01-07 12:31:00","5.26","17809.0","EIRE","NEWCUST"
"539016","22633","HAND WARMER UNION JACK","12","2011-01-06 08:52:00","1.86","13777.0","Spain","SUMMER10"
"539016","20685","DOORMAT RED RETROSPOT","8","2011-01-06 08:52:00","7.43","13777.0","Spain",""
"539016","84029G","KNITTED UNION FLAG HOT WATER BOTTLE","5","2011-01-06 08:52:00","3.59","13777.0","Spain",""
"539016","85099B","JUMBO BAG RED RETROSPOT","1","2011-01-06 08:52:00","1.56","13777.0","Spain","BULK5"
"539017","85123A","WHITE HANGING HEART T-LIGHT HOLDER","5","2011-01-27 13:36:00","2.56","17809.0","Belgium","SUMMER10"
"539018","22752","SET 7 BABUSHKA NESTING BOXES","8","2011-01-26 14:12:00","7.85","13047.0","Netherlands","SUMMER10"
"539018","22632","HAND WARMER RED POLKA DOT","10","2011-01-26 14:12:00","2.03","13047.0","Netherlands",""
"539018","71053","WHITE METAL LANTERN","11","2011-01-26 14:12:00","3.83","13047.0","Netherlands",""
"539018","84029G","KNITTED UNION FLAG HOT WATER BOTTLE","7","2011-01-26 14:12:00","3.34","13047.0","Netherlands",""
"539019","47566","PARTY BUNTING","9","2011-01-12 11:56:00","5.33","16029.0","Belgium","BULK5"
"539019","71053","WHITE METAL LANTERN","7","2011-01-12 11:56:00","3.34","16029.0","Belgium",""
"539019","47566","PARTY BUNTING","10","2011-01-12 11:56:00","5.05","16029.0","Belgium","NEWCUST"
"539020","22632","HAND WARMER RED POLKA DOT","12","2011-01-14 15:41:00","1.79","12583.0","Spain",""
"539020","20685","DOORMAT RED RETROSPOT","1","2011-01-14 15:41:00","7.3","12583.0","Spain","SUMMER10"
"539021","22633","HAND WARMER UNION JACK","2","2011-01-23 13:15:00","2.33","13777.0","United Kingdom",""
"539022","85123A","WHITE HANGING HEART T-LIGHT HOLDER","12","2010-12-31 14:38:00","2.6","12583.0","France","BULK5"
"539022","21730","GLASS STAR FROSTED T-LIGHT HOLDER","5","2010-12-31 14:38:00","4.31","12583.0","France","BULK5"
"539022","84406B","CREAM CUPID HEARTS COAT HANGER","8","2010-12-31 14:38:00","2.98","12583.0","France",""
"539023","21730","GLASS STAR FROSTED T-LIGHT HOLDER","3","2010-12-17 10:52:00","4.44","13777.0","Netherlands",""
"539023","20685","DOORMAT RED RETROSPOT","8","2010-12-17 10:52:00","7.1","13777.0","Netherlands","NEWCUST"
"539023","84406B","CREAM CUPID HEARTS COAT HANGER","4","2010-12-17 10:52:00","3.2","13777.0","Netherlands","SUMMER10"
"539024","22633","HAND WARMER UNION JACK","6","2010-12-24 08:32:00","1.96","14096.0","Germany","SUMMER10"
"539024","22633","HAND WARMER UNION JACK","4","2010-12-24 08:32:00","2.24","14096.0","Germany",""
"539025","22633","HAND WARMER UNION JACK","11","2011-01-23 09:43:00","2.03","17809.0","United Kingdom",""
"539025","22632","HAND WARMER RED POLKA DOT","9","2011-01-23 09:43:00","2.3","17809.0","United Kingdom",""
"539026","71053","WHITE METAL LANTERN","9","2011-01-26 10:13:00","3.87","14606.0","Spain","SUMMER10"
"539026","84029E","RED WOOLLY HOTTIE WHITE HEART","1","2011-01-26 10:13:00","3.68","14606.0","Spain","NEWCUST"
"539026","22633","HAND WARMER UNION JACK","4","2011-01-26 10:13:00","1.81","14606.0","Spain",""
"539027","22632","HAND WARMER RED POLKA DOT","4","2011-01-18 14:47:00","1.86","17809.0","Australia",""
"539028","22632","HAND WARMER RED POLKA DOT","8","2010-12-23 14:37:00","2.27","14606.0","United Kingdom","BULK5"
"539028","84029E","RED WOOLLY HOTTIE WHITE HEART","9","2010-12-23 14:37:00","3.83","14606.0","United Kingdom",""
"539028","22752","SET 7 BABUSHKA NESTING BOXES","5","2010-12-23 14:37:00","7.83","14606.0","United Kingdom","NEWCUST"
"539028","84406B","CREAM CUPID HEARTS COAT HANGER","3","2010-12-23 14:37:00","2.77","14606.0","United Kingdom","SUMMER10"
"539029","22632","HAND WARMER RED POLKA DOT","8","2010-12-22 11:35:00","1.77","15291.0","United Kingdom",""
"539029","22633","HAND WARMER UNION JACK","7","2010-12-22 11:35:00","2.06","15291.0","United Kingdom","BULK5"
"539030","84029G","KNITTED UNION FLAG HOT WATER BOTTLE","4","2010-12-29 10:51:00","3.34","14606.0","EIRE","BULK5"
"539031","22632","HAND WARMER RED POLKA DOT","9","2011-01-26 09:00:00","2.05","15291.0","United Kingdom",""
"539031","22633","HAND WARMER UNION JACK","12","2011-01-26 09:00:00","1.79","15291.0","United Kingdom",""
"539031","84029E","RED WOOLLY HOTTIE WHITE HEART","5","2011-01-26 09:00:00","3.6","15291.0","United Kingdom","SUMMER10"
"539031","20685","DOORMAT RED RETROSPOT","8","2011-01-26 09:00:00","7.52","15291.0","United Kingdom","BULK5"
"539032","84029G","KNITTED UNION FLAG HOT WATER BOTTLE","6","2010-12-13 14:20:00","3.65","17809.0","Spain",""
"539032","20685","DOORMAT RED RETROSPOT","6","2010-12-13 14:20:00","7.4","17809.0","Spain","NEWCUST"
"539033","21730","GLASS STAR FROSTED T-LIGHT HOLDER","9","2010-12-03 13:10:00","4.4","17809.0","United Kingdom",""
"539033","22633","HAND WARMER UNION JACK","7","2010-12-03 13:10:00","1.97","17809.0","United Kingdom",""
"539034","84029G","KNITTED UNION FLAG HOT WATER BOTTLE","8","2010-12-01 11:01:00","3.48","17850.0","Belgium",""
"539035","84406B","CREAM CUPID HEARTS COAT HANGER","5","2011-01-11 11:39:00","3.01","14096.0","United Kingdom",""
"539036","84029G","KNITTED UNION FLAG HOT WATER BOTTLE","9","2010-12-07 11:41:00","3.4","15311.0","United Kingdom","NEWCUST"
"539036","22633","HAND WARMER UNION JACK","5","2010-12-07 11:41:00","1.85","15311.0","United Kingdom",""
"539036","84406B","CREAM CUPID HEARTS COAT HANGER","9","2010-12-07 11:41:00","3.14","15311.0","United Kingdom","SUMMER10"
"539037","22752","SET 7 BABUSHKA NESTING BOXES","9","2010-12-28 13:25:00","7.86","17809.0","Australia",""
"539037","21730","GLASS STAR FROSTED T-LIGHT HOLDER","10","2010-12-28 13:25:00","4.57","17809.0","Australia",""
"539037","71053","WHITE METAL LANTERN","7","2010-12-28 13:25:00","3.49","17809.0","Australia",""
"539037","21730","GLASS STAR FROSTED T-LIGHT HOLDER","4","2010-12-28 13:25:00","4.38","17809.0","Australia","NEWCUST"
"539038","47566","PARTY BUNTING","6","2010-12-17 13:28:00","4.9","12583.0","Netherlands","SUMMER10"
"539039","85099B","JUMBO BAG RED RETROSPOT","8","2010-12-24 10:49:00","1.78","16029.0","Spain",""
"539039","22752","SET 7 BABUSHKA NESTING BOXES","6","2010-12-24 10:49:00","7.7","16029.0","Spain","NEWCUST"
"539039","84406B","CREAM CUPID HEARTS COAT HANGER","11","2010-12-24 10:49:00","3.05","16029.0","Spain",""
"539039","84029E","RED WOOLLY HOTTIE WHITE HEART","3","2010-12-24 10:49:00","3.55","16029.0","Spain",""
"539040","84406B","CREAM CUPID HEARTS COAT HANGER","2","2011-01-13 15:27:00","3.24","16029.0","Germany",""
"539040","20685","DOORMAT RED RETROSPOT","12","2011-01-13 15:27:00","7.06","16029.0","Germany",""
"539040","21730","GLASS STAR FROSTED T-LIGHT HOLDER","4","2011-01-13 15:27:00","4.71","16029.0","Germany","SUMMER10"
"539041","20685","DOORMAT RED RETROSPOT","8","2010-12-22 09:47:00","7.28","17850.0","Australia",""
"539041","21730","GLASS STAR FROSTED T-LIGHT HOLDER","7","2010-12-22 09:47:00","4.53","17850.0","Australia",""
"539041","84406B","CREAM CUPID HEARTS COAT HANGER","9","2010-12-22 09:47:00","3.13","17850.0","Australia","BULK5"
"539042","84406B","CREAM CUPID HEARTS COAT HANGER","8","2010-12-16 13:27:00","3.09","15291.0","EIRE","BULK5"
"539042","22633","HAND WARMER UNION JACK","2","2010-12-16 13:27:00","1.8","15291.0","EIRE","SUMMER10"
"539043","84029E","RED WOOLLY HOTTIE WHITE HEART","1","2010-12-01 12:22:00","3.65","14096.0","United Kingdom",""
"539043","85099B","JUMBO BAG RED RETROSPOT","9","2010-12-01 12:22:00","1.66","14096.0","United Kingdom","BULK5"
"539044","84406B","CREAM CUPID HEARTS COAT HANGER","7","2010-12-14 12:34:00","2.87","13047.0","Germany",""
"539045","84029G","KNITTED UNION FLAG HOT WATER BOTTLE","5","2011-01-29 15:35:00","3.6","15291.0","France","SUMMER10"
"539046","47566","PARTY BUNTING","8","2010-12-20 14:14:00","4.87","13047.0","Australia","SUMMER10"
"539046","84029G","KNITTED UNION FLAG HOT WATER BOTTLE","6","2010-12-20 14:14:00","3.79","13047.0","Australia",""
"539046","85099B","JUMBO BAG RED RETROSPOT","6","2010-12-20 14:14:00","2.03","13047.0","Australia","BULK5"
"539047","71053","WHITE METAL LANTERN","8","2010-12-26 13:01:00","3.57","16029.0","United Kingdom",""
"539047","84029G","KNITTED UNION FLAG HOT WATER BOTTLE","4","2010-12-26 13:01:00","3.61","16029.0","United Kingdom","BULK5"
"539047","84406B","CREAM CUPID HEARTS COAT HANGER","10","2010-12-26 13:01:00","3.07","16029.0","United Kingdom","NEWCUST"
"539047","21730","GLASS STAR FROSTED T-LIGHT HOLDER","10","2010-12-26 13:01:00","4.61","16029.0","United Kingdom","SUMMER10"
"539048","84029G","KNITTED UNION FLAG HOT WATER BOTTLE","7","2011-01-19 16:15:00","3.5","15291.0","Germany",""
"539048","47566","PARTY BUNTING","5","2011-01-19 16:15:00","5.4","15291.0","Germany",""
"539049","71053","WHITE METAL LANTERN","7","2011-01-30 11:35:00","3.81","15291.0","Australia",""
"539049","22752","SET 7 BABUSHKA NESTING BOXES","4","2011-01-30 11:35:00","7.83","15291.0","Australia",""
"539050","84029G","KNITTED UNION FLAG HOT WATER BOTTLE","8","2011-01-05 08:05:00","3.47","13047.0","Spain","BULK5"
"539051","22633","HAND WARMER UNION JACK","2","2010-12-07 14:56:00","1.93","13047.0","Australia","BULK5"
"539051","84406B","CREAM CUPID HEARTS COAT HANGER","12","2010-12-07 14:56:00","2.92","13047.0","Australia",""
"539051","71053","WHITE METAL LANTERN","1","2010-12-07 14:56:00","3.64","13047.0","Australia",""
"539052","84029E","RED WOOLLY HOTTIE WHITE HEART","3","2011-01-02 13:45:00","3.3","14096.0","Netherlands",""
"539052","22633","HAND WARMER UNION JACK","2","2011-01-02 13:45:00","1.86","14096.0","Netherlands",""
"539052","84029E","RED WOOLLY HOTTIE WHITE HEART","5","2011-01-02 13:45:00","3.43","14096.0","Netherlands",""
"539052","22752","SET 7 BABUSHKA NESTING BOXES","5","2011-01-02 13:45:00","7.64","14096.0","Netherlands","NEWCUST"
"539053","20685","DOORMAT RED RETROSPOT","11","2011-01-01 16:16:00","7.28","16029.0","United Kingdom",""
"539053","47566","PARTY BUNTING","4","2011-01-01 16:16:00","5.19","16029.0","United Kingdom","NEWCUST"
"539053","84029E","RED WOOLLY HOTTIE WHITE HEART","3","2011-01-01 16:16:00","3.69","16029.0","United Kingdom",""
"539053","22632","HAND WARMER RED POLKA DOT","2","2011-01-01 16:16:00","1.8","16029.0","United Kingdom","NEWCUST"
"539054","84406B","CREAM CUPID HEARTS COAT HANGER","9","2011-01-07 11:34:00","2.97","12583.0","Belgium",""
"539054","22633","HAND WARMER UNION JACK","9","2011-01-07 11:34:00","2.19","12583.0","Belgium",""
"539055","85123A","WHITE HANGING HEART T-LIGHT HOLDER","4","2010-12-15 13:56:00","2.66","13047.0","EIRE",""
"539055","84029E","RED WOOLLY HOTTIE WHITE HEART","4","2010-12-15 13:56:00","3.44","13047.0","EIRE",""
"539055","20685","DOORMAT RED RETROSPOT","6","2010-12-15 13:56:00","7.51","13047.0","EIRE","SUMMER10"
"539055","85099B","JUMBO BAG RED RETROSPOT","4","2010-12-15 13:56:00","2.07","13047.0","EIRE",""
"539056","85123A","WHITE HANGING HEART T-LIGHT HOLDER","8","2011-01-30 12:56:00","2.62","17850.0","EIRE",""
"539056","22632","HAND WARMER RED POLKA DOT","9","2011-01-30 12:56:00","2.05","17850.0","EIRE",""
"539056","21730","GLASS STAR FROSTED T-LIGHT HOLDER","4","2011-01-30 12:56:00","4.21","17850.0","EIRE","NEWCUST"
"539056","22632","HAND WARMER RED POLKA DOT","4","2011-01-30 12:56:00","1.98","17850.0","EIRE",""
"539057","84029E","RED WOOLLY HOTTIE WHITE HEART","10","2011-01-12 08:15:00","3.45","15311.0","EIRE",""
"539057","85123A","WHITE HANGING HEART T-LIGHT HOLDER","3","2011-01-12 08:15:00","2.93","15311.0","EIRE","NEWCUST"
"539057","22633","HAND WARMER UNION JACK","7","2011-01-12 08:15:00","2.08","15311.0","EIRE","NEWCUST"
"539057","21730","GLASS STAR FROSTED T-LIGHT HOLDER","8","2011-01-12 08:15:00","4.17","15311.0","EIRE",""
"539058","20685","DOORMAT RED RETROSPOT","4","2010-12-14 12:52:00","7.44","15291.0","EIRE","SUMMER10"
"539059","84029E","RED WOOLLY HOTTIE WHITE HEART","12","2010-12-21 13:24:00","3.34","15311.0","United Kingdom",""
"539059","84406B","CREAM CUPID HEARTS COAT HANGER","1","2010-12-21 13:24:00","3.02","15311.0","United Kingdom",""
"539059","47566","PARTY BUNTING","2","2010-12-21 13:24:00","4.94","15311.0","United Kingdom","SUMMER10"
"539059","22632","HAND WARMER RED POLKA DOT","10","2010-12-21 13:24:00","2.06","15311.0","United Kingdom","BULK5"
"539060","84029G","KNITTED UNION FLAG HOT WATER BOTTLE","9","2010-12-05 08:05:00","3.63","15311.0","Belgium",""
"539060","85099B","JUMBO BAG RED RETROSPOT","7","2010-12-05 08:05:00","1.65","15311.0","Belgium","NEWCUST"
"539061","71053","WHITE METAL LANTERN","10","2011-01-08 10:12:00","3.35","12583.0","Belgium","BULK5"
"539061","84406B","CREAM CUPID HEARTS COAT HANGER","7","2011-01-08 10:12:00","2.9","12583.0","Belgium",""
"539061","22752","SET 7 BABUSHKA NESTING BOXES","6","2011-01-08 10:12:00","7.68","12583.0","Belgium",""
"539061","84029G","KNITTED UNION FLAG HOT WATER BOTTLE","8","2011-01-08 10:12:00","3.68","12583.0","Belgium","NEWCUST"
"539062","85099B","JUMBO BAG RED RETROSPOT","12","2011-01-18 16:31:00","1.69","16029.0","Australia",""
"539062","21730","GLASS STAR FROSTED T-LIGHT HOLDER","9","2011-01-18 16:31:00","4.58","16029.0","Australia",""
"539062","84029G","KNITTED UNION FLAG HOT WATER BOTTLE","10","2011-01-18 16:31:00","3.35","16029.0","Australia",""
"539063","22633","HAND WARMER UNION JACK","10","2011-01-27 12:55:00","2.22","13047.0","France",""
"539063","47566","PARTY BUNTING","4","2011-01-27 12:55:00","5.18","13047.0","France",""
"539063","84029G","KNITTED UNION FLAG HOT WATER BOTTLE","9","2011-01-27 12:55:00","3.41","13047.0","France","NEWCUST"
"539064","20685","DOORMAT RED RETROSPOT","3","2010-12-24 12:29:00","7.29","15291.0","EIRE",""
"539065","84029E","RED WOOLLY HOTTIE WHITE HEART","12","2010-12-08 09:51:00","3.5","12583.0","Spain",""
"539065","22752","SET 7 BABUSHKA NESTING BOXES","7","2010-12-08 09:51:00","7.62","12583.0","Spain",""
"539065","22632","HAND WARMER RED POLKA DOT","1","2010-12-08 09:51:00","2.24","12583.0","Spain",""
"539066","22632","HAND WARMER RED POLKA DOT","2","2011-01-07 08:06:00","2.07","12583.0","United Kingdom",""
"539067","84029E","RED WOOLLY HOTTIE WHITE HEART","9","2011-01-11 10:36:00","3.84","13777.0","United Kingdom","BULK5"
"539067","71053","WHITE METAL LANTERN","9","2011-01-11 10:36:00","3.33","13777.0","United Kingdom","SUMMER10"
"539067","22633","HAND WARMER UNION JACK","11","2011-01-11 10:36:00","1.77","13777.0","United Kingdom",""
"539068","84029G","KNITTED UNION FLAG HOT WATER BOTTLE","10","2011-01-01 15:15:00","3.74","15311.0","Australia",""
"539068","22633","HAND WARMER UNION JACK","2","2011-01-01 15:15:00","1.92","15311.0","Australia","SUMMER10"
"539068","47566","PARTY BUNTING","11","2011-01-01 15:15:00","5.09","15311.0","Australia",""
"539069","84406B","CREAM CUPID HEARTS COAT HANGER","6","2010-12-12 08:12:00","3.21","12583.0","EIRE",""
"539069","85123A","WHITE HANGING HEART T-LIGHT HOLDER","9","2010-12-12 08:12:00","2.94","12583.0","EIRE","BULK5"
"539069","22633","HAND WARMER UNION JACK","3","2010-12-12 08:12:00","2.18","12583.0","EIRE","NEWCUST"
"539070","22752","SET 7 BABUSHKA NESTING BOXES","2","2010-12-07 09:43:00","8.05","15311.0","Belgium","BULK5"
"539070","21730","GLASS STAR FROSTED T-LIGHT HOLDER","7","2010-12-07 09:43:00","4.37","15311.0","Belgium",""
"539070","20685","DOORMAT RED RETROSPOT","12","2010-12-07 09:43:00","7.12","15311.0","Belgium",""
"539070","22633","HAND WARMER UNION JACK","10","2010-12-07 09:43:00","2.21","15311.0","Belgium",""
"539071","84029E","RED WOOLLY HOTTIE WHITE HEART","12","2010-12-17 11:45:00","3.53","15291.0","EIRE","NEWCUST"
"539071","71053","WHITE METAL LANTERN","9","2010-12-17 11:45:00","3.74","15291.0","EIRE",""
"539072","85099B","JUMBO BAG RED RETROSPOT","3","2010-12-20 08:24:00","1.91","12583.0","Germany","BULK5"
"539072","22633","HAND WARMER UNION JACK","9","2010-12-20 08:24:00","2.32","12583.0","Germany",""
"539072","85099B","JUMBO BAG RED RETROSPOT","5","2010-12-20 08:24:00","1.58","12583.0","Germany",""
"539072","22633","HAND WARMER UNION JACK","11","2010-12-20 08:24:00","2.27","12583.0","Germany",""
"539073","20685","DOORMAT RED RETROSPOT","5","2011-01-02 10:34:00","7.04","17850.0","France","NEWCUST"
"539073","22632","HAND WARMER RED POLKA DOT","10","2011-01-02 10:34:00","1.92","17850.0","France",""
"539074","21730","GLASS STAR FROSTED T-LIGHT HOLDER","11","2010-12-08 11:58:00","4.46","13777.0","Spain",""
"539074","85099B","JUMBO BAG RED RETROSPOT","4","2010-12-08 11:58:00","1.8","13777.0","Spain","SUMMER10"
"539074","84406B","CREAM CUPID HEARTS COAT HANGER","9","2010-12-08 11:58:00","2.69","13777.0","Spain","SUMMER10"
"539075","84406B","CREAM CUPID HEARTS COAT HANGER","11","2011-01-27 08:20:00","3.1","13047.0","EIRE","SUMMER10"
"539075","22752","SET 7 BABUSHKA NESTING BOXES","7","2011-01-27 08:20:00","7.66","13047.0","EIRE",""
"539075","20685","DOORMAT RED RETROSPOT","4","2011-01-27 08:20:00","7.02","13047.0","EIRE","BULK5"
"539075","84029G","KNITTED UNION FLAG HOT WATER BOTTLE","5","2011-01-27 08:20:00","3.38","13047.0","EIRE","NEWCUST"
"539076","85099B","JUMBO BAG RED RETROSPOT","10","2011-01-25 15:24:00","1.8","14606.0","Belgium",""
"539076","85123A","WHITE HANGING HEART T-LIGHT HOLDER","4","2011-01-25 15:24:00","2.46","14606.0","Belgium",""
"539077","85123A","WHITE HANGING HEART T-LIGHT HOLDER","10","2011-01-10 15:12:00","2.67","13777.0","United Kingdom","NEWCUST"
"539077","47566","PARTY BUNTING","12","2011-01-10 15:12:00","5.15","13777.0","United Kingdom","NEWCUST"
"539077","71053","WHITE METAL LANTERN","5","2011-01-10 15:12:00","3.42","13777.0","United Kingdom",""
"539078","85099B","JUMBO BAG RED RETROSPOT","2","2010-12-05 13:38:00","2.03","13777.0","Germany","SUMMER10"
"539078","84029E","RED WOOLLY HOTTIE WHITE HEART","7","2010-12-05 13:38:00","3.47","13777.0","Germany",""
"539078","21730","GLASS STAR FROSTED T-LIGHT HOLDER","3","2010-12-05 13:38:00","4.43","13777.0","Germany","SUMMER10"
"539078","84029G","KNITTED UNION FLAG HOT WATER BOTTLE","11","2010-12-05 13:38:00","3.86","13777.0","Germany",""
"539079","20685","DOORMAT RED RETROSPOT","7","2011-01-09 11:19:00","7.45","14096.0","Belgium",""
"539079","85123A","WHITE HANGING HEART T-LIGHT HOLDER","6","2011-01-09 11:19:00","2.86","14096.0","Belgium",""
"539079","84406B","CREAM CUPID HEARTS COAT HANGER","1","2011-01-09 11:19:00","2.92","14096.0","Belgium","BULK5"
"539080","84029E","RED WOOLLY HOTTIE WHITE HEART","4","2010-12-07 09:15:00","3.42","15311.0","Belgium","NEWCUST"
"539080","22632","HAND WARMER RED POLKA DOT","2","2010-12-07 09:15:00","1.86","15311.0","Belgium","SUMMER10"
"539080","85099B","JUMBO BAG RED RETROSPOT","2","2010-12-07 09:15:00","1.81","15311.0","Belgium",""
"539081","84029E","RED WOOLLY HOTTIE WHITE HEART","12","2010-12-22 08:27:00","3.31","14096.0","France",""
"539081","22632","HAND WARMER RED POLKA DOT","5","2010-12-22 08:27:00","1.75","14096.0","France",""
"539081","47566","PARTY BUNTING","8","2010-12-22 08:27:00","4.95","14096.0","France",""
"539081","85099B","JUMBO BAG RED RETROSPOT","8","2010-12-22 08:27:00","1.66","14096.0","France","NEWCUST"
"539082","21730","GLASS STAR FROSTED T-LIGHT HOLDER","5","2010-12-03 15:11:00","4.24","13047.0","France",""
"539083","85099B","JUMBO BAG RED RETROSPOT","10","2010-12-26 08:49:00","2.04","13047.0","Netherlands",""
"539083","22633","HAND WARMER UNION JACK","8","2010-12-26 08:49:00","2.32","13047.0","Netherlands",""
"539084","84029E","RED WOOLLY HOTTIE WHITE HEART","7","2010-12-18 11:51:00","3.65","17809.0","EIRE",""
"539084","85099B","JUMBO BAG RED RETROSPOT","5","2010-12-18 11:51:00","1.98","17809.0","EIRE","SUMMER10"
"539084","22752","SET 7 BABUSHKA NESTING BOXES","8","2010-12-18 11:51:00","7.59","17809.0","EIRE",""
"539085","22633","HAND WARMER UNION JACK","8","2011-01-29 09:53:00","2.32","15291.0","Australia",""
"539086","22633","HAND WARMER UNION JACK","4","2010-12-12 10:13:00","1.83","15311.0","Belgium","BULK5"
"539086","22752","SET 7 BABUSHKA NESTING BOXES","2","2010-12-12 10:13:00","8.08","15311.0","Belgium",""
"539086","84406B","CREAM CUPID HEARTS COAT HANGER","12","2010-12-12 10:13:00","2.79","15311.0","Belgium","NEWCUST"
"539086","20685","DOORMAT RED RETROSPOT","6","2010-12-12 10:13:00","7.45","15311.0","Belgium",""
"539087","20685","DOORMAT RED RETROSPOT","7","2010-12-19 08:33:00","7.13","12583.0","EIRE",""
"539087","84029G","KNITTED UNION FLAG HOT WATER BOTTLE","2","2010-12-19 08:33:00","3.55","12583.0","EIRE",""
"539087","84406B","CREAM CUPID HEARTS COAT HANGER","11","2010-12-19 08:33:00","2.88","12583.0","EIRE",""
"539088","85099B","JUMBO BAG RED RETROSPOT","11","2011-01-21 16:26:00","1.77","17850.0","Australia","SUMMER10"
"539088","20685","DOORMAT RED RETROSPOT","3","2011-01-21 16:26:00","7.02","17850.0","Australia","NEWCUST"
"539089","85123A","WHITE HANGING HEART T-LIGHT HOLDER","9","2011-01-02 08:24:00","2.98","17850.0","Belgium",""
"539089","85099B","JUMBO BAG RED RETROSPOT","2","2011-01-02 08:24:00","1.99","17850.0","Belgium",""
"539090","47566","PARTY BUNTING","10","2010-12-17 12:33:00","5.18","13777.0","France","SUMMER10"
"539090","21730","GLASS STAR FROSTED T-LIGHT HOLDER","12","2010-12-17 12:33:00","4.57","13777.0","France","NEWCUST"
"539090","22632","HAND WARMER RED POLKA DOT","4","2010-12-17 12:33:00","2.14","13777.0","France",""
"539091","85123A","WHITE HANGING HEART T-LIGHT HOLDER","5","2010-12-12 13:46:00","2.5","14096.0","France",""
"539091","22752","SET 7 BABUSHKA NESTING BOXES","6","2010-12-12 13:46:00","7.79","14096.0","France",""
"539091","21730","GLASS STAR FROSTED T-LIGHT HOLDER","2","2010-12-12 13:46:00","4.72","14096.0","France",""
"539092","85123A","WHITE HANGING HEART T-LIGHT HOLDER","7","2010-12-28 08:38:00","2.98","14606.0","EIRE",""
"539092","22752","SET 7 BABUSHKA NESTING BOXES","5","2010-12-28 08:38:00","7.76","14606.0","EIRE","NEWCUST"
"539093","84406B","CREAM CUPID HEARTS COAT HANGER","7","2010-12-21 10:20:00","2.7","15311.0","EIRE",""
"539093","22632","HAND WARMER RED POLKA DOT","12","2010-12-21 10:20:00","1.86","15311.0","EIRE",""
"539093","71053","WHITE METAL LANTERN","12","2010-12-21 10:20:00","3.32","15311.0","EIRE",""
"539093","85099B","JUMBO BAG RED RETROSPOT","7","2010-12-21 10:20:00","1.63","15311.0","EIRE","SUMMER10"
"539094","21730","GLASS STAR FROSTED T-LIGHT HOLDER","1","2010-12-03 11:40:00","4.25","15291.0","Belgium",""
"539094","71053","WHITE METAL LANTERN","12","2010-12-03 11:40:00","3.83","15291.0","Belgium","BULK5"
"539094","22752","SET 7 BABUSHKA NESTING BOXES","11","2010-12-03 11:40:00","7.67","15291.0","Belgium","BULK5"
"539094","85099B","JUMBO BAG RED RETROSPOT","3","2010-12-03 11:40:00","1.68","15291.0","Belgium",""
"539095","21730","GLASS STAR FROSTED T-LIGHT HOLDER","7","2010-12-01 12:31:00","4.73","17850.0","United Kingdom","NEWCUST"
"539095","84029E","RED WOOLLY HOTTIE WHITE HEART","6","2010-12-01 12:31:00","3.65","17850.0","United Kingdom","BULK5"
"539096","84029G","KNITTED UNION FLAG HOT WATER BOTTLE","1","2011-01-18 15:53:00","3.85","15291.0","United Kingdom",""
"539096","85123A","WHITE HANGING HEART T-LIGHT HOLDER","10","2011-01-18 15:53:00","2.83","15291.0","United Kingdom","BULK5"
"539096","84029G","KNITTED UNION FLAG HOT WATER BOTTLE","4","2011-01-18 15:53:00","3.52","15291.0","United Kingdom",""
"539096","71053","WHITE METAL LANTERN","5","2011-01-18 15:53:00","3.49","15291.0","United Kingdom","NEWCUST"
"539097","22752","SET 7 BABUSHKA NESTING BOXES","6","2010-12-12 10:45:00","8.06","17809.0","Germany","SUMMER10"
"539097","47566","PARTY BUNTING","11","2010-12-12 10:45:00","5.09","17809.0","Germany",""
"539097","22633","HAND WARMER UNION JACK","8","2010-12-12 10:45:00","2.01","17809.0","Germany",""
"539097","84029E","RED WOOLLY HOTTIE WHITE HEART","12","2010-12-12 10:45:00","3.75","17809.0","Germany",""
"539098","85123A","WHITE HANGING HEART T-LIGHT HOLDER","1","2011-01-19 09:49:00","2.83","12583.0","Spain","SUMMER10"
"539099","84029G","KNITTED UNION FLAG HOT WATER BOTTLE","6","2011-01-14 16:11:00","3.61","13047.0","France","BULK5"
"539099","21730","GLASS STAR FROSTED T-LIGHT HOLDER","4","2011-01-14 16:11:00","4.59","13047.0","France",""
"539099","22633","HAND WARMER UNION JACK","9","2011-01-14 16:11:00","2.09","13047.0","France","SUMMER10"
"539099","85099B","JUMBO BAG RED RETROSPOT","5","2011-01-14 16:11:00","1.97","13047.0","France",""
"539100","21730","GLASS STAR FROSTED T-LIGHT HOLDER","7","2011-01-06 13:11:00","4.73","14606.0","Spain",""
"539101","20685","DOORMAT RED RETROSPOT","7","2010-12-04 10:56:00","7.51","13777.0","Netherlands","NEWCUST"
"539101","47566","PARTY BUNTING","2","2010-12-04 10:56:00","5.39","13777.0","Netherlands",""
"539101","85099B","JUMBO BAG RED RETROSPOT","1","2010-12-04 10:56:00","1.7","13777.0","Netherlands",""
"539102","84029E","RED WOOLLY HOTTIE WHITE HEART","6","2011-01-01 11:13:00","3.32","12583.0","Germany",""
"539102","20685","DOORMAT RED RETROSPOT","6","2011-01-01 11:13:00","7.52","12583.0","Germany","NEWCUST"
"539102","84029G","KNITTED UNION FLAG HOT WATER BOTTLE","6","2011-01-01 11:13:00","3.42","12583.0","Germany",""
"539103","84406B","CREAM CUPID HEARTS COAT HANGER","3","2010-12-12 11:25:00","2.96","14096.0","Australia","BULK5"
"539103","85099B","JUMBO BAG RED RETROSPOT","10","2010-12-12 11:25:00","1.78","14096.0","Australia","SUMMER10"
"539103","22633","HAND WARMER UNION JACK","2","2010-12-12 11:25:00","1.89","14096.0","Australia",""
"539104","22752","SET 7 BABUSHKA NESTING BOXES","7","2011-01-08 12:15:00","7.91","14096.0","Belgium",""
"539104","20685","DOORMAT RED RETROSPOT","11","2011-01-08 12:15:00","7.04","14096.0","Belgium","BULK5"
"539104","47566","PARTY BUNTING","5","2011-01-08 12:15:00","5.13","14096.0","Belgium",""
"539104","47566","PARTY BUNTING","5","2011-01-08 12:15:00","4.99","14096.0","Belgium",""
"539105","85099B","JUMBO BAG RED RETROSPOT","4","2011-01-20 16:30:00","1.82","13777.0","Australia","NEWCUST"
"539105","22752","SET 7 BABUSHKA NESTING BOXES","3","2011-01-20 16:30:00","8.15","13777.0","Australia",""
"539105","84029G","KNITTED UNION FLAG HOT WATER BOTTLE","4","2011-01-20 16:30:00","3.88","13777.0","Australia","NEWCUST"
"539105","20685","DOORMAT RED RETROSPOT","1","2011-01-20 16:30:00","7.46","13777.0","Australia",""
"539106","71053","WHITE METAL LANTERN","11","2010-12-10 15:05:00","3.44","13777.0","Australia","NEWCUST"
"539106","21730","GLASS STAR FROSTED T-LIGHT HOLDER","10","2010-12-10 15:05:00","4.63","13777.0","Australia",""
"539107","21730","GLASS STAR FROSTED T-LIGHT HOLDER","6","2010-12-28 15:14:00","4.18","12583.0","Germany","NEWCUST"
"539107","84029G","KNITTED UNION FLAG HOT WATER BOTTLE","4","2010-12-28 15:14:00","3.36","12583.0","Germany",""
"539107","85123A","WHITE HANGING HEART T-LIGHT HOLDER","8","2010-12-28 15:14:00","2.6","12583.0","Germany",""
"539107","85123A","WHITE HANGING HEART T-LIGHT HOLDER","1","2010-12-28 15:14:00","2.71","12583.0","Germany","BULK5"
"539108","71053","WHITE METAL LANTERN","12","2010-12-03 10:42:00","3.85","12583.0","Belgium","BULK5"
"539108","85123A","WHITE HANGING HEART T-LIGHT HOLDER","10","2010-12-03 10:42:00","2.46","12583.0","Belgium",""
"539109","22752","SET 7 BABUSHKA NESTING BOXES","9","2010-12-02 16:34:00","7.68","12583.0","Germany",""
"539109","22752","SET 7 BABUSHKA NESTING BOXES","7","2010-12-02 16:34:00","7.95","12583.0","Germany","BULK5"
"539109","84029G","KNITTED UNION FLAG HOT WATER BOTTLE","12","2010-12-02 16:34:00","3.8","12583.0","Germany","BULK5"
"539109","21730","GLASS STAR FROSTED T-LIGHT HOLDER","9","2010-12-02 16:34:00","4.67","12583.0","Germany","NEWCUST"
"539110","20685","DOORMAT RED RETROSPOT","12","2011-01-12 12:04:00","7.3","12583.0","United Kingdom",""
"539110","22752","SET 7 BABUSHKA NESTING BOXES","8","2011-01-12 12:04:00","7.63","12583.0","United Kingdom","BULK5"
"539111","21730","GLASS STAR FROSTED T-LIGHT HOLDER","8","2010-12-13 08:46:00","4.34","17850.0","Spain",""
"539111","20685","DOORMAT RED RETROSPOT","10","2010-12-13 08:46:00","7.43","17850.0","Spain",""
"539111","20685","DOORMAT RED RETROSPOT","8","2010-12-13 08:46:00","7.18","17850.0","Spain",""
"539111","22752","SET 7 BABUSHKA NESTING BOXES","6","2010-12-13 08:46:00","7.94","17850.0","Spain","NEWCUST"
"539112","47566","PARTY BUNTING","1","2010-12-25 14:14:00","5.45","13777.0","Spain","NEWCUST"
"539113","84406B","CREAM CUPID HEARTS COAT HANGER","7","2011-01-07 13:57:00","2.77","12583.0","Netherlands",""
"539113","85123A","WHITE HANGING HEART T-LIGHT HOLDER","5","2011-01-07 13:57:00","2.57","12583.0","Netherlands",""
"539113","84406B","CREAM CUPID HEARTS COAT HANGER","1","2011-01-07 13:57:00","2.93","12583.0","Netherlands",""
"539113","22633","HAND WARMER UNION JACK","7","2011-01-07 13:57:00","1.98","12583.0","Netherlands","BULK5"
"539114","85123A","WHITE HANGING HEART T-LIGHT HOLDER","2","2011-01-24 14:41:00","2.81","17850.0","EIRE",""
"539115","84029E","RED WOOLLY HOTTIE WHITE HEART","3","2010-12-06 16:35:00","3.76","15311.0","Australia",""
"539115","22633","HAND WARMER UNION JACK","9","2010-12-06 16:35:00","2.11","15311.0","Australia","SUMMER10"
"539115","21730","GLASS STAR FROSTED T-LIGHT HOLDER","10","2010-12-06 16:35:00","4.74","15311.0","Australia","BULK5"
"539115","47566","PARTY BUNTING","1","2010-12-06 16:35:00","5.28","15311.0","Australia","NEWCUST"
"539116","22632","HAND WARMER RED POLKA DOT","12","2011-01-03 09:10:00","1.96","15311.0","Spain",""
"539116","84406B","CREAM CUPID HEARTS COAT HANGER","10","2011-01-03 09:10:00","2.81","15311.0","Spain",""
"539116","22632","HAND WARMER RED POLKA DOT","1","2011-01-03 09:10:00","2.28","15311.0","Spain","BULK5"
"539117","22752","SET 7 BABUSHKA NESTING BOXES","5","2010-12-26 08:13:00","7.66","12583.0","Germany","NEWCUST"
"539117","85099B","JUMBO BAG RED RETROSPOT","12","2010-12-26 08:13:00","1.89","12583.0","Germany",""
"539117","85099B","JUMBO BAG RED RETROSPOT","10","2010-12-26 08:13:00","1.74","12583.0","Germany",""
"539118","84029E","RED WOOLLY HOTTIE WHITE HEART","8","2010-12-09 14:17:00","3.42","15311.0","Germany",""
"539119","84029E","RED WOOLLY HOTTIE WHITE HEART","9","2011-01-09 15:41:00","3.75","17850.0","Australia",""
"539119","85099B","JUMBO BAG RED RETROSPOT","12","2011-01-09 15:41:00","1.77","17850.0","Australia","SUMMER10"
"539119","84406B","CREAM CUPID HEARTS COAT HANGER","12","2011-01-09 15:41:00","3.05","17850.0","Australia","NEWCUST"
"539120","21730","GLASS STAR FROSTED T-LIGHT HOLDER","3","2010-12-29 11:24:00","4.36","12583.0","Netherlands",""
"539120","85099B","JUMBO BAG RED RETROSPOT","11","2010-12-29 11:24:00","2.08","12583.0","Netherlands","SUMMER10"
"539120","71053","WHITE METAL LANTERN","11","2010-12-29 11:24:00","3.7","12583.0","Netherlands","BULK5"
"539121","22633","HAND WARMER UNION JACK","1","2011-01-11 16:58:00","1.92","14606.0","Australia",""
"539122","85123A","WHITE HANGING HEART T-LIGHT HOLDER","8","2011-01-24 14:15:00","2.75","15291.0","Australia",""
"539122","85123A","WHITE HANGING HEART T-LIGHT HOLDER","7","2011-01-24 14:15:00","2.66","15291.0","Australia",""
"539122","22633","HAND WARMER UNION JACK","4","2011-01-24 14:15:00","1.88","15291.0","Australia",""
"539122","71053","WHITE METAL LANTERN","5","2011-01-24 14:15:00","3.69","15291.0","Australia","BULK5"
"539123","20685","DOORMAT RED RETROSPOT","2","2011-01-14 11:22:00","7.03","15311.0","Australia",""
"539123","84406B","CREAM CUPID HEARTS COAT HANGER","5","2011-01-14 11:22:00","2.7","15311.0","Australia","NEWCUST"
"539123","22633","HAND WARMER UNION JACK","8","2011-01-14 11:22:00","2.11","15311.0","Australia","NEWCUST"
"539124","47566","PARTY BUNTING","3","2011-01-29 08:58:00","4.95","15311.0","Netherlands",""
"539124","22752","SET 7 BABUSHKA NESTING BOXES","11","2011-01-29 08:58:00","7.86","15311.0","Netherlands","NEWCUST"
"539124","85099B","JUMBO BAG RED RETROSPOT","11","2011-01-29 08:58:00","1.69","15311.0","Netherlands","NEWCUST"
"539125","22632","HAND WARMER RED POLKA DOT","10","2011-01-19 11:11:00","2.22","14606.0","Spain",""
"539126","84029G","KNITTED UNION FLAG HOT WATER BOTTLE","12","2011-01-13 08:21:00","3.41","15291.0","Germany","NEWCUST"
"539126","22632","HAND WARMER RED POLKA DOT","6","2011-01-13 08:21:00","2.14","15291.0","Germany",""
"539126","84406B","CREAM CUPID HEARTS COAT HANGER","3","2011-01-13 08:21:00","2.75","15291.0","Germany",""
"539126","22752","SET 7 BABUSHKA NESTING BOXES","11","2011-01-13 08:21:00","7.92","15291.0","Germany",""
"539127","22752","SET 7 BABUSHKA NESTING BOXES","7","2010-12-27 08:00:00","8.06","14606.0","Belgium",""
"539127","71053","WHITE METAL LANTERN","1","2010-12-27 08:00:00","3.77","14606.0","Belgium",""
"539127","22632","HAND WARMER RED POLKA DOT","9","2010-12-27 08:00:00","1.98","14606.0","Belgium",""
"539128","22632","HAND WARMER RED POLKA DOT","5","2010-12-05 12:26:00","2.18","13777.0","Netherlands",""
"539128","84406B","CREAM CUPID HEARTS COAT HANGER","9","2010-12-05 12:26:00","3.01","13777.0","Netherlands","BULK5"
"539128","85123A","WHITE HANGING HEART T-LIGHT HOLDER","9","2010-12-05 12:26:00","2.52","13777.0","Netherlands","NEWCUST"
"539128","85099B","JUMBO BAG RED RETROSPOT","11","2010-12-05 12:26:00","1.6","13777.0","Netherlands",""
"539129","84406B","CREAM CUPID HEARTS COAT HANGER","11","2010-12-31 09:51:00","2.88","16029.0","EIRE",""
"539129","85099B","JUMBO BAG RED RETROSPOT","8","2010-12-31 09:51:00","1.66","16029.0","EIRE","BULK5"
"539129","85123A","WHITE HANGING HEART T-LIGHT HOLDER","11","2010-12-31 09:51:00","2.51","16029.0","EIRE","SUMMER10"
"539129","22632","HAND WARMER RED POLKA DOT","6","2010-12-31 09:51:00","1.77","16029.0","EIRE",""
"539130","22752","SET 7 BABUSHKA NESTING BOXES","12","2010-12-30 14:28:00","7.6","13047.0","Netherlands","NEWCUST"
"539131","85099B","JUMBO BAG RED RETROSPOT","8","2011-01-30 10:31:00","1.9","17850.0","Germany",""
"539131","22632","HAND WARMER RED POLKA DOT","6","2011-01-30 10:31:00","1.9","17850.0","Germany","NEWCUST"
"539131","47566","PARTY BUNTING","7","2011-01-30 10:31:00","4.9","17850.0","Germany","BULK5"
"539131","85099B","JUMBO BAG RED RETROSPOT","9","2011-01-30 10:31:00","1.6","17850.0","Germany","SUMMER10"
"539132","47566","PARTY BUNTING","7","2010-12-16 14:29:00","5.27","15291.0","France","SUMMER10"
"539132","84406B","CREAM CUPID HEARTS COAT HANGER","12","2010-12-16 14:29:00","2.66","15291.0","France",""
"539132","85099B","JUMBO BAG RED RETROSPOT","8","2010-12-16 14:29:00","1.89","15291.0","France",""
"539132","22633","HAND WARMER UNION JACK","1","2010-12-16 14:29:00","2.12","15291.0","France","BULK5"
"539133","71053","WHITE METAL LANTERN","11","2010-12-08 16:50:00","3.62","14606.0","Germany","BULK5"
"539133","47566","PARTY BUNTING","8","2010-12-08 16:50:00","5.26","14606.0","Germany","SUMMER10"
"539134","47566","PARTY BUNTING","8","2011-01-22 08:15:00","5.42","14606.0","Australia","NEWCUST"
"539135","22752","SET 7 BABUSHKA NESTING BOXES","5","2010-12-12 09:59:00","7.68","14606.0","EIRE","SUMMER10"
"539135","85123A","WHITE HANGING HEART T-LIGHT HOLDER","8","2010-12-12 09:59:00","2.53","14606.0","EIRE","NEWCUST"
"539136","47566","PARTY BUNTING","9","2010-12-23 15:49:00","5.2","14096.0","EIRE",""
"539136","21730","GLASS STAR FROSTED T-LIGHT HOLDER","9","2010-12-23 15:49:00","4.35","14096.0","EIRE","NEWCUST"
"539137","84406B","CREAM CUPID HEARTS COAT HANGER","2","2010-12-28 08:16:00","2.94","12583.0","France",""
"539137","20685","DOORMAT RED RETROSPOT","5","2010-12-28 08:16:00","7.42","12583.0","France","SUMMER10"
"539137","71053","WHITE METAL LANTERN","5","2010-12-28 08:16:00","3.89","12583.0","France",""
"539138","84029G","KNITTED UNION FLAG HOT WATER BOTTLE","12","2010-12-29 09:58:00","3.72","12583.0","Germany",""
"539138","85123A","WHITE HANGING HEART T-LIGHT HOLDER","6","2010-12-29 09:58:00","2.57","12583.0","Germany","BULK5"
"539138","21730","GLASS STAR FROSTED T-LIGHT HOLDER","2","2010-12-29 09:58:00","4.41","12583.0","Germany",""
"539138","71053","WHITE METAL LANTERN","11","2010-12-29 09:58:00","3.43","12583.0","Germany",""
"539139","84029E","RED WOOLLY HOTTIE WHITE HEART","11","2010-12-25 13:36:00","3.8","16029.0","United Kingdom",""
"539139","21730","GLASS STAR FROSTED T-LIGHT HOLDER","3","2010-12-25 13:36:00","4.49","16029.0","United Kingdom",""
"539140","20685","DOORMAT RED RETROSPOT","8","2011-01-05 08:59:00","7.12","17809.0","United Kingdom",""
"539140","22752","SET 7 BABUSHKA NESTING BOXES","7","2011-01-05 08:59:00","7.6","17809.0","United Kingdom",""
"539140","85099B","JUMBO BAG RED RETROSPOT","8","2011-01-05 08:59:00","1.99","17809.0","United Kingdom",""
"539141","71053","WHITE METAL LANTERN","6","2011-01-09 09:48:00","3.79","14606.0","Australia","BULK5"
"539142","21730","GLASS STAR FROSTED T-LIGHT HOLDER","5","2011-01-06 15:12:00","4.69","17809.0","Germany",""
"539143","47566","PARTY BUNTING","3","2010-12-03 09:40:00","5.3","13777.0","United Kingdom",""
"539143","22752","SET 7 BABUSHKA NESTING BOXES","1","2010-12-03 09:40:00","7.93","13777.0","United Kingdom",""
"539143","85123A","WHITE HANGING HEART T-LIGHT HOLDER","9","2010-12-03 09:40:00","2.7","13777.0","United Kingdom",""
"539144","20685","DOORMAT RED RETROSPOT","7","2011-01-26 09:46:00","7.2","17850.0","Germany",""
"539144","85099B","JUMBO BAG RED RETROSPOT","11","2011-01-26 09:46:00","2.03","17850.0","Germany","BULK5"
"539144","47566","PARTY BUNTING","11","2011-01-26 09:46:00","5.27","17850.0","Germany","SUMMER10"
"539144","22752","SET 7 BABUSHKA NESTING BOXES","1","2011-01-26 09:46:00","7.73","17850.0","Germany",""
"539145","85123A","WHITE HANGING HEART T-LIGHT HOLDER","4","2010-12-21 09:08:00","3.03","15291.0","Germany",""
"539145","84406B","CREAM CUPID HEARTS COAT HANGER","7","2010-12-21 09:08:00","3.24","15291.0","Germany",""
"539146","84029G","KNITTED UNION FLAG HOT WATER BOTTLE","7","2010-12-22 14:18:00","3.63","14096.0","EIRE","NEWCUST"
"539146","84406B","CREAM CUPID HEARTS COAT HANGER","1","2010-12-22 14:18:00","3.25","14096.0","EIRE",""
"539147","84029E","RED WOOLLY HOTTIE WHITE HEART","12","2010-12-23 10:15:00","3.71","17809.0","France",""
"539147","84029G","KNITTED UNION FLAG HOT WATER BOTTLE","12","2010-12-23 10:15:00","3.73","17809.0","France",""
"539147","84029E","RED WOOLLY HOTTIE WHITE HEART","2","2010-12-23 10:15:00","3.48","17809.0","France",""
"539148","85123A","WHITE HANGING HEART T-LIGHT HOLDER","1","2011-01-05 13:27:00","2.74","12583.0","Australia",""
"539149","85123A","WHITE HANGING HEART T-LIGHT HOLDER","11","2011-01-26 16:56:00","2.93","13047.0","United Kingdom","SUMMER10"
"539149","85123A","WHITE HANGING HEART T-LIGHT HOLDER","6","2011-01-26 16:56:00","2.52","13047.0","United Kingdom",""
"539149","20685","DOORMAT RED RETROSPOT","2","2011-01-26 16:56:00","7.32","13047.0","United Kingdom",""
"539150","71053","WHITE METAL LANTERN","2","2010-12-21 08:19:00","3.67","14606.0","Germany",""
"539150","20685","DOORMAT RED RETROSPOT","3","2010-12-21 08:19:00","7.06","14606.0","Germany","BULK5"
"539151","85123A","WHITE HANGING HEART T-LIGHT HOLDER","3","2011-01-15 15:53:00","2.79","13777.0","Netherlands","NEWCUST"
"539151","85123A","WHITE HANGING HEART T-LIGHT HOLDER","8","2011-01-15 15:53:00","2.87","13777.0","Netherlands","SUMMER10"
"539151","47566","PARTY BUNTING","11","2011-01-15 15:53:00","5.07","13777.0","Netherlands","SUMMER10"
"539152","85099B","JUMBO BAG RED RETROSPOT","12","2011-01-23 13:59:00","2.05","15291.0","France",""
"539152","84406B","CREAM CUPID HEARTS COAT HANGER","6","2011-01-23 13:59:00","2.85","15291.0","France",""
"539152","71053","WHITE METAL LANTERN","12","2011-01-23 13:59:00","3.74","15291.0","France","BULK5"
"539153","22632","HAND WARMER RED POLKA DOT","9","2011-01-29 09:49:00","1.77","14096.0","Belgium",""
"539153","85099B","JUMBO BAG RED RETROSPOT","11","2011-01-29 09:49:00","1.82","14096.0","Belgium",""
"539153","22752","SET 7 BABUSHKA NESTING BOXES","10","2011-01-29 09:49:00","7.77","14096.0","Belgium",""
"539153","84406B","CREAM CUPID HEARTS COAT HANGER","2","2011-01-29 09:49:00","3.2","14096.0","Belgium",""
"539154","84029G","KNITTED UNION FLAG HOT WATER BOTTLE","2","2010-12-24 14:43:00","3.69","17809.0","Germany","NEWCUST"
"539154","84029E","RED WOOLLY HOTTIE WHITE HEART","11","2010-12-24 14:43:00","3.31","17809.0","Germany",""
"539155","21730","GLASS STAR FROSTED T-LIGHT HOLDER","3","2011-01-26 15:20:00","4.38","13777.0","Spain","SUMMER10"
"539155","84029E","RED WOOLLY HOTTIE WHITE HEART","3","2011-01-26 15:20:00","3.72","13777.0","Spain","NEWCUST"
"539155","47566","PARTY BUNTING","3","2011-01-26 15:20:00","5.12","13777.0","Spain","SUMMER10"
"539155","21730","GLASS STAR FROSTED T-LIGHT HOLDER","10","2011-01-26 15:20:00","4.73","13777.0","Spain",""
"539156","71053","WHITE METAL LANTERN","2","2011-01-10 16:15:00","3.32","17809.0","Netherlands",""
"539156","71053","WHITE METAL LANTERN","3","2011-01-10 16:15:00","3.41","17809.0","Netherlands",""
"539156","47566","PARTY BUNTING","4","2011-01-10 16:15:00","5.34","17809.0","Netherlands","BULK5"
"539156","21730","GLASS STAR FROSTED T-LIGHT HOLDER","5","2011-01-10 16:15:00","4.53","17809.0","Netherlands","SUMMER10"
"539157","71053","WHITE METAL LANTERN","8","2011-01-09 16:40:00","3.73","17809.0","Belgium",""
"539158","47566","PARTY BUNTING","5","2011-01-16 08:30:00","5.35","15291.0","United Kingdom",""
"539158","21730","GLASS STAR FROSTED T-LIGHT HOLDER","12","2011-01-16 08:30:00","4.22","15291.0","United Kingdom","SUMMER10"
"539158","84029G","KNITTED UNION FLAG HOT WATER BOTTLE","1","2011-01-16 08:30:00","3.73","15291.0","United Kingdom",""
"539158","22752","SET 7 BABUSHKA NESTING BOXES","7","2011-01-16 08:30:00","7.64","15291.0","United Kingdom","NEWCUST"
"539159","21730","GLASS STAR FROSTED T-LIGHT HOLDER","5","2011-01-27 13:00:00","4.43","15311.0","Germany","BULK5"
"539159","85099B","JUMBO BAG RED RETROSPOT","1","2011-01-27 13:00:00","1.95","15311.0","Germany",""
"539160","85099B","JUMBO BAG RED RETROSPOT","3","2010-12-01 09:44:00","2.0","14096.0","Australia","NEWCUST"
"539160","71053","WHITE METAL LANTERN","4","2010-12-01 09:44:00","3.7","14096.0","Australia","SUMMER10"
"539160","20685","DOORMAT RED RETROSPOT","6","2010-12-01 09:44:00","7.26","14096.0","Australia","SUMMER10"
"539161","84029G","KNITTED UNION FLAG HOT WATER BOTTLE","4","2011-01-26 13:39:00","3.58","16029.0","Germany","BULK5"
"539161","22752","SET 7 BABUSHKA NESTING BOXES","2","2011-01-26 13:39:00","7.67","16029.0","Germany","BULK5"
"539161","22632","HAND WARMER RED POLKA DOT","7","2011-01-26 13:39:00","2.34","16029.0","Germany","BULK5"
"539162","20685","DOORMAT RED RETROSPOT","4","2010-12-28 16:09:00","7.28","14606.0","Netherlands",""
"539162","84029G","KNITTED UNION FLAG HOT WATER BOTTLE","2","2010-12-28 16:09:00","3.37","14606.0","Netherlands",""
"539162","84029G","KNITTED UNION FLAG HOT WATER BOTTLE","4","2010-12-28 16:09:00","3.82","14606.0","Netherlands","SUMMER10"
"539162","22752","SET 7 BABUSHKA NESTING BOXES","4","2010-12-28 16:09:00","7.7","14606.0","Netherlands",""
"539163","21730","GLASS STAR FROSTED T-LIGHT HOLDER","6","2010-12-22 10:27:00","4.16","14096.0","France",""
"539164","71053","WHITE METAL LANTERN","7","2011-01-30 08:03:00","3.41","15311.0","Australia",""
"539164","71053","WHITE METAL LANTERN","8","2011-01-30 08:03:00","3.58","15311.0","Australia","NEWCUST"
"539165","84406B","CREAM CUPID HEARTS COAT HANGER","9","2010-12-01 11:55:00","3.19","13047.0","United Kingdom","SUMMER10"
"539165","71053","WHITE METAL LANTERN","2","2010-12-01 11:55:00","3.86","13047.0","United Kingdom",""
"539166","20685","DOORMAT RED RETROSPOT","10","2010-12-31 10:52:00","7.53","14606.0","Australia",""
"539166","20685","DOORMAT RED RETROSPOT","5","2010-12-31 10:52:00","7.54","14606.0","Australia","NEWCUST"
"539167","22633","HAND WARMER UNION JACK","3","2010-12-16 08:51:00","2.3","13047.0","Australia",""
"539167","71053","WHITE METAL LANTERN","1","2010-12-16 08:51:00","3.4","13047.0","Australia",""
"539167","84029G","KNITTED UNION FLAG HOT WATER BOTTLE","5","2010-12-16 08:51:00","3.63","13047.0","Australia","NEWCUST"
"539168","22632","HAND WARMER RED POLKA DOT","4","2010-12-25 12:44:00","1.82","13047.0","Belgium","BULK5"
"539169","20685","DOORMAT RED RETROSPOT","9","2010-12-05 10:20:00","7.52","15291.0","Belgium",""
"539170","84406B","CREAM CUPID HEARTS COAT HANGER","8","2011-01-20 10:21:00","2.67","17850.0","Germany",""
"539171","21730","GLASS STAR FROSTED T-LIGHT HOLDER","12","2010-12-25 08:43:00","4.21","12583.0","France","NEWCUST"
"539172","71053","WHITE METAL LANTERN","5","2011-01-05 14:17:00","3.49","17809.0","Spain",""
"539172","22632","HAND WARMER RED POLKA DOT","3","2011-01-05 14:17:00","1.89","17809.0","Spain","BULK5"
"539173","84029G","KNITTED UNION FLAG HOT WATER BOTTLE","4","2011-01-30 15:52:00","3.41","15291.0","France",""
"539173","22633","HAND WARMER UNION JACK","4","2011-01-30 15:52:00","2.03","15291.0","France",""
"539173","84029G","KNITTED UNION FLAG HOT WATER BOTTLE","5","2011-01-30 15:52:00","3.59","15291.0","France",""
"539174","85123A","WHITE HANGING HEART T-LIGHT HOLDER","6","2010-12-01 10:12:00","2.95","14606.0","Belgium",""
"539174","85099B","JUMBO BAG RED RETROSPOT","5","2010-12-01 10:12:00","1.97","14606.0","Belgium","BULK5"
"539174","71053","WHITE METAL LANTERN","3","2010-12-01 10:12:00","3.48","14606.0","Belgium","BULK5"
"539175","71053","WHITE METAL LANTERN","1","2011-01-10 12:25:00","3.68","16029.0","Netherlands","SUMMER10"
"539175","85099B","JUMBO BAG RED RETROSPOT","2","2011-01-10 12:25:00","2.09","16029.0","Netherlands","SUMMER10"
"539176","20685","DOORMAT RED RETROSPOT","2","2011-01-01 14:37:00","7.06","14096.0","EIRE",""
"539176","85099B","JUMBO BAG RED RETROSPOT","8","2011-01-01 14:37:00","1.89","14096.0","EIRE",""
"539177","22633","HAND WARMER UNION JACK","12","2010-12-13 09:25:00","2.22","15311.0","United Kingdom","NEWCUST"
"539178","85123A","WHITE HANGING HEART T-LIGHT HOLDER","10","2010-12-03 15:56:00","3.02","12583.0","Belgium",""
"539179","84029G","KNITTED UNION FLAG HOT WATER BOTTLE","12","2010-12-22 09:18:00","3.87","16029.0","Australia",""
"539179","22752","SET 7 BABUSHKA NESTING BOXES","12","2010-12-22 09:18:00","7.85","16029.0","Australia",""
"539179","20685","DOORMAT RED RETROSPOT","8","2010-12-22 09:18:00","7.47","16029.0","Australia",""
"539179","22752","SET 7 BABUSHKA NESTING BOXES","5","2010-12-22 09:18:00","8.1","16029.0","Australia",""
"539180","22633","HAND WARMER UNION JACK","3","2011-01-12 15:05:00","2.2","17850.0","Belgium",""
"539181","22633","HAND WARMER UNION JACK","10","2011-01-07 14:11:00","2.3","15311.0","Belgium",""
"539181","85099B","JUMBO BAG RED RETROSPOT","10","2011-01-07 14:11:00","2.15","15311.0","Belgium","SUMMER10"
"539181","84029E","RED WOOLLY HOTTIE WHITE HEART","1","2011-01-07 14:11:00","3.69","15311.0","Belgium","NEWCUST"
"539181","84029E","RED WOOLLY HOTTIE WHITE HEART","9","2011-01-07 14:11:00","3.89","15311.0","Belgium",""
"539182","47566","PARTY BUNTING","4","2010-12-31 08:17:00","5.25","12583.0","United Kingdom",""
"539183","85099B","JUMBO BAG RED RETROSPOT","5","2010-12-07 15:30:00","1.72","13047.0","Spain",""
"539183","85123A","WHITE HANGING HEART T-LIGHT HOLDER","2","2010-12-07 15:30:00","2.94","13047.0","Spain",""
"539183","71053","WHITE METAL LANTERN","7","2010-12-07 15:30:00","3.79","13047.0","Spain",""
"539183","22752","SET 7 BABUSHKA NESTING BOXES","10","2010-12-07 15:30:00","7.92","13047.0","Spain","SUMMER10"
"539184","22632","HAND WARMER RED POLKA DOT","4","2010-12-05 10:47:00","2.14","17850.0","United Kingdom","SUMMER10"
"539185","84406B","CREAM CUPID HEARTS COAT HANGER","12","2011-01-30 10:02:00","2.97","14096.0","Netherlands","BULK5"
"539185","22752","SET 7 BABUSHKA NESTING BOXES","7","2011-01-30 10:02:00","7.63","14096.0","Netherlands","NEWCUST"
"539186","85099B","JUMBO BAG RED RETROSPOT","6","2011-01-15 16:37:00","1.58","15311.0","Spain",""
"539187","22752","SET 7 BABUSHKA NESTING BOXES","9","2011-01-30 09:24:00","8.13","15311.0","Germany",""
"539187","71053","WHITE METAL LANTERN","3","2011-01-30 09:24:00","3.32","15311.0","Germany","SUMMER10"
"539187","71053","WHITE METAL LANTERN","3","2011-01-30 09:24:00","3.38","15311.0","Germany","BULK5"
"539188","85123A","WHITE HANGING HEART T-LIGHT HOLDER","10","2011-01-16 11:09:00","2.49","13047.0","Australia",""
"539188","21730","GLASS STAR FROSTED T-LIGHT HOLDER","7","2011-01-16 11:09:00","4.56","13047.0","Australia","SUMMER10"
"539189","22752","SET 7 BABUSHKA NESTING BOXES","7","2010-12-05 09:59:00","7.9","15311.0","Belgium",""
"539189","71053","WHITE METAL LANTERN","12","2010-12-05 09:59:00","3.85","15311.0","Belgium","NEWCUST"
"539190","22632","HAND WARMER RED POLKA DOT","3","2010-12-27 15:57:00","2.29","12583.0","Belgium",""
"539191","20685","DOORMAT RED RETROSPOT","5","2011-01-11 14:29:00","7.41","17809.0","Spain",""
"539192","85099B","JUMBO BAG RED RETROSPOT","6","2011-01-28 14:07:00","1.86","12583.0","United Kingdom","SUMMER10"
"539192","22632","HAND WARMER RED POLKA DOT","11","2011-01-28 14:07:00","1.98","12583.0","United Kingdom","NEWCUST"
"539192","84029G","KNITTED UNION FLAG HOT WATER BOTTLE","5","2011-01-28 14:07:00","3.82","12583.0","United Kingdom","SUMMER10"
"539193","22633","HAND WARMER UNION JACK","10","2011-01-12 11:54:00","2.08","13047.0","Belgium",""
"539193","20685","DOORMAT RED RETROSPOT","7","2011-01-12 11:54:00","7.5","13047.0","Belgium",""
"539193","84029E","RED WOOLLY HOTTIE WHITE HEART","5","2011-01-12 11:54:00","3.88","13047.0","Belgium",""
"539193","22752","SET 7 BABUSHKA NESTING BOXES","10","2011-01-12 11:54:00","7.84","13047.0","Belgium",""
"539194","71053","WHITE METAL LANTERN","8","2010-12-23 09:54:00","3.65","14096.0","France",""
"539194","84029G","KNITTED UNION FLAG HOT WATER BOTTLE","10","2010-12-23 09:54:00","3.34","14096.0","France",""
"539194","47566","PARTY BUNTING","3","2010-12-23 09:54:00","5.24","14096.0","France","BULK5"
"539194","20685","DOORMAT RED RETROSPOT","9","2010-12-23 09:54:00","7.28","14096.0","France","BULK5"
"539195","21730","GLASS STAR FROSTED T-LIGHT HOLDER","3","2011-01-12 13:32:00","4.4","12583.0","United Kingdom",""
"539195","85123A","WHITE HANGING HEART T-LIGHT HOLDER","9","2011-01-12 13:32:00","2.93","12583.0","United Kingdom",""
"539195","84406B","CREAM CUPID HEARTS COAT HANGER","8","2011-01-12 13:32:00","2.79","12583.0","United Kingdom","BULK5"
"539196","22633","HAND WARMER UNION JACK","5","2010-12-30 11:30:00","1.85","15291.0","United Kingdom","NEWCUST"
"539197","21730","GLASS STAR FROSTED T-LIGHT HOLDER","5","2011-01-21 13:56:00","4.46","15311.0","Spain",""
"539197","22632","HAND WARMER RED POLKA DOT","10","2011-01-21 13:56:00","1.9","15311.0","Spain",""
"539197","84406B","CREAM CUPID HEARTS COAT HANGER","8","2011-01-21 13:56:00","2.99","15311.0","Spain","SUMMER10"
"539198","84029G","KNITTED UNION FLAG HOT WATER BOTTLE","9","2011-01-21 14:19:00","3.62","16029.0","Australia",""
"539198","84029G","KNITTED UNION FLAG HOT WATER BOTTLE","4","2011-01-21 14:19:00","3.46","16029.0","Australia",""
"539198","84406B","CREAM CUPID HEARTS COAT HANGER","3","2011-01-21 14:19:00","2.82","16029.0","Australia",""
"539199","84406B","CREAM CUPID HEARTS COAT HANGER","3","2011-01-04 15:49:00","3.15","12583.0","Spain","SUMMER10"
"539199","20685","DOORMAT RED RETROSPOT","11","2011-01-04 15:49:00","7.09","12583.0","Spain","SUMMER10"
"539199","84029E","RED WOOLLY HOTTIE WHITE HEART","1","2011-01-04 15:49:00","3.29","12583.0","Spain",""
"539200","47566","PARTY BUNTING","4","2010-12-17 16:26:00","5.05","16029.0","France","SUMMER10"
"539201","84029G","KNITTED UNION FLAG HOT WATER BOTTLE","6","2010-12-28 12:03:00","3.39","15311.0","Netherlands","SUMMER10"
"539201","84029G","KNITTED UNION FLAG HOT WATER BOTTLE","11","2010-12-28 12:03:00","3.67","15311.0","Netherlands","SUMMER10"
"539201","84029G","KNITTED UNION FLAG HOT WATER BOTTLE","7","2010-12-28 12:03:00","3.89","15311.0","Netherlands","NEWCUST"
"539202","84029G","KNITTED UNION FLAG HOT WATER BOTTLE","10","2011-01-23 10:25:00","3.61","14096.0","EIRE",""
"539203","85123A","WHITE HANGING HEART T-LIGHT HOLDER","1","2011-01-04 09:09:00","2.79","14606.0","France",""
"539203","84029E","RED WOOLLY HOTTIE WHITE HEART","2","2011-01-04 09:09:00","3.42","14606.0","France",""
"539203","84406B","CREAM CUPID HEARTS COAT HANGER","7","2011-01-04 09:09:00","2.73","14606.0","France","BULK5"
"539204","85123A","WHITE HANGING HEART T-LIGHT HOLDER","1","2010-12-23 08:54:00","2.89","15291.0","United Kingdom",""
"539205","84029E","RED WOOLLY HOTTIE WHITE HEART","2","2010-12-22 15:38:00","3.32","14096.0","Australia",""
"539206","71053","WHITE METAL LANTERN","2","2011-01-07 15:47:00","3.36","13047.0","EIRE",""
"539207","84029G","KNITTED UNION FLAG HOT WATER BOTTLE","9","2011-01-17 10:09:00","3.49","15291.0","Australia",""
"539208","22633","HAND WARMER UNION JACK","6","2010-12-17 15:24:00","2.27","15291.0","Belgium","SUMMER10"
"539208","20685","DOORMAT RED RETROSPOT","11","2010-12-17 15:24:00","7.51","15291.0","Belgium","BULK5"
"539208","84029E","RED WOOLLY HOTTIE WHITE HEART","5","2010-12-17 15:24:00","3.57","15291.0","Belgium",""
"539208","84029E","RED WOOLLY HOTTIE WHITE HEART","5","2010-12-17 15:24:00","3.47","15291.0","Belgium",""
"539209","84029E","RED WOOLLY HOTTIE WHITE HEART","5","2010-12-26 14:17:00","3.36","13777.0","United Kingdom",""
"539209","71053","WHITE METAL LANTERN","10","2010-12-26 14:17:00","3.39","13777.0","United Kingdom",""
"539209","85099B","JUMBO BAG RED RETROSPOT","5","2010-12-26 14:17:00","2.0","13777.0","United Kingdom","NEWCUST"
"539210","22632","HAND WARMER RED POLKA DOT","8","2010-12-03 11:46:00","2.16","12583.0","France",""
"539210","22633","HAND WARMER UNION JACK","4","2010-12-03 11:46:00","2.16","12583.0","France","NEWCUST"
"539211","84029E","RED WOOLLY HOTTIE WHITE HEART","7","2011-01-16 09:32:00","3.75","16029.0","France","BULK5"
"539211","84406B","CREAM CUPID HEARTS COAT HANGER","4","2011-01-16 09:32:00","3.0","16029.0","France",""
"539211","84406B","CREAM CUPID HEARTS COAT HANGER","5","2011-01-16 09:32:00","3.1","16029.0","France","NEWCUST"
"539212","22752","SET 7 BABUSHKA NESTING BOXES","4","2011-01-17 14:52:00","7.73","17850.0","Spain","BULK5"
"539213","21730","GLASS STAR FROSTED T-LIGHT HOLDER","8","2011-01-01 11:06:00","4.47","14096.0","Belgium","NEWCUST"
"539213","22752","SET 7 BABUSHKA NESTING BOXES","1","2011-01-01 11:06:00","7.73","14096.0","Belgium",""
"539214","22752","SET 7 BABUSHKA NESTING BOXES","5","2010-12-05 15:44:00","7.63","15311.0","Spain",""
"539214","22633","HAND WARMER UNION JACK","3","2010-12-05 15:44:00","2.06","15311.0","Spain","SUMMER10"
"539214","20685","DOORMAT RED RETROSPOT","12","2010-12-05 15:44:00","7.43","15311.0","Spain",""
"539215","84029G","KNITTED UNION FLAG HOT WATER BOTTLE","11","2011-01-02 12:22:00","3.35","12583.0","Netherlands",""
"539216","85099B","JUMBO BAG RED RETROSPOT","5","2011-01-08 09:42:00","1.88","13777.0","United Kingdom","SUMMER10"
"539216","20685","DOORMAT RED RETROSPOT","11","2011-01-08 09:42:00","7.45","13777.0","United Kingdom",""
"539216","22632","HAND WARMER RED POLKA DOT","3","2011-01-08 09:42:00","2.1","13777.0","United Kingdom",""
"539216","71053","WHITE METAL LANTERN","11","2011-01-08 09:42:00","3.29","13777.0","United Kingdom",""
"539217","47566","PARTY BUNTING","4","2010-12-18 09:22:00","5.45","14606.0","United Kingdom",""
"539217","85123A","WHITE HANGING HEART T-LIGHT HOLDER","10","2010-12-18 09:22:00","2.77","14606.0","United Kingdom",""
"539217","71053","WHITE METAL LANTERN","5","2010-12-18 09:22:00","3.64","14606.0","United Kingdom","NEWCUST"
"539217","47566","PARTY BUNTING","7","2010-12-18 09:22:00","5.44","14606.0","United Kingdom","NEWCUST"
"539218","20685","DOORMAT RED RETROSPOT","6","2011-01-16 15:06:00","7.56","15311.0","EIRE",""
"539218","20685","DOORMAT RED RETROSPOT","5","2011-01-16 15:06:00","7.46","15311.0","EIRE","BULK5"
"539218","84029G","KNITTED UNION FLAG HOT WATER BOTTLE","4","2011-01-16 15:06:00","3.47","15311.0","EIRE",""
"539219","85099B","JUMBO BAG RED RETROSPOT","12","2011-01-19 16:11:00","2.09","13047.0","Germany",""
"539219","85099B","JUMBO BAG RED RETROSPOT","2","2011-01-19 16:11:00","2.11","13047.0","Germany",""
"539219","84029E","RED WOOLLY HOTTIE WHITE HEART","9","2011-01-19 16:11:00","3.53","13047.0","Germany","NEWCUST"
"539220","22632","HAND WARMER RED POLKA DOT","4","2010-12-11 12:41:00","1.79","12583.0","United Kingdom",""
"539220","84406B","CREAM CUPID HEARTS COAT HANGER","11","2010-12-11 12:41:00","2.74","12583.0","United Kingdom","NEWCUST"
"539220","84029E","RED WOOLLY HOTTIE WHITE HEART","9","2010-12-11 12:41:00","3.55","12583.0","United Kingdom",""
"539221","20685","DOORMAT RED RETROSPOT","6","2011-01-11 12:12:00","7.31","15311.0","Spain",""
"539221","84406B","CREAM CUPID HEARTS COAT HANGER","2","2011-01-11 12:12:00","2.79","15311.0","Spain","SUMMER10"
"539221","22632","HAND WARMER RED POLKA DOT","11","2011-01-11 12:12:00","1.91","15311.0","Spain","NEWCUST"
"539221","22632","HAND WARMER RED POLKA DOT","1","2011-01-11 12:12:00","2.18","15311.0","Spain","SUMMER10"
"539222","22752","SET 7 BABUSHKA NESTING BOXES","10","2011-01-05 16:25:00","7.86","16029.0","United Kingdom",""
"539222","71053","WHITE METAL LANTERN","8","2011-01-05 16:25:00","3.76","16029.0","United Kingdom","BULK5"
"539222","84029G","KNITTED UNION FLAG HOT WATER BOTTLE","5","2011-01-05 16:25:00","3.68","16029.0","United Kingdom",""
"539222","71053","WHITE METAL LANTERN","4","2011-01-05 16:25:00","3.59","16029.0","United Kingdom",""
"539223","22752","SET 7 BABUSHKA NESTING BOXES","2","2011-01-11 13:26:00","7.83","17809.0","Australia","NEWCUST"
"539224","85099B","JUMBO BAG RED RETROSPOT","11","2010-12-10 08:41:00","1.8","14096.0","France",""
"539224","71053","WHITE METAL LANTERN","10","2010-12-10 08:41:00","3.83","14096.0","France",""
"539224","20685","DOORMAT RED RETROSPOT","4","2010-12-10 08:41:00","7.14","14096.0","France",""
"539225","20685","DOORMAT RED RETROSPOT","12","2011-01-03 12:29:00","7.36","17809.0","United Kingdom","SUMMER10"
"539225","22632","HAND WARMER RED POLKA DOT","6","2011-01-03 12:29:00","1.92","17809.0","United Kingdom","NEWCUST"
"539226","22632","HAND WARMER RED POLKA DOT","9","2011-01-15 12:31:00","2.3","14606.0","France","BULK5"
"539227","85099B","JUMBO BAG RED RETROSPOT","4","2011-01-14 08:29:00","1.75","17809.0","United Kingdom",""
"539228","84406B","CREAM CUPID HEARTS COAT HANGER","10","2010-12-20 12:39:00","3.06","14606.0","France",""
"539228","85099B","JUMBO BAG RED RETROSPOT","8","2010-12-20 12:39:00","2.1","14606.0","France",""
"539229","21730","GLASS STAR FROSTED T-LIGHT HOLDER","1","2010-12-09 16:48:00","4.18","13047.0","Belgium",""
"539229","84406B","CREAM CUPID HEARTS COAT HANGER","12","2010-12-09 16:48:00","2.75","13047.0","Belgium","NEWCUST"
"539229","84406B","CREAM CUPID HEARTS COAT HANGER","6","2010-12-09 16:48:00","2.88","13047.0","Belgium",""
"539229","84029E","RED WOOLLY HOTTIE WHITE HEART","7","2010-12-09 16:48:00","3.72","13047.0","Belgium",""
"539230","21730","GLASS STAR FROSTED T-LIGHT HOLDER","4","2010-12-26 14:45:00","4.15","13047.0","Netherlands","SUMMER10"
"539230","22633","HAND WARMER UNION JACK","11","2010-12-26 14:45:00","1.84","13047.0","Netherlands",""
"539230","71053","WHITE METAL LANTERN","7","2010-12-26 14:45:00","3.39","13047.0","Netherlands",""
"539230","20685","DOORMAT RED RETROSPOT","12","2010-12-26 14:45:00","7.52","13047.0","Netherlands",""
"539231","85099B","JUMBO BAG RED RETROSPOT","8","2011-01-17 14:04:00","1.81","14096.0","Germany","SUMMER10"
"539231","85123A","WHITE HANGING HEART T-LIGHT HOLDER","11","2011-01-17 14:04:00","2.63","14096.0","Germany","NEWCUST"
"539232","21730","GLASS STAR FROSTED T-LIGHT HOLDER","7","2011-01-13 14:43:00","4.39","14096.0","EIRE","BULK5"
"539232","21730","GLASS STAR FROSTED T-LIGHT HOLDER","1","2011-01-13 14:43:00","4.45","14096.0","EIRE",""
"539233","20685","DOORMAT RED RETROSPOT","4","2011-01-30 16:54:00","7.36","15291.0","Netherlands",""
"539233","71053","WHITE METAL LANTERN","1","2011-01-30 16:54:00","3.41","15291.0","Netherlands","NEWCUST"
"539233","22752","SET 7 BABUSHKA NESTING BOXES","9","2011-01-30 16:54:00","7.71","15291.0","Netherlands","BULK5"
"539234","71053","WHITE METAL LANTERN","8","2010-12-31 11:18:00","3.48","16029.0","Australia",""
"539234","22633","HAND WARMER UNION JACK","2","2010-12-31 11:18:00","2.31","16029.0","Australia",""
"539234","84406B","CREAM CUPID HEARTS COAT HANGER","10","2010-12-31 11:18:00","2.72","16029.0","Australia","NEWCUST"
"539234","71053","WHITE METAL LANTERN","4","2010-12-31 11:18:00","3.79","16029.0","Australia","NEWCUST"
"539235","84406B","CREAM CUPID HEARTS COAT HANGER","1","2011-01-21 12:13:00","3.19","17850.0","Australia","SUMMER10"
"539235","20685","DOORMAT RED RETROSPOT","5","2011-01-21 12:13:00","7.56","17850.0","Australia",""
"539235","21730","GLASS STAR FROSTED T-LIGHT HOLDER","9","2011-01-21 12:13:00","4.67","17850.0","Australia",""
"539236","22632","HAND WARMER RED POLKA DOT","11","2011-01-25 16:56:00","2.25","16029.0","United Kingdom",""
"539237","22752","SET 7 BABUSHKA NESTING BOXES","10","2010-12-13 12:41:00","7.85","15311.0","Australia",""
"539237","85123A","WHITE HANGING HEART T-LIGHT HOLDER","12","2010-12-13 12:41:00","2.87","15311.0","Australia","SUMMER10"
"539237","20685","DOORMAT RED RETROSPOT","8","2010-12-13 12:41:00","7.18","15311.0","Australia","BULK5"
"539237","84029E","RED WOOLLY HOTTIE WHITE HEART","8","2010-12-13 12:41:00","3.72","15311.0","Australia",""
"539238","22752","SET 7 BABUSHKA NESTING BOXES","3","2010-12-10 08:00:00","7.9","17850.0","Netherlands",""
"539238","84029E","RED WOOLLY HOTTIE WHITE HEART","3","2010-12-10 08:00:00","3.52","17850.0","Netherlands","BULK5"
"539239","84029E","RED WOOLLY HOTTIE WHITE HEART","8","2010-12-28 09:12:00","3.52","15291.0","Netherlands",""
"539239","22752","SET 7 BABUSHKA NESTING BOXES","5","2010-12-28 09:12:00","7.55","15291.0","Netherlands","SUMMER10"
"539239","84406B","CREAM CUPID HEARTS COAT HANGER","9","2010-12-28 09:12:00","3.12","15291.0","Netherlands","SUMMER10"
"539240","85099B","JUMBO BAG RED RETROSPOT","3","2010-12-20 09:34:00","1.72","15311.0","Spain","BULK5"
"539241","84406B","CREAM CUPID HEARTS COAT HANGER","3","2011-01-23 15:55:00","2.83","13777.0","Belgium","BULK5"
"539242","84406B","CREAM CUPID HEARTS COAT HANGER","3","2010-12-21 12:40:00","2.78","16029.0","Belgium","SUMMER10"
"539243","84029G","KNITTED UNION FLAG HOT WATER BOTTLE","4","2010-12-05 10:35:00","3.58","17809.0","France","SUMMER10"
"539244","84406B","CREAM CUPID HEARTS COAT HANGER","5","2010-12-14 08:10:00","3.03","17850.0","United Kingdom",""
"539244","22633","HAND WARMER UNION JACK","10","2010-12-14 08:10:00","2.17","17850.0","United Kingdom","SUMMER10"
"539244","21730","GLASS STAR FROSTED T-LIGHT HOLDER","7","2010-12-14 08:10:00","4.29","17850.0","United Kingdom","NEWCUST"
"539244","84406B","CREAM CUPID HEARTS COAT HANGER","5","2010-12-14 08:10:00","2.7","17850.0","United Kingdom",""
"539245","85099B","JUMBO BAG RED RETROSPOT","12","2011-01-30 15:49:00","1.89","14606.0","Germany",""
"539246","22632","HAND WARMER RED POLKA DOT","9","2010-12-09 11:22:00","1.84","17809.0","Germany",""
"539246","85123A","WHITE HANGING HEART T-LIGHT HOLDER","12","2010-12-09 11:22:00","2.87","17809.0","Germany",""
"539246","84029G","KNITTED UNION FLAG HOT WATER BOTTLE","2","2010-12-09 11:22:00","3.37","17809.0","Germany",""
"539247","47566","PARTY BUNTING","4","2010-12-06 15:25:00","4.92","17850.0","Australia","SUMMER10"
"539247","84406B","CREAM CUPID HEARTS COAT HANGER","8","2010-12-06 15:25:00","2.97","17850.0","Australia",""
"539248","84406B","CREAM CUPID HEARTS COAT HANGER","10","2010-12-13 11:30:00","2.92","16029.0","France",""
"539249","47566","PARTY BUNTING","5","2010-12-02 14:09:00","4.93","17809.0","Netherlands","NEWCUST"
"539249","85123A","WHITE HANGING HEART T-LIGHT HOLDER","5","2010-12-02 14:09:00","2.83","17809.0","Netherlands",""
"539250","71053","WHITE METAL LANTERN","3","2010-12-01 09:50:00","3.87","15311.0","EIRE",""
"539250","71053","WHITE METAL LANTERN","5","2010-12-01 09:50:00","3.45","15311.0","EIRE","NEWCUST"
"539250","85099B","JUMBO BAG RED RETROSPOT","11","2010-12-01 09:50:00","1.97","15311.0","EIRE",""
"539250","84029E","RED WOOLLY HOTTIE WHITE HEART","3","2010-12-01 09:50:00","3.57","15311.0","EIRE",""
"539251","22633","HAND WARMER UNION JACK","4","2010-12-02 09:08:00","2.09","13047.0","Australia",""
"539251","21730","GLASS STAR FROSTED T-LIGHT HOLDER","5","2010-12-02 09:08:00","4.35","13047.0","Australia","SUMMER10"
"539251","21730","GLASS STAR FROSTED T-LIGHT HOLDER","8","2010-12-02 09:08:00","4.75","13047.0","Australia",""
"539252","85123A","WHITE HANGING HEART T-LIGHT HOLDER","10","2011-01-21 09:33:00","2.98","17809.0","United Kingdom","SUMMER10"
"539252","71053","WHITE METAL LANTERN","4","2011-01-21 09:33:00","3.67","17809.0","United Kingdom",""
"539252","85123A","WHITE HANGING HEART T-LIGHT HOLDER","11","2011-01-21 09:33:00","2.77","17809.0","United Kingdom",""
"539253","47566","PARTY BUNTING","8","2011-01-17 15:10:00","5.03","12583.0","Belgium","BULK5"
"539254","84406B","CREAM CUPID HEARTS COAT HANGER","4","2010-12-11 11:18:00","2.75","12583.0","France","NEWCUST"
"539254","84029G","KNITTED UNION FLAG HOT WATER BOTTLE","1","2010-12-11 11:18:00","3.64","12583.0","France","NEWCUST"
"539254","22633","HAND WARMER UNION JACK","11","2010-12-11 11:18:00","1.78","12583.0","France","SUMMER10"
"539254","20685","DOORMAT RED RETROSPOT","3","2010-12-11 11:18:00","7.21","12583.0","France",""
"539255","84029G","KNITTED UNION FLAG HOT WATER BOTTLE","8","2010-12-13 12:08:00","3.44","15311.0","Germany","NEWCUST"
"539255","84029G","KNITTED UNION FLAG HOT WATER BOTTLE","7","2010-12-13 12:08:00","3.72","15311.0","Germany","BULK5"
"539256","85123A","WHITE HANGING HEART T-LIGHT HOLDER","1","2011-01-03 10:30:00","2.68","16029.0","EIRE","BULK5"
"539256","47566","PARTY BUNTING","5","2011-01-03 10:30:00","4.96","16029.0","EIRE",""
"539257","47566","PARTY BUNTING","4","2010-12-09 10:28:00","5.39","14606.0","France","NEWCUST"
"539257","21730","GLASS STAR FROSTED T-LIGHT HOLDER","3","2010-12-09 10:28:00","4.55","14606.0","France","SUMMER10"
"539257","22633","HAND WARMER UNION JACK","6","2010-12-09 10:28:00","2.23","14606.0","France","BULK5"
"539257","84406B","CREAM CUPID HEARTS COAT HANGER","8","2010-12-09 10:28:00","2.94","14606.0","France",""
"539258","84029G","KNITTED UNION FLAG HOT WATER BOTTLE","11","2010-12-15 14:21:00","3.64","14606.0","Germany",""
"539258","22633","HAND WARMER UNION JACK","10","2010-12-15 14:21:00","2.03","14606.0","Germany","BULK5"
"539258","84406B","CREAM CUPID HEARTS COAT HANGER","9","2010-12-15 14:21:00","2.97","14606.0","Germany","NEWCUST"
"539258","85123A","WHITE HANGING HEART T-LIGHT HOLDER","5","2010-12-15 14:21:00","2.91","14606.0","Germany",""
"539259","85099B","JUMBO BAG RED RETROSPOT","4","2011-01-06 12:34:00","2.13","17809.0","Belgium",""
"539259","20685","DOORMAT RED RETROSPOT","8","2011-01-06 12:34:00","7.33","17809.0","Belgium",""
"539259","85123A","WHITE HANGING HEART T-LIGHT HOLDER","9","2011-01-06 12:34:00","2.82","17809.0","Belgium",""
"539260","71053","WHITE METAL LANTERN","1","2011-01-14 10:45:00","3.57","13047.0","Belgium",""
"539260","22633","HAND WARMER UNION JACK","10","2011-01-14 10:45:00","1.79","13047.0","Belgium",""
"539260","22632","HAND WARMER RED POLKA DOT","3","2011-01-14 10:45:00","2.0","13047.0","Belgium","NEWCUST"
"539261","21730","GLASS STAR FROSTED T-LIGHT HOLDER","4","2010-12-06 11:49:00","4.64","17850.0","Australia","BULK5"
"539262","85099B","JUMBO BAG RED RETROSPOT","3","2011-01-11 14:22:00","1.64","14606.0","United Kingdom",""
"539263","84029G","KNITTED UNION FLAG HOT WATER BOTTLE","6","2010-12-02 15:20:00","3.79","15291.0","France",""
"539263","85099B","JUMBO BAG RED RETROSPOT","10","2010-12-02 15:20:00","1.71","15291.0","France","BULK5"
"539263","22633","HAND WARMER UNION JACK","2","2010-12-02 15:20:00","2.21","15291.0","France",""
"539263","85099B","JUMBO BAG RED RETROSPOT","7","2010-12-02 15:20:00","1.88","15291.0","France","BULK5"
"539264","21730","GLASS STAR FROSTED T-LIGHT HOLDER","7","2011-01-05 13:06:00","4.27","15311.0","EIRE","SUMMER10"
"539265","22752","SET 7 BABUSHKA NESTING BOXES","8","2010-12-08 11:19:00","8.05","14606.0","EIRE","SUMMER10"
"539265","22632","HAND WARMER RED POLKA DOT","2","2010-12-08 11:19:00","2.27","14606.0","EIRE",""
"539265","22752","SET 7 BABUSHKA NESTING BOXES","11","2010-12-08 11:19:00","7.96","14606.0","EIRE",""
"539266","47566","PARTY BUNTING","11","2010-12-19 15:58:00","5.24","13777.0","EIRE",""
"539266","20685","DOORMAT RED RETROSPOT","5","2010-12-19 15:58:00","7.43","13777.0","EIRE",""
"539267","85099B","JUMBO BAG RED RETROSPOT","8","2010-12-02 13:09:00","1.8","15311.0","Netherlands","NEWCUST"
"539267","84029G","KNITTED UNION FLAG HOT WATER BOTTLE","9","2010-12-02 13:09:00","3.29","15311.0","Netherlands","SUMMER10"
"539267","20685","DOORMAT RED RETROSPOT","6","2010-12-02 13:09:00","7.23","15311.0","Netherlands",""
"539268","20685","DOORMAT RED RETROSPOT","9","2011-01-04 10:35:00","7.06","15311.0","Spain",""
"539268","47566","PARTY BUNTING","8","2011-01-04 10:35:00","5.17","15311.0","Spain",""
"539268","22752","SET 7 BABUSHKA NESTING BOXES","6","2011-01-04 10:35:00","7.74","15311.0","Spain",""
"539268","71053","WHITE METAL LANTERN","6","2011-01-04 10:35:00","3.62","15311.0","Spain",""
"539269","21730","GLASS STAR FROSTED T-LIGHT HOLDER","1","2011-01-21 08:57:00","4.62","15291.0","Spain",""
"539270","84406B","CREAM CUPID HEARTS COAT HANGER","4","2011-01-08 11:39:00","2.7","14606.0","Spain","BULK5"
"539270","85123A","WHITE HANGING HEART T-LIGHT HOLDER","6","2011-01-08 11:39:00","2.98","14606.0","Spain",""
"539271","85123A","WHITE HANGING HEART T-LIGHT HOLDER","9","2011-01-04 12:52:00","3.03","14096.0","Spain",""
"539272","84029E","RED WOOLLY HOTTIE WHITE HEART","8","2010-12-17 11:55:00","3.78","16029.0","United Kingdom",""
"539272","22633","HAND WARMER UNION JACK","10","2010-12-17 11:55:00","2.21","16029.0","United Kingdom",""
"539272","47566","PARTY BUNTING","8","2010-12-17 11:55:00","5.16","16029.0","United Kingdom",""
"539273","71053","WHITE METAL LANTERN","11","2010-12-21 16:12:00","3.47","14606.0","France",""
"539273","71053","WHITE METAL LANTERN","11","2010-12-21 16:12:00","3.67","14606.0","France","SUMMER10"
"539273","84029E","RED WOOLLY HOTTIE WHITE HEART","8","2010-12-21 16:12:00","3.39","14606.0","France","SUMMER10"
"539273","84029G","KNITTED UNION FLAG HOT WATER BOTTLE","10","2010-12-21 16:12:00","3.41","14606.0","France",""
"539274","84406B","CREAM CUPID HEARTS COAT HANGER","3","2010-12-13 11:26:00","3.02","17809.0","EIRE",""
"539274","22633","HAND WARMER UNION JACK","6","2010-12-13 11:26:00","1.78","17809.0","EIRE","BULK5"
"539274","20685","DOORMAT RED RETROSPOT","12","2010-12-13 11:26:00","7.52","17809.0","EIRE","NEWCUST"
"539275","85123A","WHITE HANGING HEART T-LIGHT HOLDER","5","2010-12-24 12:36:00","3.02","17809.0","France","NEWCUST"
"539275","20685","DOORMAT RED RETROSPOT","9","2010-12-24 12:36:00","7.16","17809.0","France",""
"539276","47566","PARTY BUNTING","7","2011-01-06 09:12:00","5.15","15311.0","France",""
"539276","84029G","KNITTED UNION FLAG HOT WATER BOTTLE","5","2011-01-06 09:12:00","3.69","15311.0","France","NEWCUST"
"539276","71053","WHITE METAL LANTERN","11","2011-01-06 09:12:00","3.45","15311.0","France",""
"539276","71053","WHITE METAL LANTERN","8","2011-01-06 09:12:00","3.68","15311.0","France","SUMMER10"
"539277","22752","SET 7 BABUSHKA NESTING BOXES","3","2010-12-11 15:13:00","7.93","17809.0","Spain",""
"539277","47566","PARTY BUNTING","1","2010-12-11 15:13:00","4.89","17809.0","Spain","BULK5"
"539277","84029E","RED WOOLLY HOTTIE WHITE HEART","12","2010-12-11 15:13:00","3.74","17809.0","Spain","NEWCUST"
"539277","21730","GLASS STAR FROSTED T-LIGHT HOLDER","10","2010-12-11 15:13:00","4.33","17809.0","Spain",""
"539278","85123A","WHITE HANGING HEART T-LIGHT HOLDER","1","2010-12-19 12:23:00","2.63","16029.0","Netherlands","SUMMER10"
"539278","22633","HAND WARMER UNION JACK","8","2010-12-19 12:23:00","2.24","16029.0","Netherlands",""
"539278","22633","HAND WARMER UNION JACK","6","2010-12-19 12:23:00","1.83","16029.0","Netherlands","SUMMER10"
"539279","71053","WHITE METAL LANTERN","2","2011-01-06 12:43:00","3.48","14606.0","EIRE",""
"539280","85099B","JUMBO BAG RED RETROSPOT","5","2010-12-20 08:35:00","1.61","14606.0","Belgium","NEWCUST"
"539280","22632","HAND WARMER RED POLKA DOT","7","2010-12-20 08:35:00","2.24","14606.0","Belgium","BULK5"
"539281","85099B","JUMBO BAG RED RETROSPOT","11","2010-12-02 13:44:00","1.7","15311.0","United Kingdom",""
"539281","22632","HAND WARMER RED POLKA DOT","11","2010-12-02 13:44:00","2.05","15311.0","United Kingdom",""
"539281","22633","HAND WARMER UNION JACK","5","2010-12-02 13:44:00","2.14","15311.0","United Kingdom","NEWCUST"
"539282","84029G","KNITTED UNION FLAG HOT WATER BOTTLE","12","2010-12-21 09:36:00","3.38","15291.0","Belgium",""
"539282","21730","GLASS STAR FROSTED T-LIGHT HOLDER","4","2010-12-21 09:36:00","4.26","15291.0","Belgium","BULK5"
"539282","71053","WHITE METAL LANTERN","2","2010-12-21 09:36:00","3.67","15291.0","Belgium",""
"539282","22632","HAND WARMER RED POLKA DOT","3","2010-12-21 09:36:00","2.14","15291.0","Belgium",""
"539283","47566","PARTY BUNTING","4","2010-12-08 14:38:00","5.12","14606.0","United Kingdom",""
"539283","20685","DOORMAT RED RETROSPOT","10","2010-12-08 14:38:00","7.25","14606.0","United Kingdom",""
"539284","20685","DOORMAT RED RETROSPOT","8","2011-01-06 13:25:00","7.18","12583.0","EIRE",""
"539284","47566","PARTY BUNTING","4","2011-01-06 13:25:00","4.92","12583.0","EIRE",""
"539284","22633","HAND WARMER UNION JACK","12","2011-01-06 13:25:00","1.92","12583.0","EIRE",""
"539284","84406B","CREAM CUPID HEARTS COAT HANGER","8","2011-01-06 13:25:00","3.13","12583.0","EIRE","SUMMER10"
"539285","84406B","CREAM CUPID HEARTS COAT HANGER","9","2010-12-12 10:58:00","2.8","13777.0","Germany",""
"539285","22632","HAND WARMER RED POLKA DOT","7","2010-12-12 10:58:00","2.27","13777.0","Germany",""
"539285","22632","HAND WARMER RED POLKA DOT","3","2010-12-12 10:58:00","2.28","13777.0","Germany",""
"539286","84029G","KNITTED UNION FLAG HOT WATER BOTTLE","9","2011-01-10 16:56:00","3.67","13777.0","EIRE","SUMMER10"
"539286","84029E","RED WOOLLY HOTTIE WHITE HEART","10","2011-01-10 16:56:00","3.84","13777.0","EIRE",""
"539286","84406B","CREAM CUPID HEARTS COAT HANGER","4","2011-01-10 16:56:00","3.03","13777.0","EIRE","NEWCUST"
"539287","21730","GLASS STAR FROSTED T-LIGHT HOLDER","7","2010-12-25 12:45:00","4.73","13047.0","France",""
"539288","22632","HAND WARMER RED POLKA DOT","7","2011-01-24 10:38:00","1.83","14606.0","EIRE",""
"539289","84406B","CREAM CUPID HEARTS COAT HANGER","3","2011-01-06 12:14:00","3.07","12583.0","France",""
"539289","71053","WHITE METAL LANTERN","2","2011-01-06 12:14:00","3.48","12583.0","France","BULK5"
"539290","22632","HAND WARMER RED POLKA DOT","2","2011-01-03 09:18:00","2.26","13777.0","Netherlands","SUMMER10"
"539290","84406B","CREAM CUPID HEARTS COAT HANGER","1","2011-01-03 09:18:00","2.87","13777.0","Netherlands",""
"539291","47566","PARTY BUNTING","10","2010-12-09 15:43:00","4.89","15291.0","Netherlands","SUMMER10"
"539292","47566","PARTY BUNTING","1","2011-01-13 14:44:00","5.06","15291.0","Germany",""
"539292","84029G","KNITTED UNION FLAG HOT WATER BOTTLE","9","2011-01-13 14:44:00","3.3","15291.0","Germany","SUMMER10"
"539292","85123A","WHITE HANGING HEART T-LIGHT HOLDER","5","2011-01-13 14:44:00","2.67","15291.0","Germany","BULK5"
"539293","85123A","WHITE HANGING HEART T-LIGHT HOLDER","7","2010-12-21 12:24:00","2.74","14096.0","France","BULK5"
"539293","21730","GLASS STAR FROSTED T-LIGHT HOLDER","9","2010-12-21 12:24:00","4.48","14096.0","France","BULK5"
"539293","84029G","KNITTED UNION FLAG HOT WATER BOTTLE","5","2010-12-21 12:24:00","3.71","14096.0","France",""
"539294","47566","PARTY BUNTING","6","2010-12-27 11:00:00","5.3","16029.0","Belgium",""
"539295","21730","GLASS STAR FROSTED T-LIGHT HOLDER","11","2010-12-04 11:28:00","4.63","17809.0","Netherlands",""
"539295","84029E","RED WOOLLY HOTTIE WHITE HEART","12","2010-12-04 11:28:00","3.87","17809.0","Netherlands",""
"539295","47566","PARTY BUNTING","2","2010-12-04 11:28:00","4.99","17809.0","Netherlands","BULK5"
"539295","47566","PARTY BUNTING","1","2010-12-04 11:28:00","4.85","17809.0","Netherlands",""
"539296","85123A","WHITE HANGING HEART T-LIGHT HOLDER","6","2010-12-26 09:07:00","2.97","15291.0","France",""
"539296","85099B","JUMBO BAG RED RETROSPOT","12","2010-12-26 09:07:00","1.87","15291.0","France",""
"539296","22632","HAND WARMER RED POLKA DOT","12","2010-12-26 09:07:00","2.04","15291.0","France",""
"539296","21730","GLASS STAR FROSTED T-LIGHT HOLDER","4","2010-12-26 09:07:00","4.68","15291.0","France",""
"539297","84029G","KNITTED UNION FLAG HOT WATER BOTTLE","8","2011-01-11 08:23:00","3.54","14606.0","Belgium","SUMMER10"
"539298","71053","WHITE METAL LANTERN","3","2010-12-08 08:25:00","3.81","17809.0","Germany",""
"539298","85099B","JUMBO BAG RED RETROSPOT","11","2010-12-08 08:25:00","1.75","17809.0","Germany","SUMMER10"
"539298","21730","GLASS STAR FROSTED T-LIGHT HOLDER","1","2010-12-08 08:25:00","4.34","17809.0","Germany",""
"539299","20685","DOORMAT RED RETROSPOT","5","2011-01-14 10:04:00","7.28","13047.0","Spain","NEWCUST"
"539299","22632","HAND WARMER RED POLKA DOT","6","2011-01-14 10:04:00","1.8","13047.0","Spain",""
"539300","85123A","WHITE HANGING HEART T-LIGHT HOLDER","8","2010-12-03 13:26:00","2.59","14096.0","Netherlands",""
"539300","71053","WHITE METAL LANTERN","2","2010-12-03 13:26:00","3.59","14096.0","Netherlands","BULK5"
"539300","85099B","JUMBO BAG RED RETROSPOT","5","2010-12-03 13:26:00","2.08","14096.0","Netherlands","SUMMER10"
"539300","22752","SET 7 BABUSHKA NESTING BOXES","2","2010-12-03 13:26:00","7.66","14096.0","Netherlands","NEWCUST"
"539301","71053","WHITE METAL LANTERN","10","2010-12-01 14:40:00","3.44","12583.0","France","NEWCUST"
"539301","71053","WHITE METAL LANTERN","8","2010-12-01 14:40:00","3.84","12583.0","France","BULK5"
"539302","84406B","CREAM CUPID HEARTS COAT HANGER","2","2011-01-11 12:44:00","2.82","14606.0","Germany","SUMMER10"
"539302","84406B","CREAM CUPID HEARTS COAT HANGER","1","2011-01-11 12:44:00","3.01","14606.0","Germany","SUMMER10"
"539302","20685","DOORMAT RED RETROSPOT","1","2011-01-11 12:44:00","7.42","14606.0","Germany","NEWCUST"
"539302","20685","DOORMAT RED RETROSPOT","9","2011-01-11 12:44:00","7.13","14606.0","Germany",""
"539303","85099B","JUMBO BAG RED RETROSPOT","11","2010-12-21 15:52:00","1.85","17809.0","EIRE",""
"539303","84029E","RED WOOLLY HOTTIE WHITE HEART","4","2010-12-21 15:52:00","3.89","17809.0","EIRE",""
"539303","84406B","CREAM CUPID HEARTS COAT HANGER","10","2010-12-21 15:52:00","3.08","17809.0","EIRE",""
"539303","71053","WHITE METAL LANTERN","12","2010-12-21 15:52:00","3.69","17809.0","EIRE",""
"539304","71053","WHITE METAL LANTERN","12","2011-01-17 09:47:00","3.83","13047.0","France","NEWCUST"
"539304","21730","GLASS STAR FROSTED T-LIGHT HOLDER","10","2011-01-17 09:47:00","4.64","13047.0","France","NEWCUST"
"539304","84029G","KNITTED UNION FLAG HOT WATER BOTTLE","7","2011-01-17 09:47:00","3.53","13047.0","France",""
"539305","22632","HAND WARMER RED POLKA DOT","7","2011-01-28 12:12:00","2.21","17850.0","United Kingdom","BULK5"
"539306","85123A","WHITE HANGING HEART T-LIGHT HOLDER","6","2011-01-05 14:46:00","2.57","13047.0","Spain","SUMMER10"
"539306","85123A","WHITE HANGING HEART T-LIGHT HOLDER","10","2011-01-05 14:46:00","2.45","13047.0","Spain",""
"539306","22752","SET 7 BABUSHKA NESTING BOXES","9","2011-01-05 14:46:00","8.0","13047.0","Spain",""
"539306","71053","WHITE METAL LANTERN","4","2011-01-05 14:46:00","3.54","13047.0","Spain",""
"539307","21730","GLASS STAR FROSTED T-LIGHT HOLDER","7","2011-01-27 14:21:00","4.39","17809.0","Belgium","BULK5"
"539307","85123A","WHITE HANGING HEART T-LIGHT HOLDER","12","2011-01-27 14:21:00","3.03","17809.0","Belgium","SUMMER10"
"539307","84406B","CREAM CUPID HEARTS COAT HANGER","6","2011-01-27 14:21:00","2.8","17809.0","Belgium",""
"539308","22632","HAND WARMER RED POLKA DOT","8","2010-12-29 14:39:00","1.94","14096.0","Germany","SUMMER10"
"539308","20685","DOORMAT RED RETROSPOT","11","2010-12-29 14:39:00","7.41","14096.0","Germany",""
"539309","21730","GLASS STAR FROSTED T-LIGHT HOLDER","3","2010-12-26 08:44:00","4.7","14606.0","Belgium","NEWCUST"
"539309","85099B","JUMBO BAG RED RETROSPOT","2","2010-12-26 08:44:00","1.57","14606.0","Belgium",""
"539309","84406B","CREAM CUPID HEARTS COAT HANGER","9","2010-12-26 08:44:00","2.68","14606.0","Belgium","NEWCUST"
"539310","21730","GLASS STAR FROSTED T-LIGHT HOLDER","7","2010-12-20 14:38:00","4.26","17809.0","Spain",""
"539310","22632","HAND WARMER RED POLKA DOT","10","2010-12-20 14:38:00","2.13","17809.0","Spain",""
"539310","84029G","KNITTED UNION FLAG HOT WATER BOTTLE","11","2010-12-20 14:38:00","3.29","17809.0","Spain","BULK5"
"539310","84029G","KNITTED UNION FLAG HOT WATER BOTTLE","2","2010-12-20 14:38:00","3.79","17809.0","Spain",""
"539311","22633","HAND WARMER UNION JACK","10","2010-12-11 14:36:00","1.96","14096.0","Belgium",""
"539311","84029G","KNITTED UNION FLAG HOT WATER BOTTLE","12","2010-12-11 14:36:00","3.52","14096.0","Belgium","SUMMER10"
"539311","21730","GLASS STAR FROSTED T-LIGHT HOLDER","5","2010-12-11 14:36:00","4.49","14096.0","Belgium","NEWCUST"
"539312","20685","DOORMAT RED RETROSPOT","9","2010-12-31 14:22:00","7.3","16029.0","Germany","NEWCUST"
"539312","85123A","WHITE HANGING HEART T-LIGHT HOLDER","12","2010-12-31 14:22:00","2.78","16029.0","Germany","NEWCUST"
"539313","84029G","KNITTED UNION FLAG HOT WATER BOTTLE","4","2011-01-10 09:59:00","3.66","13047.0","Netherlands",""
"539313","22633","HAND WARMER UNION JACK","8","2011-01-10 09:59:00","1.85","13047.0","Netherlands",""
"539314","85123A","WHITE HANGING HEART T-LIGHT HOLDER","7","2010-12-25 16:19:00","2.86","13047.0","Spain",""
"539315","22752","SET 7 BABUSHKA NESTING BOXES","7","2011-01-22 14:15:00","7.6","15311.0","Australia",""
"539315","47566","PARTY BUNTING","11","2011-01-22 14:15:00","4.87","15311.0","Australia","BULK5"
"539315","85099B","JUMBO BAG RED RETROSPOT","9","2011-01-22 14:15:00","1.66","15311.0","Australia",""
"539316","71053","WHITE METAL LANTERN","7","2011-01-21 13:07:00","3.59","14096.0","United Kingdom","SUMMER10"
"539317","84029G","KNITTED UNION FLAG HOT WATER BOTTLE","11","2011-01-30 09:56:00","3.81","14606.0","Germany",""
"539317","85099B","JUMBO BAG RED RETROSPOT","10","2011-01-30 09:56:00","1.64","14606.0","Germany","SUMMER10"
"539318","22633","HAND WARMER UNION JACK","10","2010-12-04 12:02:00","2.08","14606.0","Belgium","NEWCUST"
"539318","85123A","WHITE HANGING HEART T-LIGHT HOLDER","11","2010-12-04 12:02:00","2.7","14606.0","Belgium","BULK5"
"539319","84406B","CREAM CUPID HEARTS COAT HANGER","7","2010-12-27 15:39:00","2.81","17850.0","Netherlands","BULK5"
"539320","84029G","KNITTED UNION FLAG HOT WATER BOTTLE","11","2010-12-12 09:06:00","3.8","13047.0","Australia",""
"539321","47566","PARTY BUNTING","8","2010-12-02 16:14:00","5.42","13777.0","France","SUMMER10"
"539322","84029G","KNITTED UNION FLAG HOT WATER BOTTLE","5","2011-01-02 15:06:00","3.85","14606.0","EIRE","NEWCUST"
"539322","85123A","WHITE HANGING HEART T-LIGHT HOLDER","12","2011-01-02 15:06:00","2.77","14606.0","EIRE","BULK5"
"539322","47566","PARTY BUNTING","8","2011-01-02 15:06:00","5.4","14606.0","EIRE","NEWCUST"
"539323","22752","SET 7 BABUSHKA NESTING BOXES","6","2011-01-15 12:39:00","7.63","15311.0","Germany",""
"539323","22752","SET 7 BABUSHKA NESTING BOXES","8","2011-01-15 12:39:00","7.81","15311.0","Germany","NEWCUST"
"539323","20685","DOORMAT RED RETROSPOT","6","2011-01-15 12:39:00","6.98","15311.0","Germany",""
"539323","85123A","WHITE HANGING HEART T-LIGHT HOLDER","12","2011-01-15 12:39:00","2.73","15311.0","Germany",""
"539324","85099B","JUMBO BAG RED RETROSPOT","5","2011-01-25 10:14:00","1.83","12583.0","Spain","SUMMER10"
"539325","22633","HAND WARMER UNION JACK","10","2011-01-22 12:07:00","2.24","13777.0","Netherlands","NEWCUST"
"539326","47566","PARTY BUNTING","9","2010-12-19 12:02:00","5.14","17809.0","Germany",""
"539326","71053","WHITE METAL LANTERN","9","2010-12-19 12:02:00","3.37","17809.0","Germany","SUMMER10"
"539327","71053","WHITE METAL LANTERN","5","2010-12-27 16:47:00","3.62","12583.0","Netherlands",""
"539328","21730","GLASS STAR FROSTED T-LIGHT HOLDER","3","2011-01-07 13:45:00","4.34","14096.0","United Kingdom",""
"539329","20685","DOORMAT RED RETROSPOT","3","2010-12-23 16:37:00","7.39","14096.0","Spain",""
"539330","20685","DOORMAT RED RETROSPOT","2","2010-12-29 15:29:00","7.29","13047.0","EIRE","BULK5"
"539330","85123A","WHITE HANGING HEART T-LIGHT HOLDER","12","2010-12-29 15:29:00","2.68","13047.0","EIRE","BULK5"
"539330","71053","WHITE METAL LANTERN","3","2010-12-29 15:29:00","3.54","13047.0","EIRE","BULK5"
"539330","84029E","RED WOOLLY HOTTIE WHITE HEART","3","2010-12-29 15:29:00","3.42","13047.0","EIRE",""
"539331","22752","SET 7 BABUSHKA NESTING BOXES","11","2011-01-25 08:02:00","7.86","14096.0","Belgium",""
"539332","71053","WHITE METAL LANTERN","1","2011-01-28 11:06:00","3.86","17809.0","Spain",""
"539332","47566","PARTY BUNTING","1","2011-01-28 11:06:00","4.97","17809.0","Spain",""
"539332","22632","HAND WARMER RED POLKA DOT","5","2011-01-28 11:06:00","1.75","17809.0","Spain",""
"539333","22632","HAND WARMER RED POLKA DOT","8","2011-01-09 16:15:00","2.27","13047.0","Spain",""
"539333","84029G","KNITTED UNION FLAG HOT WATER BOTTLE","2","2011-01-09 16:15:00","3.82","13047.0","Spain",""
"539333","47566","PARTY BUNTING","9","2011-01-09 16:15:00","5.11","13047.0","Spain",""
"539333","71053","WHITE METAL LANTERN","2","2011-01-09 16:15:00","3.35","13047.0","Spain","BULK5"
"539334","22632","HAND WARMER RED POLKA DOT","11","2011-01-23 13:40:00","1.86","15291.0","Australia","SUMMER10"
"539334","21730","GLASS STAR FROSTED T-LIGHT HOLDER","3","2011-01-23 13:40:00","4.39","15291.0","Australia",""
"539335","85099B","JUMBO BAG RED RETROSPOT","10","2010-12-19 08:32:00","2.05","12583.0","Belgium","NEWCUST"
"539335","21730","GLASS STAR FROSTED T-LIGHT HOLDER","1","2010-12-19 08:32:00","4.24","12583.0","Belgium",""
"539336","22633","HAND WARMER UNION JACK","3","2011-01-29 16:50:00","1.93","14606.0","France",""
"539336","22632","HAND WARMER RED POLKA DOT","1","2011-01-29 16:50:00","2.01","14606.0","France",""
"539336","22752","SET 7 BABUSHKA NESTING BOXES","4","2011-01-29 16:50:00","7.56","14606.0","France","SUMMER10"
"539336","85099B","JUMBO BAG RED RETROSPOT","4","2011-01-29 16:50:00","1.67","14606.0","France","NEWCUST"
"539337","22752","SET 7 BABUSHKA NESTING BOXES","1","2010-12-15 11:32:00","8.07","13047.0","Spain",""
"539337","47566","PARTY BUNTING","8","2010-12-15 11:32:00","5.3","13047.0","Spain","BULK5"
"539337","22752","SET 7 BABUSHKA NESTING BOXES","5","2010-12-15 11:32:00","8.06","13047.0","Spain","SUMMER10"
"539338","85123A","WHITE HANGING HEART T-LIGHT HOLDER","5","2010-12-08 12:45:00","2.6","17809.0","Australia",""
"539338","22752","SET 7 BABUSHKA NESTING BOXES","11","2010-12-08 12:45:00","7.67","17809.0","Australia",""
"539338","85123A","WHITE HANGING HEART T-LIGHT HOLDER","11","2010-12-08 12:45:00","3.02","17809.0","Australia","SUMMER10"
"539339","85123A","WHITE HANGING HEART T-LIGHT HOLDER","7","2011-01-28 11:13:00","2.69","13777.0","Australia",""
"539339","21730","GLASS STAR FROSTED T-LIGHT HOLDER","3","2011-01-28 11:13:00","4.21","13777.0","Australia",""
"539339","71053","WHITE METAL LANTERN","4","2011-01-28 11:13:00","3.57","13777.0","Australia",""
"539339","84029E","RED WOOLLY HOTTIE WHITE HEART","1","2011-01-28 11:13:00","3.44","13777.0","Australia",""
"539340","85123A","WHITE HANGING HEART T-LIGHT HOLDER","1","2010-12-23 15:01:00","2.92","15311.0","Australia","SUMMER10"
"539340","71053","WHITE METAL LANTERN","7","2010-12-23 15:01:00","3.73","15311.0","Australia",""
"539340","71053","WHITE METAL LANTERN","8","2010-12-23 15:01:00","3.83","15311.0","Australia",""
"539341","20685","DOORMAT RED RETROSPOT","5","2010-12-28 09:41:00","7.31","15291.0","Australia","NEWCUST"
"539342","85123A","WHITE HANGING HEART T-LIGHT HOLDER","2","2011-01-12 14:51:00","2.48","14606.0","Germany",""
"539342","22752","SET 7 BABUSHKA NESTING BOXES","8","2011-01-12 14:51:00","8.04","14606.0","Germany","BULK5"
"539343","22633","HAND WARMER UNION JACK","2","2010-12-01 09:55:00","1.82","15311.0","Spain",""
"539344","22633","HAND WARMER UNION JACK","11","2010-12-23 10:28:00","1.84","15291.0","EIRE","BULK5"
"539344","22632","HAND WARMER RED POLKA DOT","10","2010-12-23 10:28:00","2.04","15291.0","EIRE",""
"539344","22752","SET 7 BABUSHKA NESTING BOXES","9","2010-12-23 10:28:00","7.93","15291.0","EIRE",""
"539345","84029E","RED WOOLLY HOTTIE WHITE HEART","5","2011-01-16 10:46:00","3.66","12583.0","Germany",""
"539345","20685","DOORMAT RED RETROSPOT","9","2011-01-16 10:46:00","7.27","12583.0","Germany","NEWCUST"
"539345","20685","DOORMAT RED RETROSPOT","10","2011-01-16 10:46:00","7.11","12583.0","Germany",""
"539346","20685","DOORMAT RED RETROSPOT","12","2011-01-24 16:18:00","7.24","14606.0","Spain","SUMMER10"
"539346","47566","PARTY BUNTING","4","2011-01-24 16:18:00","5.24","14606.0","Spain",""
"539346","85099B","JUMBO BAG RED RETROSPOT","4","2011-01-24 16:18:00","1.78","14606.0","Spain",""
"539346","84406B","CREAM CUPID HEARTS COAT HANGER","1","2011-01-24 16:18:00","2.87","14606.0","Spain","NEWCUST"
"539347","22633","HAND WARMER UNION JACK","2","2010-12-29 16:28:00","2.18","12583.0","Spain","BULK5"
"539348","71053","WHITE METAL LANTERN","7","2010-12-08 11:59:00","3.59","14096.0","Germany","NEWCUST"
"539348","22632","HAND WARMER RED POLKA DOT","2","2010-12-08 11:59:00","2.24","14096.0","Germany","BULK5"
"539348","47566","PARTY BUNTING","10","2010-12-08 11:59:00","4.88","14096.0","Germany","SUMMER10"
"539348","85099B","JUMBO BAG RED RETROSPOT","8","2010-12-08 11:59:00","1.86","14096.0","Germany",""
"539349","85123A","WHITE HANGING HEART T-LIGHT HOLDER","8","2010-12-30 10:02:00","2.87","17809.0","Belgium","NEWCUST"
"539349","84406B","CREAM CUPID HEARTS COAT HANGER","1","2010-12-30 10:02:00","2.95","17809.0","Belgium","SUMMER10"
"539349","84029G","KNITTED UNION FLAG HOT WATER BOTTLE","4","2010-12-30 10:02:00","3.7","17809.0","Belgium",""
"539349","71053","WHITE METAL LANTERN","3","2010-12-30 10:02:00","3.48","17809.0","Belgium",""
"539350","84029E","RED WOOLLY HOTTIE WHITE HEART","9","2011-01-16 11:15:00","3.74","13047.0","United Kingdom",""
"539350","85099B","JUMBO BAG RED RETROSPOT","4","2011-01-16 11:15:00","1.78","13047.0","United Kingdom","SUMMER10"
"539350","47566","PARTY BUNTING","1","2011-01-16 11:15:00","5.2","13047.0","United Kingdom",""
"539350","22633","HAND WARMER UNION JACK","7","2011-01-16 11:15:00","2.03","13047.0","United Kingdom",""
"539351","22633","HAND WARMER UNION JACK","2","2011-01-25 12:48:00","1.84","13047.0","Australia",""
"539351","85123A","WHITE HANGING HEART T-LIGHT HOLDER","12","2011-01-25 12:48:00","2.79","13047.0","Australia",""
"539351","85123A","WHITE HANGING HEART T-LIGHT HOLDER","1","2011-01-25 12:48:00","2.81","13047.0","Australia","SUMMER10"
"539351","71053","WHITE METAL LANTERN","7","2011-01-25 12:48:00","3.73","13047.0","Australia","BULK5"
"539352","84406B","CREAM CUPID HEARTS COAT HANGER","9","2010-12-19 14:56:00","2.83","17809.0","Australia","SUMMER10"
"539352","21730","GLASS STAR FROSTED T-LIGHT HOLDER","2","2010-12-19 14:56:00","4.38","17809.0","Australia","BULK5"
"539352","20685","DOORMAT RED RETROSPOT","3","2010-12-19 14:56:00","7.41","17809.0","Australia","NEWCUST"
"539352","22632","HAND WARMER RED POLKA DOT","4","2010-12-19 14:56:00","2.09","17809.0","Australia",""
"539353","47566","PARTY BUNTING","9","2011-01-13 15:11:00","5.4","17809.0","Australia",""
"539353","85123A","WHITE HANGING HEART T-LIGHT HOLDER","8","2011-01-13 15:11:00","2.85","17809.0","Australia",""
"539353","47566","PARTY BUNTING","12","2011-01-13 15:11:00","5.2","17809.0","Australia","SUMMER10"
"539353","22632","HAND WARMER RED POLKA DOT","10","2011-01-13 15:11:00","2.16","17809.0","Australia",""
"539354","47566","PARTY BUNTING","4","2011-01-27 10:59:00","5.16","17809.0","Germany","BULK5"
"539354","84029G","KNITTED UNION FLAG HOT WATER BOTTLE","11","2011-01-27 10:59:00","3.8","17809.0","Germany","SUMMER10"
"539355","22633","HAND WARMER UNION JACK","2","2010-12-19 14:34:00","2.29","17850.0","Germany",""
"539355","21730","GLASS STAR FROSTED T-LIGHT HOLDER","2","2010-12-19 14:34:00","4.24","17850.0","Germany","SUMMER10"
"539355","21730","GLASS STAR FROSTED T-LIGHT HOLDER","7","2010-12-19 14:34:00","4.58","17850.0","Germany",""
"539356","22752","SET 7 BABUSHKA NESTING BOXES","1","2011-01-13 13:25:00","7.71","17809.0","Netherlands","NEWCUST"
"539357","22752","SET 7 BABUSHKA NESTING BOXES","7","2010-12-24 13:02:00","7.58","14096.0","Australia","NEWCUST"
"539357","22633","HAND WARMER UNION JACK","3","2010-12-24 13:02:00","1.88","14096.0","Australia","NEWCUST"
"539357","84029E","RED WOOLLY HOTTIE WHITE HEART","8","2010-12-24 13:02:00","3.47","14096.0","Australia","BULK5"
"539357","85123A","WHITE HANGING HEART T-LIGHT HOLDER","10","2010-12-24 13:02:00","2.53","14096.0","Australia","SUMMER10"
"539358","20685","DOORMAT RED RETROSPOT","7","2010-12-06 12:44:00","7.07","13777.0","Belgium",""
"539358","71053","WHITE METAL LANTERN","2","2010-12-06 12:44:00","3.67","13777.0","Belgium",""
"539358","20685","DOORMAT RED RETROSPOT","9","2010-12-06 12:44:00","7.07","13777.0","Belgium","NEWCUST"
"539358","84406B","CREAM CUPID HEARTS COAT HANGER","3","2010-12-06 12:44:00","2.81","13777.0","Belgium",""
"539359","84406B","CREAM CUPID HEARTS COAT HANGER","8","2010-12-08 13:43:00","2.93","15291.0","Netherlands",""
"539359","71053","WHITE METAL LANTERN","4","2010-12-08 13:43:00","3.34","15291.0","Netherlands","SUMMER10"
"539359","20685","DOORMAT RED RETROSPOT","8","2010-12-08 13:43:00","7.24","15291.0","Netherlands",""
"539360","22752","SET 7 BABUSHKA NESTING BOXES","4","2010-12-24 09:14:00","7.66","17809.0","EIRE",""
"539360","47566","PARTY BUNTING","3","2010-12-24 09:14:00","4.98","17809.0","EIRE","SUMMER10"
"539361","20685","DOORMAT RED RETROSPOT","12","2011-01-02 08:39:00","7.26","15311.0","United Kingdom",""
"539361","22633","HAND WARMER UNION JACK","9","2011-01-02 08:39:00","1.94","15311.0","United Kingdom","NEWCUST"
"539361","84029E","RED WOOLLY HOTTIE WHITE HEART","11","2011-01-02 08:39:00","3.51","15311.0","United Kingdom","NEWCUST"
"539362","21730","GLASS STAR FROSTED T-LIGHT HOLDER","5","2010-12-14 16:24:00","4.54","15291.0","France","SUMMER10"
"539362","85099B","JUMBO BAG RED RETROSPOT","10","2010-12-14 16:24:00","1.86","15291.0","France",""
"539362","84029G","KNITTED UNION FLAG HOT WATER BOTTLE","7","2010-12-14 16:24:00","3.85","15291.0","France",""
"539363","47566","PARTY BUNTING","6","2010-12-13 13:41:00","5.29","15311.0","Spain",""
"539363","84406B","CREAM CUPID HEARTS COAT HANGER","3","2010-12-13 13:41:00","2.79","15311.0","Spain",""
"539363","84029E","RED WOOLLY HOTTIE WHITE HEART","10","2010-12-13 13:41:00","3.81","15311.0","Spain",""
"539363","71053","WHITE METAL LANTERN","8","2010-12-13 13:41:00","3.4","15311.0","Spain",""
"539364","22633","HAND WARMER UNION JACK","9","2011-01-16 15:08:00","1.82","15311.0","United Kingdom",""
"539364","84406B","CREAM CUPID HEARTS COAT HANGER","4","2011-01-16 15:08:00","3.06","15311.0","United Kingdom",""
"539364","84029E","RED WOOLLY HOTTIE WHITE HEART","10","2011-01-16 15:08:00","3.49","15311.0","United Kingdom",""
"539365","20685","DOORMAT RED RETROSPOT","1","2010-12-31 16:16:00","7.03","17809.0","Australia","NEWCUST"
"539366","21730","GLASS STAR FROSTED T-LIGHT HOLDER","12","2010-12-10 08:50:00","4.58","12583.0","Belgium","BULK5"
"539366","21730","GLASS STAR FROSTED T-LIGHT HOLDER","1","2010-12-10 08:50:00","4.39","12583.0","Belgium",""
"539366","85123A","WHITE HANGING HEART T-LIGHT HOLDER","3","2010-12-10 08:50:00","3.0","12583.0","Belgium",""
"539366","47566","PARTY BUNTING","5","2010-12-10 08:50:00","5.4","12583.0","Belgium","NEWCUST"
"539367","84029G","KNITTED UNION FLAG HOT WATER BOTTLE","11","2010-12-23 11:46:00","3.88","12583.0","Spain","NEWCUST"
"539367","22633","HAND WARMER UNION JACK","10","2010-12-23 11:46:00","2.26","12583.0","Spain","SUMMER10"
"539367","22752","SET 7 BABUSHKA NESTING BOXES","4","2010-12-23 11:46:00","7.57","12583.0","Spain",""
"539368","85099B","JUMBO BAG RED RETROSPOT","9","2010-12-21 15:58:00","1.82","16029.0","Belgium","BULK5"
"539369","85099B","JUMBO BAG RED RETROSPOT","10","2010-12-20 13:42:00","1.85","14606.0","Australia","SUMMER10"
"539370","84029G","KNITTED UNION FLAG HOT WATER BOTTLE","9","2010-12-12 08:25:00","3.55","12583.0","Germany",""
"539370","85099B","JUMBO BAG RED RETROSPOT","9","2010-12-12 08:25:00","1.6","12583.0","Germany",""
"539370","47566","PARTY BUNTING","3","2010-12-12 08:25:00","4.9","12583.0","Germany","SUMMER10"
"539371","85099B","JUMBO BAG RED RETROSPOT","6","2010-12-22 10:56:00","1.93","13777.0","Australia",""
"539371","21730","GLASS STAR FROSTED T-LIGHT HOLDER","5","2010-12-22 10:56:00","4.2","13777.0","Australia",""
"539371","22633","HAND WARMER UNION JACK","5","2010-12-22 10:56:00","2.31","13777.0","Australia",""
"539371","85123A","WHITE HANGING HEART T-LIGHT HOLDER","9","2010-12-22 10:56:00","2.68","13777.0","Australia","BULK5"
"539372","84029G","KNITTED UNION FLAG HOT WATER BOTTLE","6","2011-01-03 13:39:00","3.43","14606.0","Belgium","SUMMER10"
"539373","22633","HAND WARMER UNION JACK","2","2010-12-29 12:35:00","1.98","15291.0","EIRE",""
"539374","85123A","WHITE HANGING HEART T-LIGHT HOLDER","1","2010-12-02 10:55:00","2.93","16029.0","Belgium","BULK5"
"539374","84029G","KNITTED UNION FLAG HOT WATER BOTTLE","2","2010-12-02 10:55:00","3.86","16029.0","Belgium",""
"539374","85123A","WHITE HANGING HEART T-LIGHT HOLDER","12","2010-12-02 10:55:00","2.48","16029.0","Belgium",""
"539375","47566","PARTY BUNTING","8","2011-01-02 09:18:00","5.43","17809.0","Belgium",""
"539375","85099B","JUMBO BAG RED RETROSPOT","2","2011-01-02 09:18:00","1.89","17809.0","Belgium","NEWCUST"
"539375","71053","WHITE METAL LANTERN","8","2011-01-02 09:18:00","3.45","17809.0","Belgium",""
"539375","85099B","JUMBO BAG RED RETROSPOT","4","2011-01-02 09:18:00","2.07","17809.0","Belgium","BULK5"
"539376","85123A","WHITE HANGING HEART T-LIGHT HOLDER","9","2010-12-23 15:43:00","2.61","15291.0","Australia","SUMMER10"
"539376","22633","HAND WARMER UNION JACK","10","2010-12-23 15:43:00","2.02","15291.0","Australia","NEWCUST"
"539376","85123A","WHITE HANGING HEART T-LIGHT HOLDER","1","2010-12-23 15:43:00","2.63","15291.0","Australia","BULK5"
"539376","22752","SET 7 BABUSHKA NESTING BOXES","11","2010-12-23 15:43:00","7.64","15291.0","Australia","NEWCUST"
"539377","20685","DOORMAT RED RETROSPOT","5","2011-01-14 13:14:00","7.37","16029.0","Netherlands","SUMMER10"
"539377","85123A","WHITE HANGING HEART T-LIGHT HOLDER","8","2011-01-14 13:14:00","2.91","16029.0","Netherlands",""
"539377","84029G","KNITTED UNION FLAG HOT WATER BOTTLE","1","2011-01-14 13:14:00","3.41","16029.0","Netherlands","NEWCUST"
"539377","84406B","CREAM CUPID HEARTS COAT HANGER","1","2011-01-14 13:14:00","2.98","16029.0","Netherlands","NEWCUST"
"539378","22632","HAND WARMER RED POLKA DOT","7","2011-01-03 12:07:00","2.17","13047.0","United Kingdom",""
"539378","84406B","CREAM CUPID HEARTS COAT HANGER","3","2011-01-03 12:07:00","2.77","13047.0","United Kingdom",""
"539378","47566","PARTY BUNTING","7","2011-01-03 12:07:00","4.87","13047.0","United Kingdom","BULK5"
"539379","22633","HAND WARMER UNION JACK","6","2011-01-21 16:39:00","1.92","14606.0","France",""
"539379","84406B","CREAM CUPID HEARTS COAT HANGER","10","2011-01-21 16:39:00","2.82","14606.0","France",""
"539379","22633","HAND WARMER UNION JACK","2","2011-01-21 16:39:00","1.84","14606.0","France",""
"539379","84029G","KNITTED UNION FLAG HOT WATER BOTTLE","5","2011-01-21 16:39:00","3.38","14606.0","France",""
"539380","85099B","JUMBO BAG RED RETROSPOT","5","2010-12-14 15:05:00","1.57","14606.0","France","BULK5"
"539380","22632","HAND WARMER RED POLKA DOT","12","2010-12-14 15:05:00","1.99","14606.0","France",""
"539380","84029G","KNITTED UNION FLAG HOT WATER BOTTLE","11","2010-12-14 15:05:00","3.35","14606.0","France",""
"539380","47566","PARTY BUNTING","3","2010-12-14 15:05:00","5.2","14606.0","France","SUMMER10"
"539381","20685","DOORMAT RED RETROSPOT","5","2011-01-22 08:04:00","6.99","14606.0","Spain",""
"539381","84406B","CREAM CUPID HEARTS COAT HANGER","12","2011-01-22 08:04:00","3.09","14606.0","Spain",""
"539381","20685","DOORMAT RED RETROSPOT","1","2011-01-22 08:04:00","7.11","14606.0","Spain",""
"539382","84029E","RED WOOLLY HOTTIE WHITE HEART","12","2011-01-25 14:52:00","3.35","14606.0","Belgium",""
"539383","47566","PARTY BUNTING","10","2010-12-22 16:02:00","5.42","15311.0","Germany","NEWCUST"
"539383","20685","DOORMAT RED RETROSPOT","6","2010-12-22 16:02:00","7.44","15311.0","Germany",""
"539384","20685","DOORMAT RED RETROSPOT","2","2011-01-03 09:04:00","7.52","14096.0","France",""
"539384","71053","WHITE METAL LANTERN","5","2011-01-03 09:04:00","3.49","14096.0","France","SUMMER10"
"539384","22633","HAND WARMER UNION JACK","5","2011-01-03 09:04:00","2.1","14096.0","France",""
"539384","84029E","RED WOOLLY HOTTIE WHITE HEART","11","2011-01-03 09:04:00","3.55","14096.0","France",""
"539385","47566","PARTY BUNTING","1","2011-01-16 08:06:00","5.16","14606.0","Germany",""
"539386","84029G","KNITTED UNION FLAG HOT WATER BOTTLE","11","2011-01-27 11:04:00","3.63","16029.0","EIRE",""
"539386","22752","SET 7 BABUSHKA NESTING BOXES","8","2011-01-27 11:04:00","7.6","16029.0","EIRE",""
"539386","85099B","JUMBO BAG RED RETROSPOT","10","2011-01-27 11:04:00","1.97","16029.0","EIRE","BULK5"
"539387","84406B","CREAM CUPID HEARTS COAT HANGER","8","2010-12-15 10:15:00","3.22","17809.0","Netherlands","BULK5"
"539387","22633","HAND WARMER UNION JACK","10","2010-12-15 10:15:00","1.82","17809.0","Netherlands","SUMMER10"
"539387","84406B","CREAM CUPID HEARTS COAT HANGER","6","2010-12-15 10:15:00","3.15","17809.0","Netherlands","NEWCUST"
"539387","84406B","CREAM CUPID HEARTS COAT HANGER","12","2010-12-15 10:15:00","3.05","17809.0","Netherlands","BULK5"
"539388","84406B","CREAM CUPID HEARTS COAT HANGER","7","2010-12-10 16:41:00","2.82","17809.0","Belgium",""
"539388","71053","WHITE METAL LANTERN","4","2010-12-10 16:41:00","3.69","17809.0","Belgium","BULK5"
"539388","84406B","CREAM CUPID HEARTS COAT HANGER","5","2010-12-10 16:41:00","2.78","17809.0","Belgium",""
"539388","85099B","JUMBO BAG RED RETROSPOT","5","2010-12-10 16:41:00","1.9","17809.0","Belgium","NEWCUST"
"539389","84029E","RED WOOLLY HOTTIE WHITE HEART","11","2011-01-30 12:40:00","3.72","14096.0","Netherlands","NEWCUST"
"539389","84029G","KNITTED UNION FLAG HOT WATER BOTTLE","3","2011-01-30 12:40:00","3.78","14096.0","Netherlands","NEWCUST"
"539389","85123A","WHITE HANGING HEART T-LIGHT HOLDER","8","2011-01-30 12:40:00","2.49","14096.0","Netherlands",""
"539389","84029E","RED WOOLLY HOTTIE WHITE HEART","3","2011-01-30 12:40:00","3.5","14096.0","Netherlands",""
"539390","71053","WHITE METAL LANTERN","6","2011-01-25 16:45:00","3.65","15291.0","Spain",""
"539390","21730","GLASS STAR FROSTED T-LIGHT HOLDER","12","2011-01-25 16:45:00","4.19","15291.0","Spain","BULK5"
"539391","84029E","RED WOOLLY HOTTIE WHITE HEART","9","2010-12-17 10:25:00","3.46","13047.0","France",""
"539391","20685","DOORMAT RED RETROSPOT","7","2010-12-17 10:25:00","7.14","13047.0","France",""
"539392","85099B","JUMBO BAG RED RETROSPOT","9","2010-12-07 08:32:00","2.13","14606.0","Germany",""
"539392","22632","HAND WARMER RED POLKA DOT","4","2010-12-07 08:32:00","2.31","14606.0","Germany",""
"539393","84029E","RED WOOLLY HOTTIE WHITE HEART","11","2010-12-12 12:15:00","3.7","17809.0","Spain",""
"539394","85123A","WHITE HANGING HEART T-LIGHT HOLDER","2","2011-01-23 14:32:00","2.74","15311.0","Spain","SUMMER10"
"539394","22632","HAND WARMER RED POLKA DOT","4","2011-01-23 14:32:00","2.07","15311.0","Spain",""
"539395","85123A","WHITE HANGING HEART T-LIGHT HOLDER","9","2011-01-21 12:44:00","3.03","17850.0","United Kingdom","BULK5"
"539395","84406B","CREAM CUPID HEARTS COAT HANGER","2","2011-01-21 12:44:00","3.09","17850.0","United Kingdom",""
"539395","22633","HAND WARMER UNION JACK","6","2011-01-21 12:44:00","1.79","17850.0","United Kingdom",""
"539395","85099B","JUMBO BAG RED RETROSPOT","7","2011-01-21 12:44:00","1.92","17850.0","United Kingdom",""
"539396","84029G","KNITTED UNION FLAG HOT WATER BOTTLE","2","2010-12-26 16:09:00","3.67","13777.0","United Kingdom",""
"539396","22752","SET 7 BABUSHKA NESTING BOXES","8","2010-12-26 16:09:00","7.81","13777.0","United Kingdom","SUMMER10"
"539396","85123A","WHITE HANGING HEART T-LIGHT HOLDER","3","2010-12-26 16:09:00","3.04","13777.0","United Kingdom","BULK5"
"539396","22752","SET 7 BABUSHKA NESTING BOXES","2","2010-12-26 16:09:00","7.73","13777.0","United Kingdom",""
"539397","47566","PARTY BUNTING","8","2010-12-15 10:27:00","5.24","13047.0","Spain",""
"539397","85099B","JUMBO BAG RED RETROSPOT","11","2010-12-15 10:27:00","1.92","13047.0","Spain",""
"539397","84029G","KNITTED UNION FLAG HOT WATER BOTTLE","3","2010-12-15 10:27:00","3.84","13047.0","Spain",""
"539398","71053","WHITE METAL LANTERN","11","2010-12-12 15:55:00","3.49","14606.0","Belgium",""
"539398","22633","HAND WARMER UNION JACK","1","2010-12-12 15:55:00","1.82","14606.0","Belgium","NEWCUST"
"539398","84029G","KNITTED UNION FLAG HOT WATER BOTTLE","10","2010-12-12 15:55:00","3.82","14606.0","Belgium","BULK5"
"539399","84406B","CREAM CUPID HEARTS COAT HANGER","11","2010-12-07 09:58:00","2.73","17809.0","Belgium",""
"539399","22633","HAND WARMER UNION JACK","4","2010-12-07 09:58:00","1.79","17809.0","Belgium",""
"539399","22633","HAND WARMER UNION JACK","5","2010-12-07 09:58:00","1.76","17809.0","Belgium","BULK5"
"539399","71053","WHITE METAL LANTERN","6","2010-12-07 09:58:00","3.37","17809.0","Belgium",""
"539400","21730","GLASS STAR FROSTED T-LIGHT HOLDER","10","2011-01-24 13:21:00","4.35","15291.0","Germany",""
"539400","22752","SET 7 BABUSHKA NESTING BOXES","8","2011-01-24 13:21:00","7.98","15291.0","Germany",""
"539401","84029E","RED WOOLLY HOTTIE WHITE HEART","3","2010-12-26 09:54:00","3.87","12583.0","Netherlands","SUMMER10"
"539401","22633","HAND WARMER UNION JACK","10","2010-12-26 09:54:00","2.05","12583.0","Netherlands","BULK5"
"539401","22633","HAND WARMER UNION JACK","4","2010-12-26 09:54:00","1.77","12583.0","Netherlands",""
"539401","84406B","CREAM CUPID HEARTS COAT HANGER","3","2010-12-26 09:54:00","3.08","12583.0","Netherlands",""
"539402","20685","DOORMAT RED RETROSPOT","3","2010-12-17 10:00:00","7.56","15311.0","Netherlands",""
"539403","85123A","WHITE HANGING HEART T-LIGHT HOLDER","8","2011-01-24 14:52:00","2.46","16029.0","Spain","NEWCUST"
"539403","22632","HAND WARMER RED POLKA DOT","11","2011-01-24 14:52:00","1.95","16029.0","Spain",""
"539404","84029G","KNITTED UNION FLAG HOT WATER BOTTLE","2","2010-12-06 08:49:00","3.48","12583.0","Germany","BULK5"
"539404","22632","HAND WARMER RED POLKA DOT","4","2010-12-06 08:49:00","1.82","12583.0","Germany","SUMMER10"
"539404","22752","SET 7 BABUSHKA NESTING BOXES","4","2010-12-06 08:49:00","8.01","12583.0","Germany",""
"539405","84406B","CREAM CUPID HEARTS COAT HANGER","4","2011-01-28 10:51:00","2.91","17850.0","EIRE",""
"539406","85099B","JUMBO BAG RED RETROSPOT","11","2010-12-18 11:39:00","2.03","14606.0","Belgium","BULK5"
"539406","85123A","WHITE HANGING HEART T-LIGHT HOLDER","12","2010-12-18 11:39:00","2.8","14606.0","Belgium","NEWCUST"
"539406","84406B","CREAM CUPID HEARTS COAT HANGER","4","2010-12-18 11:39:00","3.05","14606.0","Belgium",""
"539406","71053","WHITE METAL LANTERN","8","2010-12-18 11:39:00","3.79","14606.0","Belgium","BULK5"
"539407","47566","PARTY BUNTING","10","2010-12-01 15:04:00","5.21","15291.0","Spain","SUMMER10"
"539407","47566","PARTY BUNTING","7","2010-12-01 15:04:00","5.33","15291.0","Spain","SUMMER10"
"539407","22633","HAND WARMER UNION JACK","7","2010-12-01 15:04:00","1.77","15291.0","Spain",""
"539408","22752","SET 7 BABUSHKA NESTING BOXES","12","2011-01-18 11:33:00","7.66","14606.0","United Kingdom",""
"539409","85099B","JUMBO BAG RED RETROSPOT","8","2010-12-14 10:44:00","1.57","13047.0","Spain","BULK5"
"539410","84029G","KNITTED UNION FLAG HOT WATER BOTTLE","3","2011-01-05 11:02:00","3.41","16029.0","Australia",""
"539411","22633","HAND WARMER UNION JACK","9","2011-01-09 11:32:00","2.08","17850.0","Germany","SUMMER10"
"539412","21730","GLASS STAR FROSTED T-LIGHT HOLDER","4","2011-01-29 13:44:00","4.37","14096.0","Netherlands",""
"539412","84406B","CREAM CUPID HEARTS COAT HANGER","10","2011-01-29 13:44:00","2.78","14096.0","Netherlands","SUMMER10"
"539413","84406B","CREAM CUPID HEARTS COAT HANGER","10","2011-01-26 16:37:00","2.94","14096.0","EIRE",""
"539413","21730","GLASS STAR FROSTED T-LIGHT HOLDER","10","2011-01-26 16:37:00","4.64","14096.0","EIRE",""
"539414","84029E","RED WOOLLY HOTTIE WHITE HEART","11","2011-01-17 09:40:00","3.65","13777.0","Spain",""
"539414","22633","HAND WARMER UNION JACK","5","2011-01-17 09:40:00","2.2","13777.0","Spain",""
"539414","20685","DOORMAT RED RETROSPOT","3","2011-01-17 09:40:00","7.55","13777.0","Spain",""
"539414","22633","HAND WARMER UNION JACK","7","2011-01-17 09:40:00","2.32","13777.0","Spain","SUMMER10"
"539415","84029E","RED WOOLLY HOTTIE WHITE HEART","4","2011-01-24 12:15:00","3.75","16029.0","Australia",""
"539416","85099B","JUMBO BAG RED RETROSPOT","3","2011-01-07 08:28:00","1.91","15291.0","Spain",""
"539417","21730","GLASS STAR FROSTED T-LIGHT HOLDER","9","2011-01-28 10:32:00","4.28","12583.0","Germany","SUMMER10"
"539417","84406B","CREAM CUPID HEARTS COAT HANGER","1","2011-01-28 10:32:00","3.04","12583.0","Germany",""
"539418","84029G","KNITTED UNION FLAG HOT WATER BOTTLE","2","2010-12-16 12:19:00","3.4","14096.0","Netherlands","NEWCUST"
"539418","21730","GLASS STAR FROSTED T-LIGHT HOLDER","12","2010-12-16 12:19:00","4.5","14096.0","Netherlands",""
"539419","85099B","JUMBO BAG RED RETROSPOT","1","2010-12-13 14:36:00","2.08","16029.0","Australia","NEWCUST"
"539420","84406B","CREAM CUPID HEARTS COAT HANGER","6","2010-12-02 15:25:00","3.0","17850.0","Australia",""
"539420","21730","GLASS STAR FROSTED T-LIGHT HOLDER","3","2010-12-02 15:25:00","4.69","17850.0","Australia",""
"539421","22752","SET 7 BABUSHKA NESTING BOXES","2","2011-01-25 12:10:00","7.91","13047.0","Belgium","NEWCUST"
"539421","22632","HAND WARMER RED POLKA DOT","7","2011-01-25 12:10:00","2.16","13047.0","Belgium",""
"539422","71053","WHITE METAL LANTERN","10","2010-12-14 11:15:00","3.71","14096.0","EIRE","BULK5"
"539422","84029G","KNITTED UNION FLAG HOT WATER BOTTLE","4","2010-12-14 11:15:00","3.77","14096.0","EIRE","BULK5"
"539422","85099B","JUMBO BAG RED RETROSPOT","5","2010-12-14 11:15:00","1.78","14096.0","EIRE","SUMMER10"
"539422","47566","PARTY BUNTING","12","2010-12-14 11:15:00","4.97","14096.0","EIRE","BULK5"
"539423","22752","SET 7 BABUSHKA NESTING BOXES","12","2011-01-12 09:20:00","7.58","17850.0","France",""
"539423","22752","SET 7 BABUSHKA NESTING BOXES","11","2011-01-12 09:20:00","8.13","17850.0","France","SUMMER10"
"539424","84029E","RED WOOLLY HOTTIE WHITE HEART","5","2010-12-16 10:07:00","3.87","17850.0","Belgium",""
"539425","21730","GLASS STAR FROSTED T-LIGHT HOLDER","10","2011-01-08 16:45:00","4.17","14606.0","Spain",""
"539425","22752","SET 7 BABUSHKA NESTING BOXES","3","2011-01-08 16:45:00","7.65","14606.0","Spain","BULK5"
"539425","85123A","WHITE HANGING HEART T-LIGHT HOLDER","5","2011-01-08 16:45:00","2.6","14606.0","Spain",""
"539426","22752","SET 7 BABUSHKA NESTING BOXES","6","2010-12-10 09:17:00","7.8","13047.0","Spain",""
"539427","85123A","WHITE HANGING HEART T-LIGHT HOLDER","1","2011-01-12 15:09:00","2.78","13777.0","Netherlands","SUMMER10"
"539427","22752","SET 7 BABUSHKA NESTING BOXES","1","2011-01-12 15:09:00","8.13","13777.0","Netherlands",""
"539427","85123A","WHITE HANGING HEART T-LIGHT HOLDER","5","2011-01-12 15:09:00","2.66","13777.0","Netherlands",""
"539428","84029G","KNITTED UNION FLAG HOT WATER BOTTLE","2","2011-01-02 13:11:00","3.49","12583.0","Spain",""
"539428","47566","PARTY BUNTING","9","2011-01-02 13:11:00","4.97","12583.0","Spain","BULK5"
"539428","84406B","CREAM CUPID HEARTS COAT HANGER","5","2011-01-02 13:11:00","3.17","12583.0","Spain",""
"539429","21730","GLASS STAR FROSTED T-LIGHT HOLDER","2","2011-01-04 14:26:00","4.4","15311.0","Australia","SUMMER10"
"539429","71053","WHITE METAL LANTERN","1","2011-01-04 14:26:00","3.57","15311.0","Australia",""
"539429","85099B","JUMBO BAG RED RETROSPOT","12","2011-01-04 14:26:00","1.76","15311.0","Australia","SUMMER10"
"539430","22633","HAND WARMER UNION JACK","10","2011-01-07 09:23:00","2.19","16029.0","Spain",""
"539430","71053","WHITE METAL LANTERN","10","2011-01-07 09:23:00","3.89","16029.0","Spain",""
"539430","22633","HAND WARMER UNION JACK","3","2011-01-07 09:23:00","1.81","16029.0","Spain","NEWCUST"
"539431","21730","GLASS STAR FROSTED T-LIGHT HOLDER","12","2011-01-19 10:45:00","4.39","17850.0","Spain",""
"539431","22633","HAND WARMER UNION JACK","11","2011-01-19 10:45:00","1.99","17850.0","Spain",""
"539431","84029G","KNITTED UNION FLAG HOT WATER BOTTLE","9","2011-01-19 10:45:00","3.59","17850.0","Spain","BULK5"
"539431","22632","HAND WARMER RED POLKA DOT","1","2011-01-19 10:45:00","1.94","17850.0","Spain",""
"539432","85099B","JUMBO BAG RED RETROSPOT","9","2010-12-10 14:21:00","1.88","15311.0","Spain",""
"539432","21730","GLASS STAR FROSTED T-LIGHT HOLDER","9","2010-12-10 14:21:00","4.47","15311.0","Spain",""
"539433","85123A","WHITE HANGING HEART T-LIGHT HOLDER","3","2011-01-02 13:03:00","2.94","15291.0","United Kingdom",""
"539433","47566","PARTY BUNTING","1","2011-01-02 13:03:00","5.38","15291.0","United Kingdom",""
"539433","21730","GLASS STAR FROSTED T-LIGHT HOLDER","6","2011-01-02 13:03:00","4.7","15291.0","United Kingdom","BULK5"
"539434","22632","HAND WARMER RED POLKA DOT","7","2011-01-01 11:23:00","2.02","12583.0","Australia","BULK5"
"539435","71053","WHITE METAL LANTERN","6","2011-01-03 14:36:00","3.31","15291.0","Netherlands",""
"539436","84029G","KNITTED UNION FLAG HOT WATER BOTTLE","8","2011-01-20 09:40:00","3.34","16029.0","United Kingdom",""
"539436","84406B","CREAM CUPID HEARTS COAT HANGER","9","2011-01-20 09:40:00","2.79","16029.0","United Kingdom",""
"539437","20685","DOORMAT RED RETROSPOT","7","2010-12-10 15:12:00","7.48","17850.0","United Kingdom",""
"539438","47566","PARTY BUNTING","5","2011-01-14 16:48:00","5.39","17809.0","EIRE","NEWCUST"
"539438","71053","WHITE METAL LANTERN","5","2011-01-14 16:48:00","3.43","17809.0","EIRE","BULK5"
"539438","22752","SET 7 BABUSHKA NESTING BOXES","10","2011-01-14 16:48:00","7.85","17809.0","EIRE",""
"539438","84029E","RED WOOLLY HOTTIE WHITE HEART","12","2011-01-14 16:48:00","3.36","17809.0","EIRE",""
"539439","22632","HAND WARMER RED POLKA DOT","11","2011-01-06 10:49:00","2.29","15291.0","France",""
"539439","20685","DOORMAT RED RETROSPOT","1","2011-01-06 10:49:00","7.55","15291.0","France","BULK5"
"539440","21730","GLASS STAR FROSTED T-LIGHT HOLDER","12","2011-01-21 12:03:00","4.59","16029.0","Spain",""
"539440","22633","HAND WARMER UNION JACK","9","2011-01-21 12:03:00","1.89","16029.0","Spain",""
"539440","85123A","WHITE HANGING HEART T-LIGHT HOLDER","4","2011-01-21 12:03:00","2.82","16029.0","Spain",""
"539440","47566","PARTY BUNTING","7","2011-01-21 12:03:00","5.28","16029.0","Spain",""
"539441","22633","HAND WARMER UNION JACK","4","2010-12-12 10:12:00","2.09","13047.0","Australia","BULK5"
"539441","85123A","WHITE HANGING HEART T-LIGHT HOLDER","4","2010-12-12 10:12:00","2.83","13047.0","Australia",""
"539441","22752","SET 7 BABUSHKA NESTING BOXES","1","2010-12-12 10:12:00","7.99","13047.0","Australia",""
"539441","20685","DOORMAT RED RETROSPOT","8","2010-12-12 10:12:00","7.01","13047.0","Australia",""
"539442","47566","PARTY BUNTING","9","2011-01-26 08:11:00","4.87","13777.0","United Kingdom",""
"539442","71053","WHITE METAL LANTERN","3","2011-01-26 08:11:00","3.87","13777.0","United Kingdom",""
"539442","85099B","JUMBO BAG RED RETROSPOT","2","2011-01-26 08:11:00","1.79","13777.0","United Kingdom",""
"539442","84029E","RED WOOLLY HOTTIE WHITE HEART","12","2011-01-26 08:11:00","3.64","13777.0","United Kingdom","SUMMER10"
"539443","47566","PARTY BUNTING","10","2010-12-04 08:14:00","5.36","17809.0","Belgium",""
"539443","21730","GLASS STAR FROSTED T-LIGHT HOLDER","9","2010-12-04 08:14:00","4.68","17809.0","Belgium",""
"539444","85099B","JUMBO BAG RED RETROSPOT","2","2011-01-29 15:06:00","1.67","14606.0","EIRE","NEWCUST"
"539444","71053","WHITE METAL LANTERN","4","2011-01-29 15:06:00","3.64","14606.0","EIRE",""
"539444","20685","DOORMAT RED RETROSPOT","10","2011-01-29 15:06:00","7.07","14606.0","EIRE",""
"539445","85123A","WHITE HANGING HEART T-LIGHT HOLDER","3","2010-12-07 14:09:00","2.71","15291.0","Belgium",""
"539445","20685","DOORMAT RED RETROSPOT","4","2010-12-07 14:09:00","7.25","15291.0","Belgium","SUMMER10"
"539445","22752","SET 7 BABUSHKA NESTING BOXES","8","2010-12-07 14:09:00","8.02","15291.0","Belgium",""
"539446","84029E","RED WOOLLY HOTTIE WHITE HEART","8","2011-01-08 10:48:00","3.36","14096.0","United Kingdom","BULK5"
"539446","84029G","KNITTED UNION FLAG HOT WATER BOTTLE","6","2011-01-08 10:48:00","3.35","14096.0","United Kingdom","BULK5"
"539446","22752","SET 7 BABUSHKA NESTING BOXES","10","2011-01-08 10:48:00","7.75","14096.0","United Kingdom",""
"539447","22633","HAND WARMER UNION JACK","7","2011-01-18 11:50:00","2.14","14606.0","Spain","BULK5"
"539447","71053","WHITE METAL LANTERN","12","2011-01-18 11:50:00","3.41","14606.0","Spain","SUMMER10"
"539448","47566","PARTY BUNTING","2","2010-12-03 12:37:00","5.15","14096.0","Netherlands",""
"539448","84029E","RED WOOLLY HOTTIE WHITE HEART","11","2010-12-03 12:37:00","3.68","14096.0","Netherlands",""
"539448","71053","WHITE METAL LANTERN","8","2010-12-03 12:37:00","3.57","14096.0","Netherlands",""
"539449","21730","GLASS STAR FROSTED T-LIGHT HOLDER","5","2010-12-28 13:34:00","4.43","13047.0","EIRE","SUMMER10"
"539449","84406B","CREAM CUPID HEARTS COAT HANGER","7","2010-12-28 13:34:00","2.67","13047.0","EIRE",""
"539450","21730","GLASS STAR FROSTED T-LIGHT HOLDER","10","2010-12-31 12:12:00","4.54","14606.0","United Kingdom",""
"539450","20685","DOORMAT RED RETROSPOT","7","2010-12-31 12:12:00","7.54","14606.0","United Kingdom","SUMMER10"
"539450","22752","SET 7 BABUSHKA NESTING BOXES","5","2010-12-31 12:12:00","8.0","14606.0","United Kingdom","NEWCUST"
"539450","21730","GLASS STAR FROSTED T-LIGHT HOLDER","4","2010-12-31 12:12:00","4.35","14606.0","United Kingdom",""
"539451","85099B","JUMBO BAG RED RETROSPOT","9","2010-12-03 13:12:00","1.81","15311.0","Netherlands",""
"539452","47566","PARTY BUNTING","2","2010-12-14 10:45:00","5.25","17809.0","France",""
"539452","47566","PARTY BUNTING","7","2010-12-14 10:45:00","5.17","17809.0","France","SUMMER10"
"539452","84406B","CREAM CUPID HEARTS COAT HANGER","7","2010-12-14 10:45:00","3.11","17809.0","France","BULK5"
"539452","47566","PARTY BUNTING","1","2010-12-14 10:45:00","5.29","17809.0","France",""
"539453","22633","HAND WARMER UNION JACK","5","2011-01-11 16:12:00","1.77","15311.0","Spain","BULK5"
"539453","22752","SET 7 BABUSHKA NESTING BOXES","12","2011-01-11 16:12:00","7.75","15311.0","Spain",""
"539453","22632","HAND WARMER RED POLKA DOT","5","2011-01-11 16:12:00","2.17","15311.0","Spain","NEWCUST"
"539453","85123A","WHITE HANGING HEART T-LIGHT HOLDER","4","2011-01-11 16:12:00","3.04","15311.0","Spain",""
"539454","22633","HAND WARMER UNION JACK","7","2011-01-25 12:20:00","2.05","14606.0","France","NEWCUST"
"539454","84029G","KNITTED UNION FLAG HOT WATER BOTTLE","4","2011-01-25 12:20:00","3.48","14606.0","France",""
"539455","21730","GLASS STAR FROSTED T-LIGHT HOLDER","7","2010-12-31 11:33:00","4.69","13777.0","United Kingdom",""
"539455","84029G","KNITTED UNION FLAG HOT WATER BOTTLE","8","2010-12-31 11:33:00","3.6","13777.0","United Kingdom",""
"539455","21730","GLASS STAR FROSTED T-LIGHT HOLDER","12","2010-12-31 11:33:00","4.57","13777.0","United Kingdom","NEWCUST"
"539455","21730","GLASS STAR FROSTED T-LIGHT HOLDER","8","2010-12-31 11:33:00","4.21","13777.0","United Kingdom","NEWCUST"
"539456","85099B","JUMBO BAG RED RETROSPOT","3","2010-12-12 08:38:00","1.69","15311.0","Germany",""
"539456","84406B","CREAM CUPID HEARTS COAT HANGER","12","2010-12-12 08:38:00","2.9","15311.0","Germany",""
"539456","22633","HAND WARMER UNION JACK","3","2010-12-12 08:38:00","1.85","15311.0","Germany","NEWCUST"
"539456","21730","GLASS STAR FROSTED T-LIGHT HOLDER","8","2010-12-12 08:38:00","4.24","15311.0","Germany","BULK5"
"539457","22752","SET 7 BABUSHKA NESTING BOXES","11","2011-01-24 08:29:00","7.99","16029.0","France",""
"539457","71053","WHITE METAL LANTERN","9","2011-01-24 08:29:00","3.78","16029.0","France",""
"539458","84029E","RED WOOLLY HOTTIE WHITE HEART","5","2011-01-25 15:28:00","3.56","17809.0","Netherlands","NEWCUST"
"539459","47566","PARTY BUNTING","3","2010-12-03 09:26:00","5.37","16029.0","Germany","SUMMER10"
"539459","47566","PARTY BUNTING","11","2010-12-03 09:26:00","5.17","16029.0","Germany","NEWCUST"
"539459","85123A","WHITE HANGING HEART T-LIGHT HOLDER","10","2010-12-03 09:26:00","2.98","16029.0","Germany",""
"539459","22752","SET 7 BABUSHKA NESTING BOXES","1","2010-12-03 09:26:00","8.1","16029.0","Germany",""
"539460","20685","DOORMAT RED RETROSPOT","2","2011-01-03 11:27:00","7.22","17850.0","Australia",""
"539460","84406B","CREAM CUPID HEARTS COAT HANGER","3","2011-01-03 11:27:00","2.75","17850.0","Australia",""
"539460","85099B","JUMBO BAG RED RETROSPOT","1","2011-01-03 11:27:00","1.58","17850.0","Australia","BULK5"
"539460","21730","GLASS STAR FROSTED T-LIGHT HOLDER","2","2011-01-03 11:27:00","4.41","17850.0","Australia",""
"539461","22752","SET 7 BABUSHKA NESTING BOXES","1","2010-12-15 10:39:00","7.98","14606.0","EIRE","NEWCUST"
"539461","84029E","RED WOOLLY HOTTIE WHITE HEART","7","2010-12-15 10:39:00","3.3","14606.0","EIRE",""
"539461","71053","WHITE METAL LANTERN","6","2010-12-15 10:39:00","3.77","14606.0","EIRE","SUMMER10"
"539462","47566","PARTY BUNTING","11","2010-12-31 10:34:00","5.17","17850.0","Belgium","NEWCUST"
"539462","21730","GLASS STAR FROSTED T-LIGHT HOLDER","6","2010-12-31 10:34:00","4.46","17850.0","Belgium","BULK5"
"539462","85123A","WHITE HANGING HEART T-LIGHT HOLDER","10","2010-12-31 10:34:00","2.76","17850.0","Belgium","BULK5"
"539462","21730","GLASS STAR FROSTED T-LIGHT HOLDER","7","2010-12-31 10:34:00","4.54","17850.0","Belgium",""
"539463","21730","GLASS STAR FROSTED T-LIGHT HOLDER","6","2010-12-02 15:45:00","4.39","17809.0","Belgium",""
"539464","22633","HAND WARMER UNION JACK","2","2010-12-24 09:58:00","2.33","13777.0","Netherlands",""
"539464","84406B","CREAM CUPID HEARTS COAT HANGER","3","2010-12-24 09:58:00","2.84","13777.0","Netherlands",""
"539465","22752","SET 7 BABUSHKA NESTING BOXES","4","2011-01-28 08:40:00","7.89","17850.0","Germany","SUMMER10"
"539465","84029E","RED WOOLLY HOTTIE WHITE HEART","1","2011-01-28 08:40:00","3.32","17850.0","Germany",""
"539465","20685","DOORMAT RED RETROSPOT","5","2011-01-28 08:40:00","7.14","17850.0","Germany",""
"539466","85123A","WHITE HANGING HEART T-LIGHT HOLDER","9","2011-01-30 11:21:00","2.91","14096.0","Australia","NEWCUST"
"539467","22632","HAND WARMER RED POLKA DOT","7","2011-01-20 14:20:00","2.16","17850.0","United Kingdom","NEWCUST"
"539467","85099B","JUMBO BAG RED RETROSPOT","10","2011-01-20 14:20:00","1.66","17850.0","United Kingdom","NEWCUST"
"539467","84029G","KNITTED UNION FLAG HOT WATER BOTTLE","8","2011-01-20 14:20:00","3.65","17850.0","United Kingdom","SUMMER10"
"539467","21730","GLASS STAR FROSTED T-LIGHT HOLDER","4","2011-01-20 14:20:00","4.47","17850.0","United Kingdom",""
"539468","47566","PARTY BUNTING","1","2011-01-29 15:09:00","5.38","16029.0","Belgium",""
"539468","84029E","RED WOOLLY HOTTIE WHITE HEART","4","2011-01-29 15:09:00","3.69","16029.0","Belgium",""
"539468","22632","HAND WARMER RED POLKA DOT","11","2011-01-29 15:09:00","2.28","16029.0","Belgium",""
"539468","84406B","CREAM CUPID HEARTS COAT HANGER","9","2011-01-29 15:09:00","2.74","16029.0","Belgium",""
"539469","20685","DOORMAT RED RETROSPOT","4","2010-12-08 14:55:00","7.51","16029.0","EIRE",""
"539469","22632","HAND WARMER RED POLKA DOT","12","2010-12-08 14:55:00","2.05","16029.0","EIRE",""
"539469","22633","HAND WARMER UNION JACK","1","2010-12-08 14:55:00","1.94","16029.0","EIRE",""
"539469","21730","GLASS STAR FROSTED T-LIGHT HOLDER","9","2010-12-08 14:55:00","4.27","16029.0","EIRE","NEWCUST"
"539470","85099B","JUMBO BAG RED RETROSPOT","7","2011-01-22 16:52:00","1.79","14606.0","Netherlands",""
"539470","47566","PARTY BUNTING","2","2011-01-22 16:52:00","5.02","14606.0","Netherlands","BULK5"
"539471","22752","SET 7 BABUSHKA NESTING BOXES","6","2010-12-10 13:41:00","7.96","14606.0","Netherlands",""
"539471","84406B","CREAM CUPID HEARTS COAT HANGER","12","2010-12-10 13:41:00","3.15","14606.0","Netherlands",""
"539471","22752","SET 7 BABUSHKA NESTING BOXES","11","2010-12-10 13:41:00","7.69","14606.0","Netherlands",""
"539472","22632","HAND WARMER RED POLKA DOT","3","2011-01-10 15:23:00","1.9","17809.0","Belgium",""
"539472","84029G","KNITTED UNION FLAG HOT WATER BOTTLE","5","2011-01-10 15:23:00","3.35","17809.0","Belgium",""
"539472","20685","DOORMAT RED RETROSPOT","6","2011-01-10 15:23:00","7.32","17809.0","Belgium",""
"539472","84029G","KNITTED UNION FLAG HOT WATER BOTTLE","7","2011-01-10 15:23:00","3.53","17809.0","Belgium",""
"539473","47566","PARTY BUNTING","2","2011-01-16 16:10:00","5.39","13777.0","EIRE",""
"539473","22752","SET 7 BABUSHKA NESTING BOXES","1","2011-01-16 16:10:00","8.06","13777.0","EIRE","NEWCUST"
"539473","71053","WHITE METAL LANTERN","7","2011-01-16 16:10:00","3.37","13777.0","EIRE",""
"539474","85123A","WHITE HANGING HEART T-LIGHT HOLDER","6","2010-12-18 10:36:00","2.74","13777.0","Spain",""
"539474","22632","HAND WARMER RED POLKA DOT","10","2010-12-18 10:36:00","1.96","13777.0","Spain",""
"539474","85099B","JUMBO BAG RED RETROSPOT","12","2010-12-18 10:36:00","2.04","13777.0","Spain","BULK5"
"539475","22633","HAND WARMER UNION JACK","3","2011-01-09 14:51:00","1.98","14606.0","France",""
"539475","71053","WHITE METAL LANTERN","10","2011-01-09 14:51:00","3.67","14606.0","France",""
"539475","84406B","CREAM CUPID HEARTS COAT HANGER","4","2011-01-09 14:51:00","3.13","14606.0","France",""
"539476","22752","SET 7 BABUSHKA NESTING BOXES","1","2011-01-03 11:14:00","7.74","17850.0","Netherlands",""
"539477","84029G","KNITTED UNION FLAG HOT WATER BOTTLE","6","2011-01-16 14:32:00","3.36","15291.0","EIRE",""
"539477","85123A","WHITE HANGING HEART T-LIGHT HOLDER","12","2011-01-16 14:32:00","2.57","15291.0","EIRE","NEWCUST"
"539477","22752","SET 7 BABUSHKA NESTING BOXES","10","2011-01-16 14:32:00","7.67","15291.0","EIRE",""
"539478","21730","GLASS STAR FROSTED T-LIGHT HOLDER","9","2011-01-02 16:22:00","4.73","15311.0","Belgium","BULK5"
"539478","85099B","JUMBO BAG RED RETROSPOT","2","2011-01-02 16:22:00","2.04","15311.0","Belgium",""
"539478","20685","DOORMAT RED RETROSPOT","4","2011-01-02 16:22:00","7.46","15311.0","Belgium",""
"539479","85099B","JUMBO BAG RED RETROSPOT","8","2011-01-09 10:30:00","1.87","12583.0","Spain","BULK5"
"539479","21730","GLASS STAR FROSTED T-LIGHT HOLDER","9","2011-01-09 10:30:00","4.19","12583.0","Spain","BULK5"
"539479","71053","WHITE METAL LANTERN","5","2011-01-09 10:30:00","3.44","12583.0","Spain","BULK5"
"539479","85123A","WHITE HANGING HEART T-LIGHT HOLDER","5","2011-01-09 10:30:00","2.55","12583.0","Spain",""
"539480","85099B","JUMBO BAG RED RETROSPOT","11","2011-01-03 12:58:00","2.04","14096.0","Australia",""
"539480","47566","PARTY BUNTING","1","2011-01-03 12:58:00","4.88","14096.0","Australia","SUMMER10"
"539481","21730","GLASS STAR FROSTED T-LIGHT HOLDER","10","2010-12-10 10:39:00","4.49","15311.0","United Kingdom","BULK5"
"539481","71053","WHITE METAL LANTERN","12","2010-12-10 10:39:00","3.79","15311.0","United Kingdom",""
"539481","20685","DOORMAT RED RETROSPOT","5","2010-12-10 10:39:00","7.17","15311.0","United Kingdom","NEWCUST"
"539481","21730","GLASS STAR FROSTED T-LIGHT HOLDER","3","2010-12-10 10:39:00","4.34","15311.0","United Kingdom",""
"539482","20685","DOORMAT RED RETROSPOT","7","2011-01-10 14:19:00","7.42","13047.0","Netherlands",""
"539482","22752","SET 7 BABUSHKA NESTING BOXES","4","2011-01-10 14:19:00","7.94","13047.0","Netherlands","SUMMER10"
"539483","20685","DOORMAT RED RETROSPOT","12","2010-12-02 12:28:00","7.25","14606.0","Spain",""
"539483","71053","WHITE METAL LANTERN","6","2010-12-02 12:28:00","3.39","14606.0","Spain",""
"539484","84406B","CREAM CUPID HEARTS COAT HANGER","6","2011-01-05 16:20:00","3.25","12583.0","Belgium",""
"539484","85123A","WHITE HANGING HEART T-LIGHT HOLDER","3","2011-01-05 16:20:00","2.98","12583.0","Belgium",""
"539484","22633","HAND WARMER UNION JACK","4","2011-01-05 16:20:00","2.34","12583.0","Belgium",""
"539484","85123A","WHITE HANGING HEART T-LIGHT HOLDER","5","2011-01-05 16:20:00","2.98","12583.0","Belgium",""
"539485","85123A","WHITE HANGING HEART T-LIGHT HOLDER","2","2011-01-11 11:38:00","2.75","15291.0","Australia","NEWCUST"
"539485","22632","HAND WARMER RED POLKA DOT","5","2011-01-11 11:38:00","2.2","15291.0","Australia","SUMMER10"
"539485","84029G","KNITTED UNION FLAG HOT WATER BOTTLE","12","2011-01-11 11:38:00","3.76","15291.0","Australia","SUMMER10"
"539485","71053","WHITE METAL LANTERN","1","2011-01-11 11:38:00","3.41","15291.0","Australia",""
"539486","47566","PARTY BUNTING","1","2011-01-20 13:21:00","5.3","12583.0","France","SUMMER10"
"539487","84029G","KNITTED UNION FLAG HOT WATER BOTTLE","12","2010-12-14 13:41:00","3.32","12583.0","France","BULK5"
"539487","21730","GLASS STAR FROSTED T-LIGHT HOLDER","8","2010-12-14 13:41:00","4.5","12583.0","France","BULK5"
"539487","84406B","CREAM CUPID HEARTS COAT HANGER","9","2010-12-14 13:41:00","3.05","12583.0","France","SUMMER10"
"539487","21730","GLASS STAR FROSTED T-LIGHT HOLDER","7","2010-12-14 13:41:00","4.6","12583.0","France","BULK5"
"539488","85099B","JUMBO BAG RED RETROSPOT","5","2011-01-10 16:11:00","1.89","13047.0","Germany","NEWCUST"
"539488","84029G","KNITTED UNION FLAG HOT WATER BOTTLE","12","2011-01-10 16:11:00","3.38","13047.0","Germany","NEWCUST"
"539488","85099B","JUMBO BAG RED RETROSPOT","4","2011-01-10 16:11:00","1.65","13047.0","Germany",""
"539488","22633","HAND WARMER UNION JACK","11","2011-01-10 16:11:00","2.3","13047.0","Germany",""
"539489","22632","HAND WARMER RED POLKA DOT","4","2011-01-07 11:23:00","1.97","14096.0","Netherlands","SUMMER10"
"539489","85123A","WHITE HANGING HEART T-LIGHT HOLDER","12","2011-01-07 11:23:00","2.57","14096.0","Netherlands","NEWCUST"
"539489","21730","GLASS STAR FROSTED T-LIGHT HOLDER","8","2011-01-07 11:23:00","4.48","14096.0","Netherlands",""
"539490","85123A","WHITE HANGING HEART T-LIGHT HOLDER","2","2010-12-08 09:15:00","2.94","14096.0","Belgium",""
"539490","84029E","RED WOOLLY HOTTIE WHITE HEART","5","2010-12-08 09:15:00","3.36","14096.0","Belgium","SUMMER10"
"539490","84029E","RED WOOLLY HOTTIE WHITE HEART","9","2010-12-08 09:15:00","3.82","14096.0","Belgium",""
"539490","22632","HAND WARMER RED POLKA DOT","10","2010-12-08 09:15:00","2.31","14096.0","Belgium",""
"539491","84029E","RED WOOLLY HOTTIE WHITE HEART","5","2010-12-26 09:46:00","3.86","14096.0","Australia","NEWCUST"
"539491","22632","HAND WARMER RED POLKA DOT","10","2010-12-26 09:46:00","1.78","14096.0","Australia",""
"539492","84029G","KNITTED UNION FLAG HOT WATER BOTTLE","11","2010-12-15 08:04:00","3.84","16029.0","Australia","SUMMER10"
"539492","85123A","WHITE HANGING HEART T-LIGHT HOLDER","6","2010-12-15 08:04:00","2.88","16029.0","Australia",""
"539493","47566","PARTY BUNTING","2","2011-01-16 12:14:00","5.28","16029.0","Belgium",""
"539494","85099B","JUMBO BAG RED RETROSPOT","9","2010-12-28 15:19:00","1.94","15291.0","Belgium",""
"539494","22752","SET 7 BABUSHKA NESTING BOXES","9","2010-12-28 15:19:00","7.78","15291.0","Belgium","BULK5"
"539494","71053","WHITE METAL LANTERN","9","2010-12-28 15:19:00","3.58","15291.0","Belgium",""
"539495","84406B","CREAM CUPID HEARTS COAT HANGER","3","2011-01-01 08:45:00","2.83","17809.0","Belgium",""
"539496","84029G","KNITTED UNION FLAG HOT WATER BOTTLE","1","2011-01-01 09:52:00","3.68","13777.0","France",""
"539496","22633","HAND WARMER UNION JACK","7","2011-01-01 09:52:00","1.82","13777.0","France",""
"539496","85099B","JUMBO BAG RED RETROSPOT","12","2011-01-01 09:52:00","1.57","13777.0","France",""
"539497","71053","WHITE METAL LANTERN","3","2010-12-13 12:57:00","3.41","15311.0","Germany","NEWCUST"
"539497","20685","DOORMAT RED RETROSPOT","2","2010-12-13 12:57:00","7.2","15311.0","Germany","NEWCUST"
"539497","84029G","KNITTED UNION FLAG HOT WATER BOTTLE","4","2010-12-13 12:57:00","3.57","15311.0","Germany","NEWCUST"
"539498","84029E","RED WOOLLY HOTTIE WHITE HEART","7","2011-01-26 15:56:00","3.57","14606.0","Australia","BULK5"
"539498","20685","DOORMAT RED RETROSPOT","9","2011-01-26 15:56:00","7.34","14606.0","Australia","NEWCUST"
"539498","85123A","WHITE HANGING HEART T-LIGHT HOLDER","1","2011-01-26 15:56:00","2.48","14606.0","Australia",""
"539498","84406B","CREAM CUPID HEARTS COAT HANGER","1","2011-01-26 15:56:00","2.88","14606.0","Australia","BULK5"
"539499","84406B","CREAM CUPID HEARTS COAT HANGER","3","2011-01-28 09:43:00","3.23","13777.0","Australia",""
"539500","71053","WHITE METAL LANTERN","7","2010-12-09 12:53:00","3.54","14606.0","Spain",""
"539501","47566","PARTY BUNTING","6","2011-01-08 16:50:00","5.05","12583.0","Australia",""
"539502","84029G","KNITTED UNION FLAG HOT WATER BOTTLE","5","2010-12-23 14:33:00","3.78","13777.0","Netherlands","BULK5"
"539502","85099B","JUMBO BAG RED RETROSPOT","3","2010-12-23 14:33:00","1.82","13777.0","Netherlands",""
"539502","22632","HAND WARMER RED POLKA DOT","10","2010-12-23 14:33:00","1.87","13777.0","Netherlands",""
"539503","21730","GLASS STAR FROSTED T-LIGHT HOLDER","3","2011-01-26 11:12:00","4.72","15311.0","EIRE",""
"539503","22632","HAND WARMER RED POLKA DOT","10","2011-01-26 11:12:00","2.34","15311.0","EIRE",""
"539503","85123A","WHITE HANGING HEART T-LIGHT HOLDER","1","2011-01-26 11:12:00","2.94","15311.0","EIRE",""
"539504","85099B","JUMBO BAG RED RETROSPOT","11","2010-12-31 14:43:00","1.6","15291.0","EIRE","NEWCUST"
"539505","20685","DOORMAT RED RETROSPOT","3","2011-01-30 11:11:00","7.02","15311.0","Australia",""
"539505","20685","DOORMAT RED RETROSPOT","11","2011-01-30 11:11:00","7.1","15311.0","Australia","BULK5"
"539505","47566","PARTY BUNTING","10","2011-01-30 11:11:00","5.07","15311.0","Australia","BULK5"
"539506","22752","SET 7 BABUSHKA NESTING BOXES","6","2010-12-16 12:46:00","8.12","17850.0","Germany","NEWCUST"
"539506","22752","SET 7 BABUSHKA NESTING BOXES","1","2010-12-16 12:46:00","7.61","17850.0","Germany",""
"539506","84029G","KNITTED UNION FLAG HOT WATER BOTTLE","1","2010-12-16 12:46:00","3.7","17850.0","Germany",""
"539507","47566","PARTY BUNTING","1","2010-12-12 10:53:00","4.88","17850.0","United Kingdom",""
"539507","22633","HAND WARMER UNION JACK","4","2010-12-12 10:53:00","2.04","17850.0","United Kingdom","NEWCUST"
"539508","84029E","RED WOOLLY HOTTIE WHITE HEART","5","2010-12-24 08:48:00","3.73","17809.0","Netherlands",""
"539508","21730","GLASS STAR FROSTED T-LIGHT HOLDER","3","2010-12-24 08:48:00","4.25","17809.0","Netherlands",""
"539508","85123A","WHITE HANGING HEART T-LIGHT HOLDER","11","2010-12-24 08:48:00","2.57","17809.0","Netherlands",""
"539508","47566","PARTY BUNTING","10","2010-12-24 08:48:00","5.05","17809.0","Netherlands","NEWCUST"
"539509","47566","PARTY BUNTING","10","2010-12-03 10:38:00","4.91","15291.0","EIRE",""
"539509","20685","DOORMAT RED RETROSPOT","3","2010-12-03 10:38:00","7.36","15291.0","EIRE","BULK5"
"539509","22632","HAND WARMER RED POLKA DOT","1","2010-12-03 10:38:00","1.85","15291.0","EIRE","BULK5"
"539510","20685","DOORMAT RED RETROSPOT","2","2011-01-15 08:05:00","7.22","14606.0","Belgium",""
"539510","84406B","CREAM CUPID HEARTS COAT HANGER","9","2011-01-15 08:05:00","3.02","14606.0","Belgium","BULK5"
"539511","85099B","JUMBO BAG RED RETROSPOT","6","2011-01-04 09:50:00","2.11","17850.0","EIRE",""
"539511","85123A","WHITE HANGING HEART T-LIGHT HOLDER","8","2011-01-04 09:50:00","2.78","17850.0","EIRE",""
"539511","21730","GLASS STAR FROSTED T-LIGHT HOLDER","2","2011-01-04 09:50:00","4.62","17850.0","EIRE","BULK5"
"539511","85099B","JUMBO BAG RED RETROSPOT","1","2011-01-04 09:50:00","1.87","17850.0","EIRE",""
"539512","20685","DOORMAT RED RETROSPOT","10","2010-12-08 15:27:00","7.08","17850.0","United Kingdom","SUMMER10"
"539512","20685","DOORMAT RED RETROSPOT","10","2010-12-08 15:27:00","7.35","17850.0","United Kingdom","NEWCUST"
"539512","85123A","WHITE HANGING HEART T-LIGHT HOLDER","8","2010-12-08 15:27:00","2.54","17850.0","United Kingdom",""
"539513","85099B","JUMBO BAG RED RETROSPOT","9","2011-01-16 08:52:00","2.03","16029.0","United Kingdom",""
"539513","84406B","CREAM CUPID HEARTS COAT HANGER","6","2011-01-16 08:52:00","3.17","16029.0","United Kingdom",""
"539513","84029E","RED WOOLLY HOTTIE WHITE HEART","7","2011-01-16 08:52:00","3.41","16029.0","United Kingdom","NEWCUST"
"539513","22632","HAND WARMER RED POLKA DOT","10","2011-01-16 08:52:00","2.35","16029.0","United Kingdom",""
"539514","84029G","KNITTED UNION FLAG HOT WATER BOTTLE","5","2011-01-24 12:54:00","3.36","12583.0","Belgium",""
"539514","47566","PARTY BUNTING","10","2011-01-24 12:54:00","5.21","12583.0","Belgium","BULK5"
"539514","22752","SET 7 BABUSHKA NESTING BOXES","6","2011-01-24 12:54:00","7.73","12583.0","Belgium",""
"539514","47566","PARTY BUNTING","6","2011-01-24 12:54:00","5.37","12583.0","Belgium",""
"539515","84406B","CREAM CUPID HEARTS COAT HANGER","12","2011-01-16 15:08:00","3.1","14096.0","Germany",""
"539515","85123A","WHITE HANGING HEART T-LIGHT HOLDER","3","2011-01-16 15:08:00","2.93","14096.0","Germany",""
"539516","84029G","KNITTED UNION FLAG HOT WATER BOTTLE","11","2010-12-13 14:57:00","3.79","13777.0","Netherlands",""
"539516","47566","PARTY BUNTING","10","2010-12-13 14:57:00","5.04","13777.0","Netherlands","BULK5"
"539516","84029E","RED WOOLLY HOTTIE WHITE HEART","12","2010-12-13 14:57:00","3.52","13777.0","Netherlands",""
"539516","47566","PARTY BUNTING","7","2010-12-13 14:57:00","5.15","13777.0","Netherlands","NEWCUST"
"539517","21730","GLASS STAR FROSTED T-LIGHT HOLDER","10","2010-12-06 15:14:00","4.58","14096.0","EIRE",""
"539518","22632","HAND WARMER RED POLKA DOT","8","2010-12-21 14:48:00","2.2","15311.0","United Kingdom","NEWCUST"
"539518","84406B","CREAM CUPID HEARTS COAT HANGER","10","2010-12-21 14:48:00","3.23","15311.0","United Kingdom","BULK5"
"539518","47566","PARTY BUNTING","12","2010-12-21 14:48:00","5.31","15311.0","United Kingdom","SUMMER10"
"539519","71053","WHITE METAL LANTERN","3","2010-12-06 11:02:00","3.75","13047.0","EIRE",""
"539519","22752","SET 7 BABUSHKA NESTING BOXES","6","2010-12-06 11:02:00","8.1","13047.0","EIRE","SUMMER10"
"539519","71053","WHITE METAL LANTERN","8","2010-12-06 11:02:00","3.67","13047.0","EIRE",""
"539520","85099B","JUMBO BAG RED RETROSPOT","5","2011-01-22 14:26:00","1.6","17809.0","France",""
"539520","84029E","RED WOOLLY HOTTIE WHITE HEART","3","2011-01-22 14:26:00","3.65","17809.0","France","NEWCUST"
"539521","22632","HAND WARMER RED POLKA DOT","6","2011-01-10 08:25:00","2.08","14606.0","Belgium","NEWCUST"
"539522","47566","PARTY BUNTING","6","2011-01-28 12:40:00","5.21","15311.0","Spain",""
"539522","47566","PARTY BUNTING","6","2011-01-28 12:40:00","5.16","15311.0","Spain","BULK5"
"539522","85099B","JUMBO BAG RED RETROSPOT","4","2011-01-28 12:40:00","1.64","15311.0","Spain",""
"539522","22633","HAND WARMER UNION JACK","2","2011-01-28 12:40:00","1.81","15311.0","Spain",""
"539523","85123A","WHITE HANGING HEART T-LIGHT HOLDER","9","2010-12-31 10:53:00","2.85","13777.0","France",""
"539523","85099B","JUMBO BAG RED RETROSPOT","10","2010-12-31 10:53:00","2.04","13777.0","France",""
"539523","84029G","KNITTED UNION FLAG HOT WATER BOTTLE","6","2010-12-31 10:53:00","3.88","13777.0","France","BULK5"
"539523","22632","HAND WARMER RED POLKA DOT","2","2010-12-31 10:53:00","1.76","13777.0","France",""
"539524","21730","GLASS STAR FROSTED T-LIGHT HOLDER","5","2011-01-05 09:55:00","4.22","12583.0","Germany","BULK5"
"539524","20685","DOORMAT RED RETROSPOT","1","2011-01-05 09:55:00","7.32","12583.0","Germany","NEWCUST"
"539524","21730","GLASS STAR FROSTED T-LIGHT HOLDER","4","2011-01-05 09:55:00","4.67","12583.0","Germany","NEWCUST"
"539524","22752","SET 7 BABUSHKA NESTING BOXES","9","2011-01-05 09:55:00","8.13","12583.0","Germany","NEWCUST"
"539525","71053","WHITE METAL LANTERN","7","2010-12-10 13:39:00","3.3","13047.0","France","BULK5"
"539525","47566","PARTY BUNTING","10","2010-12-10 13:39:00","5.41","13047.0","France",""
"539525","47566","PARTY BUNTING","11","2010-12-10 13:39:00","5.18","13047.0","France",""
"539525","85123A","WHITE HANGING HEART T-LIGHT HOLDER","6","2010-12-10 13:39:00","2.84","13047.0","France","SUMMER10"
"539526","84029E","RED WOOLLY HOTTIE WHITE HEART","2","2011-01-16 15:56:00","3.66","17809.0","France","BULK5"
"539526","47566","PARTY BUNTING","2","2011-01-16 15:56:00","5.04","17809.0","France",""
"539526","84029E","RED WOOLLY HOTTIE WHITE HEART","11","2011-01-16 15:56:00","3.55","17809.0","France",""
"539527","84406B","CREAM CUPID HEARTS COAT HANGER","8","2010-12-30 13:35:00","2.77","15291.0","Australia","NEWCUST"
"539528","85123A","WHITE HANGING HEART T-LIGHT HOLDER","1","2010-12-12 14:07:00","2.56","15311.0","France",""
"539528","85123A","WHITE HANGING HEART T-LIGHT HOLDER","4","2010-12-12 14:07:00","2.52","15311.0","France",""
"539528","84029E","RED WOOLLY HOTTIE WHITE HEART","12","2010-12-12 14:07:00","3.38","15311.0","France",""
"539528","20685","DOORMAT RED RETROSPOT","2","2010-12-12 14:07:00","7.01","15311.0","France","SUMMER10"
"539529","85123A","WHITE HANGING HEART T-LIGHT HOLDER","6","2011-01-18 08:49:00","2.57","16029.0","United Kingdom",""
"539530","20685","DOORMAT RED RETROSPOT","10","2011-01-19 15:08:00","7.09","13047.0","Belgium",""
"539531","22633","HAND WARMER UNION JACK","5","2011-01-11 16:15:00","2.0","12583.0","France","BULK5"
"539531","84406B","CREAM CUPID HEARTS COAT HANGER","1","2011-01-11 16:15:00","2.93","12583.0","France",""
"539532","22752","SET 7 BABUSHKA NESTING BOXES","12","2011-01-01 09:30:00","7.83","16029.0","Germany","BULK5"
"539532","22632","HAND WARMER RED POLKA DOT","4","2011-01-01 09:30:00","2.01","16029.0","Germany",""
"539533","84029G","KNITTED UNION FLAG HOT WATER BOTTLE","12","2011-01-29 14:25:00","3.56","17809.0","Australia","BULK5"
"539533","20685","DOORMAT RED RETROSPOT","8","2011-01-29 14:25:00","7.1","17809.0","Australia","BULK5"
"539533","22752","SET 7 BABUSHKA NESTING BOXES","5","2011-01-29 14:25:00","8.1","17809.0","Australia","BULK5"
"539533","20685","DOORMAT RED RETROSPOT","5","2011-01-29 14:25:00","7.0","17809.0","Australia",""
"539534","22632","HAND WARMER RED POLKA DOT","11","2011-01-15 09:00:00","1.95","16029.0","Netherlands","NEWCUST"
"539535","84029G","KNITTED UNION FLAG HOT WATER BOTTLE","6","2011-01-23 13:23:00","3.85","17809.0","Germany","NEWCUST"
"539535","84029G","KNITTED UNION FLAG HOT WATER BOTTLE","6","2011-01-23 13:23:00","3.7","17809.0","Germany",""
"539535","84406B","CREAM CUPID HEARTS COAT HANGER","1","2011-01-23 13:23:00","2.93","17809.0","Germany",""
"539535","22633","HAND WARMER UNION JACK","10","2011-01-23 13:23:00","2.06","17809.0","Germany",""
"539536","20685","DOORMAT RED RETROSPOT","9","2011-01-21 15:21:00","7.45","12583.0","Spain","NEWCUST"
"539536","85099B","JUMBO BAG RED RETROSPOT","7","2011-01-21 15:21:00","2.02","12583.0","Spain","NEWCUST"
"539536","84406B","CREAM CUPID HEARTS COAT HANGER","4","2011-01-21 15:21:00","2.83","12583.0","Spain",""
"539536","21730","GLASS STAR FROSTED T-LIGHT HOLDER","3","2011-01-21 15:21:00","4.75","12583.0","Spain",""
"539537","22633","HAND WARMER UNION JACK","1","2011-01-19 16:44:00","1.96","13047.0","Belgium","SUMMER10"
"539537","22632","HAND WARMER RED POLKA DOT","2","2011-01-19 16:44:00","1.79","13047.0","Belgium","SUMMER10"
"539537","84029G","KNITTED UNION FLAG HOT WATER BOTTLE","5","2011-01-19 16:44:00","3.76","13047.0","Belgium",""
"539537","84029E","RED WOOLLY HOTTIE WHITE HEART","3","2011-01-19 16:44:00","3.64","13047.0","Belgium",""
"539538","85099B","JUMBO BAG RED RETROSPOT","9","2010-12-10 09:32:00","1.74","13047.0","EIRE",""
"539538","84406B","CREAM CUPID HEARTS COAT HANGER","2","2010-12-10 09:32:00","3.09","13047.0","EIRE",""
"539538","84029E","RED WOOLLY HOTTIE WHITE HEART","3","2010-12-10 09:32:00","3.32","13047.0","EIRE","SUMMER10"
"539539","85099B","JUMBO BAG RED RETROSPOT","9","2011-01-04 15:43:00","1.78","16029.0","United Kingdom",""
"539540","47566","PARTY BUNTING","6","2011-01-21 08:39:00","5.12","15291.0","France",""
"539540","85099B","JUMBO BAG RED RETROSPOT","2","2011-01-21 08:39:00","2.02","15291.0","France",""
"539540","85123A","WHITE HANGING HEART T-LIGHT HOLDER","2","2011-01-21 08:39:00","2.97","15291.0","France","BULK5"
"539540","22752","SET 7 BABUSHKA NESTING BOXES","4","2011-01-21 08:39:00","8.09","15291.0","France",""
"539541","20685","DOORMAT RED RETROSPOT","4","2011-01-07 15:52:00","7.34","14096.0","Australia","SUMMER10"
"539541","21730","GLASS STAR FROSTED T-LIGHT HOLDER","5","2011-01-07 15:52:00","4.44","14096.0","Australia",""
"539541","20685","DOORMAT RED RETROSPOT","10","2011-01-07 15:52:00","6.99","14096.0","Australia",""
"539542","84406B","CREAM CUPID HEARTS COAT HANGER","10","2010-12-16 13:02:00","2.72","12583.0","France","NEWCUST"
"539542","47566","PARTY BUNTING","4","2010-12-16 13:02:00","5.24","12583.0","France","SUMMER10"
"539542","84406B","CREAM CUPID HEARTS COAT HANGER","4","2010-12-16 13:02:00","3.0","12583.0","France","NEWCUST"
"539543","84029G","KNITTED UNION FLAG HOT WATER BOTTLE","2","2010-12-28 15:15:00","3.31","16029.0","Spain","SUMMER10"
"539544","85099B","JUMBO BAG RED RETROSPOT","11","2010-12-06 13:37:00","1.71","12583.0","Belgium",""
"539545","47566","PARTY BUNTING","6","2010-12-28 09:41:00","5.08","15291.0","Netherlands",""
"539546","84029E","RED WOOLLY HOTTIE WHITE HEART","9","2010-12-07 14:02:00","3.67","17809.0","Belgium",""
"539546","71053","WHITE METAL LANTERN","3","2010-12-07 14:02:00","3.66","17809.0","Belgium",""
"539547","84029G","KNITTED UNION FLAG HOT WATER BOTTLE","6","2010-12-12 09:06:00","3.87","15291.0","France","SUMMER10"
"539547","85099B","JUMBO BAG RED RETROSPOT","7","2010-12-12 09:06:00","1.61","15291.0","France",""
"539547","22752","SET 7 BABUSHKA NESTING BOXES","8","2010-12-12 09:06:00","7.56","15291.0","France",""
"539548","22633","HAND WARMER UNION JACK","9","2010-12-11 16:16:00","1.87","16029.0","France","SUMMER10"
"539548","71053","WHITE METAL LANTERN","7","2010-12-11 16:16:00","3.85","16029.0","France","BULK5"
"539548","47566","PARTY BUNTING","11","2010-12-11 16:16:00","5.36","16029.0","France","BULK5"
"539549","84406B","CREAM CUPID HEARTS COAT HANGER","7","2011-01-06 08:29:00","3.24","17809.0","Germany","NEWCUST"
"539549","85099B","JUMBO BAG RED RETROSPOT","12","2011-01-06 08:29:00","2.14","17809.0","Germany","NEWCUST"
"539549","20685","DOORMAT RED RETROSPOT","8","2011-01-06 08:29:00","7.02","17809.0","Germany","BULK5"
"539549","85099B","JUMBO BAG RED RETROSPOT","6","2011-01-06 08:29:00","1.78","17809.0","Germany",""
"539550","71053","WHITE METAL LANTERN","7","2011-01-28 16:55:00","3.51","13777.0","Netherlands",""
"539550","84029E","RED WOOLLY HOTTIE WHITE HEART","6","2011-01-28 16:55:00","3.77","13777.0","Netherlands",""
"539550","85123A","WHITE HANGING HEART T-LIGHT HOLDER","3","2011-01-28 16:55:00","2.75","13777.0","Netherlands","BULK5"
"539550","84029E","RED WOOLLY HOTTIE WHITE HEART","1","2011-01-28 16:55:00","3.73","13777.0","Netherlands","NEWCUST"
"539551","20685","DOORMAT RED RETROSPOT","8","2010-12-06 10:12:00","7.01","17850.0","Germany",""
"539551","21730","GLASS STAR FROSTED T-LIGHT HOLDER","10","2010-12-06 10:12:00","4.55","17850.0","Germany",""
"539552","84406B","CREAM CUPID HEARTS COAT HANGER","11","2010-12-11 14:21:00","3.03","13777.0","Netherlands",""
"539553","84029E","RED WOOLLY HOTTIE WHITE HEART","4","2010-12-23 10:47:00","3.63","14096.0","EIRE",""
"539554","84029E","RED WOOLLY HOTTIE WHITE HEART","12","2011-01-11 16:41:00","3.3","14096.0","Netherlands","SUMMER10"
"539554","21730","GLASS STAR FROSTED T-LIGHT HOLDER","12","2011-01-11 16:41:00","4.63","14096.0","Netherlands",""
"539555","84029G","KNITTED UNION FLAG HOT WATER BOTTLE","6","2010-12-22 16:16:00","3.63","13047.0","Belgium","NEWCUST"
"539555","85099B","JUMBO BAG RED RETROSPOT","2","2010-12-22 16:16:00","1.73","13047.0","Belgium",""
"539555","71053","WHITE METAL LANTERN","11","2010-12-22 16:16:00","3.59","13047.0","Belgium",""
"539556","20685","DOORMAT RED RETROSPOT","12","2011-01-28 14:50:00","7.5","15311.0","Spain",""
"539556","20685","DOORMAT RED RETROSPOT","11","2011-01-28 14:50:00","7.31","15311.0","Spain","SUMMER10"
"539557","71053","WHITE METAL LANTERN","12","2010-12-11 15:31:00","3.38","12583.0","Belgium","SUMMER10"
"539557","84406B","CREAM CUPID HEARTS COAT HANGER","1","2010-12-11 15:31:00","3.04","12583.0","Belgium",""
"539557","84029G","KNITTED UNION FLAG HOT WATER BOTTLE","12","2010-12-11 15:31:00","3.37","12583.0","Belgium","SUMMER10"
"539557","85123A","WHITE HANGING HEART T-LIGHT HOLDER","6","2010-12-11 15:31:00","2.71","12583.0","Belgium","NEWCUST"
"539558","84029E","RED WOOLLY HOTTIE WHITE HEART","6","2010-12-07 14:55:00","3.45","13777.0","Germany","SUMMER10"
"539559","20685","DOORMAT RED RETROSPOT","9","2010-12-05 15:13:00","7.37","17809.0","France","SUMMER10"
"539560","84406B","CREAM CUPID HEARTS COAT HANGER","8","2011-01-12 10:51:00","3.24","17850.0","Netherlands","BULK5"
"539560","85099B","JUMBO BAG RED RETROSPOT","2","2011-01-12 10:51:00","1.62","17850.0","Netherlands",""
"539560","22752","SET 7 BABUSHKA NESTING BOXES","3","2011-01-12 10:51:00","7.7","17850.0","Netherlands",""
"539560","20685","DOORMAT RED RETROSPOT","12","2011-01-12 10:51:00","7.34","17850.0","Netherlands","NEWCUST"
"539561","84406B","CREAM CUPID HEARTS COAT HANGER","5","2010-12-04 08:14:00","2.69","12583.0","France","SUMMER10"
"539561","22633","HAND WARMER UNION JACK","3","2010-12-04 08:14:00","2.16","12583.0","France",""
"539562","20685","DOORMAT RED RETROSPOT","12","2011-01-03 15:35:00","7.57","13047.0","France",""
"539563","47566","PARTY BUNTING","5","2010-12-01 10:01:00","5.04","13777.0","France",""
"539563","84029E","RED WOOLLY HOTTIE WHITE HEART","12","2010-12-01 10:01:00","3.54","13777.0","France",""
"539563","47566","PARTY BUNTING","1","2010-12-01 10:01:00","5.31","13777.0","France",""
"539564","84406B","CREAM CUPID HEARTS COAT HANGER","1","2011-01-13 14:35:00","2.92","13047.0","EIRE",""
"539564","22752","SET 7 BABUSHKA NESTING BOXES","3","2011-01-13 14:35:00","8.03","13047.0","EIRE",""
"539565","84029G","KNITTED UNION FLAG HOT WATER BOTTLE","5","2010-12-26 09:52:00","3.79","17850.0","France",""
"539565","47566","PARTY BUNTING","3","2010-12-26 09:52:00","5.27","17850.0","France","SUMMER10"
"539566","22752","SET 7 BABUSHKA NESTING BOXES","1","2010-12-30 12:51:00","7.65","16029.0","EIRE",""
"539566","22752","SET 7 BABUSHKA NESTING BOXES","4","2010-12-30 12:51:00","7.61","16029.0","EIRE",""
"539567","21730","GLASS STAR FROSTED T-LIGHT HOLDER","12","2010-12-31 16:40:00","4.53","16029.0","Spain",""
"539567","84029G","KNITTED UNION FLAG HOT WATER BOTTLE","10","2010-12-31 16:40:00","3.35","16029.0","Spain","BULK5"
"539567","21730","GLASS STAR FROSTED T-LIGHT HOLDER","2","2010-12-31 16:40:00","4.32","16029.0","Spain",""
"539567","85123A","WHITE HANGING HEART T-LIGHT HOLDER","10","2010-12-31 16:40:00","2.55","16029.0","Spain",""
"539568","84406B","CREAM CUPID HEARTS COAT HANGER","10","2011-01-27 13:04:00","2.71","14606.0","EIRE",""
"539569","21730","GLASS STAR FROSTED T-LIGHT HOLDER","4","2011-01-08 13:11:00","4.38","17850.0","Australia","NEWCUST"
"539569","84406B","CREAM CUPID HEARTS COAT HANGER","8","2011-01-08 13:11:00","2.81","17850.0","Australia","BULK5"
"539569","22752","SET 7 BABUSHKA NESTING BOXES","9","2011-01-08 13:11:00","7.74","17850.0","Australia",""
"539570","47566","PARTY BUNTING","9","2010-12-02 10:37:00","5.4","17809.0","EIRE","NEWCUST"
"539570","85099B","JUMBO BAG RED RETROSPOT","6","2010-12-02 10:37:00","1.75","17809.0","EIRE",""
"539570","85123A","WHITE HANGING HEART T-LIGHT HOLDER","11","2010-12-02 10:37:00","2.77","17809.0","EIRE","NEWCUST"
"539570","22633","HAND WARMER UNION JACK","5","2010-12-02 10:37:00","2.02","17809.0","EIRE",""
"539571","84029E","RED WOOLLY HOTTIE WHITE HEART","4","2010-12-14 16:56:00","3.39","15291.0","Belgium",""
"539571","22633","HAND WARMER UNION JACK","11","2010-12-14 16:56:00","2.23","15291.0","Belgium","SUMMER10"
"539572","84029G","KNITTED UNION FLAG HOT WATER BOTTLE","4","2010-12-17 11:32:00","3.51","15311.0","Spain",""
"539573","22632","HAND WARMER RED POLKA DOT","11","2011-01-13 12:27:00","2.21","14606.0","Spain","SUMMER10"
"539573","22633","HAND WARMER UNION JACK","5","2011-01-13 12:27:00","2.11","14606.0","Spain",""
"539573","85099B","JUMBO BAG RED RETROSPOT","6","2011-01-13 12:27:00","2.06","14606.0","Spain","BULK5"
"539573","47566","PARTY BUNTING","9","2011-01-13 12:27:00","4.85","14606.0","Spain","SUMMER10"
"539574","22633","HAND WARMER UNION JACK","11","2010-12-14 10:04:00","1.75","17809.0","Belgium","SUMMER10"
"539574","71053","WHITE METAL LANTERN","8","2010-12-14 10:04:00","3.76","17809.0","Belgium","NEWCUST"
"539574","22632","HAND WARMER RED POLKA DOT","7","2010-12-14 10:04:00","2.2","17809.0","Belgium","NEWCUST"
"539574","84029E","RED WOOLLY HOTTIE WHITE HEART","10","2010-12-14 10:04:00","3.79","17809.0","Belgium","NEWCUST"
"539575","85099B","JUMBO BAG RED RETROSPOT","9","2011-01-17 13:33:00","1.92","14096.0","Spain","NEWCUST"
"539575","84029E","RED WOOLLY HOTTIE WHITE HEART","10","2011-01-17 13:33:00","3.37","14096.0","Spain","NEWCUST"
"539575","84029E","RED WOOLLY HOTTIE WHITE HEART","8","2011-01-17 13:33:00","3.51","14096.0","Spain",""
"539575","22633","HAND WARMER UNION JACK","1","2011-01-17 13:33:00","2.32","14096.0","Spain","NEWCUST"
"539576","84029E","RED WOOLLY HOTTIE WHITE HEART","11","2011-01-19 10:25:00","3.42","16029.0","United Kingdom",""
"539576","47566","PARTY BUNTING","11","2011-01-19 10:25:00","4.87","16029.0","United Kingdom","NEWCUST"
"539576","22752","SET 7 BABUSHKA NESTING BOXES","9","2011-01-19 10:25:00","7.74","16029.0","United Kingdom",""
"539577","47566","PARTY BUNTING","6","2010-12-27 09:09:00","5.38","13047.0","Netherlands","SUMMER10"
"539577","71053","WHITE METAL LANTERN","8","2010-12-27 09:09:00","3.65","13047.0","Netherlands",""
"539578","84406B","CREAM CUPID HEARTS COAT HANGER","5","2010-12-13 15:02:00","3.17","14606.0","EIRE","SUMMER10"
"539578","22752","SET 7 BABUSHKA NESTING BOXES","3","2010-12-13 15:02:00","7.85","14606.0","EIRE","BULK5"
"539578","22752","SET 7 BABUSHKA NESTING BOXES","10","2010-12-13 15:02:00","7.8","14606.0","EIRE","BULK5"
"539579","22633","HAND WARMER UNION JACK","5","2011-01-28 11:54:00","1.82","17850.0","United Kingdom","BULK5"
"539579","22633","HAND WARMER UNION JACK","2","2011-01-28 11:54:00","1.9","17850.0","United Kingdom",""
"539580","84406B","CREAM CUPID HEARTS COAT HANGER","12","2010-12-02 14:00:00","3.17","15291.0","Australia","SUMMER10"
"539580","71053","WHITE METAL LANTERN","6","2010-12-02 14:00:00","3.63","15291.0","Australia",""
"539580","84406B","CREAM CUPID HEARTS COAT HANGER","11","2010-12-02 14:00:00","2.96","15291.0","Australia",""
"539580","85123A","WHITE HANGING HEART T-LIGHT HOLDER","5","2010-12-02 14:00:00","2.72","15291.0","Australia",""
"539581","84406B","CREAM CUPID HEARTS COAT HANGER","12","2011-01-14 08:54:00","2.82","17850.0","France",""
"539581","85099B","JUMBO BAG RED RETROSPOT","12","2011-01-14 08:54:00","1.67","17850.0","France",""
"539582","22633","HAND WARMER UNION JACK","7","2010-12-05 16:17:00","2.2","14096.0","France","SUMMER10"
"539582","21730","GLASS STAR FROSTED T-LIGHT HOLDER","10","2010-12-05 16:17:00","4.63","14096.0","France","BULK5"
"539583","22752","SET 7 BABUSHKA NESTING BOXES","12","2010-12-07 16:14:00","8.01","12583.0","Germany","BULK5"
"539583","22632","HAND WARMER RED POLKA DOT","5","2010-12-07 16:14:00","1.82","12583.0","Germany",""
"539583","84029G","KNITTED UNION FLAG HOT WATER BOTTLE","2","2010-12-07 16:14:00","3.31","12583.0","Germany","NEWCUST"
"539583","84029G","KNITTED UNION FLAG HOT WATER BOTTLE","9","2010-12-07 16:14:00","3.88","12583.0","Germany","SUMMER10"
"539584","84029E","RED WOOLLY HOTTIE WHITE HEART","10","2011-01-19 08:45:00","3.88","15291.0","Germany","NEWCUST"
"539584","21730","GLASS STAR FROSTED T-LIGHT HOLDER","4","2011-01-19 08:45:00","4.43","15291.0","Germany","SUMMER10"
"539584","85099B","JUMBO BAG RED RETROSPOT","3","2011-01-19 08:45:00","1.85","15291.0","Germany","SUMMER10"
"539585","85099B","JUMBO BAG RED RETROSPOT","6","2011-01-19 08:01:00","1.88","13047.0","France",""
"539586","22752","SET 7 BABUSHKA NESTING BOXES","7","2010-12-28 14:48:00","8.06","12583.0","Belgium","SUMMER10"
"539586","84029E","RED WOOLLY HOTTIE WHITE HEART","3","2010-12-28 14:48:00","3.62","12583.0","Belgium","SUMMER10"
"539587","71053","WHITE METAL LANTERN","8","2010-12-28 15:57:00","3.52","15311.0","Netherlands","BULK5"
"539587","84029E","RED WOOLLY HOTTIE WHITE HEART","8","2010-12-28 15:57:00","3.43","15311.0","Netherlands","BULK5"
"539588","71053","WHITE METAL LANTERN","9","2011-01-18 12:40:00","3.67","13047.0","France",""
"539588","85099B","JUMBO BAG RED RETROSPOT","5","2011-01-18 12:40:00","1.97","13047.0","France",""
"539588","71053","WHITE METAL LANTERN","9","2011-01-18 12:40:00","3.61","13047.0","France","SUMMER10"
"539589","84406B","CREAM CUPID HEARTS COAT HANGER","8","2010-12-07 09:49:00","2.81","17850.0","Germany","SUMMER10"
"539589","85099B","JUMBO BAG RED RETROSPOT","6","2010-12-07 09:49:00","1.72","17850.0","Germany","NEWCUST"
"539590","84406B","CREAM CUPID HEARTS COAT HANGER","2","2010-12-03 14:47:00","2.87","13777.0","Belgium",""
"539590","21730","GLASS STAR FROSTED T-LIGHT HOLDER","12","2010-12-03 14:47:00","4.7","13777.0","Belgium",""
"539590","22633","HAND WARMER UNION JACK","10","2010-12-03 14:47:00","2.21","13777.0","Belgium",""
"539591","84029E","RED WOOLLY HOTTIE WHITE HEART","4","2010-12-21 15:40:00","3.59","15291.0","Germany",""
"539591","21730","GLASS STAR FROSTED T-LIGHT HOLDER","3","2010-12-21 15:40:00","4.36","15291.0","Germany","BULK5"
"539591","22632","HAND WARMER RED POLKA DOT","5","2010-12-21 15:40:00","2.21","15291.0","Germany","SUMMER10"
"539591","22632","HAND WARMER RED POLKA DOT","11","2010-12-21 15:40:00","2.2","15291.0","Germany",""
"539592","84029G","KNITTED UNION FLAG HOT WATER BOTTLE","9","2010-12-05 10:16:00","3.7","15291.0","EIRE","BULK5"
"539592","71053","WHITE METAL LANTERN","2","2010-12-05 10:16:00","3.45","15291.0","EIRE","SUMMER10"
"539592","85123A","WHITE HANGING HEART T-LIGHT HOLDER","10","2010-12-05 10:16:00","2.86","15291.0","EIRE",""
"539593","22752","SET 7 BABUSHKA NESTING BOXES","12","2011-01-14 15:25:00","7.69","13047.0","Spain","SUMMER10"
"539593","85099B","JUMBO BAG RED RETROSPOT","5","2011-01-14 15:25:00","1.86","13047.0","Spain","BULK5"
"539594","84029G","KNITTED UNION FLAG HOT WATER BOTTLE","10","2010-12-22 13:02:00","3.67","13047.0","France","NEWCUST"
"539594","22632","HAND WARMER RED POLKA DOT","12","2010-12-22 13:02:00","1.77","13047.0","France","SUMMER10"
"539594","21730","GLASS STAR FROSTED T-LIGHT HOLDER","9","2010-12-22 13:02:00","4.24","13047.0","France",""
"539594","22633","HAND WARMER UNION JACK","5","2010-12-22 13:02:00","1.77","13047.0","France",""
"539595","22752","SET 7 BABUSHKA NESTING BOXES","11","2010-12-03 15:15:00","7.93","12583.0","France",""
"539595","84406B","CREAM CUPID HEARTS COAT HANGER","1","2010-12-03 15:15:00","2.73","12583.0","France","NEWCUST"
"539595","84406B","CREAM CUPID HEARTS COAT HANGER","10","2010-12-03 15:15:00","2.8","12583.0","France",""
"539596","22632","HAND WARMER RED POLKA DOT","10","2011-01-10 09:38:00","1.91","15311.0","Germany","NEWCUST"
"539596","85099B","JUMBO BAG RED RETROSPOT","9","2011-01-10 09:38:00","2.0","15311.0","Germany",""
"539596","22633","HAND WARMER UNION JACK","11","2011-01-10 09:38:00","2.17","15311.0","Germany","NEWCUST"
"539597","85123A","WHITE HANGING HEART T-LIGHT HOLDER","11","2011-01-15 15:15:00","2.56","13047.0","Australia",""
"539598","20685","DOORMAT RED RETROSPOT","8","2010-12-14 12:56:00","7.22","13047.0","United Kingdom",""
"539598","22632","HAND WARMER RED POLKA DOT","5","2010-12-14 12:56:00","1.96","13047.0","United Kingdom",""
"539598","84406B","CREAM CUPID HEARTS COAT HANGER","2","2010-12-14 12:56:00","3.07","13047.0","United Kingdom","SUMMER10"
"539598","85099B","JUMBO BAG RED RETROSPOT","6","2010-12-14 12:56:00","1.65","13047.0","United Kingdom","SUMMER10"
"539599","21730","GLASS STAR FROSTED T-LIGHT HOLDER","2","2011-01-29 14:37:00","4.27","17850.0","Germany",""
"539599","22633","HAND WARMER UNION JACK","4","2011-01-29 14:37:00","2.16","17850.0","Germany","NEWCUST"
"539599","85099B","JUMBO BAG RED RETROSPOT","5","2011-01-29 14:37:00","1.68","17850.0","Germany",""
"539599","22633","HAND WARMER UNION JACK","2","2011-01-29 14:37:00","2.17","17850.0","Germany",""
"539600","20685","DOORMAT RED RETROSPOT","1","2010-12-20 15:29:00","7.15","15311.0","France","NEWCUST"
"539601","71053","WHITE METAL LANTERN","11","2010-12-13 16:34:00","3.42","12583.0","United Kingdom","NEWCUST"
"539601","84029G","KNITTED UNION FLAG HOT WATER BOTTLE","8","2010-12-13 16:34:00","3.37","12583.0","United Kingdom",""
"539602","84406B","CREAM CUPID HEARTS COAT HANGER","11","2010-12-16 10:55:00","2.71","14096.0","Australia","SUMMER10"
"539603","85123A","WHITE HANGING HEART T-LIGHT HOLDER","7","2010-12-03 11:56:00","3.0","14606.0","Spain",""
"539604","71053","WHITE METAL LANTERN","5","2011-01-18 10:42:00","3.79","13777.0","France",""
"539604","21730","GLASS STAR FROSTED T-LIGHT HOLDER","4","2011-01-18 10:42:00","4.33","13777.0","France","BULK5"
"539604","22633","HAND WARMER UNION JACK","8","2011-01-18 10:42:00","1.8","13777.0","France",""
"539605","84029G","KNITTED UNION FLAG HOT WATER BOTTLE","4","2011-01-27 14:43:00","3.32","14606.0","Netherlands","BULK5"
"539605","22633","HAND WARMER UNION JACK","11","2011-01-27 14:43:00","1.88","14606.0","Netherlands","SUMMER10"
"539606","71053","WHITE METAL LANTERN","12","2011-01-06 14:24:00","3.46","14096.0","Netherlands",""
"539606","47566","PARTY BUNTING","6","2011-01-06 14:24:00","5.08","14096.0","Netherlands",""
"539607","22752","SET 7 BABUSHKA NESTING BOXES","4","2011-01-11 08:57:00","7.66","14096.0","Belgium",""
"539607","84406B","CREAM CUPID HEARTS COAT HANGER","12","2011-01-11 08:57:00","2.66","14096.0","Belgium","BULK5"
"539608","84029G","KNITTED UNION FLAG HOT WATER BOTTLE","10","2011-01-04 16:39:00","3.53","16029.0","United Kingdom","SUMMER10"
"539609","84029E","RED WOOLLY HOTTIE WHITE HEART","3","2010-12-19 11:47:00","3.62","14606.0","Australia","SUMMER10"
"539609","85099B","JUMBO BAG RED RETROSPOT","2","2010-12-19 11:47:00","1.86","14606.0","Australia",""
"539609","20685","DOORMAT RED RETROSPOT","11","2010-12-19 11:47:00","7.09","14606.0","Australia",""
"539610","84406B","CREAM CUPID HEARTS COAT HANGER","11","2010-12-04 15:08:00","2.97","13047.0","United Kingdom","SUMMER10"
"539610","20685","DOORMAT RED RETROSPOT","2","2010-12-04 15:08:00","7.57","13047.0","United Kingdom",""
"539611","84406B","CREAM CUPID HEARTS COAT HANGER","1","2011-01-11 15:14:00","3.13","15311.0","EIRE",""
"539611","84029G","KNITTED UNION FLAG HOT WATER BOTTLE","6","2011-01-11 15:14:00","3.43","15311.0","EIRE",""
"539611","22752","SET 7 BABUSHKA NESTING BOXES","11","2011-01-11 15:14:00","8.1","15311.0","EIRE","SUMMER10"
"539611","84406B","CREAM CUPID HEARTS COAT HANGER","12","2011-01-11 15:14:00","2.93","15311.0","EIRE",""
"539612","71053","WHITE METAL LANTERN","7","2010-12-03 15:17:00","3.61","14096.0","Netherlands",""
"539612","71053","WHITE METAL LANTERN","11","2010-12-03 15:17:00","3.34","14096.0","Netherlands",""
"539612","84029E","RED WOOLLY HOTTIE WHITE HEART","7","2010-12-03 15:17:00","3.63","14096.0","Netherlands",""
"539612","71053","WHITE METAL LANTERN","10","2010-12-03 15:17:00","3.88","14096.0","Netherlands",""
"539613","71053","WHITE METAL LANTERN","11","2011-01-03 11:51:00","3.77","15311.0","Netherlands",""
"539613","22752","SET 7 BABUSHKA NESTING BOXES","11","2011-01-03 11:51:00","7.58","15311.0","Netherlands","SUMMER10"
"539613","20685","DOORMAT RED RETROSPOT","10","2011-01-03 11:51:00","7.18","15311.0","Netherlands","NEWCUST"
"539614","85099B","JUMBO BAG RED RETROSPOT","2","2011-01-21 16:01:00","1.9","15291.0","Spain",""
"539615","20685","DOORMAT RED RETROSPOT","12","2011-01-08 11:33:00","7.27","14606.0","EIRE","SUMMER10"
"539615","84029G","KNITTED UNION FLAG HOT WATER BOTTLE","5","2011-01-08 11:33:00","3.47","14606.0","EIRE",""
"539615","71053","WHITE METAL LANTERN","6","2011-01-08 11:33:00","3.69","14606.0","EIRE",""
"539616","47566","PARTY BUNTING","5","2010-12-23 11:22:00","5.41","13777.0","Belgium",""
"539616","22752","SET 7 BABUSHKA NESTING BOXES","8","2010-12-23 11:22:00","7.76","13777.0","Belgium","NEWCUST"
"539617","84029G","KNITTED UNION FLAG HOT WATER BOTTLE","9","2011-01-25 11:58:00","3.69","13047.0","France",""
"539617","47566","PARTY BUNTING","7","2011-01-25 11:58:00","4.85","13047.0","France","SUMMER10"
"539617","84029E","RED WOOLLY HOTTIE WHITE HEART","2","2011-01-25 11:58:00","3.48","13047.0","France","NEWCUST"
"539617","22632","HAND WARMER RED POLKA DOT","4","2011-01-25 11:58:00","2.2","13047.0","France","SUMMER10"
"539618","71053","WHITE METAL LANTERN","3","2011-01-21 14:14:00","3.33","14606.0","Belgium","BULK5"
"539619","21730","GLASS STAR FROSTED T-LIGHT HOLDER","10","2010-12-01 08:41:00","4.24","13047.0","EIRE",""
"539619","71053","WHITE METAL LANTERN","3","2010-12-01 08:41:00","3.85","13047.0","EIRE",""
"539620","85099B","JUMBO BAG RED RETROSPOT","1","2011-01-03 08:03:00","1.9","13047.0","France","BULK5"
"539621","47566","PARTY BUNTING","12","2010-12-05 09:09:00","4.88","15311.0","Netherlands",""
"539621","22633","HAND WARMER UNION JACK","12","2010-12-05 09:09:00","1.85","15311.0","Netherlands",""
"539622","22632","HAND WARMER RED POLKA DOT","6","2010-12-16 09:50:00","1.79","17850.0","United Kingdom",""
"539622","84406B","CREAM CUPID HEARTS COAT HANGER","6","2010-12-16 09:50:00","3.05","17850.0","United Kingdom","SUMMER10"
"539622","22752","SET 7 BABUSHKA NESTING BOXES","4","2010-12-16 09:50:00","8.06","17850.0","United Kingdom","BULK5"
"539622","84029E","RED WOOLLY HOTTIE WHITE HEART","7","2010-12-16 09:50:00","3.49","17850.0","United Kingdom",""
"539623","84029E","RED WOOLLY HOTTIE WHITE HEART","4","2011-01-18 10:52:00","3.73","17850.0","Netherlands","SUMMER10"
"539623","84029E","RED WOOLLY HOTTIE WHITE HEART","2","2011-01-18 10:52:00","3.35","17850.0","Netherlands","SUMMER10"
"539623","84029G","KNITTED UNION FLAG HOT WATER BOTTLE","8","2011-01-18 10:52:00","3.78","17850.0","Netherlands",""
"539624","85099B","JUMBO BAG RED RETROSPOT","6","2011-01-21 08:18:00","1.62","17850.0","Belgium",""
"539625","84029E","RED WOOLLY HOTTIE WHITE HEART","5","2010-12-31 16:45:00","3.83","16029.0","Spain","BULK5"
"539625","22633","HAND WARMER UNION JACK","12","2010-12-31 16:45:00","1.98","16029.0","Spain","SUMMER10"
"539625","85123A","WHITE HANGING HEART T-LIGHT HOLDER","10","2010-12-31 16:45:00","2.92","16029.0","Spain",""
"539625","47566","PARTY BUNTING","5","2010-12-31 16:45:00","5.02","16029.0","Spain","BULK5"
"539626","85099B","JUMBO BAG RED RETROSPOT","12","2011-01-03 16:04:00","2.08","14606.0","Germany","BULK5"
"539626","84029E","RED WOOLLY HOTTIE WHITE HEART","2","2011-01-03 16:04:00","3.51","14606.0","Germany","NEWCUST"
"539626","47566","PARTY BUNTING","2","2011-01-03 16:04:00","5.22","14606.0","Germany","BULK5"
"539626","47566","PARTY BUNTING","2","2011-01-03 16:04:00","4.96","14606.0","Germany",""
"539627","71053","WHITE METAL LANTERN","1","2010-12-25 15:06:00","3.31","13047.0","Australia",""
"539627","22632","HAND WARMER RED POLKA DOT","6","2010-12-25 15:06:00","1.8","13047.0","Australia",""
"539627","84406B","CREAM CUPID HEARTS COAT HANGER","11","2010-12-25 15:06:00","2.71","13047.0","Australia","SUMMER10"
"539628","84406B","CREAM CUPID HEARTS COAT HANGER","11","2011-01-20 14:37:00","2.94","16029.0","EIRE","SUMMER10"
"539628","22633","HAND WARMER UNION JACK","7","2011-01-20 14:37:00","2.1","16029.0","EIRE",""
"539628","84029G","KNITTED UNION FLAG HOT WATER BOTTLE","2","2011-01-20 14:37:00","3.82","16029.0","EIRE",""
"539629","84406B","CREAM CUPID HEARTS COAT HANGER","7","2010-12-13 13:42:00","3.07","17850.0","EIRE","BULK5"
"539629","84029E","RED WOOLLY HOTTIE WHITE HEART","9","2010-12-13 13:42:00","3.55","17850.0","EIRE",""
"539630","84029E","RED WOOLLY HOTTIE WHITE HEART","12","2011-01-27 15:12:00","3.54","17809.0","EIRE","BULK5"
"539630","84406B","CREAM CUPID HEARTS COAT HANGER","11","2011-01-27 15:12:00","3.1","17809.0","EIRE",""
"539630","22632","HAND WARMER RED POLKA DOT","3","2011-01-27 15:12:00","1.92","17809.0","EIRE",""
"539630","71053","WHITE METAL LANTERN","10","2011-01-27 15:12:00","3.55","17809.0","EIRE","BULK5"
"539631","47566","PARTY BUNTING","4","2011-01-20 12:02:00","5.43","15291.0","France","NEWCUST"
"539631","84029E","RED WOOLLY HOTTIE WHITE HEART","3","2011-01-20 12:02:00","3.76","15291.0","France",""
"539632","21730","GLASS STAR FROSTED T-LIGHT HOLDER","5","2010-12-13 14:20:00","4.2","15311.0","EIRE",""
"539633","47566","PARTY BUNTING","3","2010-12-14 08:59:00","5.12","12583.0","Belgium",""
"539634","22633","HAND WARMER UNION JACK","3","2011-01-19 08:35:00","2.11","17850.0","Germany","BULK5"
"539634","84029E","RED WOOLLY HOTTIE WHITE HEART","3","2011-01-19 08:35:00","3.64","17850.0","Germany",""
"539634","20685","DOORMAT RED RETROSPOT","1","2011-01-19 08:35:00","7.51","17850.0","Germany",""
"539634","21730","GLASS STAR FROSTED T-LIGHT HOLDER","4","2011-01-19 08:35:00","4.59","17850.0","Germany",""
"539635","85099B","JUMBO BAG RED RETROSPOT","4","2010-12-15 10:50:00","1.94","13777.0","Australia",""
"539635","84406B","CREAM CUPID HEARTS COAT HANGER","11","2010-12-15 10:50:00","2.85","13777.0","Australia","SUMMER10"
"539635","84406B","CREAM CUPID HEARTS COAT HANGER","7","2010-12-15 10:50:00","3.12","13777.0","Australia","NEWCUST"
"539635","84029G","KNITTED UNION FLAG HOT WATER BOTTLE","4","2010-12-15 10:50:00","3.76","13777.0","Australia",""
"539636","71053","WHITE METAL LANTERN","10","2010-12-03 09:31:00","3.65","15311.0","Spain","NEWCUST"
"539636","71053","WHITE METAL LANTERN","1","2010-12-03 09:31:00","3.53","15311.0","Spain","SUMMER10"
"539636","20685","DOORMAT RED RETROSPOT","12","2010-12-03 09:31:00","7.26","15311.0","Spain",""
"539636","84029E","RED WOOLLY HOTTIE WHITE HEART","6","2010-12-03 09:31:00","3.79","15311.0","Spain",""
"539637","21730","GLASS STAR FROSTED T-LIGHT HOLDER","5","2011-01-25 09:56:00","4.59","14606.0","Australia","BULK5"
"539638","84029G","KNITTED UNION FLAG HOT WATER BOTTLE","2","2010-12-22 13:37:00","3.66","17850.0","EIRE","BULK5"
"539638","21730","GLASS STAR FROSTED T-LIGHT HOLDER","1","2010-12-22 13:37:00","4.53","17850.0","EIRE","SUMMER10"
"539638","22632","HAND WARMER RED POLKA DOT","2","2010-12-22 13:37:00","2.19","17850.0","EIRE",""
"539638","47566","PARTY BUNTING","6","2010-12-22 13:37:00","5.24","17850.0","EIRE",""
"539639","22633","HAND WARMER UNION JACK","9","2011-01-13 09:26:00","1.76","17850.0","United Kingdom",""
"539639","22633","HAND WARMER UNION JACK","4","2011-01-13 09:26:00","2.11","17850.0","United Kingdom",""
"539639","85099B","JUMBO BAG RED RETROSPOT","3","2011-01-13 09:26:00","1.68","17850.0","United Kingdom",""
"539640","84029E","RED WOOLLY HOTTIE WHITE HEART","1","2011-01-18 15:34:00","3.36","13777.0","France",""
"539641","21730","GLASS STAR FROSTED T-LIGHT HOLDER","2","2010-12-20 16:22:00","4.28","13777.0","France",""
"539641","84406B","CREAM CUPID HEARTS COAT HANGER","7","2010-12-20 16:22:00","2.76","13777.0","France",""
"539641","84029G","KNITTED UNION FLAG HOT WATER BOTTLE","5","2010-12-20 16:22:00","3.83","13777.0","France",""
"539641","22633","HAND WARMER UNION JACK","7","2010-12-20 16:22:00","2.22","13777.0","France","SUMMER10"
"539642","22633","HAND WARMER UNION JACK","9","2011-01-13 10:06:00","2.31","13047.0","Germany",""
"539642","20685","DOORMAT RED RETROSPOT","1","2011-01-13 10:06:00","7.38","13047.0","Germany","SUMMER10"
"539643","84406B","CREAM CUPID HEARTS COAT HANGER","5","2010-12-10 13:13:00","3.24","17850.0","Belgium",""
"539643","85123A","WHITE HANGING HEART T-LIGHT HOLDER","6","2010-12-10 13:13:00","2.8","17850.0","Belgium",""
"539644","84406B","CREAM CUPID HEARTS COAT HANGER","12","2011-01-26 08:37:00","2.89","13777.0","Spain",""
"539645","84406B","CREAM CUPID HEARTS COAT HANGER","4","2011-01-19 16:52:00","3.05","14606.0","Belgium",""
"539646","84406B","CREAM CUPID HEARTS COAT HANGER","7","2010-12-24 15:33:00","3.09","15311.0","Germany","SUMMER10"
"539646","20685","DOORMAT RED RETROSPOT","9","2010-12-24 15:33:00","7.1","15311.0","Germany",""
"539646","84029E","RED WOOLLY HOTTIE WHITE HEART","2","2010-12-24 15:33:00","3.33","15311.0","Germany","NEWCUST"
"539646","20685","DOORMAT RED RETROSPOT","7","2010-12-24 15:33:00","7.3","15311.0","Germany",""
"539647","20685","DOORMAT RED RETROSPOT","2","2011-01-24 13:50:00","7.24","16029.0","Spain","NEWCUST"
"539648","47566","PARTY BUNTING","3","2010-12-23 08:45:00","5.28","17850.0","Spain",""
"539649","84029E","RED WOOLLY HOTTIE WHITE HEART","6","2010-12-26 14:15:00","3.83","15291.0","France","BULK5"
"539649","85123A","WHITE HANGING HEART T-LIGHT HOLDER","1","2010-12-26 14:15:00","2.94","15291.0","France",""
"539649","85123A","WHITE HANGING HEART T-LIGHT HOLDER","4","2010-12-26 14:15:00","2.92","15291.0","France","NEWCUST"
"539649","47566","PARTY BUNTING","5","2010-12-26 14:15:00","5.27","15291.0","France","SUMMER10"
"539650","22752","SET 7 BABUSHKA NESTING BOXES","9","2010-12-17 11:14:00","8.04","14606.0","Spain",""
"539650","84406B","CREAM CUPID HEARTS COAT HANGER","5","2010-12-17 11:14:00","2.91","14606.0","Spain","NEWCUST"
"539650","85123A","WHITE HANGING HEART T-LIGHT HOLDER","9","2010-12-17 11:14:00","2.99","14606.0","Spain","NEWCUST"
"539650","22752","SET 7 BABUSHKA NESTING BOXES","1","2010-12-17 11:14:00","7.71","14606.0","Spain",""
"539651","21730","GLASS STAR FROSTED T-LIGHT HOLDER","10","2011-01-12 10:20:00","4.58","13047.0","Australia",""
"539651","71053","WHITE METAL LANTERN","2","2011-01-12 10:20:00","3.3","13047.0","Australia",""
"539652","84029G","KNITTED UNION FLAG HOT WATER BOTTLE","2","2011-01-22 13:55:00","3.6","15291.0","Spain","BULK5"
"539652","84029E","RED WOOLLY HOTTIE WHITE HEART","12","2011-01-22 13:55:00","3.54","15291.0","Spain","NEWCUST"
"539652","22633","HAND WARMER UNION JACK","1","2011-01-22 13:55:00","1.81","15291.0","Spain",""
"539652","22632","HAND WARMER RED POLKA DOT","2","2011-01-22 13:55:00","1.89","15291.0","Spain",""
"539653","71053","WHITE METAL LANTERN","3","2010-12-09 09:34:00","3.54","15311.0","Spain","SUMMER10"
"539653","22752","SET 7 BABUSHKA NESTING BOXES","1","2010-12-09 09:34:00","8.09","15311.0","Spain",""
"539653","22752","SET 7 BABUSHKA NESTING BOXES","7","2010-12-09 09:34:00","7.84","15311.0","Spain",""
"539654","20685","DOORMAT RED RETROSPOT","3","2011-01-06 09:53:00","7.01","14096.0","Australia","BULK5"
"539654","22752","SET 7 BABUSHKA NESTING BOXES","9","2011-01-06 09:53:00","7.68","14096.0","Australia","BULK5"
"539654","84406B","CREAM CUPID HEARTS COAT HANGER","10","2011-01-06 09:53:00","2.95","14096.0","Australia",""
"539655","85099B","JUMBO BAG RED RETROSPOT","3","2011-01-11 13:55:00","1.75","16029.0","Germany",""
"539655","22632","HAND WARMER RED POLKA DOT","8","2011-01-11 13:55:00","1.83","16029.0","Germany","SUMMER10"
"539655","84029G","KNITTED UNION FLAG HOT WATER BOTTLE","7","2011-01-11 13:55:00","3.37","16029.0","Germany","BULK5"
"539655","22633","HAND WARMER UNION JACK","7","2011-01-11 13:55:00","2.03","16029.0","Germany","BULK5"
"539656","84029G","KNITTED UNION FLAG HOT WATER BOTTLE","4","2011-01-30 12:04:00","3.36","17809.0","United Kingdom",""
"539656","20685","DOORMAT RED RETROSPOT","5","2011-01-30 12:04:00","7.43","17809.0","United Kingdom","BULK5"
"539656","84029G","KNITTED UNION FLAG HOT WATER BOTTLE","9","2011-01-30 12:04:00","3.43","17809.0","United Kingdom",""
"539656","85099B","JUMBO BAG RED RETROSPOT","4","2011-01-30 12:04:00","1.8","17809.0","United Kingdom",""
"539657","84029E","RED WOOLLY HOTTIE WHITE HEART","5","2011-01-01 11:04:00","3.73","17850.0","Netherlands","BULK5"
"539658","47566","PARTY BUNTING","6","2010-12-20 14:15:00","4.96","13777.0","Spain",""
"539659","21730","GLASS STAR FROSTED T-LIGHT HOLDER","1","2011-01-16 10:05:00","4.28","15311.0","Belgium",""
"539659","85123A","WHITE HANGING HEART T-LIGHT HOLDER","9","2011-01-16 10:05:00","2.98","15311.0","Belgium",""
"539659","84029G","KNITTED UNION FLAG HOT WATER BOTTLE","7","2011-01-16 10:05:00","3.67","15311.0","Belgium",""
"539659","71053","WHITE METAL LANTERN","2","2011-01-16 10:05:00","3.86","15311.0","Belgium","BULK5"
"539660","47566","PARTY BUNTING","8","2011-01-28 12:16:00","5.23","13777.0","France","SUMMER10"
"539660","71053","WHITE METAL LANTERN","5","2011-01-28 12:16:00","3.86","13777.0","France","BULK5"
"539661","71053","WHITE METAL LANTERN","5","2010-12-29 08:40:00","3.8","16029.0","United Kingdom",""
"539662","85123A","WHITE HANGING HEART T-LIGHT HOLDER","11","2010-12-29 12:00:00","2.51","17809.0","EIRE","BULK5"
"539662","84406B","CREAM CUPID HEARTS COAT HANGER","7","2010-12-29 12:00:00","2.79","17809.0","EIRE","BULK5"
"539662","85099B","JUMBO BAG RED RETROSPOT","1","2010-12-29 12:00:00","1.57","17809.0","EIRE","SUMMER10"
"539662","47566","PARTY BUNTING","12","2010-12-29 12:00:00","4.95","17809.0","EIRE","NEWCUST"
"539663","85123A","WHITE HANGING HEART T-LIGHT HOLDER","6","2011-01-02 10:02:00","2.65","15291.0","France",""
"539664","20685","DOORMAT RED RETROSPOT","11","2010-12-06 16:28:00","7.2","16029.0","Belgium",""
"539664","85099B","JUMBO BAG RED RETROSPOT","5","2010-12-06 16:28:00","1.78","16029.0","Belgium",""
"539664","71053","WHITE METAL LANTERN","4","2010-12-06 16:28:00","3.39","16029.0","Belgium","SUMMER10"
"539665","21730","GLASS STAR FROSTED T-LIGHT HOLDER","3","2010-12-01 16:05:00","4.21","15291.0","France","BULK5"
"539665","20685","DOORMAT RED RETROSPOT","1","2010-12-01 16:05:00","6.98","15291.0","France",""
"539665","71053","WHITE METAL LANTERN","4","2010-12-01 16:05:00","3.46","15291.0","France",""
"539665","21730","GLASS STAR FROSTED T-LIGHT HOLDER","3","2010-12-01 16:05:00","4.59","15291.0","France","BULK5"
"539666","84406B","CREAM CUPID HEARTS COAT HANGER","12","2010-12-28 14:21:00","2.68","15311.0","Spain","SUMMER10"
"539666","85123A","WHITE HANGING HEART T-LIGHT HOLDER","3","2010-12-28 14:21:00","2.69","15311.0","Spain",""
"539666","85123A","WHITE HANGING HEART T-LIGHT HOLDER","4","2010-12-28 14:21:00","2.6","15311.0","Spain","SUMMER10"
"539667","22632","HAND WARMER RED POLKA DOT","8","2010-12-23 08:01:00","1.85","16029.0","Belgium","BULK5"
"539667","84029G","KNITTED UNION FLAG HOT WATER BOTTLE","12","2010-12-23 08:01:00","3.63","16029.0","Belgium",""
"539667","71053","WHITE METAL LANTERN","8","2010-12-23 08:01:00","3.61","16029.0","Belgium","NEWCUST"
"539667","22632","HAND WARMER RED POLKA DOT","1","2010-12-23 08:01:00","2.19","16029.0","Belgium",""
"539668","22632","HAND WARMER RED POLKA DOT","9","2011-01-20 10:08:00","1.82","12583.0","Germany",""
"539668","84406B","CREAM CUPID HEARTS COAT HANGER","7","2011-01-20 10:08:00","3.22","12583.0","Germany","NEWCUST"
"539669","84029E","RED WOOLLY HOTTIE WHITE HEART","5","2010-12-10 14:09:00","3.69","15291.0","Netherlands",""
"539669","21730","GLASS STAR FROSTED T-LIGHT HOLDER","4","2010-12-10 14:09:00","4.51","15291.0","Netherlands",""
"539670","71053","WHITE METAL LANTERN","1","2010-12-21 14:21:00","3.75","13047.0","Australia","SUMMER10"
"539670","71053","WHITE METAL LANTERN","9","2010-12-21 14:21:00","3.29","13047.0","Australia","NEWCUST"
"539670","84029G","KNITTED UNION FLAG HOT WATER BOTTLE","6","2010-12-21 14:21:00","3.55","13047.0","Australia","NEWCUST"
"539670","20685","DOORMAT RED RETROSPOT","12","2010-12-21 14:21:00","7.07","13047.0","Australia",""
"539671","22632","HAND WARMER RED POLKA DOT","4","2011-01-06 11:45:00","2.26","17850.0","Spain","BULK5"
"539671","22633","HAND WARMER UNION JACK","6","2011-01-06 11:45:00","1.99","17850.0","Spain","SUMMER10"
"539672","85099B","JUMBO BAG RED RETROSPOT","10","2011-01-06 15:58:00","1.97","15311.0","Germany",""
"539672","84406B","CREAM CUPID HEARTS COAT HANGER","8","2011-01-06 15:58:00","2.92","15311.0","Germany",""
"539672","71053","WHITE METAL LANTERN","3","2011-01-06 15:58:00","3.82","15311.0","Germany",""
"539672","84406B","CREAM CUPID HEARTS COAT HANGER","5","2011-01-06 15:58:00","3.16","15311.0","Germany",""
"539673","22633","HAND WARMER UNION JACK","3","2011-01-08 11:22:00","2.23","16029.0","Germany",""
"539673","85099B","JUMBO BAG RED RETROSPOT","4","2011-01-08 11:22:00","1.84","16029.0","Germany","SUMMER10"
"539673","85123A","WHITE HANGING HEART T-LIGHT HOLDER","9","2011-01-08 11:22:00","2.54","16029.0","Germany","SUMMER10"
"539673","84406B","CREAM CUPID HEARTS COAT HANGER","4","2011-01-08 11:22:00","2.97","16029.0","Germany","SUMMER10"
"539674","84029G","KNITTED UNION FLAG HOT WATER BOTTLE","7","2011-01-16 11:41:00","3.5","14096.0","France","NEWCUST"
"539674","84029G","KNITTED UNION FLAG HOT WATER BOTTLE","11","2011-01-16 11:41:00","3.6","14096.0","France",""
"539674","22633","HAND WARMER UNION JACK","8","2011-01-16 11:41:00","2.02","14096.0","France","BULK5"
"539674","85099B","JUMBO BAG RED RETROSPOT","7","2011-01-16 11:41:00","1.65","14096.0","France","BULK5"
"539675","47566","PARTY BUNTING","7","2011-01-26 10:34:00","5.1","17809.0","France","SUMMER10"
"539675","21730","GLASS STAR FROSTED T-LIGHT HOLDER","5","2011-01-26 10:34:00","4.42","17809.0","France",""
"539675","84029G","KNITTED UNION FLAG HOT WATER BOTTLE","3","2011-01-26 10:34:00","3.5","17809.0","France",""
"539676","22633","HAND WARMER UNION JACK","10","2010-12-09 12:01:00","2.32","15291.0","EIRE","BULK5"
"539676","21730","GLASS STAR FROSTED T-LIGHT HOLDER","6","2010-12-09 12:01:00","4.26","15291.0","EIRE",""
"539676","22632","HAND WARMER RED POLKA DOT","10","2010-12-09 12:01:00","2.29","15291.0","EIRE",""
"539676","22632","HAND WARMER RED POLKA DOT","12","2010-12-09 12:01:00","1.97","15291.0","EIRE","NEWCUST"
"539677","85123A","WHITE HANGING HEART T-LIGHT HOLDER","7","2011-01-18 10:43:00","2.88","17809.0","United Kingdom","BULK5"
"539677","84029G","KNITTED UNION FLAG HOT WATER BOTTLE","8","2011-01-18 10:43:00","3.33","17809.0","United Kingdom","NEWCUST"
"539677","22633","HAND WARMER UNION JACK","10","2011-01-18 10:43:00","2.24","17809.0","United Kingdom","SUMMER10"
"539678","22752","SET 7 BABUSHKA NESTING BOXES","8","2011-01-20 13:59:00","7.92","15291.0","France",""
"539678","22633","HAND WARMER UNION JACK","4","2011-01-20 13:59:00","2.18","15291.0","France","BULK5"
"539678","71053","WHITE METAL LANTERN","12","2011-01-20 13:59:00","3.8","15291.0","France","BULK5"
"539679","85099B","JUMBO BAG RED RETROSPOT","1","2011-01-20 16:34:00","2.09","17850.0","EIRE","BULK5"
"539679","22752","SET 7 BABUSHKA NESTING BOXES","6","2011-01-20 16:34:00","7.92","17850.0","EIRE",""
"539680","47566","PARTY BUNTING","3","2011-01-19 10:07:00","4.99","14606.0","Germany",""
"539680","21730","GLASS STAR FROSTED T-LIGHT HOLDER","5","2011-01-19 10:07:00","4.38","14606.0","Germany",""
"539680","85123A","WHITE HANGING HEART T-LIGHT HOLDER","5","2011-01-19 10:07:00","2.87","14606.0","Germany",""
"539680","47566","PARTY BUNTING","5","2011-01-19 10:07:00","5.05","14606.0","Germany",""
"539681","22632","HAND WARMER RED POLKA DOT","12","2010-12-24 15:51:00","2.07","15311.0","Spain",""
"539681","20685","DOORMAT RED RETROSPOT","2","2010-12-24 15:51:00","7.2","15311.0","Spain",""
"539682","85099B","JUMBO BAG RED RETROSPOT","6","2011-01-08 15:00:00","2.07","17809.0","Germany",""
"539682","71053","WHITE METAL LANTERN","4","2011-01-08 15:00:00","3.47","17809.0","Germany","BULK5"
"539682","85123A","WHITE HANGING HEART T-LIGHT HOLDER","5","2011-01-08 15:00:00","2.88","17809.0","Germany","NEWCUST"
"539683","20685","DOORMAT RED RETROSPOT","6","2011-01-27 14:26:00","7.47","17809.0","EIRE",""
"539683","84406B","CREAM CUPID HEARTS COAT HANGER","7","2011-01-27 14:26:00","3.13","17809.0","EIRE","BULK5"
"539684","22752","SET 7 BABUSHKA NESTING BOXES","10","2010-12-26 13:34:00","8.06","12583.0","Belgium",""
"539684","84406B","CREAM CUPID HEARTS COAT HANGER","11","2010-12-26 13:34:00","3.14","12583.0","Belgium",""
"539684","85099B","JUMBO BAG RED RETROSPOT","1","2010-12-26 13:34:00","1.86","12583.0","Belgium","SUMMER10"
"539685","85123A","WHITE HANGING HEART T-LIGHT HOLDER","5","2011-01-22 16:03:00","2.66","15291.0","Australia",""
"539685","22632","HAND WARMER RED POLKA DOT","12","2011-01-22 16:03:00","2.06","15291.0","Australia","BULK5"
"539685","84029E","RED WOOLLY HOTTIE WHITE HEART","2","2011-01-22 16:03:00","3.65","15291.0","Australia",""
"539686","84406B","CREAM CUPID HEARTS COAT HANGER","10","2010-12-19 12:15:00","2.65","14096.0","Australia",""
"539687","22632","HAND WARMER RED POLKA DOT","10","2011-01-26 12:47:00","2.29","14606.0","France",""
"539687","22633","HAND WARMER UNION JACK","12","2011-01-26 12:47:00","1.91","14606.0","France",""
"539687","22752","SET 7 BABUSHKA NESTING BOXES","5","2011-01-26 12:47:00","8.0","14606.0","France",""
"539688","71053","WHITE METAL LANTERN","5","2011-01-12 16:50:00","3.47","13777.0","Belgium",""
"539689","22632","HAND WARMER RED POLKA DOT","11","2011-01-21 10:16:00","1.96","17809.0","Spain",""
"539689","20685","DOORMAT RED RETROSPOT","11","2011-01-21 10:16:00","7.48","17809.0","Spain","SUMMER10"
"539689","85123A","WHITE HANGING HEART T-LIGHT HOLDER","7","2011-01-21 10:16:00","2.5","17809.0","Spain",""
"539690","22633","HAND WARMER UNION JACK","2","2010-12-15 14:24:00","2.15","15311.0","Spain",""
"539690","20685","DOORMAT RED RETROSPOT","12","2010-12-15 14:24:00","7.3","15311.0","Spain",""
"539691","22632","HAND WARMER RED POLKA DOT","5","2011-01-24 09:01:00","2.24","13777.0","United Kingdom",""
"539692","85099B","JUMBO BAG RED RETROSPOT","6","2011-01-01 12:24:00","1.66","13047.0","Spain",""
"539692","84406B","CREAM CUPID HEARTS COAT HANGER","6","2011-01-01 12:24:00","2.88","13047.0","Spain","BULK5"
"539693","22752","SET 7 BABUSHKA NESTING BOXES","4","2011-01-18 08:44:00","8.09","15311.0","France",""
"539693","71053","WHITE METAL LANTERN","4","2011-01-18 08:44:00","3.4","15311.0","France","SUMMER10"
"539693","22632","HAND WARMER RED POLKA DOT","8","2011-01-18 08:44:00","2.25","15311.0","France",""
"539694","85123A","WHITE HANGING HEART T-LIGHT HOLDER","9","2010-12-10 10:14:00","2.76","14096.0","Belgium",""
"539694","71053","WHITE METAL LANTERN","6","2010-12-10 10:14:00","3.6","14096.0","Belgium",""
"539694","47566","PARTY BUNTING","3","2010-12-10 10:14:00","5.05","14096.0","Belgium",""
"539695","85099B","JUMBO BAG RED RETROSPOT","8","2010-12-13 13:38:00","1.74","15311.0","EIRE",""
"539696","47566","PARTY BUNTING","4","2011-01-07 14:23:00","4.9","13777.0","Netherlands",""
"539696","71053","WHITE METAL LANTERN","12","2011-01-07 14:23:00","3.87","13777.0","Netherlands","SUMMER10"
"539697","84029E","RED WOOLLY HOTTIE WHITE HEART","1","2011-01-11 15:46:00","3.66","17809.0","Australia",""
"539697","20685","DOORMAT RED RETROSPOT","1","2011-01-11 15:46:00","7.09","17809.0","Australia","BULK5"
"539697","85123A","WHITE HANGING HEART T-LIGHT HOLDER","2","2011-01-11 15:46:00","2.5","17809.0","Australia",""
"539697","85099B","JUMBO BAG RED RETROSPOT","1","2011-01-11 15:46:00","1.63","17809.0","Australia",""
"539698","21730","GLASS STAR FROSTED T-LIGHT HOLDER","12","2010-12-25 12:02:00","4.64","15311.0","France",""
"539698","21730","GLASS STAR FROSTED T-LIGHT HOLDER","4","2010-12-25 12:02:00","4.4","15311.0","France",""
"539698","22633","HAND WARMER UNION JACK","5","2010-12-25 12:02:00","2.03","15311.0","France","SUMMER10"
"539698","22633","HAND WARMER UNION JACK","7","2010-12-25 12:02:00","2.33","15311.0","France","SUMMER10"
"539699","71053","WHITE METAL LANTERN","2","2010-12-03 13:07:00","3.82","17850.0","Germany","BULK5"
"539699","22633","HAND WARMER UNION JACK","12","2010-12-03 13:07:00","2.02","17850.0","Germany",""
"539700","47566","PARTY BUNTING","4","2010-12-26 15:09:00","5.23","15291.0","EIRE","NEWCUST"
"539701","22752","SET 7 BABUSHKA NESTING BOXES","9","2011-01-27 14:21:00","7.97","15291.0","Netherlands",""
"539701","84406B","CREAM CUPID HEARTS COAT HANGER","9","2011-01-27 14:21:00","2.81","15291.0","Netherlands","NEWCUST"
"539702","84029G","KNITTED UNION FLAG HOT WATER BOTTLE","6","2011-01-27 13:27:00","3.8","17850.0","Netherlands","NEWCUST"
"539702","84029G","KNITTED UNION FLAG HOT WATER BOTTLE","1","2011-01-27 13:27:00","3.7","17850.0","Netherlands",""
"539702","22632","HAND WARMER RED POLKA DOT","8","2011-01-27 13:27:00","1.88","17850.0","Netherlands",""
"539703","85099B","JUMBO BAG RED RETROSPOT","5","2011-01-26 15:12:00","1.64","17850.0","Germany",""
"539704","22633","HAND WARMER UNION JACK","2","2011-01-17 09:52:00","2.26","13047.0","Spain",""
"539704","84029G","KNITTED UNION FLAG HOT WATER BOTTLE","9","2011-01-17 09:52:00","3.52","13047.0","Spain","SUMMER10"
"539704","22632","HAND WARMER RED POLKA DOT","11","2011-01-17 09:52:00","1.97","13047.0","Spain","BULK5"
"539704","20685","DOORMAT RED RETROSPOT","6","2011-01-17 09:52:00","7.33","13047.0","Spain",""
"539705","21730","GLASS STAR FROSTED T-LIGHT HOLDER","12","2010-12-10 16:04:00","4.22","12583.0","Germany",""
"539705","84406B","CREAM CUPID HEARTS COAT HANGER","11","2010-12-10 16:04:00","2.78","12583.0","Germany",""
"539706","85123A","WHITE HANGING HEART T-LIGHT HOLDER","12","2011-01-06 12:24:00","2.45","13047.0","Spain",""
"539706","22632","HAND WARMER RED POLKA DOT","11","2011-01-06 12:24:00","1.95","13047.0","Spain",""
"539707","85123A","WHITE HANGING HEART T-LIGHT HOLDER","5","2011-01-16 15:23:00","2.5","13777.0","Netherlands",""
"539708","71053","WHITE METAL LANTERN","3","2011-01-01 16:13:00","3.53","17850.0","Netherlands","BULK5"
"539709","22632","HAND WARMER RED POLKA DOT","8","2011-01-28 14:26:00","2.15","16029.0","EIRE",""
"539709","84029G","KNITTED UNION FLAG HOT WATER BOTTLE","7","2011-01-28 14:26:00","3.44","16029.0","EIRE","SUMMER10"
"539710","22632","HAND WARMER RED POLKA DOT","12","2010-12-04 16:42:00","2.06","15291.0","Belgium",""
"539710","84406B","CREAM CUPID HEARTS COAT HANGER","11","2010-12-04 16:42:00","2.78","15291.0","Belgium",""
"539710","85123A","WHITE HANGING HEART T-LIGHT HOLDER","12","2010-12-04 16:42:00","2.48","15291.0","Belgium",""
"539710","84406B","CREAM CUPID HEARTS COAT HANGER","3","2010-12-04 16:42:00","2.79","15291.0","Belgium",""
"539711","22752","SET 7 BABUSHKA NESTING BOXES","7","2011-01-27 10:40:00","7.67","13047.0","Spain",""
"539711","22633","HAND WARMER UNION JACK","7","2011-01-27 10:40:00","2.25","13047.0","Spain",""
"539712","85099B","JUMBO BAG RED RETROSPOT","8","2010-12-20 08:47:00","2.05","15291.0","Germany","SUMMER10"
"539712","22632","HAND WARMER RED POLKA DOT","12","2010-12-20 08:47:00","2.05","15291.0","Germany","BULK5"
"539712","22633","HAND WARMER UNION JACK","2","2010-12-20 08:47:00","1.81","15291.0","Germany","SUMMER10"
"539712","22633","HAND WARMER UNION JACK","5","2010-12-20 08:47:00","1.82","15291.0","Germany",""
"539713","22633","HAND WARMER UNION JACK","9","2011-01-23 08:33:00","1.75","17850.0","Australia","BULK5"
"539713","84406B","CREAM CUPID HEARTS COAT HANGER","5","2011-01-23 08:33:00","2.65","17850.0","Australia",""
"539714","84029E","RED WOOLLY HOTTIE WHITE HEART","8","2010-12-12 16:15:00","3.49","14096.0","Germany",""
"539714","85123A","WHITE HANGING HEART T-LIGHT HOLDER","1","2010-12-12 16:15:00","2.96","14096.0","Germany","BULK5"
"539714","47566","PARTY BUNTING","2","2010-12-12 16:15:00","5.01","14096.0","Germany",""
"539714","22633","HAND WARMER UNION JACK","3","2010-12-12 16:15:00","1.99","14096.0","Germany","SUMMER10"
"539715","22633","HAND WARMER UNION JACK","3","2011-01-23 14:01:00","1.86","13047.0","United Kingdom",""
"539715","47566","PARTY BUNTING","8","2011-01-23 14:01:00","4.87","13047.0","United Kingdom",""
"539715","47566","PARTY BUNTING","12","2011-01-23 14:01:00","5.32","13047.0","United Kingdom","BULK5"
"539715","20685","DOORMAT RED RETROSPOT","1","2011-01-23 14:01:00","7.36","13047.0","United Kingdom","NEWCUST"
"539716","85099B","JUMBO BAG RED RETROSPOT","1","2011-01-09 08:55:00","2.1","14606.0","Germany","SUMMER10"
"539717","85099B","JUMBO BAG RED RETROSPOT","7","2011-01-21 09:11:00","1.99","17850.0","Germany",""
"539717","21730","GLASS STAR FROSTED T-LIGHT HOLDER","2","2011-01-21 09:11:00","4.68","17850.0","Germany",""
"539717","71053","WHITE METAL LANTERN","9","2011-01-21 09:11:00","3.89","17850.0","Germany",""
"539717","20685","DOORMAT RED RETROSPOT","12","2011-01-21 09:11:00","7.09","17850.0","Germany","SUMMER10"
"539718","20685","DOORMAT RED RETROSPOT","9","2011-01-06 11:38:00","7.36","13047.0","EIRE","SUMMER10"
"539719","84406B","CREAM CUPID HEARTS COAT HANGER","4","2010-12-31 12:07:00","2.69","17809.0","EIRE","NEWCUST"
"539720","85123A","WHITE HANGING HEART T-LIGHT HOLDER","2","2011-01-01 11:14:00","2.98","17850.0","Australia","NEWCUST"
"539720","47566","PARTY BUNTING","3","2011-01-01 11:14:00","5.18","17850.0","Australia",""
"539720","85099B","JUMBO BAG RED RETROSPOT","11","2011-01-01 11:14:00","1.63","17850.0","Australia","SUMMER10"
"539720","84029G","KNITTED UNION FLAG HOT WATER BOTTLE","2","2011-01-01 11:14:00","3.73","17850.0","Australia","BULK5"
"539721","47566","PARTY BUNTING","9","2011-01-27 08:40:00","5.02","15311.0","Belgium","SUMMER10"
"539722","84029E","RED WOOLLY HOTTIE WHITE HEART","11","2011-01-17 11:25:00","3.48","17850.0","EIRE",""
"539722","22632","HAND WARMER RED POLKA DOT","6","2011-01-17 11:25:00","2.01","17850.0","EIRE","BULK5"
"539722","84029E","RED WOOLLY HOTTIE WHITE HEART","5","2011-01-17 11:25:00","3.78","17850.0","EIRE",""
"539722","22632","HAND WARMER RED POLKA DOT","9","2011-01-17 11:25:00","1.95","17850.0","EIRE",""
"539723","84029G","KNITTED UNION FLAG HOT WATER BOTTLE","2","2011-01-30 10:37:00","3.64","13047.0","EIRE","NEWCUST"
"539724","47566","PARTY BUNTING","10","2010-12-03 11:21:00","5.39","15311.0","Belgium","NEWCUST"
"539724","85123A","WHITE HANGING HEART T-LIGHT HOLDER","11","2010-12-03 11:21:00","2.52","15311.0","Belgium","BULK5"
"539725","84029G","KNITTED UNION FLAG HOT WATER BOTTLE","4","2010-12-26 08:13:00","3.87","14096.0","Germany",""
"539725","85099B","JUMBO BAG RED RETROSPOT","10","2010-12-26 08:13:00","2.15","14096.0","Germany","SUMMER10"
"539725","20685","DOORMAT RED RETROSPOT","6","2010-12-26 08:13:00","7.38","14096.0","Germany",""
"539725","21730","GLASS STAR FROSTED T-LIGHT HOLDER","2","2010-12-26 08:13:00","4.64","14096.0","Germany",""
"539726","84029G","KNITTED UNION FLAG HOT WATER BOTTLE","5","2010-12-13 09:08:00","3.34","17809.0","Belgium",""
"539726","22633","HAND WARMER UNION JACK","6","2010-12-13 09:08:00","2.26","17809.0","Belgium",""
"539726","85123A","WHITE HANGING HEART T-LIGHT HOLDER","2","2010-12-13 09:08:00","2.6","17809.0","Belgium",""
"539727","22633","HAND WARMER UNION JACK","8","2011-01-06 11:02:00","2.17","14096.0","Germany","BULK5"
"539727","84029G","KNITTED UNION FLAG HOT WATER BOTTLE","3","2011-01-06 11:02:00","3.36","14096.0","Germany",""
"539727","22752","SET 7 BABUSHKA NESTING BOXES","11","2011-01-06 11:02:00","8.05","14096.0","Germany",""
"539728","85099B","JUMBO BAG RED RETROSPOT","11","2011-01-02 15:41:00","1.67","14606.0","Spain",""
"539728","84406B","CREAM CUPID HEARTS COAT HANGER","3","2011-01-02 15:41:00","2.92","14606.0","Spain","NEWCUST"
"539729","85123A","WHITE HANGING HEART T-LIGHT HOLDER","11","2010-12-24 08:55:00","2.64","17809.0","Germany",""
"539730","20685","DOORMAT RED RETROSPOT","9","2010-12-15 08:47:00","7.04","13047.0","Belgium",""
"539730","22633","HAND WARMER UNION JACK","8","2010-12-15 08:47:00","2.15","13047.0","Belgium",""
"539730","84406B","CREAM CUPID HEARTS COAT HANGER","12","2010-12-15 08:47:00","3.07","13047.0","Belgium","SUMMER10"
"539730","20685","DOORMAT RED RETROSPOT","9","2010-12-15 08:47:00","6.98","13047.0","Belgium",""
"539731","22633","HAND WARMER UNION JACK","3","2011-01-27 09:24:00","2.17","13777.0","France",""
"539731","47566","PARTY BUNTING","2","2011-01-27 09:24:00","4.98","13777.0","France",""
"539731","85123A","WHITE HANGING HEART T-LIGHT HOLDER","10","2011-01-27 09:24:00","2.64","13777.0","France","BULK5"
"539732","21730","GLASS STAR FROSTED T-LIGHT HOLDER","8","2010-12-12 11:00:00","4.51","16029.0","Spain",""
"539732","22633","HAND WARMER UNION JACK","4","2010-12-12 11:00:00","1.87","16029.0","Spain",""
"539733","22632","HAND WARMER RED POLKA DOT","5","2011-01-29 16:48:00","1.99","16029.0","Germany",""
"539733","71053","WHITE METAL LANTERN","4","2011-01-29 16:48:00","3.43","16029.0","Germany",""
"539733","84406B","CREAM CUPID HEARTS COAT HANGER","7","2011-01-29 16:48:00","2.74","16029.0","Germany",""
"539733","71053","WHITE METAL LANTERN","12","2011-01-29 16:48:00","3.7","16029.0","Germany","BULK5"
"539734","84406B","CREAM CUPID HEARTS COAT HANGER","11","2010-12-25 12:39:00","3.08","12583.0","Netherlands","NEWCUST"
"539734","22752","SET 7 BABUSHKA NESTING BOXES","11","2010-12-25 12:39:00","7.7","12583.0","Netherlands","NEWCUST"
"539734","84406B","CREAM CUPID HEARTS COAT HANGER","12","2010-12-25 12:39:00","2.86","12583.0","Netherlands",""
"539734","71053","WHITE METAL LANTERN","7","2010-12-25 12:39:00","3.34","12583.0","Netherlands",""
"539735","84029G","KNITTED UNION FLAG HOT WATER BOTTLE","10","2011-01-01 10:50:00","3.51","15291.0","EIRE","SUMMER10"
"539735","22633","HAND WARMER UNION JACK","12","2011-01-01 10:50:00","1.91","15291.0","EIRE","NEWCUST"
"539735","71053","WHITE METAL LANTERN","9","2011-01-01 10:50:00","3.45","15291.0","EIRE","SUMMER10"
"539735","84029G","KNITTED UNION FLAG HOT WATER BOTTLE","3","2011-01-01 10:50:00","3.74","15291.0","EIRE",""
"539736","71053","WHITE METAL LANTERN","7","2010-12-17 12:55:00","3.61","15311.0","EIRE",""
"539736","22632","HAND WARMER RED POLKA DOT","11","2010-12-17 12:55:00","2.1","15311.0","EIRE","BULK5"
"539736","21730","GLASS STAR FROSTED T-LIGHT HOLDER","6","2010-12-17 12:55:00","4.32","15311.0","EIRE",""
"539736","22752","SET 7 BABUSHKA NESTING BOXES","3","2010-12-17 12:55:00","7.84","15311.0","EIRE",""
"539737","84029G","KNITTED UNION FLAG HOT WATER BOTTLE","2","2010-12-12 08:43:00","3.42","15311.0","Germany","BULK5"
"539737","71053","WHITE METAL LANTERN","1","2010-12-12 08:43:00","3.44","15311.0","Germany",""
"539737","84029G","KNITTED UNION FLAG HOT WATER BOTTLE","12","2010-12-12 08:43:00","3.73","15311.0","Germany",""
"539737","21730","GLASS STAR FROSTED T-LIGHT HOLDER","2","2010-12-12 08:43:00","4.5","15311.0","Germany",""
"539738","47566","PARTY BUNTING","2","2010-12-08 14:59:00","5.28","15311.0","Spain",""
"539738","84029G","KNITTED UNION FLAG HOT WATER BOTTLE","4","2010-12-08 14:59:00","3.64","15311.0","Spain",""
"539739","71053","WHITE METAL LANTERN","9","2010-12-21 08:06:00","3.76","17809.0","France",""
"539739","22752","SET 7 BABUSHKA NESTING BOXES","3","2010-12-21 08:06:00","7.88","17809.0","France",""
"539740","84029G","KNITTED UNION FLAG HOT WATER BOTTLE","1","2011-01-02 10:21:00","3.57","15311.0","Belgium",""
"539740","85099B","JUMBO BAG RED RETROSPOT","12","2011-01-02 10:21:00","1.99","15311.0","Belgium","SUMMER10"
"539740","71053","WHITE METAL LANTERN","4","2011-01-02 10:21:00","3.39","15311.0","Belgium",""
"539740","20685","DOORMAT RED RETROSPOT","9","2011-01-02 10:21:00","7.14","15311.0","Belgium","SUMMER10"
"539741","85123A","WHITE HANGING HEART T-LIGHT HOLDER","5","2010-12-01 14:50:00","2.68","16029.0","Spain",""
"539742","22752","SET 7 BABUSHKA NESTING BOXES","4","2010-12-27 15:01:00","8.12","15311.0","France","NEWCUST"
"539742","85099B","JUMBO BAG RED RETROSPOT","2","2010-12-27 15:01:00","2.13","15311.0","France","NEWCUST"
"539743","20685","DOORMAT RED RETROSPOT","4","2011-01-11 13:05:00","7.14","13047.0","Netherlands","SUMMER10"
"539744","22752","SET 7 BABUSHKA NESTING BOXES","11","2011-01-28 10:22:00","7.6","15291.0","France",""
"539744","85099B","JUMBO BAG RED RETROSPOT","10","2011-01-28 10:22:00","2.06","15291.0","France","NEWCUST"
"539744","21730","GLASS STAR FROSTED T-LIGHT HOLDER","2","2011-01-28 10:22:00","4.7","15291.0","France","NEWCUST"
"539744","84029G","KNITTED UNION FLAG HOT WATER BOTTLE","4","2011-01-28 10:22:00","3.72","15291.0","France",""
"539745","84406B","CREAM CUPID HEARTS COAT HANGER","6","2010-12-15 09:29:00","2.77","15311.0","Germany",""
"539745","22633","HAND WARMER UNION JACK","11","2010-12-15 09:29:00","1.82","15311.0","Germany",""
"539745","85123A","WHITE HANGING HEART T-LIGHT HOLDER","3","2010-12-15 09:29:00","3.05","15311.0","Germany","NEWCUST"
"539745","84406B","CREAM CUPID HEARTS COAT HANGER","11","2010-12-15 09:29:00","2.78","15311.0","Germany","BULK5"
"539746","21730","GLASS STAR FROSTED T-LIGHT HOLDER","1","2010-12-02 08:59:00","4.66","14096.0","Spain","SUMMER10"
"539746","85123A","WHITE HANGING HEART T-LIGHT HOLDER","9","2010-12-02 08:59:00","2.68","14096.0","Spain","BULK5"
"539746","22632","HAND WARMER RED POLKA DOT","7","2010-12-02 08:59:00","1.91","14096.0","Spain","NEWCUST"
"539747","85099B","JUMBO BAG RED RETROSPOT","9","2010-12-10 12:08:00","1.96","16029.0","Australia","NEWCUST"
"539747","20685","DOORMAT RED RETROSPOT","9","2010-12-10 12:08:00","7.04","16029.0","Australia",""
"539748","85099B","JUMBO BAG RED RETROSPOT","9","2011-01-30 09:55:00","2.08","16029.0","United Kingdom",""
"539748","84029E","RED WOOLLY HOTTIE WHITE HEART","3","2011-01-30 09:55:00","3.31","16029.0","United Kingdom",""
"539748","84406B","CREAM CUPID HEARTS COAT HANGER","11","2011-01-30 09:55:00","3.09","16029.0","United Kingdom",""
"539748","22752","SET 7 BABUSHKA NESTING BOXES","3","2011-01-30 09:55:00","7.91","16029.0","United Kingdom",""
"539749","85099B","JUMBO BAG RED RETROSPOT","6","2011-01-14 14:30:00","1.61","17809.0","United Kingdom","NEWCUST"
"539749","22633","HAND WARMER UNION JACK","3","2011-01-14 14:30:00","2.21","17809.0","United Kingdom","NEWCUST"
"539750","85123A","WHITE HANGING HEART T-LIGHT HOLDER","10","2010-12-17 10:09:00","2.71","14606.0","United Kingdom",""
"539750","22632","HAND WARMER RED POLKA DOT","9","2010-12-17 10:09:00","1.9","14606.0","United Kingdom",""
"539750","71053","WHITE METAL LANTERN","10","2010-12-17 10:09:00","3.71","14606.0","United Kingdom","SUMMER10"
"539750","84029G","KNITTED UNION FLAG HOT WATER BOTTLE","4","2010-12-17 10:09:00","3.33","14606.0","United Kingdom","NEWCUST"
"539751","71053","WHITE METAL LANTERN","7","2011-01-25 13:47:00","3.45","15311.0","United Kingdom",""
"539752","84029G","KNITTED UNION FLAG HOT WATER BOTTLE","4","2011-01-24 13:50:00","3.66","14096.0","Spain","NEWCUST"
"539752","85099B","JUMBO BAG RED RETROSPOT","10","2011-01-24 13:50:00","1.59","14096.0","Spain",""
"539752","85123A","WHITE HANGING HEART T-LIGHT HOLDER","4","2011-01-24 13:50:00","2.96","14096.0","Spain","NEWCUST"
"539753","71053","WHITE METAL LANTERN","2","2010-12-12 13:42:00","3.7","17850.0","Germany",""
"539753","84029G","KNITTED UNION FLAG HOT WATER BOTTLE","6","2010-12-12 13:42:00","3.41","17850.0","Germany",""
"539754","20685","DOORMAT RED RETROSPOT","9","2010-12-20 10:02:00","7.18","12583.0","Germany",""
"539754","84029E","RED WOOLLY HOTTIE WHITE HEART","6","2010-12-20 10:02:00","3.66","12583.0","Germany","SUMMER10"
"539754","84029E","RED WOOLLY HOTTIE WHITE HEART","2","2010-12-20 10:02:00","3.63","12583.0","Germany","SUMMER10"
"539754","85099B","JUMBO BAG RED RETROSPOT","11","2010-12-20 10:02:00","2.12","12583.0","Germany",""
"539755","85123A","WHITE HANGING HEART T-LIGHT HOLDER","10","2011-01-04 15:44:00","3.03","15311.0","Spain",""
"539755","85099B","JUMBO BAG RED RETROSPOT","4","2011-01-04 15:44:00","2.13","15311.0","Spain",""
"539755","84029G","KNITTED UNION FLAG HOT WATER BOTTLE","3","2011-01-04 15:44:00","3.34","15311.0","Spain",""
"539756","22632","HAND WARMER RED POLKA DOT","11","2010-12-15 15:14:00","2.34","16029.0","United Kingdom","NEWCUST"
"539757","84029G","KNITTED UNION FLAG HOT WATER BOTTLE","8","2011-01-19 16:42:00","3.36","15311.0","EIRE","BULK5"
"539758","85099B","JUMBO BAG RED RETROSPOT","4","2010-12-03 11:44:00","1.65","16029.0","Australia","BULK5"
"539758","22752","SET 7 BABUSHKA NESTING BOXES","11","2010-12-03 11:44:00","8.12","16029.0","Australia","NEWCUST"
"539759","22632","HAND WARMER RED POLKA DOT","10","2010-12-05 08:01:00","2.24","16029.0","Spain",""
"539760","85123A","WHITE HANGING HEART T-LIGHT HOLDER","7","2010-12-02 16:24:00","2.63","15311.0","France","NEWCUST"
"539760","20685","DOORMAT RED RETROSPOT","3","2010-12-02 16:24:00","7.25","15311.0","France","BULK5"
"539760","22752","SET 7 BABUSHKA NESTING BOXES","10","2010-12-02 16:24:00","7.72","15311.0","France","BULK5"
"539761","84406B","CREAM CUPID HEARTS COAT HANGER","11","2010-12-12 15:01:00","2.73","13047.0","Spain","NEWCUST"
"539762","22752","SET 7 BABUSHKA NESTING BOXES","6","2011-01-27 16:24:00","7.92","12583.0","Australia","BULK5"
"539762","22633","HAND WARMER UNION JACK","12","2011-01-27 16:24:00","2.21","12583.0","Australia",""
"539762","22633","HAND WARMER UNION JACK","2","2011-01-27 16:24:00","2.28","12583.0","Australia","NEWCUST"
"539763","20685","DOORMAT RED RETROSPOT","9","2010-12-04 16:18:00","7.35","15291.0","Netherlands",""
"539763","84406B","CREAM CUPID HEARTS COAT HANGER","9","2010-12-04 16:18:00","2.89","15291.0","Netherlands",""
"539763","22752","SET 7 BABUSHKA NESTING BOXES","6","2010-12-04 16:18:00","7.6","15291.0","Netherlands",""
"539763","71053","WHITE METAL LANTERN","5","2010-12-04 16:18:00","3.7","15291.0","Netherlands","NEWCUST"
"539764","47566","PARTY BUNTING","2","2010-12-11 16:09:00","5.27","15311.0","EIRE","NEWCUST"
"539765","85123A","WHITE HANGING HEART T-LIGHT HOLDER","6","2010-12-04 15:12:00","3.04","13047.0","Australia","NEWCUST"
"539766","22632","HAND WARMER RED POLKA DOT","2","2011-01-30 11:37:00","2.05","13047.0","Spain",""
"539766","21730","GLASS STAR FROSTED T-LIGHT HOLDER","5","2011-01-30 11:37:00","4.25","13047.0","Spain","NEWCUST"
"539766","84029G","KNITTED UNION FLAG HOT WATER BOTTLE","10","2011-01-30 11:37:00","3.56","13047.0","Spain",""
"539767","22632","HAND WARMER RED POLKA DOT","3","2011-01-02 16:43:00","1.83","17809.0","Spain",""
"539767","20685","DOORMAT RED RETROSPOT","11","2011-01-02 16:43:00","7.01","17809.0","Spain","NEWCUST"
"539768","22633","HAND WARMER UNION JACK","11","2010-12-13 11:11:00","2.26","14606.0","EIRE",""
"539768","84406B","CREAM CUPID HEARTS COAT HANGER","3","2010-12-13 11:11:00","2.73","14606.0","EIRE",""
"539768","84029G","KNITTED UNION FLAG HOT WATER BOTTLE","10","2010-12-13 11:11:00","3.32","14606.0","EIRE",""
"539768","20685","DOORMAT RED RETROSPOT","8","2010-12-13 11:11:00","7.21","14606.0","EIRE",""
"539769","71053","WHITE METAL LANTERN","8","2011-01-13 12:37:00","3.78","14606.0","Netherlands","BULK5"
"539769","84406B","CREAM CUPID HEARTS COAT HANGER","9","2011-01-13 12:37:00","2.69","14606.0","Netherlands",""
"539770","84406B","CREAM CUPID HEARTS COAT HANGER","5","2011-01-26 16:25:00","2.93","17809.0","Spain",""
"539771","71053","WHITE METAL LANTERN","7","2011-01-09 14:50:00","3.59","17850.0","Spain","BULK5"
"539771","20685","DOORMAT RED RETROSPOT","8","2011-01-09 14:50:00","7.37","17850.0","Spain",""
"539771","85099B","JUMBO BAG RED RETROSPOT","7","2011-01-09 14:50:00","1.72","17850.0","Spain","BULK5"
"539771","84029E","RED WOOLLY HOTTIE WHITE HEART","7","2011-01-09 14:50:00","3.63","17850.0","Spain","SUMMER10"
"539772","84029G","KNITTED UNION FLAG HOT WATER BOTTLE","5","2010-12-06 08:16:00","3.76","17809.0","France","NEWCUST"
"539772","21730","GLASS STAR FROSTED T-LIGHT HOLDER","9","2010-12-06 08:16:00","4.31","17809.0","France",""
"539772","22632","HAND WARMER RED POLKA DOT","7","2010-12-06 08:16:00","1.76","17809.0","France","NEWCUST"
"539772","85099B","JUMBO BAG RED RETROSPOT","1","2010-12-06 08:16:00","2.01","17809.0","France","BULK5"
"539773","71053","WHITE METAL LANTERN","4","2011-01-06 16:26:00","3.67","16029.0","Spain",""
"539773","22633","HAND WARMER UNION JACK","1","2011-01-06 16:26:00","2.06","16029.0","Spain","NEWCUST"
"539773","85123A","WHITE HANGING HEART T-LIGHT HOLDER","5","2011-01-06 16:26:00","2.93","16029.0","Spain",""
"539773","85123A","WHITE HANGING HEART T-LIGHT HOLDER","5","2011-01-06 16:26:00","2.92","16029.0","Spain",""
"539774","84406B","CREAM CUPID HEARTS COAT HANGER","12","2010-12-15 14:12:00","3.05","13777.0","Belgium",""
"539775","71053","WHITE METAL LANTERN","5","2010-12-28 14:28:00","3.6","15311.0","United Kingdom","SUMMER10"
"539775","71053","WHITE METAL LANTERN","12","2010-12-28 14:28:00","3.85","15311.0","United Kingdom",""
"539776","22752","SET 7 BABUSHKA NESTING BOXES","8","2010-12-12 16:44:00","8.0","14096.0","Australia",""
"539776","20685","DOORMAT RED RETROSPOT","4","2010-12-12 16:44:00","7.31","14096.0","Australia","NEWCUST"
"539776","71053","WHITE METAL LANTERN","11","2010-12-12 16:44:00","3.42","14096.0","Australia",""
"539777","21730","GLASS STAR FROSTED T-LIGHT HOLDER","6","2010-12-12 15:07:00","4.7","14606.0","Belgium",""
"539778","20685","DOORMAT RED RETROSPOT","12","2011-01-21 16:42:00","7.42","12583.0","EIRE",""
"539779","22752","SET 7 BABUSHKA NESTING BOXES","11","2010-12-09 15:34:00","8.05","15291.0","EIRE",""
"539779","21730","GLASS STAR FROSTED T-LIGHT HOLDER","9","2010-12-09 15:34:00","4.29","15291.0","EIRE",""
"539779","84029E","RED WOOLLY HOTTIE WHITE HEART","9","2010-12-09 15:34:00","3.39","15291.0","EIRE",""
"539780","84406B","CREAM CUPID HEARTS COAT HANGER","1","2010-12-19 16:50:00","2.74","13047.0","United Kingdom",""
"539781","22752","SET 7 BABUSHKA NESTING BOXES","2","2011-01-14 13:26:00","8.03","15291.0","Australia",""
"539782","84029E","RED WOOLLY HOTTIE WHITE HEART","11","2010-12-25 11:50:00","3.38","14096.0","Germany",""
"539782","84029E","RED WOOLLY HOTTIE WHITE HEART","4","2010-12-25 11:50:00","3.64","14096.0","Germany",""
"539782","71053","WHITE METAL LANTERN","8","2010-12-25 11:50:00","3.74","14096.0","Germany",""
"539783","85123A","WHITE HANGING HEART T-LIGHT HOLDER","2","2011-01-01 11:49:00","3.01","15291.0","France",""
"539783","20685","DOORMAT RED RETROSPOT","7","2011-01-01 11:49:00","7.31","15291.0","France","SUMMER10"
"539783","84406B","CREAM CUPID HEARTS COAT HANGER","5","2011-01-01 11:49:00","3.03","15291.0","France",""
"539784","20685","DOORMAT RED RETROSPOT","11","2011-01-07 11:04:00","7.26","17850.0","France",""
"539784","20685","DOORMAT RED RETROSPOT","9","2011-01-07 11:04:00","6.99","17850.0","France","NEWCUST"
"539785","84406B","CREAM CUPID HEARTS COAT HANGER","3","2011-01-02 14:36:00","3.01","13777.0","France","BULK5"
"539785","85099B","JUMBO BAG RED RETROSPOT","1","2011-01-02 14:36:00","2.11","13777.0","France","BULK5"
"539786","85099B","JUMBO BAG RED RETROSPOT","6","2011-01-21 10:27:00","1.72","17850.0","Germany","SUMMER10"
"539787","21730","GLASS STAR FROSTED T-LIGHT HOLDER","11","2011-01-23 14:06:00","4.3","13777.0","Belgium","BULK5"
"539787","47566","PARTY BUNTING","6","2011-01-23 14:06:00","5.43","13777.0","Belgium",""
"539787","84029G","KNITTED UNION FLAG HOT WATER BOTTLE","9","2011-01-23 14:06:00","3.68","13777.0","Belgium",""
"539788","22632","HAND WARMER RED POLKA DOT","8","2010-12-04 08:32:00","2.16","14606.0","Belgium",""
"539788","71053","WHITE METAL LANTERN","8","2010-12-04 08:32:00","3.47","14606.0","Belgium","SUMMER10"
"539789","20685","DOORMAT RED RETROSPOT","4","2011-01-22 13:24:00","7.52","12583.0","Netherlands","BULK5"
"539789","20685","DOORMAT RED RETROSPOT","9","2011-01-22 13:24:00","7.38","12583.0","Netherlands",""
"539789","84029G","KNITTED UNION FLAG HOT WATER BOTTLE","2","2011-01-22 13:24:00","3.3","12583.0","Netherlands","BULK5"
"539789","71053","WHITE METAL LANTERN","4","2011-01-22 13:24:00","3.71","12583.0","Netherlands","NEWCUST"
"539790","47566","PARTY BUNTING","1","2010-12-11 10:58:00","5.1","14096.0","Belgium","NEWCUST"
"539791","84029G","KNITTED UNION FLAG HOT WATER BOTTLE","6","2010-12-08 11:25:00","3.38","17850.0","Australia","NEWCUST"
"539791","22633","HAND WARMER UNION JACK","7","2010-12-08 11:25:00","1.92","17850.0","Australia",""
"539791","21730","GLASS STAR FROSTED T-LIGHT HOLDER","5","2010-12-08 11:25:00","4.62","17850.0","Australia","BULK5"
"539792","47566","PARTY BUNTING","12","2011-01-29 11:08:00","5.34","13047.0","Australia","NEWCUST"
"539793","22633","HAND WARMER UNION JACK","4","2011-01-30 11:21:00","2.16","15311.0","Netherlands",""
"539793","71053","WHITE METAL LANTERN","1","2011-01-30 11:21:00","3.51","15311.0","Netherlands",""
"539793","85123A","WHITE HANGING HEART T-LIGHT HOLDER","9","2011-01-30 11:21:00","2.93","15311.0","Netherlands","NEWCUST"
"539793","84029E","RED WOOLLY HOTTIE WHITE HEART","1","2011-01-30 11:21:00","3.52","15311.0","Netherlands",""
"539794","21730","GLASS STAR FROSTED T-LIGHT HOLDER","11","2010-12-06 08:35:00","4.48","17809.0","EIRE","NEWCUST"
"539794","22632","HAND WARMER RED POLKA DOT","6","2010-12-06 08:35:00","2.08","17809.0","EIRE",""
"539794","71053","WHITE METAL LANTERN","3","2010-12-06 08:35:00","3.67","17809.0","EIRE",""
"539795","22752","SET 7 BABUSHKA NESTING BOXES","11","2010-12-03 08:05:00","7.91","17809.0","Belgium",""
"539796","22752","SET 7 BABUSHKA NESTING BOXES","7","2011-01-14 08:38:00","7.65","14096.0","Belgium",""
"539796","22632","HAND WARMER RED POLKA DOT","4","2011-01-14 08:38:00","2.14","14096.0","Belgium","NEWCUST"
"539797","22633","HAND WARMER UNION JACK","3","2011-01-26 14:13:00","1.92","14096.0","Belgium",""
"539797","85123A","WHITE HANGING HEART T-LIGHT HOLDER","12","2011-01-26 14:13:00","2.64","14096.0","Belgium","NEWCUST"
"539797","22632","HAND WARMER RED POLKA DOT","1","2011-01-26 14:13:00","2.14","14096.0","Belgium","BULK5"
"539798","22633","HAND WARMER UNION JACK","9","2010-12-24 08:53:00","1.89","14096.0","Belgium",""
"539798","84029G","KNITTED UNION FLAG HOT WATER BOTTLE","5","2010-12-24 08:53:00","3.62","14096.0","Belgium",""
"539798","20685","DOORMAT RED RETROSPOT","4","2010-12-24 08:53:00","7.58","14096.0","Belgium",""
"539798","20685","DOORMAT RED RETROSPOT","12","2010-12-24 08:53:00","7.3","14096.0","Belgium","SUMMER10"
"539799","20685","DOORMAT RED RETROSPOT","9","2010-12-11 13:50:00","7.43","13047.0","Australia",""
"539799","20685","DOORMAT RED RETROSPOT","6","2010-12-11 13:50:00","7.48","13047.0","Australia",""
"539800","84029E","RED WOOLLY HOTTIE WHITE HEART","3","2011-01-19 11:31:00","3.85","13047.0","EIRE",""
"539800","85123A","WHITE HANGING HEART T-LIGHT HOLDER","3","2011-01-19 11:31:00","2.85","13047.0","EIRE",""
"539800","85099B","JUMBO BAG RED RETROSPOT","9","2011-01-19 11:31:00","1.63","13047.0","EIRE","SUMMER10"
"539801","84406B","CREAM CUPID HEARTS COAT HANGER","12","2011-01-25 16:15:00","3.06","15311.0","Spain","SUMMER10"
"539802","71053","WHITE METAL LANTERN","10","2011-01-29 11:41:00","3.86","13047.0","France","SUMMER10"
"539802","85123A","WHITE HANGING HEART T-LIGHT HOLDER","11","2011-01-29 11:41:00","3.03","13047.0","France",""
"539803","22632","HAND WARMER RED POLKA DOT","9","2011-01-05 14:09:00","1.92","13777.0","France",""
"539803","22632","HAND WARMER RED POLKA DOT","11","2011-01-05 14:09:00","1.82","13777.0","France",""
"539803","22752","SET 7 BABUSHKA NESTING BOXES","9","2011-01-05 14:09:00","7.9","13777.0","France",""
"539804","20685","DOORMAT RED RETROSPOT","11","2011-01-26 09:31:00","7.08","12583.0","Spain","NEWCUST"
"539804","85099B","JUMBO BAG RED RETROSPOT","1","2011-01-26 09:31:00","1.86","12583.0","Spain","SUMMER10"
"539804","84029G","KNITTED UNION FLAG HOT WATER BOTTLE","11","2011-01-26 09:31:00","3.48","12583.0","Spain","SUMMER10"
"539805","22632","HAND WARMER RED POLKA DOT","5","2010-12-08 08:29:00","1.99","15311.0","France","NEWCUST"
"539805","47566","PARTY BUNTING","11","2010-12-08 08:29:00","5.05","15311.0","France","NEWCUST"
"539806","84406B","CREAM CUPID HEARTS COAT HANGER","8","2011-01-04 10:13:00","2.78","13047.0","Australia",""
"539807","84029G","KNITTED UNION FLAG HOT WATER BOTTLE","10","2010-12-31 12:05:00","3.68","16029.0","Australia",""
"539807","84029G","KNITTED UNION FLAG HOT WATER BOTTLE","2","2010-12-31 12:05:00","3.67","16029.0","Australia",""
"539808","71053","WHITE METAL LANTERN","5","2010-12-29 13:27:00","3.63","14096.0","United Kingdom","SUMMER10"
"539808","84029E","RED WOOLLY HOTTIE WHITE HEART","11","2010-12-29 13:27:00","3.6","14096.0","United Kingdom",""
"539808","84029E","RED WOOLLY HOTTIE WHITE HEART","6","2010-12-29 13:27:00","3.69","14096.0","United Kingdom","SUMMER10"
"539808","71053","WHITE METAL LANTERN","3","2010-12-29 13:27:00","3.66","14096.0","United Kingdom",""
"539809","21730","GLASS STAR FROSTED T-LIGHT HOLDER","3","2010-12-18 08:03:00","4.57","17809.0","EIRE","NEWCUST"
"539809","20685","DOORMAT RED RETROSPOT","8","2010-12-18 08:03:00","7.15","17809.0","EIRE",""
"539809","22632","HAND WARMER RED POLKA DOT","2","2010-12-18 08:03:00","2.11","17809.0","EIRE",""
"539810","20685","DOORMAT RED RETROSPOT","1","2011-01-27 14:49:00","7.42","13777.0","United Kingdom",""
"539810","85099B","JUMBO BAG RED RETROSPOT","6","2011-01-27 14:49:00","1.8","13777.0","United Kingdom","SUMMER10"
"539810","71053","WHITE METAL LANTERN","7","2011-01-27 14:49:00","3.44","13777.0","United Kingdom","NEWCUST"
"539810","85099B","JUMBO BAG RED RETROSPOT","12","2011-01-27 14:49:00","1.76","13777.0","United Kingdom",""
"539811","22632","HAND WARMER RED POLKA DOT","5","2011-01-10 14:48:00","2.03","16029.0","Germany","SUMMER10"
"539811","22632","HAND WARMER RED POLKA DOT","2","2011-01-10 14:48:00","1.91","16029.0","Germany",""
"539812","22632","HAND WARMER RED POLKA DOT","6","2010-12-29 16:15:00","2.21","15311.0","France",""
"539813","22752","SET 7 BABUSHKA NESTING BOXES","7","2011-01-14 11:10:00","8.05","17809.0","EIRE",""
"539813","22632","HAND WARMER RED POLKA DOT","10","2011-01-14 11:10:00","2.1","17809.0","EIRE",""
"539813","85099B","JUMBO BAG RED RETROSPOT","2","2011-01-14 11:10:00","1.81","17809.0","EIRE","BULK5"
"539813","85123A","WHITE HANGING HEART T-LIGHT HOLDER","10","2011-01-14 11:10:00","2.45","17809.0","EIRE","NEWCUST"
"539814","85099B","JUMBO BAG RED RETROSPOT","1","2011-01-22 14:34:00","1.58","14606.0","EIRE","BULK5"
"539815","84406B","CREAM CUPID HEARTS COAT HANGER","7","2010-12-22 12:52:00","2.68","17809.0","Germany",""
"539815","22633","HAND WARMER UNION JACK","7","2010-12-22 12:52:00","2.13","17809.0","Germany","SUMMER10"
"539815","22752","SET 7 BABUSHKA NESTING BOXES","2","2010-12-22 12:52:00","7.89","17809.0","Germany","SUMMER10"
"539815","47566","PARTY BUNTING","4","2010-12-22 12:52:00","5.0","17809.0","Germany","NEWCUST"
"539816","84029E","RED WOOLLY HOTTIE WHITE HEART","7","2011-01-21 12:29:00","3.49","15311.0","Spain","SUMMER10"
"539817","71053","WHITE METAL LANTERN","3","2011-01-21 11:32:00","3.8","14096.0","Germany","NEWCUST"
"539817","22632","HAND WARMER RED POLKA DOT","7","2011-01-21 11:32:00","2.33","14096.0","Germany",""
"539818","47566","PARTY BUNTING","9","2010-12-10 12:35:00","5.05","16029.0","United Kingdom",""
"539818","84029E","RED WOOLLY HOTTIE WHITE HEART","6","2010-12-10 12:35:00","3.59","16029.0","United Kingdom",""
"539818","47566","PARTY BUNTING","10","2010-12-10 12:35:00","5.18","16029.0","United Kingdom",""
"539819","85099B","JUMBO BAG RED RETROSPOT","3","2011-01-20 16:03:00","1.76","15291.0","EIRE",""
"539819","84029E","RED WOOLLY HOTTIE WHITE HEART","1","2011-01-20 16:03:00","3.61","15291.0","EIRE",""
"539819","47566","PARTY BUNTING","2","2011-01-20 16:03:00","5.39","15291.0","EIRE",""
"539819","22633","HAND WARMER UNION JACK","12","2011-01-20 16:03:00","2.28","15291.0","EIRE",""
"539820","22633","HAND WARMER UNION JACK","10","2011-01-18 15:48:00","1.9","14096.0","Netherlands","SUMMER10"
"539820","84029E","RED WOOLLY HOTTIE WHITE HEART","10","2011-01-18 15:48:00","3.85","14096.0","Netherlands",""
"539820","85123A","WHITE HANGING HEART T-LIGHT HOLDER","10","2011-01-18 15:48:00","2.67","14096.0","Netherlands",""
"539821","21730","GLASS STAR FROSTED T-LIGHT HOLDER","6","2011-01-22 08:23:00","4.37","14606.0","Spain",""
"539821","71053","WHITE METAL LANTERN","10","2011-01-22 08:23:00","3.59","14606.0","Spain",""
"539821","71053","WHITE METAL LANTERN","8","2011-01-22 08:23:00","3.35","14606.0","Spain",""
"539822","22633","HAND WARMER UNION JACK","9","2010-12-13 08:02:00","2.27","13047.0","EIRE","NEWCUST"
"539822","22752","SET 7 BABUSHKA NESTING BOXES","12","2010-12-13 08:02:00","7.63","13047.0","EIRE",""
"539823","20685","DOORMAT RED RETROSPOT","12","2010-12-09 14:41:00","7.54","12583.0","United Kingdom","NEWCUST"
"539823","22752","SET 7 BABUSHKA NESTING BOXES","5","2010-12-09 14:41:00","7.58","12583.0","United Kingdom","BULK5"
"539823","22633","HAND WARMER UNION JACK","8","2010-12-09 14:41:00","2.3","12583.0","United Kingdom","BULK5"
"539823","84029E","RED WOOLLY HOTTIE WHITE HEART","9","2010-12-09 14:41:00","3.71","12583.0","United Kingdom","NEWCUST"
"539824","22632","HAND WARMER RED POLKA DOT","2","2011-01-12 10:06:00","2.31","14096.0","France",""
"539825","22632","HAND WARMER RED POLKA DOT","7","2011-01-11 15:31:00","2.33","17850.0","Spain","NEWCUST"
"539825","84029G","KNITTED UNION FLAG HOT WATER BOTTLE","9","2011-01-11 15:31:00","3.76","17850.0","Spain","NEWCUST"
"539826","47566","PARTY BUNTING","6","2010-12-21 16:42:00","5.41","14606.0","Belgium",""
"539826","47566","PARTY BUNTING","12","2010-12-21 16:42:00","5.3","14606.0","Belgium",""
"539827","84029E","RED WOOLLY HOTTIE WHITE HEART","8","2011-01-03 08:25:00","3.78","17850.0","Belgium","BULK5"
"539828","84029G","KNITTED UNION FLAG HOT WATER BOTTLE","2","2011-01-14 09:48:00","3.84","12583.0","France",""
"539828","22752","SET 7 BABUSHKA NESTING BOXES","1","2011-01-14 09:48:00","8.05","12583.0","France",""
"539828","85123A","WHITE HANGING HEART T-LIGHT HOLDER","3","2011-01-14 09:48:00","2.56","12583.0","France","SUMMER10"
"539829","47566","PARTY BUNTING","2","2011-01-21 12:44:00","5.35","17850.0","Netherlands",""
"539829","84029E","RED WOOLLY HOTTIE WHITE HEART","3","2011-01-21 12:44:00","3.55","17850.0","Netherlands",""
"539829","85123A","WHITE HANGING HEART T-LIGHT HOLDER","9","2011-01-21 12:44:00","2.85","17850.0","Netherlands","NEWCUST"
"539829","47566","PARTY BUNTING","11","2011-01-21 12:44:00","5.36","17850.0","Netherlands",""
"539830","47566","PARTY BUNTING","12","2010-12-23 16:58:00","5.09","14096.0","EIRE","NEWCUST"
"539830","84029G","KNITTED UNION FLAG HOT WATER BOTTLE","3","2010-12-23 16:58:00","3.39","14096.0","EIRE",""
"539831","47566","PARTY BUNTING","4","2011-01-27 15:52:00","5.08","13047.0","United Kingdom",""
"539831","84029E","RED WOOLLY HOTTIE WHITE HEART","8","2011-01-27 15:52:00","3.32","13047.0","United Kingdom","SUMMER10"
"539831","22632","HAND WARMER RED POLKA DOT","1","2011-01-27 15:52:00","1.99","13047.0","United Kingdom",""
"539832","21730","GLASS STAR FROSTED T-LIGHT HOLDER","7","2011-01-04 10:51:00","4.61","15311.0","France",""
"539832","21730","GLASS STAR FROSTED T-LIGHT HOLDER","3","2011-01-04 10:51:00","4.2","15311.0","France","BULK5"
"539833","22632","HAND WARMER RED POLKA DOT","5","2010-12-04 15:47:00","2.15","17809.0","Spain",""
"539833","47566","PARTY BUNTING","1","2010-12-04 15:47:00","4.93","17809.0","Spain",""
"539833","21730","GLASS STAR FROSTED T-LIGHT HOLDER","6","2010-12-04 15:47:00","4.51","17809.0","Spain",""
"539834","85123A","WHITE HANGING HEART T-LIGHT HOLDER","1","2010-12-07 12:13:00","2.92","12583.0","Germany",""
"539834","20685","DOORMAT RED RETROSPOT","4","2010-12-07 12:13:00","7.42","12583.0","Germany",""
"539834","85099B","JUMBO BAG RED RETROSPOT","7","2010-12-07 12:13:00","1.93","12583.0","Germany",""
"539834","20685","DOORMAT RED RETROSPOT","3","2010-12-07 12:13:00","7.39","12583.0","Germany","BULK5"
"539835","84029E","RED WOOLLY HOTTIE WHITE HEART","4","2010-12-30 13:34:00","3.31","13777.0","France","NEWCUST"
"539836","21730","GLASS STAR FROSTED T-LIGHT HOLDER","10","2010-12-18 09:14:00","4.49","13047.0","Spain",""
"539836","47566","PARTY BUNTING","1","2010-12-18 09:14:00","5.25","13047.0","Spain",""
"539837","20685","DOORMAT RED RETROSPOT","4","2011-01-22 11:31:00","7.3","14606.0","Belgium","NEWCUST"
"539837","20685","DOORMAT RED RETROSPOT","2","2011-01-22 11:31:00","7.22","14606.0","Belgium",""
"539837","22633","HAND WARMER UNION JACK","11","2011-01-22 11:31:00","2.26","14606.0","Belgium","BULK5"
"539838","84029E","RED WOOLLY HOTTIE WHITE HEART","7","2010-12-24 13:05:00","3.72","15291.0","Belgium","BULK5"
"539838","85099B","JUMBO BAG RED RETROSPOT","12","2010-12-24 13:05:00","2.09","15291.0","Belgium",""
"539838","84029E","RED WOOLLY HOTTIE WHITE HEART","7","2010-12-24 13:05:00","3.5","15291.0","Belgium","SUMMER10"
"539838","22632","HAND WARMER RED POLKA DOT","7","2010-12-24 13:05:00","2.08","15291.0","Belgium","SUMMER10"
"539839","84406B","CREAM CUPID HEARTS COAT HANGER","11","2011-01-25 13:59:00","2.88","15311.0","Germany",""
"539839","84406B","CREAM CUPID HEARTS COAT HANGER","6","2011-01-25 13:59:00","3.02","15311.0","Germany",""
"539839","20685","DOORMAT RED RETROSPOT","11","2011-01-25 13:59:00","7.52","15311.0","Germany","BULK5"
"539839","84029G","KNITTED UNION FLAG HOT WATER BOTTLE","10","2011-01-25 13:59:00","3.58","15311.0","Germany",""
"539840","85123A","WHITE HANGING HEART T-LIGHT HOLDER","7","2011-01-24 08:44:00","2.82","13777.0","Australia","NEWCUST"
"539841","71053","WHITE METAL LANTERN","8","2011-01-22 13:51:00","3.63","14606.0","EIRE",""
"539841","84406B","CREAM CUPID HEARTS COAT HANGER","10","2011-01-22 13:51:00","2.9","14606.0","EIRE",""
"539841","22633","HAND WARMER UNION JACK","12","2011-01-22 13:51:00","1.83","14606.0","EIRE","SUMMER10"
"539842","21730","GLASS STAR FROSTED T-LIGHT HOLDER","7","2011-01-23 15:58:00","4.6","15311.0","Spain",""
"539842","22633","HAND WARMER UNION JACK","3","2011-01-23 15:58:00","2.24","15311.0","Spain",""
"539842","84029E","RED WOOLLY HOTTIE WHITE HEART","12","2011-01-23 15:58:00","3.3","15311.0","Spain",""
"539843","84406B","CREAM CUPID HEARTS COAT HANGER","7","2010-12-16 12:39:00","3.14","12583.0","France","SUMMER10"
"539843","84029G","KNITTED UNION FLAG HOT WATER BOTTLE","3","2010-12-16 12:39:00","3.38","12583.0","France",""
"539844","84029G","KNITTED UNION FLAG HOT WATER BOTTLE","3","2011-01-13 16:43:00","3.46","15291.0","Germany","BULK5"
"539845","84029E","RED WOOLLY HOTTIE WHITE HEART","1","2011-01-21 10:33:00","3.61","14096.0","Netherlands",""
"539845","21730","GLASS STAR FROSTED T-LIGHT HOLDER","11","2011-01-21 10:33:00","4.32","14096.0","Netherlands",""
"539845","47566","PARTY BUNTING","5","2011-01-21 10:33:00","5.1","14096.0","Netherlands",""
"539845","22752","SET 7 BABUSHKA NESTING BOXES","10","2011-01-21 10:33:00","8.0","14096.0","Netherlands","SUMMER10"
"539846","20685","DOORMAT RED RETROSPOT","9","2011-01-03 13:35:00","7.41","16029.0","Belgium",""
"539847","22632","HAND WARMER RED POLKA DOT","5","2010-12-08 09:06:00","1.92","15291.0","EIRE",""
"539848","22752","SET 7 BABUSHKA NESTING BOXES","12","2010-12-28 13:58:00","7.57","15311.0","EIRE","SUMMER10"
"539848","22752","SET 7 BABUSHKA NESTING BOXES","4","2010-12-28 13:58:00","7.7","15311.0","EIRE","SUMMER10"
"539849","22752","SET 7 BABUSHKA NESTING BOXES","1","2010-12-26 15:10:00","8.1","13047.0","United Kingdom",""
"539849","84029G","KNITTED UNION FLAG HOT WATER BOTTLE","11","2010-12-26 15:10:00","3.63","13047.0","United Kingdom","SUMMER10"
"539850","22752","SET 7 BABUSHKA NESTING BOXES","12","2011-01-27 09:47:00","7.8","17809.0","Belgium","BULK5"
"539850","22632","HAND WARMER RED POLKA DOT","8","2011-01-27 09:47:00","1.78","17809.0","Belgium",""
"539851","85099B","JUMBO BAG RED RETROSPOT","5","2010-12-28 10:10:00","1.96","15311.0","EIRE",""
"539852","85123A","WHITE HANGING HEART T-LIGHT HOLDER","2","2011-01-04 14:23:00","2.84","12583.0","Australia",""
"539852","22752","SET 7 BABUSHKA NESTING BOXES","1","2011-01-04 14:23:00","8.09","12583.0","Australia","BULK5"
"539852","22752","SET 7 BABUSHKA NESTING BOXES","5","2011-01-04 14:23:00","7.77","12583.0","Australia","BULK5"
"539853","20685","DOORMAT RED RETROSPOT","12","2010-12-26 10:58:00","7.48","15311.0","Netherlands",""
"539853","85123A","WHITE HANGING HEART T-LIGHT HOLDER","10","2010-12-26 10:58:00","2.58","15311.0","Netherlands",""
"539853","71053","WHITE METAL LANTERN","5","2010-12-26 10:58:00","3.35","15311.0","Netherlands","SUMMER10"
"539854","47566","PARTY BUNTING","1","2010-12-24 12:11:00","5.31","12583.0","Australia",""
"539854","84029G","KNITTED UNION FLAG HOT WATER BOTTLE","4","2010-12-24 12:11:00","3.73","12583.0","Australia",""
"539854","20685","DOORMAT RED RETROSPOT","11","2010-12-24 12:11:00","7.46","12583.0","Australia","BULK5"
"539855","47566","PARTY BUNTING","4","2010-12-12 11:07:00","5.2","14096.0","Netherlands","BULK5"
"539855","20685","DOORMAT RED RETROSPOT","1","2010-12-12 11:07:00","7.02","14096.0","Netherlands","NEWCUST"
"539855","20685","DOORMAT RED RETROSPOT","1","2010-12-12 11:07:00","7.36","14096.0","Netherlands",""
"539855","71053","WHITE METAL LANTERN","3","2010-12-12 11:07:00","3.7","14096.0","Netherlands",""
"539856","84406B","CREAM CUPID HEARTS COAT HANGER","12","2010-12-19 16:57:00","3.13","15291.0","Belgium",""
"539857","84406B","CREAM CUPID HEARTS COAT HANGER","10","2011-01-17 13:07:00","3.24","16029.0","Spain",""
"539858","22632","HAND WARMER RED POLKA DOT","7","2010-12-27 09:37:00","1.85","14096.0","France",""
"539858","84029E","RED WOOLLY HOTTIE WHITE HEART","1","2010-12-27 09:37:00","3.49","14096.0","France","NEWCUST"
"539859","85123A","WHITE HANGING HEART T-LIGHT HOLDER","11","2010-12-22 13:47:00","3.04","14096.0","France",""
"539859","84029G","KNITTED UNION FLAG HOT WATER BOTTLE","5","2010-12-22 13:47:00","3.6","14096.0","France",""
"539860","85099B","JUMBO BAG RED RETROSPOT","8","2011-01-02 12:25:00","1.58","13047.0","Australia",""
"539860","85099B","JUMBO BAG RED RETROSPOT","3","2011-01-02 12:25:00","1.82","13047.0","Australia",""
"539861","85099B","JUMBO BAG RED RETROSPOT","2","2010-12-04 09:11:00","1.81","14606.0","Spain","SUMMER10"
"539861","21730","GLASS STAR FROSTED T-LIGHT HOLDER","1","2010-12-04 09:11:00","4.56","14606.0","Spain",""
"539861","22752","SET 7 BABUSHKA NESTING BOXES","9","2010-12-04 09:11:00","7.9","14606.0","Spain",""
"539861","22632","HAND WARMER RED POLKA DOT","12","2010-12-04 09:11:00","2.18","14606.0","Spain","SUMMER10"
"539862","22632","HAND WARMER RED POLKA DOT","2","2011-01-16 10:04:00","1.88","12583.0","Spain","SUMMER10"
"539862","85123A","WHITE HANGING HEART T-LIGHT HOLDER","6","2011-01-16 10:04:00","3.0","12583.0","Spain",""
"539862","85123A","WHITE HANGING HEART T-LIGHT HOLDER","9","2011-01-16 10:04:00","2.77","12583.0","Spain","BULK5"
"539862","84029G","KNITTED UNION FLAG HOT WATER BOTTLE","11","2011-01-16 10:04:00","3.84","12583.0","Spain",""
"539863","22633","HAND WARMER UNION JACK","12","2010-12-24 10:57:00","2.21","14606.0","France","SUMMER10"
"539863","85123A","WHITE HANGING HEART T-LIGHT HOLDER","7","2010-12-24 10:57:00","2.84","14606.0","France",""
"539863","85123A","WHITE HANGING HEART T-LIGHT HOLDER","11","2010-12-24 10:57:00","2.76","14606.0","France","BULK5"
"539863","22632","HAND WARMER RED POLKA DOT","1","2010-12-24 10:57:00","2.28","14606.0","France","SUMMER10"
"539864","22633","HAND WARMER UNION JACK","12","2011-01-15 12:44:00","2.32","14606.0","EIRE","BULK5"
"539864","47566","PARTY BUNTING","12","2011-01-15 12:44:00","5.2","14606.0","EIRE","BULK5"
"539865","84029E","RED WOOLLY HOTTIE WHITE HEART","4","2010-12-13 14:56:00","3.6","17809.0","EIRE",""
"539865","71053","WHITE METAL LANTERN","1","2010-12-13 14:56:00","3.71","17809.0","EIRE","BULK5"
"539866","20685","DOORMAT RED RETROSPOT","4","2011-01-18 12:33:00","7.22","14096.0","Netherlands",""
"539866","84029G","KNITTED UNION FLAG HOT WATER BOTTLE","8","2011-01-18 12:33:00","3.85","14096.0","Netherlands","NEWCUST"
"539867","47566","PARTY BUNTING","5","2010-12-26 09:08:00","5.32","17850.0","Spain","SUMMER10"
"539867","85123A","WHITE HANGING HEART T-LIGHT HOLDER","6","2010-12-26 09:08:00","2.65","17850.0","Spain","SUMMER10"
"539867","22633","HAND WARMER UNION JACK","12","2010-12-26 09:08:00","2.04","17850.0","Spain","NEWCUST"
"539867","22752","SET 7 BABUSHKA NESTING BOXES","8","2010-12-26 09:08:00","7.75","17850.0","Spain",""
"539868","21730","GLASS STAR FROSTED T-LIGHT HOLDER","2","2010-12-28 13:40:00","4.46","17809.0","Germany","BULK5"
"539868","84406B","CREAM CUPID HEARTS COAT HANGER","11","2010-12-28 13:40:00","2.97","17809.0","Germany","SUMMER10"
"539868","22633","HAND WARMER UNION JACK","4","2010-12-28 13:40:00","1.86","17809.0","Germany",""
"539869","84406B","CREAM CUPID HEARTS COAT HANGER","12","2011-01-08 09:08:00","3.13","15311.0","EIRE",""
"539869","21730","GLASS STAR FROSTED T-LIGHT HOLDER","3","2011-01-08 09:08:00","4.43","15311.0","EIRE",""
"539870","20685","DOORMAT RED RETROSPOT","8","2010-12-04 15:06:00","7.33","17850.0","Germany",""
"539871","21730","GLASS STAR FROSTED T-LIGHT HOLDER","9","2010-12-24 11:45:00","4.42","16029.0","Australia","SUMMER10"
"539872","21730","GLASS STAR FROSTED T-LIGHT HOLDER","8","2010-12-31 15:40:00","4.37","13777.0","Australia","SUMMER10"
"539872","20685","DOORMAT RED RETROSPOT","6","2010-12-31 15:40:00","7.24","13777.0","Australia",""
"539873","84029E","RED WOOLLY HOTTIE WHITE HEART","6","2010-12-24 10:31:00","3.29","16029.0","EIRE",""
"539873","84029G","KNITTED UNION FLAG HOT WATER BOTTLE","12","2010-12-24 10:31:00","3.49","16029.0","EIRE","BULK5"
"539873","84029E","RED WOOLLY HOTTIE WHITE HEART","4","2010-12-24 10:31:00","3.63","16029.0","EIRE",""
"539874","84029G","KNITTED UNION FLAG HOT WATER BOTTLE","8","2011-01-22 14:54:00","3.68","13047.0","Germany","SUMMER10"
"539874","85099B","JUMBO BAG RED RETROSPOT","4","2011-01-22 14:54:00","1.89","13047.0","Germany",""
"539874","84029E","RED WOOLLY HOTTIE WHITE HEART","9","2011-01-22 14:54:00","3.41","13047.0","Germany","BULK5"
"539874","85099B","JUMBO BAG RED RETROSPOT","5","2011-01-22 14:54:00","1.89","13047.0","Germany","BULK5"
"539875","84406B","CREAM CUPID HEARTS COAT HANGER","2","2011-01-06 08:34:00","2.69","13777.0","Belgium",""
"539875","84406B","CREAM CUPID HEARTS COAT HANGER","10","2011-01-06 08:34:00","2.77","13777.0","Belgium",""
"539876","21730","GLASS STAR FROSTED T-LIGHT HOLDER","1","2011-01-18 10:28:00","4.25","14096.0","Spain","SUMMER10"
"539877","84029G","KNITTED UNION FLAG HOT WATER BOTTLE","9","2010-12-26 14:49:00","3.83","17850.0","EIRE",""
"539877","22633","HAND WARMER UNION JACK","9","2010-12-26 14:49:00","1.79","17850.0","EIRE","SUMMER10"
"539877","84029G","KNITTED UNION FLAG HOT WATER BOTTLE","11","2010-12-26 14:49:00","3.81","17850.0","EIRE","SUMMER10"
"539878","22632","HAND WARMER RED POLKA DOT","7","2011-01-02 09:27:00","2.04","13047.0","Netherlands","NEWCUST"
"539878","47566","PARTY BUNTING","7","2011-01-02 09:27:00","5.14","13047.0","Netherlands","NEWCUST"
"539878","84029G","KNITTED UNION FLAG HOT WATER BOTTLE","3","2011-01-02 09:27:00","3.81","13047.0","Netherlands",""
"539879","84406B","CREAM CUPID HEARTS COAT HANGER","4","2010-12-10 16:37:00","3.05","16029.0","France","SUMMER10"
"539879","85099B","JUMBO BAG RED RETROSPOT","1","2010-12-10 16:37:00","1.79","16029.0","France","BULK5"
"539879","47566","PARTY BUNTING","11","2010-12-10 16:37:00","5.36","16029.0","France",""
"539879","47566","PARTY BUNTING","3","2010-12-10 16:37:00","5.37","16029.0","France",""
"539880","84406B","CREAM CUPID HEARTS COAT HANGER","1","2010-12-02 15:14:00","3.21","15291.0","Germany",""
"539880","22632","HAND WARMER RED POLKA DOT","1","2010-12-02 15:14:00","2.14","15291.0","Germany",""
"539881","85099B","JUMBO BAG RED RETROSPOT","7","2011-01-04 12:47:00","1.8","15291.0","Spain",""
"539882","21730","GLASS STAR FROSTED T-LIGHT HOLDER","9","2011-01-15 08:21:00","4.43","14606.0","France","SUMMER10"
"539883","85123A","WHITE HANGING HEART T-LIGHT HOLDER","7","2010-12-11 11:42:00","2.99","14606.0","Australia",""
"539883","85099B","JUMBO BAG RED RETROSPOT","11","2010-12-11 11:42:00","1.8","14606.0","Australia","NEWCUST"
"539883","47566","PARTY BUNTING","7","2010-12-11 11:42:00","4.86","14606.0","Australia","NEWCUST"
"539884","22752","SET 7 BABUSHKA NESTING BOXES","3","2011-01-19 13:57:00","7.59","12583.0","Netherlands",""
"539884","84406B","CREAM CUPID HEARTS COAT HANGER","12","2011-01-19 13:57:00","3.2","12583.0","Netherlands",""
"539884","22752","SET 7 BABUSHKA NESTING BOXES","2","2011-01-19 13:57:00","8.11","12583.0","Netherlands",""
"539884","47566","PARTY BUNTING","1","2011-01-19 13:57:00","4.88","12583.0","Netherlands",""
"539885","22632","HAND WARMER RED POLKA DOT","5","2011-01-10 15:10:00","1.8","16029.0","United Kingdom","BULK5"
"539886","84029G","KNITTED UNION FLAG HOT WATER BOTTLE","11","2011-01-24 08:21:00","3.83","15291.0","France",""
"539886","20685","DOORMAT RED RETROSPOT","3","2011-01-24 08:21:00","7.16","15291.0","France",""
"539886","85123A","WHITE HANGING HEART T-LIGHT HOLDER","1","2011-01-24 08:21:00","2.62","15291.0","France","NEWCUST"
"539886","85123A","WHITE HANGING HEART T-LIGHT HOLDER","8","2011-01-24 08:21:00","2.66","15291.0","France",""
"539887","21730","GLASS STAR FROSTED T-LIGHT HOLDER","12","2010-12-27 09:28:00","4.42","15291.0","Belgium",""
"539888","84029E","RED WOOLLY HOTTIE WHITE HEART","12","2011-01-28 10:51:00","3.72","15311.0","Germany",""
"539888","22633","HAND WARMER UNION JACK","7","2011-01-28 10:51:00","2.25","15311.0","Germany",""
"539889","47566","PARTY BUNTING","10","2011-01-06 12:32:00","5.04","16029.0","Australia",""
"539890","22752","SET 7 BABUSHKA NESTING BOXES","4","2011-01-19 10:46:00","8.06","16029.0","Australia","SUMMER10"
"539890","84029E","RED WOOLLY HOTTIE WHITE HEART","2","2011-01-19 10:46:00","3.7","16029.0","Australia","SUMMER10"
"539890","84406B","CREAM CUPID HEARTS COAT HANGER","5","2011-01-19 10:46:00","2.92","16029.0","Australia",""
"539891","22633","HAND WARMER UNION JACK","3","2010-12-24 16:24:00","2.13","16029.0","Spain",""
"539891","22632","HAND WARMER RED POLKA DOT","2","2010-12-24 16:24:00","1.81","16029.0","Spain","SUMMER10"
"539891","85099B","JUMBO BAG RED RETROSPOT","2","2010-12-24 16:24:00","1.6","16029.0","Spain","SUMMER10"
"539891","22632","HAND WARMER RED POLKA DOT","5","2010-12-24 16:24:00","1.78","16029.0","Spain","BULK5"
"539892","20685","DOORMAT RED RETROSPOT","7","2010-12-31 16:57:00","7.42","15291.0","United Kingdom",""
"539892","22632","HAND WARMER RED POLKA DOT","12","2010-12-31 16:57:00","2.23","15291.0","United Kingdom",""
"539892","47566","PARTY BUNTING","6","2010-12-31 16:57:00","4.98","15291.0","United Kingdom",""
"539893","47566","PARTY BUNTING","4","2010-12-02 13:59:00","4.97","13777.0","Netherlands","BULK5"
"539893","85123A","WHITE HANGING HEART T-LIGHT HOLDER","10","2010-12-02 13:59:00","2.56","13777.0","Netherlands",""
"539893","21730","GLASS STAR FROSTED T-LIGHT HOLDER","1","2010-12-02 13:59:00","4.42","13777.0","Netherlands",""
"539894","84029E","RED WOOLLY HOTTIE WHITE HEART","1","2011-01-18 10:39:00","3.84","15291.0","Belgium",""
"539894","85099B","JUMBO BAG RED RETROSPOT","12","2011-01-18 10:39:00","2.03","15291.0","Belgium",""
"539895","84406B","CREAM CUPID HEARTS COAT HANGER","8","2011-01-12 09:26:00","2.79","14096.0","Spain","SUMMER10"
"539895","22632","HAND WARMER RED POLKA DOT","4","2011-01-12 09:26:00","2.16","14096.0","Spain","BULK5"
"539896","84406B","CREAM CUPID HEARTS COAT HANGER","8","2010-12-05 12:22:00","3.25","13777.0","Belgium","BULK5"
"539897","71053","WHITE METAL LANTERN","12","2011-01-27 12:05:00","3.38","16029.0","Germany",""
"539897","84029G","KNITTED UNION FLAG HOT WATER BOTTLE","5","2011-01-27 12:05:00","3.6","16029.0","Germany","NEWCUST"
"539897","84029G","KNITTED UNION FLAG HOT WATER BOTTLE","5","2011-01-27 12:05:00","3.48","16029.0","Germany","BULK5"
"539897","22633","HAND WARMER UNION JACK","1","2011-01-27 12:05:00","2.27","16029.0","Germany","NEWCUST"
"539898","84029G","KNITTED UNION FLAG HOT WATER BOTTLE","7","2011-01-26 11:43:00","3.71","14606.0","France",""
"539898","84029G","KNITTED UNION FLAG HOT WATER BOTTLE","4","2011-01-26 11:43:00","3.87","14606.0","France",""
"539898","85123A","WHITE HANGING HEART T-LIGHT HOLDER","11","2011-01-26 11:43:00","2.89","14606.0","France",""
"539898","84406B","CREAM CUPID HEARTS COAT HANGER","10","2011-01-26 11:43:00","3.12","14606.0","France",""
"539899","47566","PARTY BUNTING","4","2010-12-12 09:14:00","5.08","14096.0","Spain","BULK5"
"539900","22752","SET 7 BABUSHKA NESTING BOXES","11","2010-12-23 16:23:00","7.79","16029.0","Belgium",""
"539901","84406B","CREAM CUPID HEARTS COAT HANGER","7","2011-01-16 12:32:00","2.8","15311.0","EIRE",""
"539902","22633","HAND WARMER UNION JACK","4","2011-01-21 08:21:00","2.17","17850.0","Spain",""
"539902","84029G","KNITTED UNION FLAG HOT WATER BOTTLE","12","2011-01-21 08:21:00","3.69","17850.0","Spain",""
"539903","22752","SET 7 BABUSHKA NESTING BOXES","2","2010-12-02 15:39:00","8.11","13777.0","France","BULK5"
"539903","85099B","JUMBO BAG RED RETROSPOT","8","2010-12-02 15:39:00","1.58","13777.0","France",""
"539903","47566","PARTY BUNTING","9","2010-12-02 15:39:00","4.95","13777.0","France",""
"539904","22752","SET 7 BABUSHKA NESTING BOXES","9","2011-01-29 15:12:00","7.71","13777.0","United Kingdom",""
"539904","85099B","JUMBO BAG RED RETROSPOT","8","2011-01-29 15:12:00","1.84","13777.0","United Kingdom","NEWCUST"
"539905","71053","WHITE METAL LANTERN","9","2011-01-25 08:51:00","3.63","14096.0","Australia",""
"539905","85099B","JUMBO BAG RED RETROSPOT","8","2011-01-25 08:51:00","1.88","14096.0","Australia","NEWCUST"
"539905","85099B","JUMBO BAG RED RETROSPOT","7","2011-01-25 08:51:00","1.75","14096.0","Australia",""
"539906","85123A","WHITE HANGING HEART T-LIGHT HOLDER","10","2011-01-08 11:22:00","2.92","15291.0","Netherlands","BULK5"
"539907","22633","HAND WARMER UNION JACK","7","2011-01-28 12:28:00","2.13","13047.0","Germany",""
"539907","84029E","RED WOOLLY HOTTIE WHITE HEART","6","2011-01-28 12:28:00","3.79","13047.0","Germany",""
"539907","85099B","JUMBO BAG RED RETROSPOT","11","2011-01-28 12:28:00","1.66","13047.0","Germany",""
"539907","84406B","CREAM CUPID HEARTS COAT HANGER","12","2011-01-28 12:28:00","2.76","13047.0","Germany",""
"539908","84029E","RED WOOLLY HOTTIE WHITE HEART","8","2011-01-04 15:55:00","3.49","15311.0","Spain","NEWCUST"
"539908","71053","WHITE METAL LANTERN","7","2011-01-04 15:55:00","3.8","15311.0","Spain","BULK5"
"539908","22752","SET 7 BABUSHKA NESTING BOXES","5","2011-01-04 15:55:00","7.83","15311.0","Spain","SUMMER10"
"539909","71053","WHITE METAL LANTERN","5","2011-01-04 16:41:00","3.64","12583.0","EIRE","NEWCUST"
"539909","84406B","CREAM CUPID HEARTS COAT HANGER","10","2011-01-04 16:41:00","2.73","12583.0","EIRE",""
"539910","22633","HAND WARMER UNION JACK","7","2011-01-16 12:07:00","2.06","17850.0","Belgium",""
"539911","85123A","WHITE HANGING HEART T-LIGHT HOLDER","1","2010-12-29 08:58:00","2.7","13047.0","Netherlands",""
"539912","85123A","WHITE HANGING HEART T-LIGHT HOLDER","9","2011-01-02 13:22:00","2.9","14096.0","France",""
"539912","71053","WHITE METAL LANTERN","1","2011-01-02 13:22:00","3.36","14096.0","France","NEWCUST"
"539912","20685","DOORMAT RED RETROSPOT","7","2011-01-02 13:22:00","7.28","14096.0","France",""
"539912","84406B","CREAM CUPID HEARTS COAT HANGER","3","2011-01-02 13:22:00","2.71","14096.0","France",""
"539913","21730","GLASS STAR FROSTED T-LIGHT HOLDER","11","2011-01-03 15:32:00","4.31","14606.0","Netherlands",""
"539913","22752","SET 7 BABUSHKA NESTING BOXES","9","2011-01-03 15:32:00","7.6","14606.0","Netherlands",""
"539913","22752","SET 7 BABUSHKA NESTING BOXES","10","2011-01-03 15:32:00","8.1","14606.0","Netherlands",""
"539913","22632","HAND WARMER RED POLKA DOT","5","2011-01-03 15:32:00","2.12","14606.0","Netherlands",""
"539914","84029E","RED WOOLLY HOTTIE WHITE HEART","8","2010-12-11 10:20:00","3.31","14096.0","Netherlands",""
"539915","22632","HAND WARMER RED POLKA DOT","10","2010-12-09 13:29:00","1.76","17809.0","EIRE",""
"539915","85099B","JUMBO BAG RED RETROSPOT","3","2010-12-09 13:29:00","1.75","17809.0","EIRE",""
"539915","85099B","JUMBO BAG RED RETROSPOT","6","2010-12-09 13:29:00","1.86","17809.0","EIRE",""
"539916","21730","GLASS STAR FROSTED T-LIGHT HOLDER","7","2010-12-03 16:47:00","4.49","15311.0","Spain",""
"539917","47566","PARTY BUNTING","8","2011-01-21 10:29:00","5.2","14606.0","Australia","BULK5"
"539918","84406B","CREAM CUPID HEARTS COAT HANGER","8","2011-01-05 14:45:00","2.98","16029.0","Germany",""
"539918","84406B","CREAM CUPID HEARTS COAT HANGER","10","2011-01-05 14:45:00","2.71","16029.0","Germany",""
"539918","22632","HAND WARMER RED POLKA DOT","2","2011-01-05 14:45:00","1.92","16029.0","Germany",""
"539919","84406B","CREAM CUPID HEARTS COAT HANGER","8","2010-12-31 12:18:00","2.86","15311.0","Australia","BULK5"
"539919","71053","WHITE METAL LANTERN","1","2010-12-31 12:18:00","3.35","15311.0","Australia",""
"539919","85123A","WHITE HANGING HEART T-LIGHT HOLDER","12","2010-12-31 12:18:00","2.52","15311.0","Australia","SUMMER10"
"539920","71053","WHITE METAL LANTERN","2","2010-12-15 09:14:00","3.41","14096.0","Germany",""
"539920","21730","GLASS STAR FROSTED T-LIGHT HOLDER","8","2010-12-15 09:14:00","4.43","14096.0","Germany",""
"539920","71053","WHITE METAL LANTERN","2","2010-12-15 09:14:00","3.72","14096.0","Germany","BULK5"
"539920","84029G","KNITTED UNION FLAG HOT WATER BOTTLE","11","2010-12-15 09:14:00","3.37","14096.0","Germany","SUMMER10"
"539921","47566","PARTY BUNTING","7","2010-12-29 08:14:00","5.38","15291.0","France",""
"539921","21730","GLASS STAR FROSTED T-LIGHT HOLDER","4","2010-12-29 08:14:00","4.29","15291.0","France",""
"539921","21730","GLASS STAR FROSTED T-LIGHT HOLDER","3","2010-12-29 08:14:00","4.16","15291.0","France","BULK5"
"539922","71053","WHITE METAL LANTERN","6","2010-12-09 14:21:00","3.83","12583.0","Belgium",""
"539922","85099B","JUMBO BAG RED RETROSPOT","10","2010-12-09 14:21:00","1.84","12583.0","Belgium",""
"539922","85123A","WHITE HANGING HEART T-LIGHT HOLDER","7","2010-12-09 14:21:00","2.84","12583.0","Belgium",""
"539923","85099B","JUMBO BAG RED RETROSPOT","3","2010-12-28 14:07:00","1.87","15291.0","Belgium","NEWCUST"
"539924","21730","GLASS STAR FROSTED T-LIGHT HOLDER","3","2011-01-06 12:02:00","4.6","12583.0","United Kingdom",""
"539924","47566","PARTY BUNTING","11","2011-01-06 12:02:00","5.35","12583.0","United Kingdom",""
"539924","22632","HAND WARMER RED POLKA DOT","3","2011-01-06 12:02:00","2.22","12583.0","United Kingdom",""
"539925","47566","PARTY BUNTING","8","2010-12-24 09:19:00","5.01","12583.0","Spain","BULK5"
"539926","22633","HAND WARMER UNION JACK","5","2010-12-15 13:15:00","2.09","17809.0","Australia",""
"539926","84406B","CREAM CUPID HEARTS COAT HANGER","6","2010-12-15 13:15:00","2.76","17809.0","Australia","NEWCUST"
"539926","22752","SET 7 BABUSHKA NESTING BOXES","7","2010-12-15 13:15:00","7.56","17809.0","Australia",""
"539927","22633","HAND WARMER UNION JACK","7","2011-01-01 09:07:00","1.87","17850.0","Australia","BULK5"
"539927","21730","GLASS STAR FROSTED T-LIGHT HOLDER","12","2011-01-01 09:07:00","4.38","17850.0","Australia",""
"539927","85099B","JUMBO BAG RED RETROSPOT","11","2011-01-01 09:07:00","1.59","17850.0","Australia","SUMMER10"
"539928","71053","WHITE METAL LANTERN","3","2010-12-10 16:16:00","3.63","13777.0","Spain",""
"539928","22632","HAND WARMER RED POLKA DOT","6","2010-12-10 16:16:00","1.95","13777.0","Spain",""
"539928","85099B","JUMBO BAG RED RETROSPOT","4","2010-12-10 16:16:00","1.56","13777.0","Spain","SUMMER10"
"539929","21730","GLASS STAR FROSTED T-LIGHT HOLDER","1","2011-01-26 15:57:00","4.68","15311.0","Belgium",""
"539929","22632","HAND WARMER RED POLKA DOT","10","2011-01-26 15:57:00","1.93","15311.0","Belgium",""
"539930","22633","HAND WARMER UNION JACK","12","2011-01-06 09:05:00","2.23","17850.0","Belgium",""
"539931","20685","DOORMAT RED RETROSPOT","9","2010-12-12 11:10:00","7.25","15291.0","EIRE","SUMMER10"
"539931","22752","SET 7 BABUSHKA NESTING BOXES","10","2010-12-12 11:10:00","7.99","15291.0","EIRE",""
"539931","22752","SET 7 BABUSHKA NESTING BOXES","5","2010-12-12 11:10:00","7.84","15291.0","EIRE",""
"539932","22633","HAND WARMER UNION JACK","9","2010-12-04 09:37:00","2.23","13777.0","Spain","SUMMER10"
"539932","71053","WHITE METAL LANTERN","1","2010-12-04 09:37:00","3.64","13777.0","Spain","NEWCUST"
"539932","47566","PARTY BUNTING","1","2010-12-04 09:37:00","5.31","13777.0","Spain",""
"539933","71053","WHITE METAL LANTERN","10","2010-12-04 14:58:00","3.81","13777.0","EIRE",""
"539933","22632","HAND WARMER RED POLKA DOT","8","2010-12-04 14:58:00","1.86","13777.0","EIRE","NEWCUST"
"539934","47566","PARTY BUNTING","4","2010-12-19 15:30:00","5.44","13777.0","Germany","BULK5"
"539934","21730","GLASS STAR FROSTED T-LIGHT HOLDER","8","2010-12-19 15:30:00","4.64","13777.0","Germany","SUMMER10"
"539935","21730","GLASS STAR FROSTED T-LIGHT HOLDER","12","2011-01-14 14:07:00","4.59","16029.0","Australia",""
"539936","22632","HAND WARMER RED POLKA DOT","8","2010-12-23 15:06:00","1.82","13047.0","Australia",""
"539936","84406B","CREAM CUPID HEARTS COAT HANGER","1","2010-12-23 15:06:00","2.72","13047.0","Australia",""
"539936","22632","HAND WARMER RED POLKA DOT","4","2010-12-23 15:06:00","2.04","13047.0","Australia",""
"539936","22633","HAND WARMER UNION JACK","6","2010-12-23 15:06:00","1.93","13047.0","Australia",""
"539937","22633","HAND WARMER UNION JACK","10","2010-12-04 10:10:00","1.9","16029.0","Germany","NEWCUST"
"539937","21730","GLASS STAR FROSTED T-LIGHT HOLDER","8","2010-12-04 10:10:00","4.73","16029.0","Germany",""
"539937","22632","HAND WARMER RED POLKA DOT","12","2010-12-04 10:10:00","2.07","16029.0","Germany","SUMMER10"
"539937","22632","HAND WARMER RED POLKA DOT","9","2010-12-04 10:10:00","1.96","16029.0","Germany","BULK5"
"539938","84029G","KNITTED UNION FLAG HOT WATER BOTTLE","8","2011-01-26 10:04:00","3.66","14096.0","EIRE",""
"539938","84029G","KNITTED UNION FLAG HOT WATER BOTTLE","2","2011-01-26 10:04:00","3.35","14096.0","EIRE",""
"539938","84029G","KNITTED UNION FLAG HOT WATER BOTTLE","6","2011-01-26 10:04:00","3.88","14096.0","EIRE",""
"539938","21730","GLASS STAR FROSTED T-LIGHT HOLDER","4","2011-01-26 10:04:00","4.38","14096.0","EIRE","BULK5"
"539939","85123A","WHITE HANGING HEART T-LIGHT HOLDER","12","2011-01-13 12:16:00","2.57","16029.0","Australia","BULK5"
"539939","21730","GLASS STAR FROSTED T-LIGHT HOLDER","8","2011-01-13 12:16:00","4.17","16029.0","Australia",""
"539939","71053","WHITE METAL LANTERN","12","2011-01-13 12:16:00","3.41","16029.0","Australia",""
"539940","84406B","CREAM CUPID HEARTS COAT HANGER","4","2010-12-04 11:20:00","3.03","13047.0","Belgium","BULK5"
"539940","71053","WHITE METAL LANTERN","10","2010-12-04 11:20:00","3.3","13047.0","Belgium","NEWCUST"
"539940","84406B","CREAM CUPID HEARTS COAT HANGER","10","2010-12-04 11:20:00","2.93","13047.0","Belgium","SUMMER10"
"539940","85123A","WHITE HANGING HEART T-LIGHT HOLDER","4","2010-12-04 11:20:00","2.91","13047.0","Belgium","BULK5"
"539941","71053","WHITE METAL LANTERN","1","2010-12-31 11:25:00","3.34","15311.0","United Kingdom","SUMMER10"
"539941","71053","WHITE METAL LANTERN","10","2010-12-31 11:25:00","3.71","15311.0","United Kingdom","BULK5"
"539941","84406B","CREAM CUPID HEARTS COAT HANGER","7","2010-12-31 11:25:00","3.18","15311.0","United Kingdom","NEWCUST"
"539942","71053","WHITE METAL LANTERN","9","2011-01-30 16:23:00","3.85","16029.0","Netherlands",""
"539943","47566","PARTY BUNTING","11","2011-01-26 15:19:00","5.05","14096.0","Belgium","BULK5"
"539943","84029E","RED WOOLLY HOTTIE WHITE HEART","12","2011-01-26 15:19:00","3.65","14096.0","Belgium",""
"539943","47566","PARTY BUNTING","9","2011-01-26 15:19:00","5.36","14096.0","Belgium",""
"539943","85099B","JUMBO BAG RED RETROSPOT","4","2011-01-26 15:19:00","1.63","14096.0","Belgium",""
"539944","84406B","CREAM CUPID HEARTS COAT HANGER","12","2011-01-22 11:56:00","2.89","15291.0","Belgium",""
"539944","21730","GLASS STAR FROSTED T-LIGHT HOLDER","3","2011-01-22 11:56:00","4.22","15291.0","Belgium",""
"539944","20685","DOORMAT RED RETROSPOT","5","2011-01-22 11:56:00","7.21","15291.0","Belgium","NEWCUST"
"539944","71053","WHITE METAL LANTERN","1","2011-01-22 11:56:00","3.52","15291.0","Belgium",""
"539945","20685","DOORMAT RED RETROSPOT","8","2011-01-26 10:22:00","7.08","15291.0","United Kingdom",""
"539945","47566","PARTY BUNTING","7","2011-01-26 10:22:00","5.13","15291.0","United Kingdom",""
"539945","84029E","RED WOOLLY HOTTIE WHITE HEART","6","2011-01-26 10:22:00","3.54","15291.0","United Kingdom","NEWCUST"
"539946","21730","GLASS STAR FROSTED T-LIGHT HOLDER","4","2011-01-20 11:22:00","4.71","15311.0","United Kingdom",""
"539946","22632","HAND WARMER RED POLKA DOT","4","2011-01-20 11:22:00","2.02","15311.0","United Kingdom",""
"539946","20685","DOORMAT RED RETROSPOT","6","2011-01-20 11:22:00","7.08","15311.0","United Kingdom","BULK5"
"539946","21730","GLASS STAR FROSTED T-LIGHT HOLDER","10","2011-01-20 11:22:00","4.57","15311.0","United Kingdom",""
"539947","84029G","KNITTED UNION FLAG HOT WATER BOTTLE","4","2010-12-24 08:56:00","3.81","14606.0","Australia",""
"539948","21730","GLASS STAR FROSTED T-LIGHT HOLDER","10","2010-12-10 14:57:00","4.21","13777.0","Australia",""
"539949","85099B","JUMBO BAG RED RETROSPOT","7","2010-12-12 08:21:00","2.06","12583.0","Belgium",""
"539949","71053","WHITE METAL LANTERN","6","2010-12-12 08:21:00","3.65","12583.0","Belgium",""
"539949","85099B","JUMBO BAG RED RETROSPOT","1","2010-12-12 08:21:00","1.93","12583.0","Belgium","BULK5"
"539950","85123A","WHITE HANGING HEART T-LIGHT HOLDER","12","2011-01-29 11:47:00","2.59","12583.0","Netherlands","NEWCUST"
"539950","47566","PARTY BUNTING","4","2011-01-29 11:47:00","5.43","12583.0","Netherlands",""
"539950","71053","WHITE METAL LANTERN","2","2011-01-29 11:47:00","3.31","12583.0","Netherlands",""
"539950","20685","DOORMAT RED RETROSPOT","5","2011-01-29 11:47:00","7.1","12583.0","Netherlands","SUMMER10"
"539951","22752","SET 7 BABUSHKA NESTING BOXES","3","2011-01-20 10:45:00","7.66","15291.0","Netherlands",""
"539951","47566","PARTY BUNTING","10","2011-01-20 10:45:00","4.89","15291.0","Netherlands","NEWCUST"
"539951","71053","WHITE METAL LANTERN","11","2011-01-20 10:45:00","3.76","15291.0","Netherlands","NEWCUST"
"539951","84029E","RED WOOLLY HOTTIE WHITE HEART","1","2011-01-20 10:45:00","3.84","15291.0","Netherlands",""
"539952","84029G","KNITTED UNION FLAG HOT WATER BOTTLE","12","2010-12-03 15:17:00","3.46","12583.0","Netherlands",""
"539952","22632","HAND WARMER RED POLKA DOT","11","2010-12-03 15:17:00","1.82","12583.0","Netherlands",""
"539953","20685","DOORMAT RED RETROSPOT","10","2010-12-26 11:28:00","7.57","17809.0","France",""
"539953","84029G","KNITTED UNION FLAG HOT WATER BOTTLE","9","2010-12-26 11:28:00","3.62","17809.0","France",""
"539953","22752","SET 7 BABUSHKA NESTING BOXES","3","2010-12-26 11:28:00","7.88","17809.0","France",""
"539954","22752","SET 7 BABUSHKA NESTING BOXES","2","2010-12-26 16:24:00","7.88","17809.0","Belgium","SUMMER10"
"539955","84406B","CREAM CUPID HEARTS COAT HANGER","4","2010-12-11 11:54:00","2.96","13777.0","Spain",""
"539955","22633","HAND WARMER UNION JACK","8","2010-12-11 11:54:00","2.0","13777.0","Spain",""
"539956","84029G","KNITTED UNION FLAG HOT WATER BOTTLE","3","2011-01-03 10:04:00","3.88","14096.0","United Kingdom",""
"539956","71053","WHITE METAL LANTERN","8","2011-01-03 10:04:00","3.29","14096.0","United Kingdom","SUMMER10"
"539957","85099B","JUMBO BAG RED RETROSPOT","4","2010-12-25 12:38:00","1.98","13047.0","EIRE",""
"539957","85123A","WHITE HANGING HEART T-LIGHT HOLDER","9","2010-12-25 12:38:00","2.66","13047.0","EIRE",""
"539957","47566","PARTY BUNTING","1","2010-12-25 12:38:00","5.34","13047.0","EIRE","NEWCUST"
"539958","84406B","CREAM CUPID HEARTS COAT HANGER","2","2010-12-21 15:11:00","3.24","13047.0","Spain",""
"539959","84406B","CREAM CUPID HEARTS COAT HANGER","6","2010-12-11 09:01:00","2.7","17850.0","Germany",""
"539959","22632","HAND WARMER RED POLKA DOT","3","2010-12-11 09:01:00","2.22","17850.0","Germany","NEWCUST"
"539960","22752","SET 7 BABUSHKA NESTING BOXES","9","2010-12-07 16:51:00","7.71","16029.0","Australia",""
"539960","22633","HAND WARMER UNION JACK","9","2010-12-07 16:51:00","1.91","16029.0","Australia",""
"539961","47566","PARTY BUNTING","9","2011-01-10 15:40:00","5.35","13047.0","France",""
"539961","85123A","WHITE HANGING HEART T-LIGHT HOLDER","8","2011-01-10 15:40:00","2.65","13047.0","France","BULK5"
"539961","84406B","CREAM CUPID HEARTS COAT HANGER","1","2011-01-10 15:40:00","3.05","13047.0","France",""
"539961","20685","DOORMAT RED RETROSPOT","9","2011-01-10 15:40:00","7.03","13047.0","France",""
"539962","85099B","JUMBO BAG RED RETROSPOT","4","2010-12-18 08:07:00","1.98","15311.0","Australia",""
"539962","22752","SET 7 BABUSHKA NESTING BOXES","8","2010-12-18 08:07:00","7.72","15311.0","Australia",""
"539963","20685","DOORMAT RED RETROSPOT","1","2011-01-27 13:10:00","7.41","14096.0","EIRE","NEWCUST"
"539963","84029G","KNITTED UNION FLAG HOT WATER BOTTLE","10","2011-01-27 13:10:00","3.31","14096.0","EIRE","SUMMER10"
"539963","84029E","RED WOOLLY HOTTIE WHITE HEART","11","2011-01-27 13:10:00","3.49","14096.0","EIRE","SUMMER10"
"539964","22632","HAND WARMER RED POLKA DOT","9","2011-01-06 10:55:00","2.28","17850.0","Australia","BULK5"
"539964","85123A","WHITE HANGING HEART T-LIGHT HOLDER","6","2011-01-06 10:55:00","2.8","17850.0","Australia",""
"539964","22633","HAND WARMER UNION JACK","6","2011-01-06 10:55:00","1.94","17850.0","Australia",""
"539965","22632","HAND WARMER RED POLKA DOT","7","2011-01-19 10:56:00","2.24","13047.0","France",""
"539966","85123A","WHITE HANGING HEART T-LIGHT HOLDER","1","2010-12-24 12:10:00","2.58","12583.0","United Kingdom",""
"539966","85123A","WHITE HANGING HEART T-LIGHT HOLDER","8","2010-12-24 12:10:00","2.75","12583.0","United Kingdom","SUMMER10"
"539967","84029E","RED WOOLLY HOTTIE WHITE HEART","11","2010-12-06 14:46:00","3.71","14096.0","Netherlands","BULK5"
"539968","84406B","CREAM CUPID HEARTS COAT HANGER","9","2011-01-12 08:12:00","2.74","15291.0","Spain","NEWCUST"
"539969","85123A","WHITE HANGING HEART T-LIGHT HOLDER","9","2011-01-01 16:05:00","2.62","13777.0","France",""
"539969","22632","HAND WARMER RED POLKA DOT","5","2011-01-01 16:05:00","2.15","13777.0","France",""
"539969","71053","WHITE METAL LANTERN","7","2011-01-01 16:05:00","3.62","13777.0","France","NEWCUST"
"539970","21730","GLASS STAR FROSTED T-LIGHT HOLDER","11","2010-12-19 14:22:00","4.31","15291.0","United Kingdom","NEWCUST"
"539971","84029E","RED WOOLLY HOTTIE WHITE HEART","6","2010-12-20 13:57:00","3.8","12583.0","EIRE","SUMMER10"
"539971","20685","DOORMAT RED RETROSPOT","10","2010-12-20 13:57:00","7.03","12583.0","EIRE",""
"539972","84406B","CREAM CUPID HEARTS COAT HANGER","8","2011-01-16 12:11:00","2.73","17809.0","Spain","SUMMER10"
"539972","22632","HAND WARMER RED POLKA DOT","4","2011-01-16 12:11:00","1.84","17809.0","Spain",""
"539972","20685","DOORMAT RED RETROSPOT","9","2011-01-16 12:11:00","7.32","17809.0","Spain",""
"539973","71053","WHITE METAL LANTERN","1","2011-01-07 16:23:00","3.75","16029.0","Netherlands",""
"539973","22633","HAND WARMER UNION JACK","2","2011-01-07 16:23:00","1.82","16029.0","Netherlands",""
"539974","20685","DOORMAT RED RETROSPOT","8","2011-01-30 13:59:00","7.34","14096.0","France",""
"539974","84406B","CREAM CUPID HEARTS COAT HANGER","12","2011-01-30 13:59:00","3.09","14096.0","France",""
"539974","20685","DOORMAT RED RETROSPOT","8","2011-01-30 13:59:00","7.49","14096.0","France",""
"539974","85099B","JUMBO BAG RED RETROSPOT","4","2011-01-30 13:59:00","1.76","14096.0","France",""
"539975","21730","GLASS STAR FROSTED T-LIGHT HOLDER","7","2010-12-15 14:18:00","4.52","16029.0","Spain","SUMMER10"
"539976","21730","GLASS STAR FROSTED T-LIGHT HOLDER","7","2010-12-01 14:52:00","4.26","14606.0","Australia","BULK5"
"539977","71053","WHITE METAL LANTERN","6","2011-01-06 15:38:00","3.36","12583.0","Belgium","NEWCUST"
"539977","84029E","RED WOOLLY HOTTIE WHITE HEART","4","2011-01-06 15:38:00","3.31","12583.0","Belgium","NEWCUST"
"539977","71053","WHITE METAL LANTERN","8","2011-01-06 15:38:00","3.74","12583.0","Belgium",""
"539978","71053","WHITE METAL LANTERN","11","2011-01-09 11:38:00","3.55","17850.0","United Kingdom",""
"539978","22632","HAND WARMER RED POLKA DOT","7","2011-01-09 11:38:00","1.81","17850.0","United Kingdom",""
"539978","20685","DOORMAT RED RETROSPOT","5","2011-01-09 11:38:00","7.34","17850.0","United Kingdom",""
"539978","84029E","RED WOOLLY HOTTIE WHITE HEART","2","2011-01-09 11:38:00","3.55","17850.0","United Kingdom","BULK5"
"539979","84406B","CREAM CUPID HEARTS COAT HANGER","12","2011-01-08 08:16:00","2.71","12583.0","Germany","NEWCUST"
"539979","85123A","WHITE HANGING HEART T-LIGHT HOLDER","9","2011-01-08 08:16:00","2.46","12583.0","Germany",""
"539980","71053","WHITE METAL LANTERN","3","2011-01-30 11:27:00","3.71","15291.0","EIRE","SUMMER10"
"539980","84029G","KNITTED UNION FLAG HOT WATER BOTTLE","3","2011-01-30 11:27:00","3.57","15291.0","EIRE",""
"539980","85099B","JUMBO BAG RED RETROSPOT","11","2011-01-30 11:27:00","1.86","15291.0","EIRE","SUMMER10"
"539981","84029G","KNITTED UNION FLAG HOT WATER BOTTLE","8","2010-12-19 14:45:00","3.47","17850.0","EIRE",""
"539981","84029G","KNITTED UNION FLAG HOT WATER BOTTLE","5","2010-12-19 14:45:00","3.69","17850.0","EIRE",""
"539981","22633","HAND WARMER UNION JACK","7","2010-12-19 14:45:00","1.75","17850.0","EIRE",""
"539981","85123A","WHITE HANGING HEART T-LIGHT HOLDER","2","2010-12-19 14:45:00","2.67","17850.0","EIRE","BULK5"
"539982","84029G","KNITTED UNION FLAG HOT WATER BOTTLE","9","2010-12-17 11:49:00","3.75","16029.0","EIRE","NEWCUST"
"539982","84029E","RED WOOLLY HOTTIE WHITE HEART","2","2010-12-17 11:49:00","3.74","16029.0","EIRE",""
"539982","47566","PARTY BUNTING","6","2010-12-17 11:49:00","5.42","16029.0","EIRE","BULK5"
"539983","22752","SET 7 BABUSHKA NESTING BOXES","11","2010-12-19 13:04:00","8.1","13777.0","United Kingdom",""
"539983","21730","GLASS STAR FROSTED T-LIGHT HOLDER","11","2010-12-19 13:04:00","4.35","13777.0","United Kingdom","NEWCUST"
"539983","22633","HAND WARMER UNION JACK","4","2010-12-19 13:04:00","2.26","13777.0","United Kingdom",""
"539983","47566","PARTY BUNTING","10","2010-12-19 13:04:00","5.17","13777.0","United Kingdom",""
"539984","84406B","CREAM CUPID HEARTS COAT HANGER","3","2010-12-28 10:06:00","2.98","13777.0","Spain",""
"539985","21730","GLASS STAR FROSTED T-LIGHT HOLDER","1","2010-12-28 09:26:00","4.2","13047.0","Netherlands","NEWCUST"
"539985","47566","PARTY BUNTING","12","2010-12-28 09:26:00","4.97","13047.0","Netherlands","NEWCUST"
"539985","21730","GLASS STAR FROSTED T-LIGHT HOLDER","4","2010-12-28 09:26:00","4.38","13047.0","Netherlands","BULK5"
"539985","85123A","WHITE HANGING HEART T-LIGHT HOLDER","5","2010-12-28 09:26:00","2.76","13047.0","Netherlands","SUMMER10"
"539986","47566","PARTY BUNTING","10","2010-12-25 16:40:00","5.41","15311.0","France",""
"539987","85123A","WHITE HANGING HEART T-LIGHT HOLDER","11","2010-12-23 15:37:00","2.94","13777.0","Australia",""
"539987","85123A","WHITE HANGING HEART T-LIGHT HOLDER","4","2010-12-23 15:37:00","2.88","13777.0","Australia","SUMMER10"
"539988","22752","SET 7 BABUSHKA NESTING BOXES","7","2010-12-06 13:36:00","7.71","12583.0","Netherlands","SUMMER10"
"539989","84029G","KNITTED UNION FLAG HOT WATER BOTTLE","3","2010-12-21 13:56:00","3.61","15291.0","EIRE",""
"539989","84406B","CREAM CUPID HEARTS COAT HANGER","3","2010-12-21 13:56:00","2.95","15291.0","EIRE",""
"539990","84029G","KNITTED UNION FLAG HOT WATER BOTTLE","10","2011-01-28 09:35:00","3.87","14606.0","Germany",""
"539990","21730","GLASS STAR FROSTED T-LIGHT HOLDER","7","2011-01-28 09:35:00","4.49","14606.0","Germany",""
"539990","85099B","JUMBO BAG RED RETROSPOT","1","2011-01-28 09:35:00","1.85","14606.0","Germany","SUMMER10"
"539991","84029E","RED WOOLLY HOTTIE WHITE HEART","4","2011-01-15 08:24:00","3.62","14096.0","EIRE",""
"539991","84029G","KNITTED UNION FLAG HOT WATER BOTTLE","3","2011-01-15 08:24:00","3.55","14096.0","EIRE",""
"539991","84029G","KNITTED UNION FLAG HOT WATER BOTTLE","6","2011-01-15 08:24:00","3.3","14096.0","EIRE","BULK5"
"539992","85123A","WHITE HANGING HEART T-LIGHT HOLDER","9","2011-01-25 11:48:00","2.6","17850.0","United Kingdom","SUMMER10"
"539992","84029E","RED WOOLLY HOTTIE WHITE HEART","12","2011-01-25 11:48:00","3.32","17850.0","United Kingdom",""
"539992","47566","PARTY BUNTING","12","2011-01-25 11:48:00","5.06","17850.0","United Kingdom",""
"539993","84029E","RED WOOLLY HOTTIE WHITE HEART","12","2011-01-09 12:16:00","3.49","15291.0","Netherlands",""
"539993","84029G","KNITTED UNION FLAG HOT WATER BOTTLE","2","2011-01-09 12:16:00","3.66","15291.0","Netherlands",""
"539994","20685","DOORMAT RED RETROSPOT","5","2011-01-02 13:15:00","7.13","15291.0","Germany","NEWCUST"
"539994","84029E","RED WOOLLY HOTTIE WHITE HEART","9","2011-01-02 13:15:00","3.74","15291.0","Germany",""
"539994","47566","PARTY BUNTING","1","2011-01-02 13:15:00","5.35","15291.0","Germany",""
"539995","71053","WHITE METAL LANTERN","7","2011-01-28 13:36:00","3.64","14606.0","Australia","SUMMER10"
"539995","85099B","JUMBO BAG RED RETROSPOT","9","2011-01-28 13:36:00","1.73","14606.0","Australia","SUMMER10"
"539996","22633","HAND WARMER UNION JACK","5","2011-01-11 08:43:00","1.77","14606.0","Spain","BULK5"
"539997","47566","PARTY BUNTING","2","2011-01-25 10:22:00","5.3","13777.0","Netherlands","BULK5"
"539997","85123A","WHITE HANGING HEART T-LIGHT HOLDER","1","2011-01-25 10:22:00","2.46","13777.0","Netherlands",""
"539998","22752","SET 7 BABUSHKA NESTING BOXES","6","2010-12-12 12:49:00","7.86","17809.0","Australia",""
"539998","22752","SET 7 BABUSHKA NESTING BOXES","4","2010-12-12 12:49:00","7.64","17809.0","Australia",""
"539999","22633","HAND WARMER UNION JACK","12","2011-01-15 09:11:00","1.94","13777.0","EIRE",""
"539999","20685","DOORMAT RED RETROSPOT","10","2011-01-15 09:11:00","7.58","13777.0","EIRE","NEWCUST"
"540000","84029E","RED WOOLLY HOTTIE WHITE HEART","2","2010-12-23 16:44:00","3.54","16029.0","Belgium","BULK5"
"540000","22752","SET 7 BABUSHKA NESTING BOXES","10","2010-12-23 16:44:00","7.8","16029.0","Belgium",""
"540001","47566","PARTY BUNTING","1","2010-12-23 09:02:00","4.89","13047.0","Belgium","BULK5"
"540001","84406B","CREAM CUPID HEARTS COAT HANGER","9","2010-12-23 09:02:00","2.8","13047.0","Belgium",""
"540001","22632","HAND WARMER RED POLKA DOT","8","2010-12-23 09:02:00","2.23","13047.0","Belgium",""
"540002","22633","HAND WARMER UNION JACK","11","2010-12-18 16:13:00","2.22","13777.0","United Kingdom",""
"540002","22632","HAND WARMER RED POLKA DOT","2","2010-12-18 16:13:00","1.77","13777.0","United Kingdom","BULK5"
"540003","22752","SET 7 BABUSHKA NESTING BOXES","7","2010-12-29 11:57:00","7.74","13047.0","Australia",""
"540003","85123A","WHITE HANGING HEART T-LIGHT HOLDER","9","2010-12-29 11:57:00","2.96","13047.0","Australia","NEWCUST"
"540003","22632","HAND WARMER RED POLKA DOT","3","2010-12-29 11:57:00","1.84","13047.0","Australia",""
"540004","85099B","JUMBO BAG RED RETROSPOT","8","2010-12-04 10:22:00","1.82","13777.0","Belgium","BULK5"
"540005","71053","WHITE METAL LANTERN","7","2011-01-26 16:38:00","3.36","17809.0","Australia",""
"540005","22633","HAND WARMER UNION JACK","3","2011-01-26 16:38:00","1.87","17809.0","Australia","NEWCUST"
"540005","22633","HAND WARMER UNION JACK","2","2011-01-26 16:38:00","2.06","17809.0","Australia",""
"540006","22632","HAND WARMER RED POLKA DOT","8","2011-01-03 08:36:00","2.0","12583.0","Netherlands",""
"540006","71053","WHITE METAL LANTERN","8","2011-01-03 08:36:00","3.45","12583.0","Netherlands",""
"540007","21730","GLASS STAR FROSTED T-LIGHT HOLDER","2","2010-12-12 15:38:00","4.24","17809.0","Belgium",""
"540008","71053","WHITE METAL LANTERN","1","2010-12-13 10:59:00","3.35","17850.0","France",""
"540008","71053","WHITE METAL LANTERN","5","2010-12-13 10:59:00","3.59","17850.0","France",""
"540009","85099B","JUMBO BAG RED RETROSPOT","3","2010-12-26 12:20:00","1.85","13777.0","Germany","NEWCUST"
"540010","85123A","WHITE HANGING HEART T-LIGHT HOLDER","5","2010-12-27 13:02:00","2.91","16029.0","United Kingdom","SUMMER10"
"540010","71053","WHITE METAL LANTERN","7","2010-12-27 13:02:00","3.47","16029.0","United Kingdom",""
"540011","84406B","CREAM CUPID HEARTS COAT HANGER","3","2010-12-29 16:56:00","3.0","16029.0","Australia","NEWCUST"
"540012","84406B","CREAM CUPID HEARTS COAT HANGER","12","2010-12-28 09:50:00","3.06","17850.0","Spain","NEWCUST"
"540013","20685","DOORMAT RED RETROSPOT","4","2010-12-17 09:54:00","7.53","12583.0","Spain","SUMMER10"
"540014","21730","GLASS STAR FROSTED T-LIGHT HOLDER","6","2010-12-15 09:10:00","4.16","13777.0","Australia",""
"540014","20685","DOORMAT RED RETROSPOT","6","2010-12-15 09:10:00","7.16","13777.0","Australia",""
"540015","22752","SET 7 BABUSHKA NESTING BOXES","11","2011-01-20 10:20:00","7.75","12583.0","Germany",""
"540015","71053","WHITE METAL LANTERN","2","2011-01-20 10:20:00","3.83","12583.0","Germany",""
"540016","84406B","CREAM CUPID HEARTS COAT HANGER","12","2010-12-07 15:42:00","2.92","15311.0","Belgium","BULK5"
"540016","85123A","WHITE HANGING HEART T-LIGHT HOLDER","7","2010-12-07 15:42:00","2.97","15311.0","Belgium","NEWCUST"
"540017","22633","HAND WARMER UNION JACK","4","2011-01-25 12:37:00","2.05","16029.0","Germany","BULK5"
"540017","21730","GLASS STAR FROSTED T-LIGHT HOLDER","3","2011-01-25 12:37:00","4.57","16029.0","Germany","BULK5"
"540017","21730","GLASS STAR FROSTED T-LIGHT HOLDER","2","2011-01-25 12:37:00","4.27","16029.0","Germany",""
"540018","85099B","JUMBO BAG RED RETROSPOT","9","2011-01-29 13:11:00","2.11","12583.0","Australia","SUMMER10"
"540018","20685","DOORMAT RED RETROSPOT","9","2011-01-29 13:11:00","7.25","12583.0","Australia",""
"540018","20685","DOORMAT RED RETROSPOT","1","2011-01-29 13:11:00","7.49","12583.0","Australia",""
"540018","22752","SET 7 BABUSHKA NESTING BOXES","1","2011-01-29 13:11:00","7.98","12583.0","Australia",""
"540019","21730","GLASS STAR FROSTED T-LIGHT HOLDER","4","2010-12-15 12:30:00","4.27","17850.0","Spain",""
"540019","22633","HAND WARMER UNION JACK","6","2010-12-15 12:30:00","2.17","17850.0","Spain",""
"540019","85099B","JUMBO BAG RED RETROSPOT","5","2010-12-15 12:30:00","2.12","17850.0","Spain",""
"540019","84029G","KNITTED UNION FLAG HOT WATER BOTTLE","4","2010-12-15 12:30:00","3.42","17850.0","Spain",""
"540020","84406B","CREAM CUPID HEARTS COAT HANGER","11","2011-01-19 11:35:00","2.66","17850.0","Netherlands","BULK5"
"540020","22633","HAND WARMER UNION JACK","1","2011-01-19 11:35:00","1.76","17850.0","Netherlands","NEWCUST"
"540020","85123A","WHITE HANGING HEART T-LIGHT HOLDER","9","2011-01-19 11:35:00","2.69","17850.0","Netherlands",""
"540020","20685","DOORMAT RED RETROSPOT","5","2011-01-19 11:35:00","7.12","17850.0","Netherlands",""
"540021","47566","PARTY BUNTING","2","2011-01-06 13:07:00","5.26","17809.0","France","SUMMER10"
"540021","21730","GLASS STAR FROSTED T-LIGHT HOLDER","9","2011-01-06 13:07:00","4.67","17809.0","France",""
"540021","20685","DOORMAT RED RETROSPOT","2","2011-01-06 13:07:00","7.05","17809.0","France","NEWCUST"
"540022","84029G","KNITTED UNION FLAG HOT WATER BOTTLE","12","2011-01-22 15:32:00","3.31","17850.0","EIRE",""
"540022","84406B","CREAM CUPID HEARTS COAT HANGER","10","2011-01-22 15:32:00","2.96","17850.0","EIRE",""
"540022","20685","DOORMAT RED RETROSPOT","8","2011-01-22 15:32:00","7.27","17850.0","EIRE",""
"540023","20685","DOORMAT RED RETROSPOT","5","2010-12-23 13:33:00","7.38","13777.0","United Kingdom",""
"540023","22752","SET 7 BABUSHKA NESTING BOXES","10","2010-12-23 13:33:00","8.13","13777.0","United Kingdom","NEWCUST"
"540024","84029E","RED WOOLLY HOTTIE WHITE HEART","11","2011-01-05 15:01:00","3.81","15311.0","Germany",""
"540024","71053","WHITE METAL LANTERN","12","2011-01-05 15:01:00","3.84","15311.0","Germany",""
"540025","22633","HAND WARMER UNION JACK","3","2011-01-25 15:33:00","2.16","16029.0","United Kingdom","BULK5"
"540025","22752","SET 7 BABUSHKA NESTING BOXES","9","2011-01-25 15:33:00","7.89","16029.0","United Kingdom",""
"540025","85099B","JUMBO BAG RED RETROSPOT","1","2011-01-25 15:33:00","1.92","16029.0","United Kingdom","NEWCUST"
"540025","85099B","JUMBO BAG RED RETROSPOT","7","2011-01-25 15:33:00","2.06","16029.0","United Kingdom",""
"540026","22752","SET 7 BABUSHKA NESTING BOXES","4","2010-12-09 08:19:00","8.11","16029.0","Germany",""
"540027","47566","PARTY BUNTING","12","2011-01-30 11:56:00","4.86","15311.0","United Kingdom",""
"540027","21730","GLASS STAR FROSTED T-LIGHT HOLDER","12","2011-01-30 11:56:00","4.3","15311.0","United Kingdom",""
"540027","22633","HAND WARMER UNION JACK","9","2011-01-30 11:56:00","2.27","15311.0","United Kingdom",""
"540027","22633","HAND WARMER UNION JACK","6","2011-01-30 11:56:00","1.93","15311.0","United Kingdom",""
"540028","20685","DOORMAT RED RETROSPOT","3","2011-01-24 11:29:00","7.24","17850.0","EIRE",""
"540029","84029G","KNITTED UNION FLAG HOT WATER BOTTLE","3","2011-01-09 16:19:00","3.7","17809.0","Australia","SUMMER10"
"540029","21730","GLASS STAR FROSTED T-LIGHT HOLDER","9","2011-01-09 16:19:00","4.5","17809.0","Australia",""
"540030","85099B","JUMBO BAG RED RETROSPOT","8","2011-01-30 13:34:00","2.14","17850.0","Spain",""
"540031","47566","PARTY BUNTING","2","2011-01-12 13:50:00","4.96","14606.0","Australia","NEWCUST"
"540031","84406B","CREAM CUPID HEARTS COAT HANGER","2","2011-01-12 13:50:00","2.65","14606.0","Australia","SUMMER10"
"540032","22633","HAND WARMER UNION JACK","6","2011-01-15 16:49:00","2.13","14096.0","Germany",""
"540032","84029E","RED WOOLLY HOTTIE WHITE HEART","12","2011-01-15 16:49:00","3.72","14096.0","Germany","BULK5"
"540032","84406B","CREAM CUPID HEARTS COAT HANGER","3","2011-01-15 16:49:00","2.68","14096.0","Germany","NEWCUST"
"540033","21730","GLASS STAR FROSTED T-LIGHT HOLDER","5","2010-12-25 16:44:00","4.37","13047.0","Spain",""
"540033","84029E","RED WOOLLY HOTTIE WHITE HEART","11","2010-12-25 16:44:00","3.52","13047.0","Spain",""
"540033","22633","HAND WARMER UNION JACK","3","2010-12-25 16:44:00","2.25","13047.0","Spain","SUMMER10"
"540034","20685","DOORMAT RED RETROSPOT","9","2011-01-02 15:08:00","7.34","14606.0","Netherlands","BULK5"
"540034","84029E","RED WOOLLY HOTTIE WHITE HEART","11","2011-01-02 15:08:00","3.55","14606.0","Netherlands","BULK5"
"540034","20685","DOORMAT RED RETROSPOT","8","2011-01-02 15:08:00","7.19","14606.0","Netherlands",""
"540035","22633","HAND WARMER UNION JACK","12","2011-01-18 16:17:00","1.95","16029.0","Australia",""
"540035","22632","HAND WARMER RED POLKA DOT","3","2011-01-18 16:17:00","2.24","16029.0","Australia",""
"540035","84406B","CREAM CUPID HEARTS COAT HANGER","2","2011-01-18 16:17:00","2.91","16029.0","Australia","NEWCUST"
"540035","22633","HAND WARMER UNION JACK","1","2011-01-18 16:17:00","1.78","16029.0","Australia",""
"540036","22633","HAND WARMER UNION JACK","3","2011-01-05 11:11:00","1.86","13047.0","Germany","SUMMER10"
"540036","20685","DOORMAT RED RETROSPOT","8","2011-01-05 11:11:00","7.18","13047.0","Germany",""
"540037","21730","GLASS STAR FROSTED T-LIGHT HOLDER","12","2011-01-05 10:31:00","4.42","14606.0","EIRE",""
"540038","85123A","WHITE HANGING HEART T-LIGHT HOLDER","10","2010-12-01 15:53:00","2.71","13777.0","Germany","BULK5"
"540038","47566","PARTY BUNTING","8","2010-12-01 15:53:00","5.1","13777.0","Germany","SUMMER10"
"540038","22633","HAND WARMER UNION JACK","9","2010-12-01 15:53:00","1.83","13777.0","Germany",""
"540039","85099B","JUMBO BAG RED RETROSPOT","5","2010-12-30 09:15:00","1.57","14096.0","Belgium",""
"540039","22752","SET 7 BABUSHKA NESTING BOXES","1","2010-12-30 09:15:00","8.09","14096.0","Belgium","BULK5"
"540040","84406B","CREAM CUPID HEARTS COAT HANGER","4","2011-01-27 16:28:00","2.97","13047.0","Spain",""
"540040","21730","GLASS STAR FROSTED T-LIGHT HOLDER","12","2011-01-27 16:28:00","4.49","13047.0","Spain",""
"540040","85099B","JUMBO BAG RED RETROSPOT","9","2011-01-27 16:28:00","1.8","13047.0","Spain",""
"540040","47566","PARTY BUNTING","3","2011-01-27 16:28:00","5.43","13047.0","Spain","SUMMER10"
"540041","71053","WHITE METAL LANTERN","9","2010-12-13 10:50:00","3.32","12583.0","Spain","SUMMER10"
"540041","85099B","JUMBO BAG RED RETROSPOT","12","2010-12-13 10:50:00","1.62","12583.0","Spain",""
"540041","21730","GLASS STAR FROSTED T-LIGHT HOLDER","9","2010-12-13 10:50:00","4.73","12583.0","Spain",""
"540041","21730","GLASS STAR FROSTED T-LIGHT HOLDER","11","2010-12-13 10:50:00","4.64","12583.0","Spain",""
"540042","84406B","CREAM CUPID HEARTS COAT HANGER","4","2011-01-18 11:09:00","2.83","15311.0","United Kingdom",""
"540042","22633","HAND WARMER UNION JACK","12","2011-01-18 11:09:00","1.85","15311.0","United Kingdom",""
"540042","47566","PARTY BUNTING","1","2011-01-18 11:09:00","5.16","15311.0","United Kingdom","NEWCUST"
"540042","84029G","KNITTED UNION FLAG HOT WATER BOTTLE","5","2011-01-18 11:09:00","3.7","15311.0","United Kingdom",""
"540043","22632","HAND WARMER RED POLKA DOT","7","2011-01-20 10:39:00","2.31","14606.0","United Kingdom","BULK5"
"540044","84406B","CREAM CUPID HEARTS COAT HANGER","4","2011-01-18 11:18:00","3.09","14606.0","EIRE","BULK5"
"540045","85099B","JUMBO BAG RED RETROSPOT","12","2011-01-02 10:07:00","1.62","14096.0","Netherlands",""
"540046","22632","HAND WARMER RED POLKA DOT","1","2010-12-03 11:43:00","2.05","13047.0","EIRE","NEWCUST"
"540046","21730","GLASS STAR FROSTED T-LIGHT HOLDER","10","2010-12-03 11:43:00","4.19","13047.0","EIRE","BULK5"
"540047","84029G","KNITTED UNION FLAG HOT WATER BOTTLE","12","2010-12-08 11:48:00","3.52","16029.0","Spain",""
"540047","85123A","WHITE HANGING HEART T-LIGHT HOLDER","12","2010-12-08 11:48:00","2.53","16029.0","Spain","SUMMER10"
"540047","22632","HAND WARMER RED POLKA DOT","3","2010-12-08 11:48:00","1.95","16029.0","Spain",""
"540047","71053","WHITE METAL LANTERN","1","2010-12-08 11:48:00","3.32","16029.0","Spain","BULK5"
"540048","21730","GLASS STAR FROSTED T-LIGHT HOLDER","8","2011-01-21 09:08:00","4.62","15311.0","France",""
"540048","22752","SET 7 BABUSHKA NESTING BOXES","11","2011-01-21 09:08:00","8.12","15311.0","France",""
"540048","84406B","CREAM CUPID HEARTS COAT HANGER","5","2011-01-21 09:08:00","2.97","15311.0","France",""
"540048","22632","HAND WARMER RED POLKA DOT","5","2011-01-21 09:08:00","2.05","15311.0","France",""
"540049","47566","PARTY BUNTING","2","2010-12-29 12:37:00","5.13","15291.0","France",""
"540050","22752","SET 7 BABUSHKA NESTING BOXES","5","2010-12-13 13:50:00","7.65","14096.0","Belgium",""
"540051","47566","PARTY BUNTING","10","2011-01-22 11:34:00","4.93","13777.0","Germany",""
"540052","22632","HAND WARMER RED POLKA DOT","4","2011-01-07 09:36:00","2.09","13047.0","Germany",""
"540052","84029G","KNITTED UNION FLAG HOT WATER BOTTLE","5","2011-01-07 09:36:00","3.39","13047.0","Germany","NEWCUST"
"540052","84029G","KNITTED UNION FLAG HOT WATER BOTTLE","2","2011-01-07 09:36:00","3.49","13047.0","Germany","SUMMER10"
"540052","21730","GLASS STAR FROSTED T-LIGHT HOLDER","2","2011-01-07 09:36:00","4.15","13047.0","Germany",""
"540053","85099B","JUMBO BAG RED RETROSPOT","3","2011-01-17 09:51:00","1.58","15311.0","France",""
"540053","22632","HAND WARMER RED POLKA DOT","8","2011-01-17 09:51:00","2.21","15311.0","France",""
"540054","22633","HAND WARMER UNION JACK","11","2010-12-10 13:39:00","1.92","14096.0","Spain","SUMMER10"
"540054","71053","WHITE METAL LANTERN","12","2010-12-10 13:39:00","3.48","14096.0","Spain",""
"540054","85099B","JUMBO BAG RED RETROSPOT","2","2010-12-10 13:39:00","1.73","14096.0","Spain","BULK5"
"540055","71053","WHITE METAL LANTERN","6","2011-01-02 10:22:00","3.78","12583.0","Belgium","SUMMER10"
"540055","22632","HAND WARMER RED POLKA DOT","4","2011-01-02 10:22:00","1.96","12583.0","Belgium","BULK5"
"540055","85123A","WHITE HANGING HEART T-LIGHT HOLDER","12","2011-01-02 10:22:00","2.52","12583.0","Belgium","NEWCUST"
"540056","22633","HAND WARMER UNION JACK","7","2010-12-17 16:42:00","2.02","14096.0","Germany",""
"540056","22632","HAND WARMER RED POLKA DOT","5","2010-12-17 16:42:00","2.02","14096.0","Germany","NEWCUST"
"540056","47566","PARTY BUNTING","10","2010-12-17 16:42:00","4.88","14096.0","Germany",""
"540057","84029G","KNITTED UNION FLAG HOT WATER BOTTLE","12","2010-12-19 13:38:00","3.78","13047.0","Netherlands","SUMMER10"
"540057","47566","PARTY BUNTING","2","2010-12-19 13:38:00","5.16","13047.0","Netherlands",""
"540058","85123A","WHITE HANGING HEART T-LIGHT HOLDER","8","2010-12-05 09:47:00","3.04","12583.0","Spain","BULK5"
"540058","22632","HAND WARMER RED POLKA DOT","9","2010-12-05 09:47:00","1.89","12583.0","Spain","SUMMER10"
"540059","22752","SET 7 BABUSHKA NESTING BOXES","11","2010-12-15 14:17:00","7.71","15311.0","Belgium",""
"540059","22752","SET 7 BABUSHKA NESTING BOXES","1","2010-12-15 14:17:00","8.03","15311.0","Belgium","BULK5"
"540059","84029E","RED WOOLLY HOTTIE WHITE HEART","4","2010-12-15 14:17:00","3.35","15311.0","Belgium",""
"540060","21730","GLASS STAR FROSTED T-LIGHT HOLDER","3","2010-12-22 09:42:00","4.37","14606.0","Belgium","SUMMER10"
"540061","84029E","RED WOOLLY HOTTIE WHITE HEART","2","2010-12-10 15:30:00","3.47","12583.0","Germany",""
"540061","85123A","WHITE HANGING HEART T-LIGHT HOLDER","3","2010-12-10 15:30:00","2.55","12583.0","Germany",""
"540061","71053","WHITE METAL LANTERN","11","2010-12-10 15:30:00","3.33","12583.0","Germany",""
"540062","71053","WHITE METAL LANTERN","6","2011-01-07 10:44:00","3.38","13047.0","Germany","SUMMER10"
"540063","21730","GLASS STAR FROSTED T-LIGHT HOLDER","12","2010-12-28 13:48:00","4.46","16029.0","Germany",""
"540064","20685","DOORMAT RED RETROSPOT","10","2010-12-18 15:32:00","7.55","14606.0","EIRE","SUMMER10"
"540064","84406B","CREAM CUPID HEARTS COAT HANGER","8","2010-12-18 15:32:00","3.17","14606.0","EIRE","NEWCUST"
"540064","21730","GLASS STAR FROSTED T-LIGHT HOLDER","8","2010-12-18 15:32:00","4.26","14606.0","EIRE","SUMMER10"
"540064","20685","DOORMAT RED RETROSPOT","1","2010-12-18 15:32:00","7.36","14606.0","EIRE",""
"540065","21730","GLASS STAR FROSTED T-LIGHT HOLDER","2","2010-12-27 16:12:00","4.38","13777.0","EIRE",""
"540065","84029E","RED WOOLLY HOTTIE WHITE HEART","7","2010-12-27 16:12:00","3.8","13777.0","EIRE","BULK5"
"540065","85123A","WHITE HANGING HEART T-LIGHT HOLDER","8","2010-12-27 16:12:00","2.83","13777.0","EIRE",""
"540066","20685","DOORMAT RED RETROSPOT","3","2010-12-17 13:18:00","7.42","13777.0","Australia",""
"540066","47566","PARTY BUNTING","11","2010-12-17 13:18:00","5.39","13777.0","Australia","BULK5"
"540067","84029E","RED WOOLLY HOTTIE WHITE HEART","7","2011-01-02 15:34:00","3.57","17809.0","Belgium",""
"540067","20685","DOORMAT RED RETROSPOT","10","2011-01-02 15:34:00","7.04","17809.0","Belgium",""
"540068","47566","PARTY BUNTING","1","2010-12-20 09:01:00","4.93","12583.0","France","SUMMER10"
"540069","22633","HAND WARMER UNION JACK","9","2010-12-04 13:45:00","2.29","17850.0","Belgium","BULK5"
"540069","20685","DOORMAT RED RETROSPOT","11","2010-12-04 13:45:00","7.52","17850.0","Belgium",""
"540070","85123A","WHITE HANGING HEART T-LIGHT HOLDER","10","2010-12-29 12:42:00","3.03","12583.0","United Kingdom",""
"540070","85123A","WHITE HANGING HEART T-LIGHT HOLDER","9","2010-12-29 12:42:00","2.74","12583.0","United Kingdom","SUMMER10"
"540070","84029E","RED WOOLLY HOTTIE WHITE HEART","8","2010-12-29 12:42:00","3.74","12583.0","United Kingdom",""
"540071","22752","SET 7 BABUSHKA NESTING BOXES","1","2011-01-05 16:11:00","7.81","15291.0","United Kingdom","SUMMER10"
"540071","47566","PARTY BUNTING","7","2011-01-05 16:11:00","5.02","15291.0","United Kingdom",""
"540071","22633","HAND WARMER UNION JACK","9","2011-01-05 16:11:00","2.27","15291.0","United Kingdom","BULK5"
"540072","20685","DOORMAT RED RETROSPOT","10","2011-01-14 15:48:00","7.15","15311.0","United Kingdom",""
"540072","71053","WHITE METAL LANTERN","8","2011-01-14 15:48:00","3.82","15311.0","United Kingdom",""
"540072","22752","SET 7 BABUSHKA NESTING BOXES","6","2011-01-14 15:48:00","7.68","15311.0","United Kingdom","BULK5"
"540072","20685","DOORMAT RED RETROSPOT","5","2011-01-14 15:48:00","7.2","15311.0","United Kingdom",""
"540073","71053","WHITE METAL LANTERN","6","2010-12-14 15:17:00","3.68","15311.0","Spain","BULK5"
"540074","22632","HAND WARMER RED POLKA DOT","8","2010-12-27 12:29:00","1.93","12583.0","France",""
"540075","20685","DOORMAT RED RETROSPOT","10","2011-01-25 10:56:00","7.14","15311.0","Belgium","BULK5"
"540075","20685","DOORMAT RED RETROSPOT","5","2011-01-25 10:56:00","7.27","15311.0","Belgium",""
"540075","47566","PARTY BUNTING","4","2011-01-25 10:56:00","5.28","15311.0","Belgium",""
"540075","84406B","CREAM CUPID HEARTS COAT HANGER","8","2011-01-25 10:56:00","3.23","15311.0","Belgium",""
"540076","84029E","RED WOOLLY HOTTIE WHITE HEART","4","2010-12-08 10:14:00","3.75","17850.0","Germany",""
"540076","84406B","CREAM CUPID HEARTS COAT HANGER","5","2010-12-08 10:14:00","3.19","17850.0","Germany",""
"540077","85099B","JUMBO BAG RED RETROSPOT","10","2010-12-10 14:45:00","2.07","16029.0","Netherlands",""
"540077","47566","PARTY BUNTING","5","2010-12-10 14:45:00","5.1","16029.0","Netherlands","BULK5"
"540077","84029G","KNITTED UNION FLAG HOT WATER BOTTLE","10","2010-12-10 14:45:00","3.59","16029.0","Netherlands","SUMMER10"
"540078","22752","SET 7 BABUSHKA NESTING BOXES","9","2010-12-27 09:15:00","7.88","13047.0","Germany",""
"540078","21730","GLASS STAR FROSTED T-LIGHT HOLDER","6","2010-12-27 09:15:00","4.52","13047.0","Germany","SUMMER10"
"540079","22632","HAND WARMER RED POLKA DOT","6","2011-01-01 09:03:00","1.94","17850.0","Australia",""
"540079","84029E","RED WOOLLY HOTTIE WHITE HEART","1","2011-01-01 09:03:00","3.82","17850.0","Australia","NEWCUST"
"540079","85099B","JUMBO BAG RED RETROSPOT","8","2011-01-01 09:03:00","1.71","17850.0","Australia",""
"540080","84029G","KNITTED UNION FLAG HOT WATER BOTTLE","10","2011-01-09 09:35:00","3.88","13777.0","Belgium","BULK5"
"540080","85099B","JUMBO BAG RED RETROSPOT","12","2011-01-09 09:35:00","1.7","13777.0","Belgium","SUMMER10"
"540080","21730","GLASS STAR FROSTED T-LIGHT HOLDER","3","2011-01-09 09:35:00","4.66","13777.0","Belgium","NEWCUST"
"540081","20685","DOORMAT RED RETROSPOT","10","2010-12-25 15:53:00","7.35","12583.0","France",""
"540081","71053","WHITE METAL LANTERN","11","2010-12-25 15:53:00","3.82","12583.0","France",""
"540081","21730","GLASS STAR FROSTED T-LIGHT HOLDER","2","2010-12-25 15:53:00","4.74","12583.0","France","NEWCUST"
"540081","47566","PARTY BUNTING","9","2010-12-25 15:53:00","4.99","12583.0","France","NEWCUST"
"540082","85123A","WHITE HANGING HEART T-LIGHT HOLDER","11","2011-01-10 12:06:00","3.0","13777.0","Germany",""
"540083","22632","HAND WARMER RED POLKA DOT","7","2010-12-09 14:01:00","1.86","16029.0","EIRE",""
"540083","85099B","JUMBO BAG RED RETROSPOT","8","2010-12-09 14:01:00","1.88","16029.0","EIRE",""
"540084","20685","DOORMAT RED RETROSPOT","1","2010-12-02 09:45:00","7.31","16029.0","United Kingdom",""
"540084","21730","GLASS STAR FROSTED T-LIGHT HOLDER","11","2010-12-02 09:45:00","4.3","16029.0","United Kingdom",""
"540084","21730","GLASS STAR FROSTED T-LIGHT HOLDER","1","2010-12-02 09:45:00","4.66","16029.0","United Kingdom","SUMMER10"
"540084","22752","SET 7 BABUSHKA NESTING BOXES","3","2010-12-02 09:45:00","8.01","16029.0","United Kingdom","NEWCUST"
"540085","85123A","WHITE HANGING HEART T-LIGHT HOLDER","4","2011-01-29 08:39:00","2.75","17809.0","EIRE","SUMMER10"
"540085","22752","SET 7 BABUSHKA NESTING BOXES","9","2011-01-29 08:39:00","7.99","17809.0","EIRE","BULK5"
"540086","84029G","KNITTED UNION FLAG HOT WATER BOTTLE","3","2011-01-20 09:58:00","3.35","17850.0","Germany","NEWCUST"
"540086","20685","DOORMAT RED RETROSPOT","6","2011-01-20 09:58:00","7.17","17850.0","Germany",""
"540086","85099B","JUMBO BAG RED RETROSPOT","4","2011-01-20 09:58:00","1.63","17850.0","Germany",""
"540087","84029E","RED WOOLLY HOTTIE WHITE HEART","6","2011-01-18 15:06:00","3.73","17850.0","Australia",""
"540088","84029G","KNITTED UNION FLAG HOT WATER BOTTLE","10","2010-12-14 15:02:00","3.31","15311.0","France",""
"540088","85123A","WHITE HANGING HEART T-LIGHT HOLDER","12","2010-12-14 15:02:00","2.96","15311.0","France","SUMMER10"
"540089","22752","SET 7 BABUSHKA NESTING BOXES","6","2010-12-08 13:38:00","7.92","17850.0","Germany",""
"540089","22632","HAND WARMER RED POLKA DOT","6","2010-12-08 13:38:00","2.09","17850.0","Germany","SUMMER10"
"540089","20685","DOORMAT RED RETROSPOT","4","2010-12-08 13:38:00","7.26","17850.0","Germany","SUMMER10"
"540089","85099B","JUMBO BAG RED RETROSPOT","11","2010-12-08 13:38:00","2.14","17850.0","Germany",""
"540090","85123A","WHITE HANGING HEART T-LIGHT HOLDER","7","2010-12-23 12:26:00","2.91","16029.0","France",""
"540091","22752","SET 7 BABUSHKA NESTING BOXES","6","2011-01-28 15:47:00","7.65","15311.0","EIRE",""
"540092","84029G","KNITTED UNION FLAG HOT WATER BOTTLE","7","2010-12-29 15:07:00","3.84","12583.0","United Kingdom","NEWCUST"
"540092","85099B","JUMBO BAG RED RETROSPOT","8","2010-12-29 15:07:00","1.59","12583.0","United Kingdom",""
"540092","22632","HAND WARMER RED POLKA DOT","5","2010-12-29 15:07:00","2.11","12583.0","United Kingdom","SUMMER10"
"540093","84029G","KNITTED UNION FLAG HOT WATER BOTTLE","4","2010-12-15 08:27:00","3.53","13047.0","Spain",""
"540093","22632","HAND WARMER RED POLKA DOT","9","2010-12-15 08:27:00","2.29","13047.0","Spain","NEWCUST"
"540094","84029E","RED WOOLLY HOTTIE WHITE HEART","5","2011-01-19 08:49:00","3.71","15311.0","Belgium","SUMMER10"
"540094","22752","SET 7 BABUSHKA NESTING BOXES","6","2011-01-19 08:49:00","8.14","15311.0","Belgium",""
"540095","85123A","WHITE HANGING HEART T-LIGHT HOLDER","3","2010-12-11 15:31:00","2.64","17850.0","Australia",""
"540095","71053","WHITE METAL LANTERN","6","2010-12-11 15:31:00","3.39","17850.0","Australia",""
"540096","22633","HAND WARMER UNION JACK","5","2011-01-30 16:17:00","1.98","13047.0","Belgium","NEWCUST"
"540096","84406B","CREAM CUPID HEARTS COAT HANGER","8","2011-01-30 16:17:00","2.85","13047.0","Belgium",""
"540096","85123A","WHITE HANGING HEART T-LIGHT HOLDER","11","2011-01-30 16:17:00","2.57","13047.0","Belgium",""
"540096","85123A","WHITE HANGING HEART T-LIGHT HOLDER","10","2011-01-30 16:17:00","2.56","13047.0","Belgium",""
"540097","22633","HAND WARMER UNION JACK","7","2010-12-03 09:56:00","1.97","15311.0","France","SUMMER10"
"540098","71053","WHITE METAL LANTERN","3","2011-01-13 15:10:00","3.34","13777.0","United Kingdom",""
"540098","84406B","CREAM CUPID HEARTS COAT HANGER","8","2011-01-13 15:10:00","2.91","13777.0","United Kingdom","BULK5"
"540099","22633","HAND WARMER UNION JACK","12","2010-12-20 10:27:00","1.9","12583.0","Germany","SUMMER10"
"540099","85099B","JUMBO BAG RED RETROSPOT","5","2010-12-20 10:27:00","2.02","12583.0","Germany","BULK5"
"540099","85099B","JUMBO BAG RED RETROSPOT","2","2010-12-20 10:27:00","1.66","12583.0","Germany","NEWCUST"
"540100","21730","GLASS STAR FROSTED T-LIGHT HOLDER","12","2010-12-31 12:46:00","4.52","13047.0","Belgium","NEWCUST"
"540100","20685","DOORMAT RED RETROSPOT","7","2010-12-31 12:46:00","7.27","13047.0","Belgium",""
"540100","21730","GLASS STAR FROSTED T-LIGHT HOLDER","1","2010-12-31 12:46:00","4.27","13047.0","Belgium",""
"540101","21730","GLASS STAR FROSTED T-LIGHT HOLDER","3","2010-12-06 13:18:00","4.25","14096.0","Belgium",""
"540101","22752","SET 7 BABUSHKA NESTING BOXES","12","2010-12-06 13:18:00","8.03","14096.0","Belgium",""
"540101","71053","WHITE METAL LANTERN","3","2010-12-06 13:18:00","3.65","14096.0","Belgium","BULK5"
"540101","22633","HAND WARMER UNION JACK","6","2010-12-06 13:18:00","1.98","14096.0","Belgium",""
"540102","22633","HAND WARMER UNION JACK","11","2011-01-22 13:34:00","2.11","16029.0","Germany","SUMMER10"
"540103","22633","HAND WARMER UNION JACK","9","2011-01-10 08:25:00","2.17","17809.0","EIRE",""
"540103","85099B","JUMBO BAG RED RETROSPOT","11","2011-01-10 08:25:00","2.02","17809.0","EIRE","BULK5"
"540104","22752","SET 7 BABUSHKA NESTING BOXES","7","2010-12-05 11:45:00","7.82","16029.0","Netherlands",""
"540104","22633","HAND WARMER UNION JACK","2","2010-12-05 11:45:00","2.33","16029.0","Netherlands",""
"540105","85123A","WHITE HANGING HEART T-LIGHT HOLDER","8","2011-01-24 15:14:00","2.49","16029.0","Australia",""
"540105","84029E","RED WOOLLY HOTTIE WHITE HEART","3","2011-01-24 15:14:00","3.54","16029.0","Australia","NEWCUST"
"540106","85099B","JUMBO BAG RED RETROSPOT","4","2010-12-20 13:59:00","1.78","14606.0","EIRE","SUMMER10"
"540106","85123A","WHITE HANGING HEART T-LIGHT HOLDER","6","2010-12-20 13:59:00","2.5","14606.0","EIRE",""
"540106","71053","WHITE METAL LANTERN","1","2010-12-20 13:59:00","3.35","14606.0","EIRE",""
"540106","20685","DOORMAT RED RETROSPOT","6","2010-12-20 13:59:00","7.51","14606.0","EIRE",""
"540107","22752","SET 7 BABUSHKA NESTING BOXES","2","2011-01-10 13:22:00","7.63","13047.0","Spain",""
"540107","84029E","RED WOOLLY HOTTIE WHITE HEART","3","2011-01-10 13:22:00","3.77","13047.0","Spain",""
"540108","21730","GLASS STAR FROSTED T-LIGHT HOLDER","6","2011-01-04 10:07:00","4.19","12583.0","Spain",""
"540108","21730","GLASS STAR FROSTED T-LIGHT HOLDER","1","2011-01-04 10:07:00","4.66","12583.0","Spain","SUMMER10"
"540108","22633","HAND WARMER UNION JACK","5","2011-01-04 10:07:00","1.8","12583.0","Spain",""
"540108","85123A","WHITE HANGING HEART T-LIGHT HOLDER","8","2011-01-04 10:07:00","3.01","12583.0","Spain","BULK5"
"540109","20685","DOORMAT RED RETROSPOT","9","2011-01-04 15:20:00","7.06","12583.0","Spain","NEWCUST"
"540109","84029G","KNITTED UNION FLAG HOT WATER BOTTLE","12","2011-01-04 15:20:00","3.3","12583.0","Spain","NEWCUST"
"540109","20685","DOORMAT RED RETROSPOT","5","2011-01-04 15:20:00","7.56","12583.0","Spain","BULK5"
"540110","84029E","RED WOOLLY HOTTIE WHITE HEART","3","2010-12-01 11:07:00","3.36","13047.0","Australia","SUMMER10"
"540111","47566","PARTY BUNTING","2","2011-01-19 08:14:00","5.04","15311.0","Netherlands",""
"540111","22752","SET 7 BABUSHKA NESTING BOXES","10","2011-01-19 08:14:00","7.79","15311.0","Netherlands","SUMMER10"
"540111","85099B","JUMBO BAG RED RETROSPOT","4","2011-01-19 08:14:00","2.01","15311.0","Netherlands",""
"540111","84029E","RED WOOLLY HOTTIE WHITE HEART","6","2011-01-19 08:14:00","3.58","15311.0","Netherlands","SUMMER10"
"540112","22752","SET 7 BABUSHKA NESTING BOXES","2","2011-01-12 11:47:00","7.81","15291.0","Netherlands",""
"540112","85123A","WHITE HANGING HEART T-LIGHT HOLDER","1","2011-01-12 11:47:00","2.62","15291.0","Netherlands",""
"540112","21730","GLASS STAR FROSTED T-LIGHT HOLDER","2","2011-01-12 11:47:00","4.38","15291.0","Netherlands",""
"540113","84029G","KNITTED UNION FLAG HOT WATER BOTTLE","3","2011-01-13 12:47:00","3.69","15311.0","Australia",""
"540113","47566","PARTY BUNTING","3","2011-01-13 12:47:00","5.28","15311.0","Australia","BULK5"
"540113","22632","HAND WARMER RED POLKA DOT","9","2011-01-13 12:47:00","2.27","15311.0","Australia","NEWCUST"
"540114","85123A","WHITE HANGING HEART T-LIGHT HOLDER","1","2011-01-17 08:44:00","2.63","17850.0","Netherlands","BULK5"
"540114","21730","GLASS STAR FROSTED T-LIGHT HOLDER","12","2011-01-17 08:44:00","4.43","17850.0","Netherlands","NEWCUST"
"540115","84406B","CREAM CUPID HEARTS COAT HANGER","1","2011-01-02 14:14:00","2.91","13777.0","Netherlands",""
"540115","71053","WHITE METAL LANTERN","6","2011-01-02 14:14:00","3.3","13777.0","Netherlands",""
"540115","71053","WHITE METAL LANTERN","7","2011-01-02 14:14:00","3.72","13777.0","Netherlands",""
"540116","22752","SET 7 BABUSHKA NESTING BOXES","4","2011-01-15 13:57:00","8.03","12583.0","France",""
"540116","84029G","KNITTED UNION FLAG HOT WATER BOTTLE","2","2011-01-15 13:57:00","3.69","12583.0","France",""
"540117","20685","DOORMAT RED RETROSPOT","12","2011-01-18 15:45:00","7.53","13777.0","United Kingdom","BULK5"
"540118","84406B","CREAM CUPID HEARTS COAT HANGER","9","2010-12-17 10:24:00","2.86","17850.0","France",""
"540119","20685","DOORMAT RED RETROSPOT","5","2010-12-21 14:32:00","7.23","13777.0","EIRE",""
"540119","84406B","CREAM CUPID HEARTS COAT HANGER","6","2010-12-21 14:32:00","2.7","13777.0","EIRE","BULK5"
"540119","71053","WHITE METAL LANTERN","9","2010-12-21 14:32:00","3.68","13777.0","EIRE","SUMMER10"
"540119","84406B","CREAM CUPID HEARTS COAT HANGER","5","2010-12-21 14:32:00","2.65","13777.0","EIRE","NEWCUST"
"540120","84029G","KNITTED UNION FLAG HOT WATER BOTTLE","3","2011-01-13 12:56:00","3.57","12583.0","Belgium","SUMMER10"
"540121","85123A","WHITE HANGING HEART T-LIGHT HOLDER","5","2011-01-05 09:36:00","2.68","12583.0","EIRE","NEWCUST"
"540121","85123A","WHITE HANGING HEART T-LIGHT HOLDER","3","2011-01-05 09:36:00","2.9","12583.0","EIRE",""
"540121","20685","DOORMAT RED RETROSPOT","11","2011-01-05 09:36:00","7.26","12583.0","EIRE","SUMMER10"
"540122","20685","DOORMAT RED RETROSPOT","8","2010-12-17 13:06:00","7.27","13047.0","EIRE","NEWCUST"
"540122","21730","GLASS STAR FROSTED T-LIGHT HOLDER","6","2010-12-17 13:06:00","4.43","13047.0","EIRE","SUMMER10"
"540123","84029G","KNITTED UNION FLAG HOT WATER BOTTLE","11","2010-12-26 10:34:00","3.4","13047.0","EIRE",""
"540123","85099B","JUMBO BAG RED RETROSPOT","4","2010-12-26 10:34:00","1.61","13047.0","EIRE","NEWCUST"
"540124","22752","SET 7 BABUSHKA NESTING BOXES","3","2011-01-19 16:43:00","8.01","17809.0","EIRE","SUMMER10"
"540124","22632","HAND WARMER RED POLKA DOT","11","2011-01-19 16:43:00","1.79","17809.0","EIRE",""
"540125","22752","SET 7 BABUSHKA NESTING BOXES","9","2010-12-02 15:49:00","8.02","17809.0","Australia",""
"540125","22752","SET 7 BABUSHKA NESTING BOXES","10","2010-12-02 15:49:00","7.96","17809.0","Australia",""
"540125","84029G","KNITTED UNION FLAG HOT WATER BOTTLE","6","2010-12-02 15:49:00","3.79","17809.0","Australia",""
"540125","22632","HAND WARMER RED POLKA DOT","11","2010-12-02 15:49:00","1.83","17809.0","Australia",""
"540126","85099B","JUMBO BAG RED RETROSPOT","9","2010-12-31 10:37:00","1.96","14096.0","Germany","BULK5"
"540126","20685","DOORMAT RED RETROSPOT","12","2010-12-31 10:37:00","7.51","14096.0","Germany",""
"540126","85123A","WHITE HANGING HEART T-LIGHT HOLDER","6","2010-12-31 10:37:00","2.59","14096.0","Germany",""
"540127","84406B","CREAM CUPID HEARTS COAT HANGER","4","2010-12-29 12:58:00","2.88","17809.0","France",""
"540127","20685","DOORMAT RED RETROSPOT","12","2010-12-29 12:58:00","7.58","17809.0","France",""
"540128","85099B","JUMBO BAG RED RETROSPOT","11","2011-01-26 10:02:00","2.11","17809.0","Netherlands",""
"540129","22633","HAND WARMER UNION JACK","7","2011-01-18 15:20:00","2.34","16029.0","Australia","SUMMER10"
"540130","84406B","CREAM CUPID HEARTS COAT HANGER","9","2011-01-28 16:23:00","2.69","17850.0","Germany","NEWCUST"
"540131","84406B","CREAM CUPID HEARTS COAT HANGER","12","2011-01-08 12:00:00","2.69","17809.0","Belgium","NEWCUST"
"540131","21730","GLASS STAR FROSTED T-LIGHT HOLDER","2","2011-01-08 12:00:00","4.32","17809.0","Belgium","BULK5"
"540131","20685","DOORMAT RED RETROSPOT","8","2011-01-08 12:00:00","7.46","17809.0","Belgium",""
"540132","22752","SET 7 BABUSHKA NESTING BOXES","10","2010-12-25 13:09:00","7.81","17809.0","France","NEWCUST"
"540133","84029E","RED WOOLLY HOTTIE WHITE HEART","2","2010-12-08 14:31:00","3.74","14096.0","Australia",""
"540134","20685","DOORMAT RED RETROSPOT","6","2010-12-30 16:05:00","7.42","17809.0","Germany","BULK5"
"540134","21730","GLASS STAR FROSTED T-LIGHT HOLDER","1","2010-12-30 16:05:00","4.65","17809.0","Germany",""
"540135","71053","WHITE METAL LANTERN","1","2010-12-15 16:39:00","3.56","17850.0","United Kingdom",""
"540135","84029E","RED WOOLLY HOTTIE WHITE HEART","5","2010-12-15 16:39:00","3.52","17850.0","United Kingdom",""
"540135","22752","SET 7 BABUSHKA NESTING BOXES","12","2010-12-15 16:39:00","7.92","17850.0","United Kingdom","SUMMER10"
"540136","84029E","RED WOOLLY HOTTIE WHITE HEART","7","2011-01-04 09:42:00","3.75","13777.0","Australia",""
"540136","85099B","JUMBO BAG RED RETROSPOT","1","2011-01-04 09:42:00","1.64","13777.0","Australia","BULK5"
"540136","85123A","WHITE HANGING HEART T-LIGHT HOLDER","6","2011-01-04 09:42:00","2.55","13777.0","Australia",""
"540137","85099B","JUMBO BAG RED RETROSPOT","8","2010-12-09 08:29:00","2.03","12583.0","EIRE","NEWCUST"
"540137","84029E","RED WOOLLY HOTTIE WHITE HEART","9","2010-12-09 08:29:00","3.69","12583.0","EIRE","SUMMER10"
"540137","85099B","JUMBO BAG RED RETROSPOT","3","2010-12-09 08:29:00","1.77","12583.0","EIRE","NEWCUST"
"540138","85123A","WHITE HANGING HEART T-LIGHT HOLDER","11","2011-01-25 13:35:00","2.86","14096.0","France",""
"540139","22752","SET 7 BABUSHKA NESTING BOXES","4","2011-01-03 15:33:00","7.91","15311.0","Belgium",""
"540139","85099B","JUMBO BAG RED RETROSPOT","1","2011-01-03 15:33:00","1.79","15311.0","Belgium",""
"540139","47566","PARTY BUNTING","3","2011-01-03 15:33:00","5.32","15311.0","Belgium",""
"540140","84406B","CREAM CUPID HEARTS COAT HANGER","10","2011-01-04 12:45:00","3.2","14096.0","Belgium","BULK5"
"540141","84029G","KNITTED UNION FLAG HOT WATER BOTTLE","1","2010-12-13 13:25:00","3.66","12583.0","France",""
"540142","84029G","KNITTED UNION FLAG HOT WATER BOTTLE","9","2010-12-02 14:51:00","3.74","16029.0","Australia","NEWCUST"
"540142","21730","GLASS STAR FROSTED T-LIGHT HOLDER","12","2010-12-02 14:51:00","4.19","16029.0","Australia","BULK5"
"540142","84029G","KNITTED UNION FLAG HOT WATER BOTTLE","10","2010-12-02 14:51:00","3.35","16029.0","Australia",""
"540143","85099B","JUMBO BAG RED RETROSPOT","3","2010-12-20 16:45:00","1.68","12583.0","EIRE",""
"540143","22632","HAND WARMER RED POLKA DOT","9","2010-12-20 16:45:00","2.22","12583.0","EIRE","BULK5"
"540144","20685","DOORMAT RED RETROSPOT","11","2011-01-02 10:42:00","7.33","15291.0","France",""
"540145","85123A","WHITE HANGING HEART T-LIGHT HOLDER","9","2010-12-18 12:56:00","2.94","17850.0","France","BULK5"
"540145","84029E","RED WOOLLY HOTTIE WHITE HEART","5","2010-12-18 12:56:00","3.58","17850.0","France",""
"540146","84406B","CREAM CUPID HEARTS COAT HANGER","7","2010-12-15 10:36:00","3.07","15291.0","Belgium",""
"540146","71053","WHITE METAL LANTERN","12","2010-12-15 10:36:00","3.41","15291.0","Belgium","NEWCUST"
"540146","84029E","RED WOOLLY HOTTIE WHITE HEART","9","2010-12-15 10:36:00","3.62","15291.0","Belgium",""
"540146","20685","DOORMAT RED RETROSPOT","5","2010-12-15 10:36:00","7.45","15291.0","Belgium",""
"540147","85099B","JUMBO BAG RED RETROSPOT","3","2011-01-27 11:16:00","2.15","12583.0","Spain",""
"540147","20685","DOORMAT RED RETROSPOT","4","2011-01-27 11:16:00","7.3","12583.0","Spain","BULK5"
"540147","21730","GLASS STAR FROSTED T-LIGHT HOLDER","8","2011-01-27 11:16:00","4.19","12583.0","Spain","SUMMER10"
"540148","84406B","CREAM CUPID HEARTS COAT HANGER","7","2010-12-02 12:45:00","2.68","16029.0","Belgium","SUMMER10"
"540148","22752","SET 7 BABUSHKA NESTING BOXES","8","2010-12-02 12:45:00","7.65","16029.0","Belgium","SUMMER10"
"540149","84029G","KNITTED UNION FLAG HOT WATER BOTTLE","2","2011-01-19 15:42:00","3.89","14606.0","Spain",""
"540149","21730","GLASS STAR FROSTED T-LIGHT HOLDER","9","2011-01-19 15:42:00","4.68","14606.0","Spain",""
"540149","22752","SET 7 BABUSHKA NESTING BOXES","8","2011-01-19 15:42:00","8.02","14606.0","Spain","SUMMER10"
"540149","21730","GLASS STAR FROSTED T-LIGHT HOLDER","6","2011-01-19 15:42:00","4.4","14606.0","Spain","BULK5"
"540150","22752","SET 7 BABUSHKA NESTING BOXES","3","2010-12-30 12:57:00","8.02","15311.0","United Kingdom","NEWCUST"
"540151","71053","WHITE METAL LANTERN","6","2011-01-07 08:35:00","3.6","13777.0","Spain","NEWCUST"
"540152","20685","DOORMAT RED RETROSPOT","12","2011-01-08 10:10:00","7.26","17850.0","France",""
"540152","84406B","CREAM CUPID HEARTS COAT HANGER","5","2011-01-08 10:10:00","2.8","17850.0","France","BULK5"
"540153","47566","PARTY BUNTING","2","2010-12-24 10:28:00","5.39","15311.0","France","SUMMER10"
"540153","85123A","WHITE HANGING HEART T-LIGHT HOLDER","6","2010-12-24 10:28:00","3.0","15311.0","France","BULK5"
"540154","85099B","JUMBO BAG RED RETROSPOT","1","2010-12-22 14:14:00","1.66","17809.0","United Kingdom",""
"540155","47566","PARTY BUNTING","1","2011-01-07 10:55:00","4.89","16029.0","United Kingdom","NEWCUST"
"540155","22752","SET 7 BABUSHKA NESTING BOXES","10","2011-01-07 10:55:00","8.09","16029.0","United Kingdom",""
"540155","85099B","JUMBO BAG RED RETROSPOT","11","2011-01-07 10:55:00","2.01","16029.0","United Kingdom",""
"540156","84406B","CREAM CUPID HEARTS COAT HANGER","10","2011-01-27 13:55:00","2.7","12583.0","Belgium",""
"540157","85123A","WHITE HANGING HEART T-LIGHT HOLDER","4","2010-12-11 10:51:00","2.74","14606.0","EIRE",""
"540157","85123A","WHITE HANGING HEART T-LIGHT HOLDER","4","2010-12-11 10:51:00","2.54","14606.0","EIRE",""
"540157","71053","WHITE METAL LANTERN","8","2010-12-11 10:51:00","3.8","14606.0","EIRE","NEWCUST"
"540157","22633","HAND WARMER UNION JACK","11","2010-12-11 10:51:00","2.0","14606.0","EIRE","NEWCUST"
"540158","85123A","WHITE HANGING HEART T-LIGHT HOLDER","5","2010-12-24 15:29:00","2.77","16029.0","Netherlands","BULK5"
"540158","84406B","CREAM CUPID HEARTS COAT HANGER","2","2010-12-24 15:29:00","2.87","16029.0","Netherlands",""
"540158","84029G","KNITTED UNION FLAG HOT WATER BOTTLE","3","2010-12-24 15:29:00","3.83","16029.0","Netherlands","BULK5"
"540158","22633","HAND WARMER UNION JACK","4","2010-12-24 15:29:00","2.15","16029.0","Netherlands","SUMMER10"
"540159","47566","PARTY BUNTING","1","2010-12-10 14:40:00","5.14","14096.0","Belgium","BULK5"
"540159","21730","GLASS STAR FROSTED T-LIGHT HOLDER","4","2010-12-10 14:40:00","4.66","14096.0","Belgium","SUMMER10"
"540160","84029E","RED WOOLLY HOTTIE WHITE HEART","5","2010-12-08 13:47:00","3.69","15291.0","Belgium","NEWCUST"
"540161","85099B","JUMBO BAG RED RETROSPOT","11","2011-01-12 10:58:00","2.02","17809.0","Spain",""
"540161","85099B","JUMBO BAG RED RETROSPOT","12","2011-01-12 10:58:00","1.67","17809.0","Spain",""
"540161","85099B","JUMBO BAG RED RETROSPOT","7","2011-01-12 10:58:00","2.08","17809.0","Spain",""
"540162","84406B","CREAM CUPID HEARTS COAT HANGER","6","2011-01-07 15:07:00","3.13","15291.0","Germany",""
"540162","22752","SET 7 BABUSHKA NESTING BOXES","7","2011-01-07 15:07:00","7.76","15291.0","Germany",""
"540163","84029G","KNITTED UNION FLAG HOT WATER BOTTLE","1","2011-01-07 10:50:00","3.82","17850.0","Spain",""
"540163","84029G","KNITTED UNION FLAG HOT WATER BOTTLE","3","2011-01-07 10:50:00","3.71","17850.0","Spain","NEWCUST"
"540163","22633","HAND WARMER UNION JACK","1","2011-01-07 10:50:00","2.05","17850.0","Spain",""
"540164","84406B","CREAM CUPID HEARTS COAT HANGER","5","2010-12-29 09:18:00","2.83","17850.0","United Kingdom","NEWCUST"
"540164","22633","HAND WARMER UNION JACK","7","2010-12-29 09:18:00","1.81","17850.0","United Kingdom",""
"540165","22752","SET 7 BABUSHKA NESTING BOXES","10","2010-12-21 16:26:00","7.93","14606.0","United Kingdom","BULK5"
"540165","84029E","RED WOOLLY HOTTIE WHITE HEART","11","2010-12-21 16:26:00","3.44","14606.0","United Kingdom",""
"540165","85123A","WHITE HANGING HEART T-LIGHT HOLDER","3","2010-12-21 16:26:00","2.69","14606.0","United Kingdom",""
"540165","84029G","KNITTED UNION FLAG HOT WATER BOTTLE","1","2010-12-21 16:26:00","3.45","14606.0","United Kingdom","BULK5"
"540166","22632","HAND WARMER RED POLKA DOT","5","2010-12-17 15:00:00","2.29","15311.0","EIRE",""
"540167","22633","HAND WARMER UNION JACK","5","2010-12-08 16:35:00","2.19","16029.0","Spain",""
"540167","22633","HAND WARMER UNION JACK","5","2010-12-08 16:35:00","2.24","16029.0","Spain","BULK5"
"540168","47566","PARTY BUNTING","1","2011-01-11 11:11:00","5.17","13047.0","Australia",""
"540168","20685","DOORMAT RED RETROSPOT","9","2011-01-11 11:11:00","7.42","13047.0","Australia","SUMMER10"
"540168","22752","SET 7 BABUSHKA NESTING BOXES","8","2011-01-11 11:11:00","7.6","13047.0","Australia",""
"540168","84029G","KNITTED UNION FLAG HOT WATER BOTTLE","5","2011-01-11 11:11:00","3.39","13047.0","Australia","SUMMER10"
"540169","22632","HAND WARMER RED POLKA DOT","3","2011-01-05 16:34:00","2.27","17809.0","United Kingdom",""
"540170","21730","GLASS STAR FROSTED T-LIGHT HOLDER","11","2011-01-05 08:52:00","4.69","14606.0","France",""
"540170","21730","GLASS STAR FROSTED T-LIGHT HOLDER","11","2011-01-05 08:52:00","4.39","14606.0","France",""
"540170","21730","GLASS STAR FROSTED T-LIGHT HOLDER","9","2011-01-05 08:52:00","4.72","14606.0","France","NEWCUST"
"540170","85123A","WHITE HANGING HEART T-LIGHT HOLDER","10","2011-01-05 08:52:00","2.58","14606.0","France","SUMMER10"
"540171","71053","WHITE METAL LANTERN","12","2010-12-27 08:47:00","3.59","14096.0","France",""
"540172","22752","SET 7 BABUSHKA NESTING BOXES","2","2011-01-28 11:10:00","7.72","16029.0","United Kingdom","NEWCUST"
"540172","20685","DOORMAT RED RETROSPOT","1","2011-01-28 11:10:00","7.06","16029.0","United Kingdom",""
"540172","85123A","WHITE HANGING HEART T-LIGHT HOLDER","11","2011-01-28 11:10:00","2.67","16029.0","United Kingdom","BULK5"
"540173","71053","WHITE METAL LANTERN","5","2010-12-01 15:03:00","3.73","13047.0","EIRE","BULK5"
"540173","85099B","JUMBO BAG RED RETROSPOT","8","2010-12-01 15:03:00","1.85","13047.0","EIRE","NEWCUST"
"540173","47566","PARTY BUNTING","8","2010-12-01 15:03:00","4.95","13047.0","EIRE","SUMMER10"
"540174","84029G","KNITTED UNION FLAG HOT WATER BOTTLE","3","2011-01-29 10:00:00","3.58","14096.0","United Kingdom","SUMMER10"
"540175","21730","GLASS STAR FROSTED T-LIGHT HOLDER","3","2011-01-19 12:15:00","4.49","14606.0","EIRE","SUMMER10"
"540175","84029G","KNITTED UNION FLAG HOT WATER BOTTLE","12","2011-01-19 12:15:00","3.64","14606.0","EIRE",""
"540175","71053","WHITE METAL LANTERN","2","2011-01-19 12:15:00","3.69","14606.0","EIRE","BULK5"
"540175","47566","PARTY BUNTING","8","2011-01-19 12:15:00","5.36","14606.0","EIRE",""
"540176","22752","SET 7 BABUSHKA NESTING BOXES","2","2011-01-25 08:41:00","8.14","12583.0","Australia",""
"540177","85099B","JUMBO BAG RED RETROSPOT","6","2011-01-24 09:56:00","1.72","15311.0","EIRE","SUMMER10"
"540177","47566","PARTY BUNTING","5","2011-01-24 09:56:00","5.41","15311.0","EIRE",""
"540177","22632","HAND WARMER RED POLKA DOT","9","2011-01-24 09:56:00","2.23","15311.0","EIRE","BULK5"
"540178","85123A","WHITE HANGING HEART T-LIGHT HOLDER","9","2010-12-03 16:14:00","3.03","17850.0","Germany",""
"540179","84029G","KNITTED UNION FLAG HOT WATER BOTTLE","11","2010-12-14 15:01:00","3.75","14096.0","EIRE",""
"540180","47566","PARTY BUNTING","4","2010-12-10 11:21:00","5.11","12583.0","Belgium",""
"540181","84029E","RED WOOLLY HOTTIE WHITE HEART","1","2010-12-14 16:31:00","3.67","16029.0","France",""
"540181","85123A","WHITE HANGING HEART T-LIGHT HOLDER","3","2010-12-14 16:31:00","2.93","16029.0","France",""
"540181","85123A","WHITE HANGING HEART T-LIGHT HOLDER","9","2010-12-14 16:31:00","2.96","16029.0","France","NEWCUST"
"540181","84406B","CREAM CUPID HEARTS COAT HANGER","6","2010-12-14 16:31:00","2.83","16029.0","France",""
"540182","22633","HAND WARMER UNION JACK","3","2011-01-08 09:47:00","2.03","13777.0","Spain","NEWCUST"
"540182","22632","HAND WARMER RED POLKA DOT","12","2011-01-08 09:47:00","1.77","13777.0","Spain",""
"540182","85099B","JUMBO BAG RED RETROSPOT","8","2011-01-08 09:47:00","2.03","13777.0","Spain",""
"540182","71053","WHITE METAL LANTERN","10","2011-01-08 09:47:00","3.6","13777.0","Spain","NEWCUST"
"540183","22752","SET 7 BABUSHKA NESTING BOXES","7","2010-12-10 10:57:00","7.83","14096.0","Netherlands","BULK5"
"540183","84029E","RED WOOLLY HOTTIE WHITE HEART","3","2010-12-10 10:57:00","3.34","14096.0","Netherlands","BULK5"
"540183","21730","GLASS STAR FROSTED T-LIGHT HOLDER","8","2010-12-10 10:57:00","4.45","14096.0","Netherlands","NEWCUST"
"540183","22632","HAND WARMER RED POLKA DOT","11","2010-12-10 10:57:00","2.01","14096.0","Netherlands",""
"540184","85123A","WHITE HANGING HEART T-LIGHT HOLDER","12","2010-12-31 15:15:00","3.02","17809.0","United Kingdom",""
"540185","22752","SET 7 BABUSHKA NESTING BOXES","6","2011-01-20 11:02:00","7.96","14606.0","France",""
"540185","22632","HAND WARMER RED POLKA DOT","2","2011-01-20 11:02:00","2.06","14606.0","France","BULK5"
"540185","22632","HAND WARMER RED POLKA DOT","3","2011-01-20 11:02:00","1.97","14606.0","France","BULK5"
"540186","85123A","WHITE HANGING HEART T-LIGHT HOLDER","8","2010-12-31 13:07:00","2.67","16029.0","Netherlands","BULK5"
"540186","21730","GLASS STAR FROSTED T-LIGHT HOLDER","10","2010-12-31 13:07:00","4.25","16029.0","Netherlands",""
"540186","22632","HAND WARMER RED POLKA DOT","5","2010-12-31 13:07:00","1.84","16029.0","Netherlands",""
"540186","84406B","CREAM CUPID HEARTS COAT HANGER","3","2010-12-31 13:07:00","3.13","16029.0","Netherlands","NEWCUST"
"540187","85099B","JUMBO BAG RED RETROSPOT","10","2010-12-04 13:30:00","1.82","14096.0","EIRE","NEWCUST"
"540188","85099B","JUMBO BAG RED RETROSPOT","3","2010-12-09 11:31:00","1.92","17850.0","Australia","BULK5"
"540188","84029E","RED WOOLLY HOTTIE WHITE HEART","4","2010-12-09 11:31:00","3.76","17850.0","Australia","NEWCUST"
"540189","21730","GLASS STAR FROSTED T-LIGHT HOLDER","4","2010-12-17 15:59:00","4.52","17850.0","France",""
"540189","22752","SET 7 BABUSHKA NESTING BOXES","8","2010-12-17 15:59:00","7.64","17850.0","France",""
"540190","47566","PARTY BUNTING","7","2011-01-02 14:30:00","5.15","13047.0","Belgium","BULK5"
"540190","22633","HAND WARMER UNION JACK","3","2011-01-02 14:30:00","1.96","13047.0","Belgium",""
"540191","22752","SET 7 BABUSHKA NESTING BOXES","11","2010-12-06 15:30:00","8.0","17850.0","Belgium","NEWCUST"
"540191","22752","SET 7 BABUSHKA NESTING BOXES","7","2010-12-06 15:30:00","7.64","17850.0","Belgium","NEWCUST"
"540191","71053","WHITE METAL LANTERN","12","2010-12-06 15:30:00","3.56","17850.0","Belgium",""
"540192","22632","HAND WARMER RED POLKA DOT","1","2011-01-11 09:34:00","1.94","14606.0","Australia",""
"540192","22632","HAND WARMER RED POLKA DOT","4","2011-01-11 09:34:00","2.3","14606.0","Australia",""
"540192","71053","WHITE METAL LANTERN","5","2011-01-11 09:34:00","3.53","14606.0","Australia","SUMMER10"
"540192","85099B","JUMBO BAG RED RETROSPOT","9","2011-01-11 09:34:00","2.13","14606.0","Australia",""
"540193","22632","HAND WARMER RED POLKA DOT","2","2010-12-23 15:23:00","2.13","16029.0","Australia",""
"540194","21730","GLASS STAR FROSTED T-LIGHT HOLDER","7","2011-01-29 08:29:00","4.54","14096.0","EIRE",""
"540194","84029G","KNITTED UNION FLAG HOT WATER BOTTLE","11","2011-01-29 08:29:00","3.55","14096.0","EIRE","SUMMER10"
"540194","22633","HAND WARMER UNION JACK","12","2011-01-29 08:29:00","2.27","14096.0","EIRE","BULK5"
"540194","20685","DOORMAT RED RETROSPOT","11","2011-01-29 08:29:00","7.26","14096.0","EIRE",""
"540195","85099B","JUMBO BAG RED RETROSPOT","8","2011-01-22 09:34:00","1.69","16029.0","EIRE",""
"540195","22752","SET 7 BABUSHKA NESTING BOXES","2","2011-01-22 09:34:00","7.71","16029.0","EIRE",""
"540195","21730","GLASS STAR FROSTED T-LIGHT HOLDER","1","2011-01-22 09:34:00","4.41","16029.0","EIRE","SUMMER10"
"540196","20685","DOORMAT RED RETROSPOT","8","2011-01-29 08:14:00","7.32","14606.0","Belgium","SUMMER10"
"540196","22632","HAND WARMER RED POLKA DOT","10","2011-01-29 08:14:00","1.94","14606.0","Belgium",""
"540196","47566","PARTY BUNTING","8","2011-01-29 08:14:00","4.87","14606.0","Belgium","SUMMER10"
"540196","84029E","RED WOOLLY HOTTIE WHITE HEART","6","2011-01-29 08:14:00","3.84","14606.0","Belgium","NEWCUST"
"540197","85099B","JUMBO BAG RED RETROSPOT","5","2010-12-16 13:59:00","1.96","13047.0","France",""
"540197","22633","HAND WARMER UNION JACK","12","2010-12-16 13:59:00","2.35","13047.0","France",""
"540197","20685","DOORMAT RED RETROSPOT","10","2010-12-16 13:59:00","7.47","13047.0","France",""
"540198","71053","WHITE METAL LANTERN","3","2011-01-25 14:48:00","3.75","16029.0","Spain",""
"540198","20685","DOORMAT RED RETROSPOT","12","2011-01-25 14:48:00","7.49","16029.0","Spain",""
"540199","84029G","KNITTED UNION FLAG HOT WATER BOTTLE","11","2010-12-05 12:25:00","3.84","12583.0","France","NEWCUST"
"540199","84406B","CREAM CUPID HEARTS COAT HANGER","9","2010-12-05 12:25:00","2.93","12583.0","France",""
"540199","20685","DOORMAT RED RETROSPOT","2","2010-12-05 12:25:00","7.54","12583.0","France",""
"540200","84029G","KNITTED UNION FLAG HOT WATER BOTTLE","11","2011-01-25 16:41:00","3.75","16029.0","Netherlands",""
"540200","71053","WHITE METAL LANTERN","4","2011-01-25 16:41:00","3.5","16029.0","Netherlands",""
"540201","85099B","JUMBO BAG RED RETROSPOT","6","2011-01-20 10:14:00","1.9","15311.0","France","NEWCUST"
"540201","21730","GLASS STAR FROSTED T-LIGHT HOLDER","11","2011-01-20 10:14:00","4.38","15311.0","France",""
"540202","84029E","RED WOOLLY HOTTIE WHITE HEART","5","2011-01-30 12:24:00","3.42","13777.0","United Kingdom",""
"540203","84029E","RED WOOLLY HOTTIE WHITE HEART","11","2010-12-08 09:03:00","3.71","14096.0","United Kingdom",""
"540203","22752","SET 7 BABUSHKA NESTING BOXES","8","2010-12-08 09:03:00","7.87","14096.0","United Kingdom",""
"540204","22752","SET 7 BABUSHKA NESTING BOXES","6","2011-01-26 15:30:00","7.55","15291.0","Australia","SUMMER10"
"540204","22632","HAND WARMER RED POLKA DOT","2","2011-01-26 15:30:00","2.16","15291.0","Australia","BULK5"
"540204","22752","SET 7 BABUSHKA NESTING BOXES","6","2011-01-26 15:30:00","7.94","15291.0","Australia","SUMMER10"
"540205","47566","PARTY BUNTING","8","2010-12-13 12:17:00","5.32","12583.0","EIRE",""
"540205","22752","SET 7 BABUSHKA NESTING BOXES","11","2010-12-13 12:17:00","8.1","12583.0","EIRE",""
"540205","21730","GLASS STAR FROSTED T-LIGHT HOLDER","8","2010-12-13 12:17:00","4.64","12583.0","EIRE","NEWCUST"
"540206","85099B","JUMBO BAG RED RETROSPOT","7","2011-01-07 09:45:00","1.6","17850.0","Australia","SUMMER10"
"540207","22752","SET 7 BABUSHKA NESTING BOXES","7","2011-01-08 12:49:00","7.84","17850.0","Belgium",""
"540207","85123A","WHITE HANGING HEART T-LIGHT HOLDER","11","2011-01-08 12:49:00","2.8","17850.0","Belgium",""
"540207","22632","HAND WARMER RED POLKA DOT","4","2011-01-08 12:49:00","2.16","17850.0","Belgium","SUMMER10"
"540208","47566","PARTY BUNTING","1","2011-01-24 13:56:00","5.13","16029.0","EIRE",""
"540208","84029E","RED WOOLLY HOTTIE WHITE HEART","12","2011-01-24 13:56:00","3.73","16029.0","EIRE","SUMMER10"
"540209","20685","DOORMAT RED RETROSPOT","3","2010-12-08 08:59:00","7.44","14606.0","France",""
"540209","84029E","RED WOOLLY HOTTIE WHITE HEART","1","2010-12-08 08:59:00","3.52","14606.0","France",""
"540210","84406B","CREAM CUPID HEARTS COAT HANGER","6","2011-01-08 08:46:00","2.71","13047.0","Spain",""
"540211","71053","WHITE METAL LANTERN","4","2011-01-29 12:52:00","3.88","14606.0","France","NEWCUST"
"540212","85099B","JUMBO BAG RED RETROSPOT","8","2010-12-09 14:33:00","1.83","13777.0","Belgium",""
"540213","84029G","KNITTED UNION FLAG HOT WATER BOTTLE","11","2011-01-27 16:50:00","3.37","13777.0","United Kingdom",""
"540213","84029G","KNITTED UNION FLAG HOT WATER BOTTLE","6","2011-01-27 16:50:00","3.54","13777.0","United Kingdom","SUMMER10"
"540214","85099B","JUMBO BAG RED RETROSPOT","9","2010-12-29 11:14:00","1.83","13047.0","Belgium","NEWCUST"
"540215","22633","HAND WARMER UNION JACK","9","2011-01-30 11:32:00","1.9","15291.0","Germany","BULK5"
"540216","22633","HAND WARMER UNION JACK","4","2011-01-21 11:28:00","1.78","14096.0","Australia","SUMMER10"
"540216","20685","DOORMAT RED RETROSPOT","4","2011-01-21 11:28:00","7.22","14096.0","Australia","NEWCUST"
"540216","71053","WHITE METAL LANTERN","8","2011-01-21 11:28:00","3.83","14096.0","Australia","BULK5"
"540216","22632","HAND WARMER RED POLKA DOT","7","2011-01-21 11:28:00","1.76","14096.0","Australia","NEWCUST"
"540217","84406B","CREAM CUPID HEARTS COAT HANGER","8","2011-01-27 11:58:00","3.23","13777.0","Australia",""
"540217","84406B","CREAM CUPID HEARTS COAT HANGER","9","2011-01-27 11:58:00","3.03","13777.0","Australia",""
"540217","84406B","CREAM CUPID HEARTS COAT HANGER","1","2011-01-27 11:58:00","3.01","13777.0","Australia","SUMMER10"
"540218","22632","HAND WARMER RED POLKA DOT","1","2011-01-28 08:21:00","2.09","16029.0","Spain","NEWCUST"
"540218","22633","HAND WARMER UNION JACK","1","2011-01-28 08:21:00","2.13","16029.0","Spain",""
"540218","47566","PARTY BUNTING","2","2011-01-28 08:21:00","5.38","16029.0","Spain",""
"540218","71053","WHITE METAL LANTERN","11","2011-01-28 08:21:00","3.5","16029.0","Spain",""
"540219","22752","SET 7 BABUSHKA NESTING BOXES","5","2010-12-12 12:53:00","7.79","17809.0","Spain","NEWCUST"
"540219","22633","HAND WARMER UNION JACK","6","2010-12-12 12:53:00","2.27","17809.0","Spain","SUMMER10"
"540220","84029E","RED WOOLLY HOTTIE WHITE HEART","4","2011-01-07 09:57:00","3.76","13047.0","France",""
"540221","71053","WHITE METAL LANTERN","10","2011-01-04 14:30:00","3.35","17850.0","France","NEWCUST"
"540222","84406B","CREAM CUPID HEARTS COAT HANGER","7","2011-01-27 09:50:00","2.98","17850.0","Belgium",""
"540223","84406B","CREAM CUPID HEARTS COAT HANGER","3","2011-01-16 13:13:00","3.22","16029.0","EIRE","SUMMER10"
"540223","20685","DOORMAT RED RETROSPOT","9","2011-01-16 13:13:00","7.24","16029.0","EIRE",""
"540223","22632","HAND WARMER RED POLKA DOT","3","2011-01-16 13:13:00","2.03","16029.0","EIRE","NEWCUST"
"540224","47566","PARTY BUNTING","6","2010-12-31 14:52:00","5.4","14096.0","EIRE",""
"540224","84029E","RED WOOLLY HOTTIE WHITE HEART","10","2010-12-31 14:52:00","3.88","14096.0","EIRE",""
"540225","22752","SET 7 BABUSHKA NESTING BOXES","10","2010-12-08 09:40:00","8.08","15291.0","Spain",""
"540225","22632","HAND WARMER RED POLKA DOT","2","2010-12-08 09:40:00","2.31","15291.0","Spain",""
"540225","21730","GLASS STAR FROSTED T-LIGHT HOLDER","6","2010-12-08 09:40:00","4.6","15291.0","Spain",""
"540225","47566","PARTY BUNTING","8","2010-12-08 09:40:00","5.31","15291.0","Spain",""
"540226","20685","DOORMAT RED RETROSPOT","9","2010-12-02 08:30:00","7.08","13777.0","United Kingdom","SUMMER10"
"540226","47566","PARTY BUNTING","12","2010-12-02 08:30:00","5.15","13777.0","United Kingdom",""
"540226","47566","PARTY BUNTING","3","2010-12-02 08:30:00","5.23","13777.0","United Kingdom","NEWCUST"
"540227","21730","GLASS STAR FROSTED T-LIGHT HOLDER","4","2010-12-22 16:32:00","4.5","14096.0","Spain","SUMMER10"
"540228","47566","PARTY BUNTING","8","2010-12-29 08:45:00","5.29","15291.0","Spain","SUMMER10"
"540228","21730","GLASS STAR FROSTED T-LIGHT HOLDER","9","2010-12-29 08:45:00","4.47","15291.0","Spain","SUMMER10"
"540229","84029G","KNITTED UNION FLAG HOT WATER BOTTLE","2","2011-01-25 16:18:00","3.68","16029.0","Australia",""
"540229","21730","GLASS STAR FROSTED T-LIGHT HOLDER","5","2011-01-25 16:18:00","4.44","16029.0","Australia","BULK5"
"540229","22632","HAND WARMER RED POLKA DOT","11","2011-01-25 16:18:00","2.24","16029.0","Australia",""
"540230","85099B","JUMBO BAG RED RETROSPOT","1","2010-12-27 09:33:00","1.83","12583.0","Germany","SUMMER10"
"540231","22752","SET 7 BABUSHKA NESTING BOXES","2","2011-01-30 12:33:00","8.04","13777.0","Australia","SUMMER10"
"540232","22633","HAND WARMER UNION JACK","7","2010-12-07 14:54:00","2.22","17809.0","Australia",""
"540233","47566","PARTY BUNTING","12","2011-01-25 14:59:00","5.34","12583.0","Spain","NEWCUST"
"540233","85123A","WHITE HANGING HEART T-LIGHT HOLDER","4","2011-01-25 14:59:00","2.67","12583.0","Spain","SUMMER10"
"540234","22752","SET 7 BABUSHKA NESTING BOXES","3","2011-01-30 12:05:00","7.55","13047.0","United Kingdom","BULK5"
"540235","71053","WHITE METAL LANTERN","7","2010-12-22 15:54:00","3.83","14096.0","France","SUMMER10"
"540235","84029G","KNITTED UNION FLAG HOT WATER BOTTLE","1","2010-12-22 15:54:00","3.45","14096.0","France",""
"540236","22633","HAND WARMER UNION JACK","5","2011-01-02 16:40:00","1.99","14606.0","United Kingdom",""
"540236","71053","WHITE METAL LANTERN","1","2011-01-02 16:40:00","3.68","14606.0","United Kingdom",""
"540236","47566","PARTY BUNTING","2","2011-01-02 16:40:00","4.95","14606.0","United Kingdom",""
"540237","85123A","WHITE HANGING HEART T-LIGHT HOLDER","6","2010-12-09 15:45:00","2.72","13777.0","Australia",""
"540237","20685","DOORMAT RED RETROSPOT","7","2010-12-09 15:45:00","7.19","13777.0","Australia",""
"540237","20685","DOORMAT RED RETROSPOT","3","2010-12-09 15:45:00","6.98","13777.0","Australia",""
"540237","22632","HAND WARMER RED POLKA DOT","4","2010-12-09 15:45:00","2.03","13777.0","Australia",""
"540238","84029E","RED WOOLLY HOTTIE WHITE HEART","8","2011-01-15 08:27:00","3.75","16029.0","Belgium",""
"540238","85123A","WHITE HANGING HEART T-LIGHT HOLDER","6","2011-01-15 08:27:00","2.82","16029.0","Belgium",""
"540238","85099B","JUMBO BAG RED RETROSPOT","12","2011-01-15 08:27:00","1.72","16029.0","Belgium","SUMMER10"
"540239","22752","SET 7 BABUSHKA NESTING BOXES","11","2011-01-07 10:04:00","7.63","14096.0","EIRE","SUMMER10"
"540239","85099B","JUMBO BAG RED RETROSPOT","7","2011-01-07 10:04:00","2.03","14096.0","EIRE",""
"540240","84029E","RED WOOLLY HOTTIE WHITE HEART","7","2010-12-12 08:12:00","3.61","12583.0","Belgium",""
"540241","71053","WHITE METAL LANTERN","11","2011-01-01 15:46:00","3.88","14606.0","Netherlands",""
"540241","85123A","WHITE HANGING HEART T-LIGHT HOLDER","5","2011-01-01 15:46:00","2.77","14606.0","Netherlands",""
"540242","84029E","RED WOOLLY HOTTIE WHITE HEART","6","2011-01-04 16:16:00","3.45","17809.0","EIRE","SUMMER10"
"540242","84406B","CREAM CUPID HEARTS COAT HANGER","5","2011-01-04 16:16:00","2.89","17809.0","EIRE","NEWCUST"
"540242","22752","SET 7 BABUSHKA NESTING BOXES","8","2011-01-04 16:16:00","7.58","17809.0","EIRE",""
"540242","84406B","CREAM CUPID HEARTS COAT HANGER","8","2011-01-04 16:16:00","2.73","17809.0","EIRE","SUMMER10"
"540243","71053","WHITE METAL LANTERN","4","2010-12-08 16:34:00","3.51","15311.0","United Kingdom",""
"540243","22632","HAND WARMER RED POLKA DOT","11","2010-12-08 16:34:00","2.25","15311.0","United Kingdom","SUMMER10"
"540244","20685","DOORMAT RED RETROSPOT","4","2011-01-04 16:00:00","7.08","16029.0","United Kingdom","NEWCUST"
"540244","22752","SET 7 BABUSHKA NESTING BOXES","5","2011-01-04 16:00:00","8.12","16029.0","United Kingdom",""
"540245","22633","HAND WARMER UNION JACK","7","2010-12-17 12:56:00","2.15","14606.0","Spain","NEWCUST"
"540245","85099B","JUMBO BAG RED RETROSPOT","7","2010-12-17 12:56:00","1.94","14606.0","Spain",""
"540245","84406B","CREAM CUPID HEARTS COAT HANGER","6","2010-12-17 12:56:00","2.97","14606.0","Spain",""
"540245","47566","PARTY BUNTING","4","2010-12-17 12:56:00","5.03","14606.0","Spain","SUMMER10"
"540246","85099B","JUMBO BAG RED RETROSPOT","8","2010-12-10 12:04:00","2.03","13047.0","Netherlands",""
"540246","84029E","RED WOOLLY HOTTIE WHITE HEART","3","2010-12-10 12:04:00","3.78","13047.0","Netherlands",""
"540246","85123A","WHITE HANGING HEART T-LIGHT HOLDER","10","2010-12-10 12:04:00","2.53","13047.0","Netherlands","BULK5"
"540246","85123A","WHITE HANGING HEART T-LIGHT HOLDER","2","2010-12-10 12:04:00","2.96","13047.0","Netherlands",""
"540247","20685","DOORMAT RED RETROSPOT","12","2011-01-29 13:00:00","7.07","15291.0","France",""
"540247","22633","HAND WARMER UNION JACK","2","2011-01-29 13:00:00","1.97","15291.0","France",""
"540248","22633","HAND WARMER UNION JACK","1","2010-12-25 16:52:00","2.1","14096.0","EIRE",""
"540248","85123A","WHITE HANGING HEART T-LIGHT HOLDER","5","2010-12-25 16:52:00","2.66","14096.0","EIRE",""
"540248","84029G","KNITTED UNION FLAG HOT WATER BOTTLE","10","2010-12-25 16:52:00","3.86","14096.0","EIRE",""
"540248","22633","HAND WARMER UNION JACK","3","2010-12-25 16:52:00","2.24","14096.0","EIRE",""
"540249","47566","PARTY BUNTING","3","2011-01-21 14:34:00","4.96","15311.0","Netherlands",""
"540249","47566","PARTY BUNTING","11","2011-01-21 14:34:00","5.15","15311.0","Netherlands",""
"540249","84029G","KNITTED UNION FLAG HOT WATER BOTTLE","3","2011-01-21 14:34:00","3.79","15311.0","Netherlands",""
"540249","22633","HAND WARMER UNION JACK","1","2011-01-21 14:34:00","1.88","15311.0","Netherlands",""
"540250","22752","SET 7 BABUSHKA NESTING BOXES","3","2011-01-03 09:13:00","8.04","15291.0","Netherlands","NEWCUST"
"540250","22752","SET 7 BABUSHKA NESTING BOXES","10","2011-01-03 09:13:00","7.57","15291.0","Netherlands",""
"540250","21730","GLASS STAR FROSTED T-LIGHT HOLDER","6","2011-01-03 09:13:00","4.51","15291.0","Netherlands",""
"540250","22752","SET 7 BABUSHKA NESTING BOXES","10","2011-01-03 09:13:00","7.58","15291.0","Netherlands",""
"540251","85099B","JUMBO BAG RED RETROSPOT","10","2011-01-15 16:18:00","2.03","16029.0","EIRE","SUMMER10"
"540251","84029E","RED WOOLLY HOTTIE WHITE HEART","8","2011-01-15 16:18:00","3.84","16029.0","EIRE","NEWCUST"
"540251","84029G","KNITTED UNION FLAG HOT WATER BOTTLE","12","2011-01-15 16:18:00","3.46","16029.0","EIRE",""
"540252","84029E","RED WOOLLY HOTTIE WHITE HEART","6","2011-01-07 09:51:00","3.85","13047.0","Spain",""
"540252","47566","PARTY BUNTING","3","2011-01-07 09:51:00","5.22","13047.0","Spain","SUMMER10"
"540253","22632","HAND WARMER RED POLKA DOT","7","2011-01-20 16:02:00","2.21","14096.0","United Kingdom","BULK5"
"540253","21730","GLASS STAR FROSTED T-LIGHT HOLDER","7","2011-01-20 16:02:00","4.24","14096.0","United Kingdom","NEWCUST"
"540254","71053","WHITE METAL LANTERN","12","2010-12-15 08:29:00","3.53","13047.0","EIRE",""
"540255","22752","SET 7 BABUSHKA NESTING BOXES","7","2010-12-26 08:57:00","7.9","17809.0","Germany",""
"540255","84029G","KNITTED UNION FLAG HOT WATER BOTTLE","6","2010-12-26 08:57:00","3.69","17809.0","Germany",""
"540256","85099B","JUMBO BAG RED RETROSPOT","8","2010-12-20 16:39:00","2.07","13047.0","United Kingdom",""
"540257","22633","HAND WARMER UNION JACK","6","2011-01-07 12:52:00","2.23","13047.0","Germany","BULK5"
"540257","20685","DOORMAT RED RETROSPOT","4","2011-01-07 12:52:00","7.29","13047.0","Germany",""
"540257","47566","PARTY BUNTING","4","2011-01-07 12:52:00","5.34","13047.0","Germany","BULK5"
"540258","85123A","WHITE HANGING HEART T-LIGHT HOLDER","8","2011-01-09 09:46:00","2.51","14096.0","Netherlands",""
"540258","84406B","CREAM CUPID HEARTS COAT HANGER","11","2011-01-09 09:46:00","2.9","14096.0","Netherlands",""
"540259","84406B","CREAM CUPID HEARTS COAT HANGER","2","2010-12-11 09:08:00","2.68","16029.0","France",""
"540259","84029E","RED WOOLLY HOTTIE WHITE HEART","4","2010-12-11 09:08:00","3.57","16029.0","France",""
"540259","21730","GLASS STAR FROSTED T-LIGHT HOLDER","3","2010-12-11 09:08:00","4.41","16029.0","France",""
"540259","21730","GLASS STAR FROSTED T-LIGHT HOLDER","5","2010-12-11 09:08:00","4.68","16029.0","France",""
"540260","22632","HAND WARMER RED POLKA DOT","11","2010-12-29 11:20:00","2.0","15291.0","Australia",""
"540260","20685","DOORMAT RED RETROSPOT","9","2010-12-29 11:20:00","7.54","15291.0","Australia","BULK5"
"540261","21730","GLASS STAR FROSTED T-LIGHT HOLDER","3","2011-01-22 08:59:00","4.42","15311.0","Belgium",""
"540261","85099B","JUMBO BAG RED RETROSPOT","9","2011-01-22 08:59:00","1.91","15311.0","Belgium",""
"540262","22752","SET 7 BABUSHKA NESTING BOXES","7","2011-01-08 16:55:00","7.63","12583.0","Germany","SUMMER10"
"540262","20685","DOORMAT RED RETROSPOT","2","2011-01-08 16:55:00","7.21","12583.0","Germany",""
"540263","47566","PARTY BUNTING","7","2010-12-09 14:31:00","5.32","12583.0","United Kingdom","NEWCUST"
"540263","47566","PARTY BUNTING","10","2010-12-09 14:31:00","5.32","12583.0","United Kingdom",""
"540263","47566","PARTY BUNTING","2","2010-12-09 14:31:00","5.32","12583.0","United Kingdom","NEWCUST"
"540264","71053","WHITE METAL LANTERN","2","2010-12-19 16:31:00","3.4","16029.0","Belgium",""
"540264","22633","HAND WARMER UNION JACK","4","2010-12-19 16:31:00","2.14","16029.0","Belgium",""
"540264","84406B","CREAM CUPID HEARTS COAT HANGER","8","2010-12-19 16:31:00","2.94","16029.0","Belgium","BULK5"
"540265","85099B","JUMBO BAG RED RETROSPOT","11","2010-12-22 11:36:00","1.8","14096.0","Australia","SUMMER10"
"540265","22632","HAND WARMER RED POLKA DOT","4","2010-12-22 11:36:00","1.95","14096.0","Australia",""
"540265","84406B","CREAM CUPID HEARTS COAT HANGER","12","2010-12-22 11:36:00","2.81","14096.0","Australia","SUMMER10"
"540266","21730","GLASS STAR FROSTED T-LIGHT HOLDER","7","2010-12-06 10:52:00","4.46","14096.0","Germany",""
"540266","84406B","CREAM CUPID HEARTS COAT HANGER","4","2010-12-06 10:52:00","3.02","14096.0","Germany",""
"540266","22752","SET 7 BABUSHKA NESTING BOXES","8","2010-12-06 10:52:00","7.79","14096.0","Germany",""
"540266","47566","PARTY BUNTING","3","2010-12-06 10:52:00","5.23","14096.0","Germany","NEWCUST"
"540267","47566","PARTY BUNTING","4","2011-01-25 14:28:00","5.37","17850.0","France",""
"540267","22633","HAND WARMER UNION JACK","4","2011-01-25 14:28:00","1.97","17850.0","France",""
"540268","20685","DOORMAT RED RETROSPOT","7","2010-12-15 16:42:00","7.44","17809.0","United Kingdom",""
"540268","22752","SET 7 BABUSHKA NESTING BOXES","2","2010-12-15 16:42:00","8.07","17809.0","United Kingdom",""
"540268","71053","WHITE METAL LANTERN","2","2010-12-15 16:42:00","3.55","17809.0","United Kingdom",""
"540269","84029G","KNITTED UNION FLAG HOT WATER BOTTLE","11","2011-01-20 12:07:00","3.29","16029.0","Spain","BULK5"
"540269","84029E","RED WOOLLY HOTTIE WHITE HEART","10","2011-01-20 12:07:00","3.84","16029.0","Spain",""
"540269","20685","DOORMAT RED RETROSPOT","3","2011-01-20 12:07:00","7.51","16029.0","Spain",""
"540270","85099B","JUMBO BAG RED RETROSPOT","9","2011-01-11 16:45:00","1.63","12583.0","Germany",""
"540270","22752","SET 7 BABUSHKA NESTING BOXES","4","2011-01-11 16:45:00","7.65","12583.0","Germany","NEWCUST"
"540270","21730","GLASS STAR FROSTED T-LIGHT HOLDER","12","2011-01-11 16:45:00","4.25","12583.0","Germany",""
"540270","71053","WHITE METAL LANTERN","3","2011-01-11 16:45:00","3.31","12583.0","Germany",""
"540271","21730","GLASS STAR FROSTED T-LIGHT HOLDER","11","2010-12-26 12:29:00","4.72","13777.0","United Kingdom","BULK5"
"540271","85099B","JUMBO BAG RED RETROSPOT","3","2010-12-26 12:29:00","1.73","13777.0","United Kingdom",""
"540271","22632","HAND WARMER RED POLKA DOT","5","2010-12-26 12:29:00","1.99","13777.0","United Kingdom","BULK5"
"540271","85123A","WHITE HANGING HEART T-LIGHT HOLDER","9","2010-12-26 12:29:00","2.63","13777.0","United Kingdom","BULK5"
"540272","84406B","CREAM CUPID HEARTS COAT HANGER","11","2010-12-10 09:17:00","2.76","15311.0","Germany",""
"540273","84406B","CREAM CUPID HEARTS COAT HANGER","12","2011-01-20 13:00:00","3.24","13777.0","EIRE",""
"540273","47566","PARTY BUNTING","1","2011-01-20 13:00:00","4.99","13777.0","EIRE",""
"540273","84029E","RED WOOLLY HOTTIE WHITE HEART","2","2011-01-20 13:00:00","3.84","13777.0","EIRE","BULK5"
"540274","22633","HAND WARMER UNION JACK","9","2010-12-17 13:30:00","1.88","12583.0","France",""
"540274","47566","PARTY BUNTING","4","2010-12-17 13:30:00","5.14","12583.0","France",""
"540275","22632","HAND WARMER RED POLKA DOT","9","2011-01-17 10:37:00","2.33","15291.0","EIRE","BULK5"
"540275","84029E","RED WOOLLY HOTTIE WHITE HEART","11","2011-01-17 10:37:00","3.63","15291.0","EIRE",""
"540275","22633","HAND WARMER UNION JACK","12","2011-01-17 10:37:00","1.86","15291.0","EIRE","SUMMER10"
"540275","71053","WHITE METAL LANTERN","4","2011-01-17 10:37:00","3.86","15291.0","EIRE","SUMMER10"
"540276","22752","SET 7 BABUSHKA NESTING BOXES","1","2010-12-10 14:37:00","7.56","14606.0","Netherlands","SUMMER10"
"540277","22633","HAND WARMER UNION JACK","6","2011-01-04 15:14:00","2.01","14096.0","Spain","SUMMER10"
"540277","21730","GLASS STAR FROSTED T-LIGHT HOLDER","9","2011-01-04 15:14:00","4.6","14096.0","Spain",""
"540277","20685","DOORMAT RED RETROSPOT","4","2011-01-04 15:14:00","7.41","14096.0","Spain",""
"540277","85099B","JUMBO BAG RED RETROSPOT","6","2011-01-04 15:14:00","1.7","14096.0","Spain",""
"540278","22752","SET 7 BABUSHKA NESTING BOXES","11","2011-01-15 12:03:00","7.96","13047.0","United Kingdom",""
"540278","84029E","RED WOOLLY HOTTIE WHITE HEART","4","2011-01-15 12:03:00","3.38","13047.0","United Kingdom","BULK5"
"540278","22752","SET 7 BABUSHKA NESTING BOXES","1","2011-01-15 12:03:00","8.08","13047.0","United Kingdom",""
"540279","84029G","KNITTED UNION FLAG HOT WATER BOTTLE","7","2010-12-26 08:53:00","3.62","15311.0","Belgium","SUMMER10"
"540279","22633","HAND WARMER UNION JACK","8","2010-12-26 08:53:00","2.25","15311.0","Belgium",""
"540280","22633","HAND WARMER UNION JACK","2","2011-01-18 11:11:00","2.06","17850.0","EIRE",""
"540280","84029G","KNITTED UNION FLAG HOT WATER BOTTLE","9","2011-01-18 11:11:00","3.72","17850.0","EIRE","BULK5"
"540280","22633","HAND WARMER UNION JACK","6","2011-01-18 11:11:00","2.17","17850.0","EIRE","NEWCUST"
"540280","22633","HAND WARMER UNION JACK","11","2011-01-18 11:11:00","1.77","17850.0","EIRE",""
"540281","22633","HAND WARMER UNION JACK","7","2010-12-19 10:39:00","1.75","14606.0","United Kingdom","BULK5"
"540281","84029E","RED WOOLLY HOTTIE WHITE HEART","7","2010-12-19 10:39:00","3.35","14606.0","United Kingdom","SUMMER10"
"540281","22633","HAND WARMER UNION JACK","4","2010-12-19 10:39:00","2.08","14606.0","United Kingdom","BULK5"
"540281","20685","DOORMAT RED RETROSPOT","12","2010-12-19 10:39:00","7.19","14606.0","United Kingdom",""
"540282","85099B","JUMBO BAG RED RETROSPOT","10","2010-12-23 13:54:00","2.09","13047.0","EIRE","BULK5"
"540282","85123A","WHITE HANGING HEART T-LIGHT HOLDER","5","2010-12-23 13:54:00","2.5","13047.0","EIRE",""
"540282","21730","GLASS STAR FROSTED T-LIGHT HOLDER","2","2010-12-23 13:54:00","4.62","13047.0","EIRE",""
"540282","22633","HAND WARMER UNION JACK","11","2010-12-23 13:54:00","2.32","13047.0","EIRE",""
"540283","85099B","JUMBO BAG RED RETROSPOT","6","2011-01-02 08:39:00","1.58","12583.0","Australia",""
"540283","22632","HAND WARMER RED POLKA DOT","4","2011-01-02 08:39:00","2.02","12583.0","Australia","SUMMER10"
"540283","85099B","JUMBO BAG RED RETROSPOT","3","2011-01-02 08:39:00","1.91","12583.0","Australia","NEWCUST"
"540283","21730","GLASS STAR FROSTED T-LIGHT HOLDER","4","2011-01-02 08:39:00","4.22","12583.0","Australia","NEWCUST"
"540284","22752","SET 7 BABUSHKA NESTING BOXES","12","2010-12-15 12:09:00","8.15","14606.0","Germany",""
"540284","85099B","JUMBO BAG RED RETROSPOT","6","2010-12-15 12:09:00","2.05","14606.0","Germany","BULK5"
"540284","22632","HAND WARMER RED POLKA DOT","11","2010-12-15 12:09:00","2.18","14606.0","Germany",""
"540284","85099B","JUMBO BAG RED RETROSPOT","5","2010-12-15 12:09:00","1.72","14606.0","Germany","BULK5"
"540285","21730","GLASS STAR FROSTED T-LIGHT HOLDER","11","2010-12-17 14:10:00","4.61","17809.0","Spain",""
"540285","22752","SET 7 BABUSHKA NESTING BOXES","8","2010-12-17 14:10:00","7.74","17809.0","Spain","SUMMER10"
"540286","85123A","WHITE HANGING HEART T-LIGHT HOLDER","4","2010-12-03 12:18:00","2.48","12583.0","Australia",""
"540287","84406B","CREAM CUPID HEARTS COAT HANGER","2","2011-01-08 12:57:00","2.84","17809.0","Netherlands","SUMMER10"
"540288","84406B","CREAM CUPID HEARTS COAT HANGER","1","2010-12-17 11:12:00","3.23","16029.0","Australia","SUMMER10"
"540288","85099B","JUMBO BAG RED RETROSPOT","1","2010-12-17 11:12:00","2.02","16029.0","Australia","NEWCUST"
"540288","21730","GLASS STAR FROSTED T-LIGHT HOLDER","11","2010-12-17 11:12:00","4.35","16029.0","Australia",""
"540288","84029G","KNITTED UNION FLAG HOT WATER BOTTLE","3","2010-12-17 11:12:00","3.33","16029.0","Australia","BULK5"
"540289","84029E","RED WOOLLY HOTTIE WHITE HEART","12","2010-12-19 10:19:00","3.33","17850.0","EIRE",""
"540289","71053","WHITE METAL LANTERN","8","2010-12-19 10:19:00","3.36","17850.0","EIRE",""
"540290","47566","PARTY BUNTING","3","2011-01-11 11:39:00","5.28","15311.0","EIRE",""
"540290","84029G","KNITTED UNION FLAG HOT WATER BOTTLE","6","2011-01-11 11:39:00","3.85","15311.0","EIRE",""
"540291","85123A","WHITE HANGING HEART T-LIGHT HOLDER","4","2011-01-22 10:53:00","2.7","13047.0","Belgium",""
"540292","84406B","CREAM CUPID HEARTS COAT HANGER","9","2011-01-28 15:22:00","3.02","17850.0","Germany","NEWCUST"
"540292","85099B","JUMBO BAG RED RETROSPOT","2","2011-01-28 15:22:00","1.94","17850.0","Germany",""
"540292","84406B","CREAM CUPID HEARTS COAT HANGER","7","2011-01-28 15:22:00","2.72","17850.0","Germany","SUMMER10"
"540293","84029G","KNITTED UNION FLAG HOT WATER BOTTLE","4","2010-12-09 10:45:00","3.72","15311.0","Germany",""
"540293","22632","HAND WARMER RED POLKA DOT","9","2010-12-09 10:45:00","2.06","15311.0","Germany","SUMMER10"
"540293","85099B","JUMBO BAG RED RETROSPOT","2","2010-12-09 10:45:00","1.79","15311.0","Germany","BULK5"
"540293","22633","HAND WARMER UNION JACK","2","2010-12-09 10:45:00","1.97","15311.0","Germany","NEWCUST"
"540294","21730","GLASS STAR FROSTED T-LIGHT HOLDER","1","2011-01-10 13:07:00","4.28","14096.0","Australia","SUMMER10"
"540294","85123A","WHITE HANGING HEART T-LIGHT HOLDER","9","2011-01-10 13:07:00","2.9","14096.0","Australia",""
"540295","22752","SET 7 BABUSHKA NESTING BOXES","7","2010-12-20 14:08:00","7.75","14606.0","Australia","BULK5"
"540295","20685","DOORMAT RED RETROSPOT","1","2010-12-20 14:08:00","7.11","14606.0","Australia",""
"540295","84029G","KNITTED UNION FLAG HOT WATER BOTTLE","11","2010-12-20 14:08:00","3.87","14606.0","Australia",""
"540295","85123A","WHITE HANGING HEART T-LIGHT HOLDER","10","2010-12-20 14:08:00","2.71","14606.0","Australia",""
"540296","22632","HAND WARMER RED POLKA DOT","9","2010-12-06 15:53:00","2.2","14606.0","Spain","NEWCUST"
"540296","85123A","WHITE HANGING HEART T-LIGHT HOLDER","1","2010-12-06 15:53:00","2.95","14606.0","Spain","SUMMER10"
"540297","84029E","RED WOOLLY HOTTIE WHITE HEART","10","2011-01-24 15:06:00","3.34","17850.0","Germany","NEWCUST"
"540297","22632","HAND WARMER RED POLKA DOT","3","2011-01-24 15:06:00","2.18","17850.0","Germany",""
"540298","71053","WHITE METAL LANTERN","12","2010-12-10 08:57:00","3.63","14606.0","United Kingdom","SUMMER10"
"540298","21730","GLASS STAR FROSTED T-LIGHT HOLDER","10","2010-12-10 08:57:00","4.34","14606.0","United Kingdom",""
"540298","22633","HAND WARMER UNION JACK","4","2010-12-10 08:57:00","2.11","14606.0","United Kingdom","SUMMER10"
"540298","21730","GLASS STAR FROSTED T-LIGHT HOLDER","2","2010-12-10 08:57:00","4.41","14606.0","United Kingdom",""
"540299","22633","HAND WARMER UNION JACK","8","2010-12-15 09:20:00","2.15","14606.0","Australia","BULK5"
"540300","84406B","CREAM CUPID HEARTS COAT HANGER","10","2011-01-18 09:12:00","2.69","12583.0","Netherlands",""
"540300","21730","GLASS STAR FROSTED T-LIGHT HOLDER","7","2011-01-18 09:12:00","4.52","12583.0","Netherlands",""
"540301","85099B","JUMBO BAG RED RETROSPOT","8","2010-12-16 15:30:00","1.76","16029.0","Netherlands","BULK5"
"540301","85123A","WHITE HANGING HEART T-LIGHT HOLDER","6","2010-12-16 15:30:00","2.8","16029.0","Netherlands",""
"540301","84406B","CREAM CUPID HEARTS COAT HANGER","2","2010-12-16 15:30:00","3.24","16029.0","Netherlands",""
"540301","85123A","WHITE HANGING HEART T-LIGHT HOLDER","5","2010-12-16 15:30:00","2.74","16029.0","Netherlands",""
"540302","20685","DOORMAT RED RETROSPOT","4","2011-01-27 10:26:00","7.13","13777.0","Belgium","BULK5"
"540303","22752","SET 7 BABUSHKA NESTING BOXES","9","2010-12-09 09:02:00","8.14","13777.0","France",""
"540303","84029G","KNITTED UNION FLAG HOT WATER BOTTLE","1","2010-12-09 09:02:00","3.59","13777.0","France",""
"540303","20685","DOORMAT RED RETROSPOT","1","2010-12-09 09:02:00","7.04","13777.0","France",""
"540304","22752","SET 7 BABUSHKA NESTING BOXES","4","2010-12-06 13:44:00","7.86","17850.0","Netherlands",""
"540304","84029G","KNITTED UNION FLAG HOT WATER BOTTLE","2","2010-12-06 13:44:00","3.82","17850.0","Netherlands",""
"540304","84029G","KNITTED UNION FLAG HOT WATER BOTTLE","5","2010-12-06 13:44:00","3.6","17850.0","Netherlands","NEWCUST"
"540305","84029G","KNITTED UNION FLAG HOT WATER BOTTLE","5","2011-01-16 14:43:00","3.71","14096.0","Australia",""
"540305","84406B","CREAM CUPID HEARTS COAT HANGER","2","2011-01-16 14:43:00","3.01","14096.0","Australia",""
"540305","22632","HAND WARMER RED POLKA DOT","8","2011-01-16 14:43:00","2.17","14096.0","Australia","BULK5"
"540306","22633","HAND WARMER UNION JACK","3","2011-01-22 14:32:00","1.99","15291.0","United Kingdom","SUMMER10"
"540307","21730","GLASS STAR FROSTED T-LIGHT HOLDER","11","2010-12-30 12:13:00","4.25","16029.0","Germany",""
"540307","71053","WHITE METAL LANTERN","3","2010-12-30 12:13:00","3.33","16029.0","Germany",""
"540307","71053","WHITE METAL LANTERN","5","2010-12-30 12:13:00","3.51","16029.0","Germany","NEWCUST"
"540308","22632","HAND WARMER RED POLKA DOT","6","2010-12-12 15:37:00","2.1","12583.0","EIRE","SUMMER10"
"540309","22752","SET 7 BABUSHKA NESTING BOXES","11","2010-12-11 09:45:00","7.8","13047.0","Belgium",""
"540309","71053","WHITE METAL LANTERN","1","2010-12-11 09:45:00","3.67","13047.0","Belgium",""
"540309","71053","WHITE METAL LANTERN","11","2010-12-11 09:45:00","3.34","13047.0","Belgium",""
"540309","22633","HAND WARMER UNION JACK","7","2010-12-11 09:45:00","2.14","13047.0","Belgium","NEWCUST"
"540310","21730","GLASS STAR FROSTED T-LIGHT HOLDER","2","2010-12-08 09:36:00","4.33","13777.0","Belgium","NEWCUST"
"540310","85123A","WHITE HANGING HEART T-LIGHT HOLDER","5","2010-12-08 09:36:00","2.64","13777.0","Belgium",""
"540310","22632","HAND WARMER RED POLKA DOT","2","2010-12-08 09:36:00","1.95","13777.0","Belgium","NEWCUST"
"540311","84406B","CREAM CUPID HEARTS COAT HANGER","9","2010-12-30 09:21:00","3.09","14096.0","EIRE","NEWCUST"
"540311","84406B","CREAM CUPID HEARTS COAT HANGER","7","2010-12-30 09:21:00","2.82","14096.0","EIRE","BULK5"
"540311","21730","GLASS STAR FROSTED T-LIGHT HOLDER","10","2010-12-30 09:21:00","4.24","14096.0","EIRE",""
"540312","71053","WHITE METAL LANTERN","8","2010-12-03 09:16:00","3.53","17850.0","Spain",""
"540312","21730","GLASS STAR FROSTED T-LIGHT HOLDER","12","2010-12-03 09:16:00","4.74","17850.0","Spain","BULK5"
"540312","85123A","WHITE HANGING HEART T-LIGHT HOLDER","2","2010-12-03 09:16:00","2.8","17850.0","Spain","SUMMER10"
"540312","47566","PARTY BUNTING","1","2010-12-03 09:16:00","5.21","17850.0","Spain",""
"540313","84406B","CREAM CUPID HEARTS COAT HANGER","10","2010-12-25 13:37:00","3.13","13777.0","Belgium",""
"540313","22633","HAND WARMER UNION JACK","2","2010-12-25 13:37:00","1.91","13777.0","Belgium","NEWCUST"
"540313","47566","PARTY BUNTING","12","2010-12-25 13:37:00","5.09","13777.0","Belgium",""
"540314","84029E","RED WOOLLY HOTTIE WHITE HEART","10","2010-12-20 13:31:00","3.45","15291.0","Belgium","SUMMER10"
"540314","84406B","CREAM CUPID HEARTS COAT HANGER","12","2010-12-20 13:31:00","2.86","15291.0","Belgium","NEWCUST"
"540314","22633","HAND WARMER UNION JACK","4","2010-12-20 13:31:00","1.76","15291.0","Belgium",""
"540314","85099B","JUMBO BAG RED RETROSPOT","2","2010-12-20 13:31:00","1.85","15291.0","Belgium","NEWCUST"
"540315","84029G","KNITTED UNION FLAG HOT WATER BOTTLE","1","2011-01-10 14:15:00","3.65","17809.0","EIRE","NEWCUST"
"540315","85099B","JUMBO BAG RED RETROSPOT","1","2011-01-10 14:15:00","1.56","17809.0","EIRE",""
"540315","21730","GLASS STAR FROSTED T-LIGHT HOLDER","12","2011-01-10 14:15:00","4.6","17809.0","EIRE","SUMMER10"
"540316","85099B","JUMBO BAG RED RETROSPOT","6","2011-01-24 08:20:00","1.89","16029.0","United Kingdom",""
"540317","22752","SET 7 BABUSHKA NESTING BOXES","4","2011-01-21 13:51:00","7.87","15311.0","Belgium","NEWCUST"
"540317","84406B","CREAM CUPID HEARTS COAT HANGER","2","2011-01-21 13:51:00","2.82","15311.0","Belgium",""
"540317","85123A","WHITE HANGING HEART T-LIGHT HOLDER","1","2011-01-21 13:51:00","2.99","15311.0","Belgium",""
"540318","85123A","WHITE HANGING HEART T-LIGHT HOLDER","4","2011-01-07 08:01:00","2.7","15311.0","Belgium","NEWCUST"
"540318","21730","GLASS STAR FROSTED T-LIGHT HOLDER","5","2011-01-07 08:01:00","4.43","15311.0","Belgium",""
"540319","85099B","JUMBO BAG RED RETROSPOT","10","2011-01-26 10:31:00","1.97","12583.0","Germany",""
"540319","22752","SET 7 BABUSHKA NESTING BOXES","12","2011-01-26 10:31:00","7.67","12583.0","Germany","SUMMER10"
"540320","22752","SET 7 BABUSHKA NESTING BOXES","12","2010-12-04 11:17:00","7.83","17850.0","Australia",""
"540320","21730","GLASS STAR FROSTED T-LIGHT HOLDER","6","2010-12-04 11:17:00","4.25","17850.0","Australia","BULK5"
"540320","84406B","CREAM CUPID HEARTS COAT HANGER","1","2010-12-04 11:17:00","2.97","17850.0","Australia","SUMMER10"
"540320","84406B","CREAM CUPID HEARTS COAT HANGER","11","2010-12-04 11:17:00","2.86","17850.0","Australia","SUMMER10"
"540321","22633","HAND WARMER UNION JACK","7","2010-12-16 14:23:00","1.8","15311.0","EIRE",""
"540321","85123A","WHITE HANGING HEART T-LIGHT HOLDER","11","2010-12-16 14:23:00","2.9","15311.0","EIRE",""
"540322","84029G","KNITTED UNION FLAG HOT WATER BOTTLE","10","2011-01-11 09:48:00","3.71","17809.0","Germany","BULK5"
"540322","84029E","RED WOOLLY HOTTIE WHITE HEART","2","2011-01-11 09:48:00","3.6","17809.0","Germany",""
"540322","21730","GLASS STAR FROSTED T-LIGHT HOLDER","12","2011-01-11 09:48:00","4.69","17809.0","Germany",""
"540322","84406B","CREAM CUPID HEARTS COAT HANGER","5","2011-01-11 09:48:00","2.85","17809.0","Germany",""
"540323","21730","GLASS STAR FROSTED T-LIGHT HOLDER","11","2011-01-20 12:04:00","4.34","14096.0","Netherlands",""
"540324","22632","HAND WARMER RED POLKA DOT","4","2010-12-15 15:16:00","1.86","14606.0","Germany","NEWCUST"
"540324","22752","SET 7 BABUSHKA NESTING BOXES","5","2010-12-15 15:16:00","8.03","14606.0","Germany","BULK5"
"540324","22632","HAND WARMER RED POLKA DOT","11","2010-12-15 15:16:00","1.75","14606.0","Germany",""
"540324","47566","PARTY BUNTING","5","2010-12-15 15:16:00","5.1","14606.0","Germany",""
"540325","20685","DOORMAT RED RETROSPOT","8","2010-12-01 13:50:00","7.03","14606.0","United Kingdom",""
"540325","22632","HAND WARMER RED POLKA DOT","7","2010-12-01 13:50:00","1.99","14606.0","United Kingdom",""
"540325","84406B","CREAM CUPID HEARTS COAT HANGER","11","2010-12-01 13:50:00","2.91","14606.0","United Kingdom",""
"540325","47566","PARTY BUNTING","6","2010-12-01 13:50:00","4.9","14606.0","United Kingdom","NEWCUST"
"540326","84029G","KNITTED UNION FLAG HOT WATER BOTTLE","7","2011-01-13 08:11:00","3.55","12583.0","Netherlands",""
"540326","71053","WHITE METAL LANTERN","11","2011-01-13 08:11:00","3.4","12583.0","Netherlands",""
"540327","84406B","CREAM CUPID HEARTS COAT HANGER","7","2011-01-23 16:34:00","2.81","16029.0","Belgium","NEWCUST"
"540327","85099B","JUMBO BAG RED RETROSPOT","1","2011-01-23 16:34:00","1.93","16029.0","Belgium","BULK5"
"540327","22633","HAND WARMER UNION JACK","3","2011-01-23 16:34:00","1.81","16029.0","Belgium",""
"540327","85099B","JUMBO BAG RED RETROSPOT","12","2011-01-23 16:34:00","2.02","16029.0","Belgium","BULK5"
"540328","84406B","CREAM CUPID HEARTS COAT HANGER","3","2010-12-25 12:29:00","2.79","15311.0","EIRE","BULK5"
"540328","84029G","KNITTED UNION FLAG HOT WATER BOTTLE","12","2010-12-25 12:29:00","3.73","15311.0","EIRE","BULK5"
"540328","85099B","JUMBO BAG RED RETROSPOT","11","2010-12-25 12:29:00","1.87","15311.0","EIRE",""
"540328","84406B","CREAM CUPID HEARTS COAT HANGER","9","2010-12-25 12:29:00","3.05","15311.0","EIRE","BULK5"
"540329","85123A","WHITE HANGING HEART T-LIGHT HOLDER","4","2011-01-04 15:25:00","2.53","15311.0","Netherlands",""
"540329","47566","PARTY BUNTING","10","2011-01-04 15:25:00","4.91","15311.0","Netherlands",""
"540329","22632","HAND WARMER RED POLKA DOT","10","2011-01-04 15:25:00","1.78","15311.0","Netherlands",""
"540330","22632","HAND WARMER RED POLKA DOT","10","2011-01-17 13:11:00","1.98","15311.0","France",""
"540330","47566","PARTY BUNTING","10","2011-01-17 13:11:00","5.4","15311.0","France","NEWCUST"
"540330","22752","SET 7 BABUSHKA NESTING BOXES","9","2011-01-17 13:11:00","8.12","15311.0","France","SUMMER10"
"540331","20685","DOORMAT RED RETROSPOT","7","2011-01-22 11:14:00","7.49","14606.0","France",""
"540331","71053","WHITE METAL LANTERN","7","2011-01-22 11:14:00","3.71","14606.0","France","BULK5"
"540332","71053","WHITE METAL LANTERN","8","2011-01-01 11:15:00","3.85","12583.0","EIRE","NEWCUST"
"540333","85123A","WHITE HANGING HEART T-LIGHT HOLDER","5","2011-01-20 10:25:00","2.84","15291.0","Germany",""
"540333","47566","PARTY BUNTING","12","2011-01-20 10:25:00","4.91","15291.0","Germany",""
"540333","84029G","KNITTED UNION FLAG HOT WATER BOTTLE","2","2011-01-20 10:25:00","3.44","15291.0","Germany","BULK5"
"540334","22633","HAND WARMER UNION JACK","10","2011-01-08 15:26:00","1.82","17809.0","Netherlands",""
"540334","84406B","CREAM CUPID HEARTS COAT HANGER","1","2011-01-08 15:26:00","2.8","17809.0","Netherlands",""
"540334","84029E","RED WOOLLY HOTTIE WHITE HEART","7","2011-01-08 15:26:00","3.79","17809.0","Netherlands","SUMMER10"
"540334","85123A","WHITE HANGING HEART T-LIGHT HOLDER","10","2011-01-08 15:26:00","2.88","17809.0","Netherlands",""
"540335","84029E","RED WOOLLY HOTTIE WHITE HEART","5","2011-01-13 13:26:00","3.63","15311.0","Australia","NEWCUST"
"540335","22632","HAND WARMER RED POLKA DOT","8","2011-01-13 13:26:00","2.16","15311.0","Australia",""
"540335","47566","PARTY BUNTING","10","2011-01-13 13:26:00","5.22","15311.0","Australia",""
"540335","85099B","JUMBO BAG RED RETROSPOT","9","2011-01-13 13:26:00","1.8","15311.0","Australia","BULK5"
"540336","85099B","JUMBO BAG RED RETROSPOT","6","2011-01-15 12:57:00","1.94","14096.0","United Kingdom",""
"540336","21730","GLASS STAR FROSTED T-LIGHT HOLDER","7","2011-01-15 12:57:00","4.68","14096.0","United Kingdom",""
"540336","47566","PARTY BUNTING","7","2011-01-15 12:57:00","5.41","14096.0","United Kingdom",""
"540336","84029E","RED WOOLLY HOTTIE WHITE HEART","8","2011-01-15 12:57:00","3.87","14096.0","United Kingdom",""
"540337","85123A","WHITE HANGING HEART T-LIGHT HOLDER","12","2010-12-27 14:46:00","2.88","17809.0","Germany",""
"540337","22633","HAND WARMER UNION JACK","12","2010-12-27 14:46:00","2.24","17809.0","Germany",""
"540337","22752","SET 7 BABUSHKA NESTING BOXES","11","2010-12-27 14:46:00","8.1","17809.0","Germany",""
"540338","20685","DOORMAT RED RETROSPOT","6","2011-01-13 08:44:00","7.45","17809.0","EIRE",""
"540338","21730","GLASS STAR FROSTED T-LIGHT HOLDER","11","2011-01-13 08:44:00","4.31","17809.0","EIRE","SUMMER10"
"540339","22632","HAND WARMER RED POLKA DOT","7","2011-01-19 15:42:00","2.33","15311.0","Australia","NEWCUST"
"540340","22633","HAND WARMER UNION JACK","10","2010-12-03 13:55:00","2.01","17850.0","Germany",""
"540340","22632","HAND WARMER RED POLKA DOT","4","2010-12-03 13:55:00","2.26","17850.0","Germany","NEWCUST"
"540340","84029E","RED WOOLLY HOTTIE WHITE HEART","2","2010-12-03 13:55:00","3.36","17850.0","Germany",""
"540340","84029G","KNITTED UNION FLAG HOT WATER BOTTLE","4","2010-12-03 13:55:00","3.57","17850.0","Germany",""
"540341","84406B","CREAM CUPID HEARTS COAT HANGER","5","2011-01-20 15:08:00","2.76","14096.0","Germany",""
"540341","21730","GLASS STAR FROSTED T-LIGHT HOLDER","3","2011-01-20 15:08:00","4.64","14096.0","Germany","BULK5"
"540341","47566","PARTY BUNTING","8","2011-01-20 15:08:00","5.18","14096.0","Germany","SUMMER10"
"540341","85099B","JUMBO BAG RED RETROSPOT","2","2011-01-20 15:08:00","2.05","14096.0","Germany",""
"540342","84029E","RED WOOLLY HOTTIE WHITE HEART","5","2011-01-03 09:32:00","3.71","15311.0","France",""
"540343","85123A","WHITE HANGING HEART T-LIGHT HOLDER","5","2010-12-14 12:50:00","2.62","15311.0","Netherlands",""
"540343","71053","WHITE METAL LANTERN","2","2010-12-14 12:50:00","3.39","15311.0","Netherlands",""
"540343","22752","SET 7 BABUSHKA NESTING BOXES","1","2010-12-14 12:50:00","7.84","15311.0","Netherlands",""
"540343","85099B","JUMBO BAG RED RETROSPOT","7","2010-12-14 12:50:00","1.9","15311.0","Netherlands",""
"540344","85099B","JUMBO BAG RED RETROSPOT","10","2011-01-24 12:51:00","1.66","17850.0","Belgium",""
"540344","85099B","JUMBO BAG RED RETROSPOT","5","2011-01-24 12:51:00","1.78","17850.0","Belgium",""
"540344","22632","HAND WARMER RED POLKA DOT","12","2011-01-24 12:51:00","2.08","17850.0","Belgium","SUMMER10"
"540344","84029E","RED WOOLLY HOTTIE WHITE HEART","2","2011-01-24 12:51:00","3.88","17850.0","Belgium",""
"540345","84029G","KNITTED UNION FLAG HOT WATER BOTTLE","12","2010-12-04 09:16:00","3.51","15291.0","Australia",""
"540345","85123A","WHITE HANGING HEART T-LIGHT HOLDER","10","2010-12-04 09:16:00","2.85","15291.0","Australia",""
"540346","85099B","JUMBO BAG RED RETROSPOT","6","2011-01-06 13:09:00","1.9","14606.0","Netherlands",""
"540346","84029E","RED WOOLLY HOTTIE WHITE HEART","12","2011-01-06 13:09:00","3.89","14606.0","Netherlands","NEWCUST"
"540346","85099B","JUMBO BAG RED RETROSPOT","3","2011-01-06 13:09:00","1.72","14606.0","Netherlands",""
"540347","22633","HAND WARMER UNION JACK","5","2011-01-19 11:58:00","2.29","12583.0","France",""
"540347","21730","GLASS STAR FROSTED T-LIGHT HOLDER","5","2011-01-19 11:58:00","4.48","12583.0","France","NEWCUST"
"540348","47566","PARTY BUNTING","5","2010-12-13 10:23:00","4.92","17850.0","Netherlands",""
"540348","85123A","WHITE HANGING HEART T-LIGHT HOLDER","6","2010-12-13 10:23:00","2.73","17850.0","Netherlands",""
"540348","47566","PARTY BUNTING","6","2010-12-13 10:23:00","5.28","17850.0","Netherlands",""
"540348","47566","PARTY BUNTING","7","2010-12-13 10:23:00","5.38","17850.0","Netherlands","SUMMER10"
"540349","71053","WHITE METAL LANTERN","12","2011-01-22 16:02:00","3.79","12583.0","Germany","NEWCUST"
"540349","71053","WHITE METAL LANTERN","2","2011-01-22 16:02:00","3.48","12583.0","Germany",""
"540350","84029E","RED WOOLLY HOTTIE WHITE HEART","7","2010-12-03 11:34:00","3.77","14096.0","EIRE",""
"540350","22752","SET 7 BABUSHKA NESTING BOXES","11","2010-12-03 11:34:00","8.06","14096.0","EIRE",""
"540350","85099B","JUMBO BAG RED RETROSPOT","2","2010-12-03 11:34:00","1.9","14096.0","EIRE","BULK5"
"540351","22752","SET 7 BABUSHKA NESTING BOXES","2","2011-01-09 12:04:00","8.14","17809.0","Belgium","SUMMER10"
"540351","84406B","CREAM CUPID HEARTS COAT HANGER","3","2011-01-09 12:04:00","3.07","17809.0","Belgium","BULK5"
"540351","84406B","CREAM CUPID HEARTS COAT HANGER","12","2011-01-09 12:04:00","2.99","17809.0","Belgium",""
"540352","22633","HAND WARMER UNION JACK","2","2010-12-04 10:10:00","2.11","17809.0","Australia",""
"540352","22752","SET 7 BABUSHKA NESTING BOXES","7","2010-12-04 10:10:00","7.94","17809.0","Australia","SUMMER10"
"540352","47566","PARTY BUNTING","4","2010-12-04 10:10:00","4.97","17809.0","Australia",""
"540353","22632","HAND WARMER RED POLKA DOT","11","2010-12-27 12:28:00","2.32","15291.0","France","BULK5"
"540353","47566","PARTY BUNTING","12","2010-12-27 12:28:00","5.24","15291.0","France",""
"540354","22752","SET 7 BABUSHKA NESTING BOXES","6","2010-12-17 08:20:00","7.71","15291.0","France","BULK5"
"540355","84406B","CREAM CUPID HEARTS COAT HANGER","8","2010-12-11 15:00:00","2.97","13777.0","France",""
"540355","84029E","RED WOOLLY HOTTIE WHITE HEART","10","2010-12-11 15:00:00","3.36","13777.0","France","NEWCUST"
"540356","84029E","RED WOOLLY HOTTIE WHITE HEART","6","2011-01-20 09:47:00","3.85","14096.0","Germany","NEWCUST"
"540356","20685","DOORMAT RED RETROSPOT","9","2011-01-20 09:47:00","7.52","14096.0","Germany",""
"540357","47566","PARTY BUNTING","10","2010-12-21 13:32:00","5.3","13047.0","Australia",""
"540357","22752","SET 7 BABUSHKA NESTING BOXES","5","2010-12-21 13:32:00","8.08","13047.0","Australia","BULK5"
"540357","21730","GLASS STAR FROSTED T-LIGHT HOLDER","5","2010-12-21 13:32:00","4.59","13047.0","Australia",""
"540358","22752","SET 7 BABUSHKA NESTING BOXES","4","2011-01-26 09:18:00","8.0","14606.0","Belgium","BULK5"
"540359","85123A","WHITE HANGING HEART T-LIGHT HOLDER","12","2010-12-25 08:10:00","3.04","15291.0","Belgium","SUMMER10"
"540359","20685","DOORMAT RED RETROSPOT","3","2010-12-25 08:10:00","7.19","15291.0","Belgium","BULK5"
"540360","84029E","RED WOOLLY HOTTIE WHITE HEART","9","2011-01-14 14:57:00","3.6","13777.0","Netherlands",""
"540360","71053","WHITE METAL LANTERN","10","2011-01-14 14:57:00","3.65","13777.0","Netherlands",""
"540360","84029E","RED WOOLLY HOTTIE WHITE HEART","2","2011-01-14 14:57:00","3.87","13777.0","Netherlands","SUMMER10"
"540361","21730","GLASS STAR FROSTED T-LIGHT HOLDER","12","2010-12-01 14:05:00","4.54","17809.0","Spain",""
"540362","47566","PARTY BUNTING","7","2011-01-30 09:57:00","4.89","12583.0","Australia",""
"540363","22632","HAND WARMER RED POLKA DOT","3","2011-01-08 12:44:00","1.84","14606.0","Spain","BULK5"
"540364","71053","WHITE METAL LANTERN","1","2010-12-17 12:46:00","3.64","17809.0","Australia","BULK5"
"540364","22752","SET 7 BABUSHKA NESTING BOXES","9","2010-12-17 12:46:00","7.77","17809.0","Australia","BULK5"
"540364","22633","HAND WARMER UNION JACK","5","2010-12-17 12:46:00","2.27","17809.0","Australia","SUMMER10"
"540364","21730","GLASS STAR FROSTED T-LIGHT HOLDER","5","2010-12-17 12:46:00","4.67","17809.0","Australia","SUMMER10"
