"InvoiceNo","StockCode","Description","Quantity","InvoiceDate","UnitPrice","CustomerID","Country","Region"
"537365","22632","HAND WARMER RED POLKA DOT","2","2017-03-06 10:45:00","2.13","12583.0","Canada","AMER"
"537365","22632","HAND WARMER RED POLKA DOT","11","2017-03-06 10:45:00","2.32","12583.0","Canada","AMER"
"537365","22752","SET 7 BABUSHKA NESTING BOXES","8","2017-03-06 10:45:00","8.09","12583.0","Canada","AMER"
"537366","84029G","KNITTED UNION FLAG HOT WATER BOTTLE","1","2017-04-24 09:02:00","3.35","15311.0","Belgium","EMEA"
"537367","84029G","KNITTED UNION FLAG HOT WATER BOTTLE","6","2017-04-24 15:00:00","3.75","16029.0","EIRE","EMEA"
"537368","20685","DOORMAT RED RETROSPOT","7","2017-04-09 13:14:00","7.14","13777.0","Netherlands","EMEA"
"537368","84406B","CREAM CUPID HEARTS COAT HANGER","2","2017-04-09 13:14:00","3.09","13777.0","Netherlands","EMEA"
"537369","22752","SET 7 BABUSHKA NESTING BOXES","7","2017-03-05 09:46:00","8.12","16029.0","Australia","APAC"
"537369","47566","PARTY BUNTING","10","2017-03-05 09:46:00","5.37","16029.0","Australia","APAC"
"537369","71053","WHITE METAL LANTERN","6","2017-03-05 09:46:00","3.85","16029.0","Australia","APAC"
"537370","21730","GLASS STAR FROSTED T-LIGHT HOLDER","10","2017-03-03 15:26:00","4.43","14606.0","USA","AMER"
"537371","84029E","RED WOOLLY HOTTIE WHITE HEART","7","2017-04-03 11:28:00","3.69","13777.0","Germany","EMEA"
"537371","84029E","RED WOOLLY HOTTIE WHITE HEART","4","2017-04-03 11:28:00","3.59","13777.0","Germany","EMEA"
"537371","20685","DOORMAT RED RETROSPOT","11","2017-04-03 11:28:00","7.46","13777.0","Germany","EMEA"
"537372","84406B","CREAM CUPID HEARTS COAT HANGER","4","2017-04-10 15:41:00","2.69","14096.0","EIRE","EMEA"
"537373","85099B","JUMBO BAG RED RETROSPOT","1","2017-03-22 12:24:00","1.8","13047.0","Canada","AMER"
"537373","85123A","WHITE HANGING HEART T-LIGHT HOLDER","2","2017-03-22 12:24:00","2.65","13047.0","Canada","AMER"
"537374","85123A","WHITE HANGING HEART T-LIGHT HOLDER","1","2017-03-29 10:11:00","2.71","12583.0","USA","AMER"
"537374","47566","PARTY BUNTING","8","2017-03-29 10:11:00","5.27","12583.0","USA","AMER"
"537374","22632","HAND WARMER RED POLKA DOT","8","2017-03-29 10:11:00","2.22","12583.0","USA","AMER"
"537375","85123A","WHITE HANGING HEART T-LIGHT HOLDER","11","2017-04-10 08:48:00","2.85","16029.0","USA","AMER"
"537375","20685","DOORMAT RED RETROSPOT","7","2017-04-10 08:48:00","7.5","16029.0","USA","AMER"
"537376","22633","HAND WARMER UNION JACK","6","2017-03-12 16:02:00","1.92","17809.0","Australia","APAC"
"537376","85123A","WHITE HANGING HEART T-LIGHT HOLDER","2","2017-03-12 16:02:00","2.87","17809.0","Australia","APAC"
"537377","22752","SET 7 BABUSHKA NESTING BOXES","8","2017-04-06 16:34:00","7.93","14096.0","Canada","AMER"
"537378","71053","WHITE METAL LANTERN","4","2017-04-13 11:17:00","3.62","15291.0","EIRE","EMEA"
"537378","84029G","KNITTED UNION FLAG HOT WATER BOTTLE","10","2017-04-13 11:17:00","3.36","15291.0","EIRE","EMEA"
"537378","85123A","WHITE HANGING HEART T-LIGHT HOLDER","6","2017-04-13 11:17:00","3.05","15291.0","EIRE","EMEA"
"537379","20685","DOORMAT RED RETROSPOT","6","2017-04-04 09:10:00","7.35","14096.0","Netherlands","EMEA"
"537379","84029E","RED WOOLLY HOTTIE WHITE HEART","1","2017-04-04 09:10:00","3.36","14096.0","Netherlands","EMEA"
"537380","22632","HAND WARMER RED POLKA DOT","11","2017-03-02 13:13:00","2.19","15291.0","Canada","AMER"
"537380","84406B","CREAM CUPID HEARTS COAT HANGER","10","2017-03-02 13:13:00","2.94","15291.0","Canada","AMER"
"537380","84029G","KNITTED UNION FLAG HOT WATER BOTTLE","7","2017-03-02 13:13:00","3.34","15291.0","Canada","AMER"
"537381","22633","HAND WARMER UNION JACK","10","2017-04-23 15:50:00","2.29","13777.0","Netherlands","EMEA"
"537381","71053","WHITE METAL LANTERN","3","2017-04-23 15:50:00","3.89","13777.0","Netherlands","EMEA"
"537381","84029E","RED WOOLLY HOTTIE WHITE HEART","2","2017-04-23 15:50:00","3.58","13777.0","Netherlands","EMEA"
"537382","84029G","KNITTED UNION FLAG HOT WATER BOTTLE","11","2017-04-20 12:13:00","3.81","15291.0","Canada","AMER"
"537382","22632","HAND WARMER RED POLKA DOT","3","2017-04-20 12:13:00","1.81","15291.0","Canada","AMER"
"537382","85123A","WHITE HANGING HEART T-LIGHT HOLDER","5","2017-04-20 12:13:00","2.87","15291.0","Canada","AMER"
"537383","20685","DOORMAT RED RETROSPOT","6","2017-04-22 10:17:00","6.99","12583.0","Canada","AMER"
"537384","85099B","JUMBO BAG RED RETROSPOT","5","2017-03-18 10:15:00","1.62","14606.0","Belgium","EMEA"
"537384","22632","HAND WARMER RED POLKA DOT","8","2017-03-18 10:15:00","2.32","14606.0","Belgium","EMEA"
"537384","84406B","CREAM CUPID HEARTS COAT HANGER","9","2017-03-18 10:15:00","2.71","14606.0","Belgium","EMEA"
"537385","84406B","CREAM CUPID HEARTS COAT HANGER","3","2017-04-10 08:55:00","2.66","17809.0","Australia","APAC"
"537385","47566","PARTY BUNTING","12","2017-04-10 08:55:00","5.29","17809.0","Australia","APAC"
"537386","21730","GLASS STAR FROSTED T-LIGHT HOLDER","3","2017-03-04 15:53:00","4.66","14096.0","Spain","EMEA"
"537387","22752","SET 7 BABUSHKA NESTING BOXES","7","2017-03-17 10:47:00","7.62","13777.0","France","EMEA"
"537388","71053","WHITE METAL LANTERN","2","2017-04-07 11:13:00","3.44","15311.0","Netherlands","EMEA"
"537388","85123A","WHITE HANGING HEART T-LIGHT HOLDER","1","2017-04-07 11:13:00","2.79","15311.0","Netherlands","EMEA"
"537388","85123A","WHITE HANGING HEART T-LIGHT HOLDER","12","2017-04-07 11:13:00","2.88","15311.0","Netherlands","EMEA"
"537389","47566","PARTY BUNTING","4","2017-03-02 15:24:00","5.18","13047.0","USA","AMER"
"537389","85099B","JUMBO BAG RED RETROSPOT","4","2017-03-02 15:24:00","1.78","13047.0","USA","AMER"
"537390","21730","GLASS STAR FROSTED T-LIGHT HOLDER","2","2017-03-07 14:07:00","4.47","16029.0","France","EMEA"
"537390","22633","HAND WARMER UNION JACK","7","2017-03-07 14:07:00","1.84","16029.0","France","EMEA"
"537390","22633","HAND WARMER UNION JACK","3","2017-03-07 14:07:00","2.17","16029.0","France","EMEA"
"537391","47566","PARTY BUNTING","1","2017-04-14 09:56:00","5.45","15291.0","Netherlands","EMEA"
"537391","22632","HAND WARMER RED POLKA DOT","12","2017-04-14 09:56:00","1.8","15291.0","Netherlands","EMEA"
"537392","85123A","WHITE HANGING HEART T-LIGHT HOLDER","4","2017-04-20 08:41:00","2.49","17809.0","USA","AMER"
"537392","22632","HAND WARMER RED POLKA DOT","3","2017-04-20 08:41:00","2.01","17809.0","USA","AMER"
"537393","85123A","WHITE HANGING HEART T-LIGHT HOLDER","10","2017-03-25 12:56:00","2.97","13047.0","EIRE","EMEA"
"537393","22752","SET 7 BABUSHKA NESTING BOXES","6","2017-03-25 12:56:00","8.04","13047.0","EIRE","EMEA"
"537394","85123A","WHITE HANGING HEART T-LIGHT HOLDER","4","2017-04-26 08:01:00","2.62","14606.0","EIRE","EMEA"
"537394","47566","PARTY BUNTING","5","2017-04-26 08:01:00","5.16","14606.0","EIRE","EMEA"
"537395","85099B","JUMBO BAG RED RETROSPOT","5","2017-04-16 16:37:00","1.93","14606.0","Spain","EMEA"
"537395","84029G","KNITTED UNION FLAG HOT WATER BOTTLE","2","2017-04-16 16:37:00","3.63","14606.0","Spain","EMEA"
"537395","22632","HAND WARMER RED POLKA DOT","9","2017-04-16 16:37:00","2.25","14606.0","Spain","EMEA"
"537396","22632","HAND WARMER RED POLKA DOT","3","2017-03-13 13:27:00","1.89","15311.0","Netherlands","EMEA"
"537396","71053","WHITE METAL LANTERN","2","2017-03-13 13:27:00","3.69","15311.0","Netherlands","EMEA"
"537396","20685","DOORMAT RED RETROSPOT","8","2017-03-13 13:27:00","7.2","15311.0","Netherlands","EMEA"
"537397","85099B","JUMBO BAG RED RETROSPOT","3","2017-03-15 13:13:00","1.99","14096.0","Australia","APAC"
"537397","71053","WHITE METAL LANTERN","6","2017-03-15 13:13:00","3.73","14096.0","Australia","APAC"
"537397","20685","DOORMAT RED RETROSPOT","2","2017-03-15 13:13:00","7.11","14096.0","Australia","APAC"
"537398","21730","GLASS STAR FROSTED T-LIGHT HOLDER","5","2017-04-16 14:56:00","4.51","14606.0","Australia","APAC"
"537399","84406B","CREAM CUPID HEARTS COAT HANGER","9","2017-04-09 13:26:00","2.92","17809.0","Canada","AMER"
"537399","71053","WHITE METAL LANTERN","5","2017-04-09 13:26:00","3.43","17809.0","Canada","AMER"
"537399","84406B","CREAM CUPID HEARTS COAT HANGER","9","2017-04-09 13:26:00","3.09","17809.0","Canada","AMER"
"537400","20685","DOORMAT RED RETROSPOT","2","2017-04-09 10:44:00","6.99","13047.0","Belgium","EMEA"
"537400","84406B","CREAM CUPID HEARTS COAT HANGER","10","2017-04-09 10:44:00","3.09","13047.0","Belgium","EMEA"
"537400","22752","SET 7 BABUSHKA NESTING BOXES","8","2017-04-09 10:44:00","7.63","13047.0","Belgium","EMEA"
"537401","84029G","KNITTED UNION FLAG HOT WATER BOTTLE","12","2017-03-22 11:59:00","3.54","17809.0","EIRE","EMEA"
"537401","85123A","WHITE HANGING HEART T-LIGHT HOLDER","11","2017-03-22 11:59:00","2.84","17809.0","EIRE","EMEA"
"537401","84029G","KNITTED UNION FLAG HOT WATER BOTTLE","7","2017-03-22 11:59:00","3.67","17809.0","EIRE","EMEA"
"537402","85123A","WHITE HANGING HEART T-LIGHT HOLDER","5","2017-04-30 15:52:00","2.6","17809.0","USA","AMER"
"537402","85099B","JUMBO BAG RED RETROSPOT","3","2017-04-30 15:52:00","2.09","17809.0","USA","AMER"
"537402","84029G","KNITTED UNION FLAG HOT WATER BOTTLE","9","2017-04-30 15:52:00","3.5","17809.0","USA","AMER"
"537403","22632","HAND WARMER RED POLKA DOT","2","2017-03-20 16:04:00","1.92","13047.0","Netherlands","EMEA"
"537403","20685","DOORMAT RED RETROSPOT","10","2017-03-20 16:04:00","7.06","13047.0","Netherlands","EMEA"
"537404","85099B","JUMBO BAG RED RETROSPOT","1","2017-04-20 08:59:00","1.89","14096.0","Germany","EMEA"
"537405","22633","HAND WARMER UNION JACK","4","2017-04-28 11:29:00","2.17","17850.0","United Kingdom","EMEA"
"537405","22632","HAND WARMER RED POLKA DOT","8","2017-04-28 11:29:00","1.79","17850.0","United Kingdom","EMEA"
"537405","84029E","RED WOOLLY HOTTIE WHITE HEART","2","2017-04-28 11:29:00","3.83","17850.0","United Kingdom","EMEA"
"537406","21730","GLASS STAR FROSTED T-LIGHT HOLDER","12","2017-03-14 15:17:00","4.5","15291.0","EIRE","EMEA"
"537406","47566","PARTY BUNTING","7","2017-03-14 15:17:00","4.93","15291.0","EIRE","EMEA"
"537407","85123A","WHITE HANGING HEART T-LIGHT HOLDER","5","2017-04-03 10:10:00","2.56","17809.0","Netherlands","EMEA"
"537407","84029G","KNITTED UNION FLAG HOT WATER BOTTLE","7","2017-04-03 10:10:00","3.45","17809.0","Netherlands","EMEA"
"537408","85123A","WHITE HANGING HEART T-LIGHT HOLDER","10","2017-03-19 11:38:00","2.85","12583.0","United Kingdom","EMEA"
"537409","84029G","KNITTED UNION FLAG HOT WATER BOTTLE","5","2017-04-24 15:58:00","3.56","12583.0","Netherlands","EMEA"
"537410","84029E","RED WOOLLY HOTTIE WHITE HEART","12","2017-03-02 10:08:00","3.84","16029.0","USA","AMER"
"537411","85123A","WHITE HANGING HEART T-LIGHT HOLDER","8","2017-04-29 11:31:00","2.94","16029.0","Spain","EMEA"
"537411","22633","HAND WARMER UNION JACK","5","2017-04-29 11:31:00","1.91","16029.0","Spain","EMEA"
"537411","85099B","JUMBO BAG RED RETROSPOT","1","2017-04-29 11:31:00","1.88","16029.0","Spain","EMEA"
"537412","71053","WHITE METAL LANTERN","1","2017-03-03 11:29:00","3.8","14606.0","Spain","EMEA"
"537412","20685","DOORMAT RED RETROSPOT","4","2017-03-03 11:29:00","7.44","14606.0","Spain","EMEA"
"537413","84406B","CREAM CUPID HEARTS COAT HANGER","9","2017-04-23 09:42:00","2.74","13777.0","Netherlands","EMEA"
"537413","22633","HAND WARMER UNION JACK","4","2017-04-23 09:42:00","2.21","13777.0","Netherlands","EMEA"
"537413","84029G","KNITTED UNION FLAG HOT WATER BOTTLE","5","2017-04-23 09:42:00","3.81","13777.0","Netherlands","EMEA"
"537414","22752","SET 7 BABUSHKA NESTING BOXES","8","2017-03-05 14:26:00","7.92","13047.0","USA","AMER"
"537414","84406B","CREAM CUPID HEARTS COAT HANGER","8","2017-03-05 14:26:00","2.68","13047.0","USA","AMER"
"537415","22752","SET 7 BABUSHKA NESTING BOXES","10","2017-03-20 11:36:00","8.07","14096.0","United Kingdom","EMEA"
"537416","20685","DOORMAT RED RETROSPOT","3","2017-03-27 14:51:00","7.12","15311.0","France","EMEA"
"537417","85099B","JUMBO BAG RED RETROSPOT","5","2017-03-03 14:36:00","1.74","14606.0","United Kingdom","EMEA"
"537417","22752","SET 7 BABUSHKA NESTING BOXES","11","2017-03-03 14:36:00","7.82","14606.0","United Kingdom","EMEA"
"537418","85099B","JUMBO BAG RED RETROSPOT","11","2017-04-19 15:01:00","1.57","13777.0","USA","AMER"
"537418","21730","GLASS STAR FROSTED T-LIGHT HOLDER","10","2017-04-19 15:01:00","4.27","13777.0","USA","AMER"
"537419","21730","GLASS STAR FROSTED T-LIGHT HOLDER","9","2017-04-17 09:11:00","4.3","14606.0","Australia","APAC"
"537420","84406B","CREAM CUPID HEARTS COAT HANGER","12","2017-03-16 13:07:00","2.97","12583.0","France","EMEA"
"537420","84029G","KNITTED UNION FLAG HOT WATER BOTTLE","6","2017-03-16 13:07:00","3.75","12583.0","France","EMEA"
"537420","71053","WHITE METAL LANTERN","9","2017-03-16 13:07:00","3.48","12583.0","France","EMEA"
"537421","22633","HAND WARMER UNION JACK","4","2017-03-05 13:18:00","2.05","17809.0","Australia","APAC"
"537421","85099B","JUMBO BAG RED RETROSPOT","11","2017-03-05 13:18:00","1.63","17809.0","Australia","APAC"
"537422","85123A","WHITE HANGING HEART T-LIGHT HOLDER","8","2017-03-23 16:42:00","2.54","15311.0","Spain","EMEA"
"537422","84029G","KNITTED UNION FLAG HOT WATER BOTTLE","2","2017-03-23 16:42:00","3.68","15311.0","Spain","EMEA"
"537422","22752","SET 7 BABUSHKA NESTING BOXES","1","2017-03-23 16:42:00","7.7","15311.0","Spain","EMEA"
"537423","84029E","RED WOOLLY HOTTIE WHITE HEART","8","2017-04-03 08:39:00","3.64","12583.0","Germany","EMEA"
"537424","71053","WHITE METAL LANTERN","11","2017-04-19 08:22:00","3.59","12583.0","Spain","EMEA"
"537425","84029G","KNITTED UNION FLAG HOT WATER BOTTLE","1","2017-03-25 11:29:00","3.38","12583.0","Netherlands","EMEA"
"537425","22752","SET 7 BABUSHKA NESTING BOXES","6","2017-03-25 11:29:00","8.11","12583.0","Netherlands","EMEA"
"537425","84029G","KNITTED UNION FLAG HOT WATER BOTTLE","4","2017-03-25 11:29:00","3.59","12583.0","Netherlands","EMEA"
"537426","47566","PARTY BUNTING","9","2017-04-01 08:11:00","5.0","17809.0","Germany","EMEA"
"537427","71053","WHITE METAL LANTERN","2","2017-03-07 10:26:00","3.78","16029.0","United Kingdom","EMEA"
"537427","84029G","KNITTED UNION FLAG HOT WATER BOTTLE","8","2017-03-07 10:26:00","3.43","16029.0","United Kingdom","EMEA"
"537428","71053","WHITE METAL LANTERN","5","2017-03-07 14:01:00","3.75","17850.0","France","EMEA"
"537428","84029E","RED WOOLLY HOTTIE WHITE HEART","4","2017-03-07 14:01:00","3.32","17850.0","France","EMEA"
"537428","84029E","RED WOOLLY HOTTIE WHITE HEART","6","2017-03-07 14:01:00","3.8","17850.0","France","EMEA"
"537429","84406B","CREAM CUPID HEARTS COAT HANGER","7","2017-03-14 10:13:00","3.07","12583.0","Belgium","EMEA"
"537429","85123A","WHITE HANGING HEART T-LIGHT HOLDER","10","2017-03-14 10:13:00","2.49","12583.0","Belgium","EMEA"
"537430","47566","PARTY BUNTING","5","2017-04-18 16:03:00","5.45","17850.0","Germany","EMEA"
"537431","47566","PARTY BUNTING","11","2017-03-18 16:10:00","5.33","17809.0","France","EMEA"
"537432","22752","SET 7 BABUSHKA NESTING BOXES","11","2017-04-10 09:23:00","7.97","14096.0","Spain","EMEA"
"537432","22633","HAND WARMER UNION JACK","5","2017-04-10 09:23:00","2.29","14096.0","Spain","EMEA"
"537432","85123A","WHITE HANGING HEART T-LIGHT HOLDER","4","2017-04-10 09:23:00","2.45","14096.0","Spain","EMEA"
"537433","84406B","CREAM CUPID HEARTS COAT HANGER","8","2017-03-21 10:50:00","3.03","15311.0","Germany","EMEA"
"537433","22752","SET 7 BABUSHKA NESTING BOXES","10","2017-03-21 10:50:00","7.76","15311.0","Germany","EMEA"
"537433","20685","DOORMAT RED RETROSPOT","7","2017-03-21 10:50:00","7.34","15311.0","Germany","EMEA"
"537434","21730","GLASS STAR FROSTED T-LIGHT HOLDER","3","2017-04-12 08:14:00","4.33","14606.0","Netherlands","EMEA"
"537435","85123A","WHITE HANGING HEART T-LIGHT HOLDER","3","2017-04-27 10:14:00","2.92","14096.0","Canada","AMER"
"537435","71053","WHITE METAL LANTERN","12","2017-04-27 10:14:00","3.45","14096.0","Canada","AMER"
"537435","84029G","KNITTED UNION FLAG HOT WATER BOTTLE","2","2017-04-27 10:14:00","3.31","14096.0","Canada","AMER"
"537436","84406B","CREAM CUPID HEARTS COAT HANGER","12","2017-03-18 13:01:00","2.85","12583.0","France","EMEA"
"537436","47566","PARTY BUNTING","2","2017-03-18 13:01:00","4.96","12583.0","France","EMEA"
"537436","22632","HAND WARMER RED POLKA DOT","8","2017-03-18 13:01:00","2.18","12583.0","France","EMEA"
"537437","84029E","RED WOOLLY HOTTIE WHITE HEART","10","2017-03-19 13:05:00","3.74","14606.0","USA","AMER"
"537438","71053","WHITE METAL LANTERN","7","2017-04-02 13:27:00","3.72","15291.0","Germany","EMEA"
"537439","84029E","RED WOOLLY HOTTIE WHITE HEART","5","2017-04-13 10:19:00","3.43","13047.0","Australia","APAC"
"537439","22632","HAND WARMER RED POLKA DOT","3","2017-04-13 10:19:00","2.06","13047.0","Australia","APAC"
"537439","22752","SET 7 BABUSHKA NESTING BOXES","5","2017-04-13 10:19:00","7.77","13047.0","Australia","APAC"
"537440","22632","HAND WARMER RED POLKA DOT","9","2017-03-30 09:21:00","1.84","12583.0","Belgium","EMEA"
"537441","22752","SET 7 BABUSHKA NESTING BOXES","1","2017-03-08 09:33:00","7.66","14096.0","Canada","AMER"
"537441","22633","HAND WARMER UNION JACK","8","2017-03-08 09:33:00","1.79","14096.0","Canada","AMER"
"537441","84029G","KNITTED UNION FLAG HOT WATER BOTTLE","1","2017-03-08 09:33:00","3.5","14096.0","Canada","AMER"
"537442","21730","GLASS STAR FROSTED T-LIGHT HOLDER","5","2017-04-11 12:01:00","4.7","17809.0","Spain","EMEA"
"537442","71053","WHITE METAL LANTERN","3","2017-04-11 12:01:00","3.49","17809.0","Spain","EMEA"
"537443","84406B","CREAM CUPID HEARTS COAT HANGER","1","2017-03-22 12:09:00","3.22","14606.0","Spain","EMEA"
"537444","85099B","JUMBO BAG RED RETROSPOT","4","2017-03-01 09:04:00","2.01","14606.0","United Kingdom","EMEA"
"537444","84029E","RED WOOLLY HOTTIE WHITE HEART","10","2017-03-01 09:04:00","3.66","14606.0","United Kingdom","EMEA"
"537445","20685","DOORMAT RED RETROSPOT","7","2017-03-17 13:55:00","7.31","12583.0","France","EMEA"
"537445","22633","HAND WARMER UNION JACK","9","2017-03-17 13:55:00","2.19","12583.0","France","EMEA"
"537446","84029E","RED WOOLLY HOTTIE WHITE HEART","8","2017-03-21 12:01:00","3.59","17850.0","Germany","EMEA"
"537446","84029E","RED WOOLLY HOTTIE WHITE HEART","11","2017-03-21 12:01:00","3.41","17850.0","Germany","EMEA"
"537446","84406B","CREAM CUPID HEARTS COAT HANGER","9","2017-03-21 12:01:00","2.76","17850.0","Germany","EMEA"
"537447","22633","HAND WARMER UNION JACK","1","2017-03-22 11:33:00","1.88","15291.0","France","EMEA"
"537447","22752","SET 7 BABUSHKA NESTING BOXES","1","2017-03-22 11:33:00","8.08","15291.0","France","EMEA"
"537447","22633","HAND WARMER UNION JACK","8","2017-03-22 11:33:00","2.14","15291.0","France","EMEA"
"537448","85099B","JUMBO BAG RED RETROSPOT","2","2017-03-01 16:32:00","1.56","16029.0","Canada","AMER"
"537448","71053","WHITE METAL LANTERN","2","2017-03-01 16:32:00","3.77","16029.0","Canada","AMER"
"537449","22633","HAND WARMER UNION JACK","9","2017-04-11 11:46:00","2.12","14096.0","France","EMEA"
"537449","85099B","JUMBO BAG RED RETROSPOT","1","2017-04-11 11:46:00","1.57","14096.0","France","EMEA"
"537450","47566","PARTY BUNTING","4","2017-03-06 12:01:00","5.31","16029.0","United Kingdom","EMEA"
"537450","20685","DOORMAT RED RETROSPOT","12","2017-03-06 12:01:00","7.23","16029.0","United Kingdom","EMEA"
"537450","22632","HAND WARMER RED POLKA DOT","6","2017-03-06 12:01:00","1.82","16029.0","United Kingdom","EMEA"
"537451","84029E","RED WOOLLY HOTTIE WHITE HEART","10","2017-03-11 15:12:00","3.37","15291.0","Canada","AMER"
"537451","47566","PARTY BUNTING","11","2017-03-11 15:12:00","5.04","15291.0","Canada","AMER"
"537452","47566","PARTY BUNTING","12","2017-04-16 12:18:00","5.28","15311.0","Spain","EMEA"
"537452","85099B","JUMBO BAG RED RETROSPOT","8","2017-04-16 12:18:00","2.1","15311.0","Spain","EMEA"
"537453","85123A","WHITE HANGING HEART T-LIGHT HOLDER","10","2017-04-26 09:54:00","2.99","15291.0","Spain","EMEA"
"537454","21730","GLASS STAR FROSTED T-LIGHT HOLDER","5","2017-03-20 14:14:00","4.2","17809.0","Belgium","EMEA"
"537454","47566","PARTY BUNTING","10","2017-03-20 14:14:00","5.3","17809.0","Belgium","EMEA"
"537455","84029G","KNITTED UNION FLAG HOT WATER BOTTLE","7","2017-03-24 12:46:00","3.86","17809.0","Spain","EMEA"
"537455","22633","HAND WARMER UNION JACK","2","2017-03-24 12:46:00","1.78","17809.0","Spain","EMEA"
"537456","85123A","WHITE HANGING HEART T-LIGHT HOLDER","2","2017-03-08 15:28:00","2.76","17850.0","Australia","APAC"
"537456","20685","DOORMAT RED RETROSPOT","3","2017-03-08 15:28:00","7.12","17850.0","Australia","APAC"
"537457","47566","PARTY BUNTING","2","2017-03-25 13:35:00","4.96","14096.0","Spain","EMEA"
"537457","85099B","JUMBO BAG RED RETROSPOT","9","2017-03-25 13:35:00","1.83","14096.0","Spain","EMEA"
"537457","71053","WHITE METAL LANTERN","10","2017-03-25 13:35:00","3.56","14096.0","Spain","EMEA"
"537458","22632","HAND WARMER RED POLKA DOT","5","2017-03-30 14:30:00","2.27","16029.0","Belgium","EMEA"
"537458","85099B","JUMBO BAG RED RETROSPOT","3","2017-03-30 14:30:00","2.03","16029.0","Belgium","EMEA"
"537459","20685","DOORMAT RED RETROSPOT","4","2017-03-07 09:39:00","7.11","14096.0","Netherlands","EMEA"
"537460","85099B","JUMBO BAG RED RETROSPOT","1","2017-03-15 15:03:00","1.71","14096.0","Spain","EMEA"
"537460","84029E","RED WOOLLY HOTTIE WHITE HEART","12","2017-03-15 15:03:00","3.54","14096.0","Spain","EMEA"
"537460","20685","DOORMAT RED RETROSPOT","2","2017-03-15 15:03:00","7.46","14096.0","Spain","EMEA"
"537461","84029E","RED WOOLLY HOTTIE WHITE HEART","4","2017-03-05 13:24:00","3.78","15291.0","United Kingdom","EMEA"
"537461","20685","DOORMAT RED RETROSPOT","3","2017-03-05 13:24:00","7.04","15291.0","United Kingdom","EMEA"
"537461","47566","PARTY BUNTING","3","2017-03-05 13:24:00","4.91","15291.0","United Kingdom","EMEA"
"537462","22633","HAND WARMER UNION JACK","8","2017-03-08 08:24:00","1.9","16029.0","United Kingdom","EMEA"
"537463","85099B","JUMBO BAG RED RETROSPOT","6","2017-04-20 08:30:00","1.8","15311.0","United Kingdom","EMEA"
"537463","71053","WHITE METAL LANTERN","2","2017-04-20 08:30:00","3.42","15311.0","United Kingdom","EMEA"
"537463","85099B","JUMBO BAG RED RETROSPOT","12","2017-04-20 08:30:00","1.93","15311.0","United Kingdom","EMEA"
"537464","22633","HAND WARMER UNION JACK","5","2017-03-27 10:26:00","2.21","17850.0","Spain","EMEA"
"537465","84029E","RED WOOLLY HOTTIE WHITE HEART","7","2017-04-14 13:20:00","3.6","14606.0","Australia","APAC"
"537466","21730","GLASS STAR FROSTED T-LIGHT HOLDER","3","2017-03-29 14:39:00","4.36","17809.0","Canada","AMER"
"537466","21730","GLASS STAR FROSTED T-LIGHT HOLDER","7","2017-03-29 14:39:00","4.56","17809.0","Canada","AMER"
"537467","85099B","JUMBO BAG RED RETROSPOT","7","2017-04-16 14:50:00","1.98","14606.0","United Kingdom","EMEA"
"537468","85123A","WHITE HANGING HEART T-LIGHT HOLDER","6","2017-04-21 10:59:00","2.58","15311.0","United Kingdom","EMEA"
"537468","85123A","WHITE HANGING HEART T-LIGHT HOLDER","7","2017-04-21 10:59:00","3.0","15311.0","United Kingdom","EMEA"
"537468","47566","PARTY BUNTING","1","2017-04-21 10:59:00","5.15","15311.0","United Kingdom","EMEA"
"537469","84029E","RED WOOLLY HOTTIE WHITE HEART","9","2017-03-17 09:48:00","3.31","16029.0","Australia","APAC"
"537469","22632","HAND WARMER RED POLKA DOT","4","2017-03-17 09:48:00","1.77","16029.0","Australia","APAC"
"537469","20685","DOORMAT RED RETROSPOT","11","2017-03-17 09:48:00","7.14","16029.0","Australia","APAC"
"537470","21730","GLASS STAR FROSTED T-LIGHT HOLDER","2","2017-03-27 12:53:00","4.2","13777.0","USA","AMER"
"537470","84406B","CREAM CUPID HEARTS COAT HANGER","10","2017-03-27 12:53:00","2.96","13777.0","USA","AMER"
"537470","84029G","KNITTED UNION FLAG HOT WATER BOTTLE","4","2017-03-27 12:53:00","3.42","13777.0","USA","AMER"
"537471","22633","HAND WARMER UNION JACK","11","2017-03-29 08:01:00","2.2","14096.0","Germany","EMEA"
"537471","71053","WHITE METAL LANTERN","12","2017-03-29 08:01:00","3.81","14096.0","Germany","EMEA"
"537472","20685","DOORMAT RED RETROSPOT","2","2017-03-02 10:52:00","7.3","15291.0","Netherlands","EMEA"
"537472","22632","HAND WARMER RED POLKA DOT","4","2017-03-02 10:52:00","1.91","15291.0","Netherlands","EMEA"
"537473","85123A","WHITE HANGING HEART T-LIGHT HOLDER","7","2017-04-22 11:34:00","2.8","17850.0","Canada","AMER"
"537473","22752","SET 7 BABUSHKA NESTING BOXES","2","2017-04-22 11:34:00","7.67","17850.0","Canada","AMER"
"537473","47566","PARTY BUNTING","12","2017-04-22 11:34:00","4.92","17850.0","Canada","AMER"
"537474","71053","WHITE METAL LANTERN","1","2017-04-08 11:06:00","3.43","14096.0","Australia","APAC"
"537475","47566","PARTY BUNTING","10","2017-03-11 14:30:00","4.97","17850.0","United Kingdom","EMEA"
"537475","20685","DOORMAT RED RETROSPOT","8","2017-03-11 14:30:00","7.0","17850.0","United Kingdom","EMEA"
"537475","85099B","JUMBO BAG RED RETROSPOT","11","2017-03-11 14:30:00","1.82","17850.0","United Kingdom","EMEA"
"537476","71053","WHITE METAL LANTERN","4","2017-04-29 15:26:00","3.6","13047.0","EIRE","EMEA"
"537476","85099B","JUMBO BAG RED RETROSPOT","10","2017-04-29 15:26:00","2.08","13047.0","EIRE","EMEA"
"537476","20685","DOORMAT RED RETROSPOT","7","2017-04-29 15:26:00","6.99","13047.0","EIRE","EMEA"
"537477","21730","GLASS STAR FROSTED T-LIGHT HOLDER","3","2017-04-08 08:46:00","4.5","12583.0","Spain","EMEA"
"537477","71053","WHITE METAL LANTERN","5","2017-04-08 08:46:00","3.86","12583.0","Spain","EMEA"
"537478","84406B","CREAM CUPID HEARTS COAT HANGER","6","2017-04-07 14:51:00","2.81","17809.0","United Kingdom","EMEA"
"537479","85123A","WHITE HANGING HEART T-LIGHT HOLDER","2","2017-04-05 15:35:00","2.64","17850.0","Canada","AMER"
"537479","22632","HAND WARMER RED POLKA DOT","5","2017-04-05 15:35:00","2.35","17850.0","Canada","AMER"
"537480","47566","PARTY BUNTING","10","2017-03-04 16:01:00","5.31","14606.0","Germany","EMEA"
"537481","22752","SET 7 BABUSHKA NESTING BOXES","5","2017-03-01 11:29:00","7.75","17809.0","France","EMEA"
"537482","71053","WHITE METAL LANTERN","6","2017-04-12 16:03:00","3.51","17850.0","USA","AMER"
"537482","22752","SET 7 BABUSHKA NESTING BOXES","6","2017-04-12 16:03:00","7.93","17850.0","USA","AMER"
"537483","22633","HAND WARMER UNION JACK","10","2017-04-10 11:16:00","2.25","17850.0","Canada","AMER"
"537483","84029E","RED WOOLLY HOTTIE WHITE HEART","8","2017-04-10 11:16:00","3.56","17850.0","Canada","AMER"
"537484","84406B","CREAM CUPID HEARTS COAT HANGER","3","2017-04-01 15:56:00","2.95","15311.0","Belgium","EMEA"
"537484","84029E","RED WOOLLY HOTTIE WHITE HEART","6","2017-04-01 15:56:00","3.75","15311.0","Belgium","EMEA"
"537485","84029E","RED WOOLLY HOTTIE WHITE HEART","10","2017-03-26 11:02:00","3.43","13777.0","Australia","APAC"
"537486","84406B","CREAM CUPID HEARTS COAT HANGER","11","2017-03-06 12:06:00","2.8","13047.0","EIRE","EMEA"
"537486","84029G","KNITTED UNION FLAG HOT WATER BOTTLE","2","2017-03-06 12:06:00","3.57","13047.0","EIRE","EMEA"
"537487","84406B","CREAM CUPID HEARTS COAT HANGER","11","2017-03-26 12:54:00","3.17","15311.0","USA","AMER"
"537488","84029G","KNITTED UNION FLAG HOT WATER BOTTLE","11","2017-04-20 09:20:00","3.72","17809.0","Netherlands","EMEA"
"537488","21730","GLASS STAR FROSTED T-LIGHT HOLDER","4","2017-04-20 09:20:00","4.27","17809.0","Netherlands","EMEA"
"537488","20685","DOORMAT RED RETROSPOT","8","2017-04-20 09:20:00","7.28","17809.0","Netherlands","EMEA"
"537489","84029G","KNITTED UNION FLAG HOT WATER BOTTLE","12","2017-04-26 11:43:00","3.38","17850.0","USA","AMER"
"537490","84029G","KNITTED UNION FLAG HOT WATER BOTTLE","9","2017-04-13 12:01:00","3.42","15291.0","EIRE","EMEA"
"537491","22633","HAND WARMER UNION JACK","11","2017-03-23 09:05:00","2.25","12583.0","Spain","EMEA"
"537491","47566","PARTY BUNTING","1","2017-03-23 09:05:00","5.41","12583.0","Spain","EMEA"
"537492","22633","HAND WARMER UNION JACK","11","2017-03-21 15:29:00","2.03","13777.0","USA","AMER"
"537492","84029E","RED WOOLLY HOTTIE WHITE HEART","7","2017-03-21 15:29:00","3.39","13777.0","USA","AMER"
"537492","85123A","WHITE HANGING HEART T-LIGHT HOLDER","7","2017-03-21 15:29:00","2.45","13777.0","USA","AMER"
"537493","47566","PARTY BUNTING","10","2017-03-01 08:52:00","5.43","13047.0","United Kingdom","EMEA"
"537493","22632","HAND WARMER RED POLKA DOT","6","2017-03-01 08:52:00","1.75","13047.0","United Kingdom","EMEA"
"537493","71053","WHITE METAL LANTERN","12","2017-03-01 08:52:00","3.36","13047.0","United Kingdom","EMEA"
"537494","21730","GLASS STAR FROSTED T-LIGHT HOLDER","11","2017-04-15 10:30:00","4.55","12583.0","EIRE","EMEA"
"537494","85123A","WHITE HANGING HEART T-LIGHT HOLDER","4","2017-04-15 10:30:00","2.63","12583.0","EIRE","EMEA"
"537494","84029E","RED WOOLLY HOTTIE WHITE HEART","8","2017-04-15 10:30:00","3.89","12583.0","EIRE","EMEA"
"537495","22633","HAND WARMER UNION JACK","3","2017-04-24 08:16:00","2.15","17850.0","USA","AMER"
"537495","84029E","RED WOOLLY HOTTIE WHITE HEART","6","2017-04-24 08:16:00","3.58","17850.0","USA","AMER"
"537495","84406B","CREAM CUPID HEARTS COAT HANGER","11","2017-04-24 08:16:00","2.89","17850.0","USA","AMER"
"537496","84406B","CREAM CUPID HEARTS COAT HANGER","1","2017-03-01 15:46:00","2.68","15291.0","France","EMEA"
"537496","47566","PARTY BUNTING","1","2017-03-01 15:46:00","4.89","15291.0","France","EMEA"
"537497","22633","HAND WARMER UNION JACK","10","2017-04-15 16:02:00","2.02","14096.0","Belgium","EMEA"
"537497","22632","HAND WARMER RED POLKA DOT","5","2017-04-15 16:02:00","1.86","14096.0","Belgium","EMEA"
"537498","71053","WHITE METAL LANTERN","7","2017-04-22 14:05:00","3.76","15311.0","Netherlands","EMEA"
"537498","84029E","RED WOOLLY HOTTIE WHITE HEART","8","2017-04-22 14:05:00","3.84","15311.0","Netherlands","EMEA"
"537499","84406B","CREAM CUPID HEARTS COAT HANGER","5","2017-03-01 13:30:00","3.12","14606.0","United Kingdom","EMEA"
"537499","85099B","JUMBO BAG RED RETROSPOT","6","2017-03-01 13:30:00","1.86","14606.0","United Kingdom","EMEA"
"537499","22633","HAND WARMER UNION JACK","5","2017-03-01 13:30:00","2.2","14606.0","United Kingdom","EMEA"
"537500","84029G","KNITTED UNION FLAG HOT WATER BOTTLE","8","2017-04-10 12:21:00","3.48","14096.0","Canada","AMER"
"537501","71053","WHITE METAL LANTERN","1","2017-03-09 14:24:00","3.87","14606.0","Canada","AMER"
"537502","84029G","KNITTED UNION FLAG HOT WATER BOTTLE","1","2017-04-20 11:43:00","3.51","15291.0","Netherlands","EMEA"
"537502","84029G","KNITTED UNION FLAG HOT WATER BOTTLE","10","2017-04-20 11:43:00","3.62","15291.0","Netherlands","EMEA"
"537502","85099B","JUMBO BAG RED RETROSPOT","12","2017-04-20 11:43:00","1.9","15291.0","Netherlands","EMEA"
"537503","20685","DOORMAT RED RETROSPOT","10","2017-03-31 13:39:00","7.42","13047.0","Australia","APAC"
"537504","84029E","RED WOOLLY HOTTIE WHITE HEART","8","2017-04-16 09:57:00","3.76","13047.0","Australia","APAC"
"537505","84029G","KNITTED UNION FLAG HOT WATER BOTTLE","7","2017-03-20 10:44:00","3.73","14606.0","EIRE","EMEA"
"537505","22752","SET 7 BABUSHKA NESTING BOXES","12","2017-03-20 10:44:00","7.99","14606.0","EIRE","EMEA"
"537505","85099B","JUMBO BAG RED RETROSPOT","10","2017-03-20 10:44:00","1.74","14606.0","EIRE","EMEA"
"537506","85099B","JUMBO BAG RED RETROSPOT","8","2017-03-25 09:41:00","2.04","15311.0","France","EMEA"
"537507","71053","WHITE METAL LANTERN","10","2017-04-24 09:16:00","3.85","14096.0","Canada","AMER"
"537507","84029E","RED WOOLLY HOTTIE WHITE HEART","7","2017-04-24 09:16:00","3.76","14096.0","Canada","AMER"
"537507","21730","GLASS STAR FROSTED T-LIGHT HOLDER","5","2017-04-24 09:16:00","4.33","14096.0","Canada","AMER"
"537508","84406B","CREAM CUPID HEARTS COAT HANGER","3","2017-04-11 15:23:00","2.72","17850.0","Australia","APAC"
"537509","21730","GLASS STAR FROSTED T-LIGHT HOLDER","6","2017-03-15 10:01:00","4.38","16029.0","United Kingdom","EMEA"
"537509","85123A","WHITE HANGING HEART T-LIGHT HOLDER","11","2017-03-15 10:01:00","2.55","16029.0","United Kingdom","EMEA"
"537510","47566","PARTY BUNTING","10","2017-04-25 09:16:00","5.44","14096.0","Australia","APAC"
"537511","47566","PARTY BUNTING","10","2017-04-06 09:30:00","5.2","12583.0","Germany","EMEA"
"537511","47566","PARTY BUNTING","1","2017-04-06 09:30:00","5.36","12583.0","Germany","EMEA"
"537511","22632","HAND WARMER RED POLKA DOT","9","2017-04-06 09:30:00","1.9","12583.0","Germany","EMEA"
"537512","85099B","JUMBO BAG RED RETROSPOT","7","2017-03-27 15:45:00","2.02","17850.0","Canada","AMER"
"537512","84406B","CREAM CUPID HEARTS COAT HANGER","8","2017-03-27 15:45:00","2.67","17850.0","Canada","AMER"
"537512","21730","GLASS STAR FROSTED T-LIGHT HOLDER","3","2017-03-27 15:45:00","4.69","17850.0","Canada","AMER"
"537513","71053","WHITE METAL LANTERN","1","2017-04-13 09:24:00","3.37","13777.0","USA","AMER"
"537513","71053","WHITE METAL LANTERN","5","2017-04-13 09:24:00","3.72","13777.0","USA","AMER"
"537513","85099B","JUMBO BAG RED RETROSPOT","11","2017-04-13 09:24:00","1.56","13777.0","USA","AMER"
"537514","20685","DOORMAT RED RETROSPOT","9","2017-04-08 10:08:00","7.32","16029.0","Spain","EMEA"
"537515","22752","SET 7 BABUSHKA NESTING BOXES","9","2017-03-18 09:23:00","7.73","13047.0","France","EMEA"
"537515","85099B","JUMBO BAG RED RETROSPOT","2","2017-03-18 09:23:00","2.02","13047.0","France","EMEA"
"537515","84029G","KNITTED UNION FLAG HOT WATER BOTTLE","2","2017-03-18 09:23:00","3.7","13047.0","France","EMEA"
"537516","47566","PARTY BUNTING","11","2017-04-12 13:55:00","5.4","17850.0","Australia","APAC"
"537516","85123A","WHITE HANGING HEART T-LIGHT HOLDER","9","2017-04-12 13:55:00","2.87","17850.0","Australia","APAC"
"537517","85123A","WHITE HANGING HEART T-LIGHT HOLDER","5","2017-03-29 13:59:00","2.93","13047.0","Spain","EMEA"
"537517","22752","SET 7 BABUSHKA NESTING BOXES","9","2017-03-29 13:59:00","7.71","13047.0","Spain","EMEA"
"537518","85123A","WHITE HANGING HEART T-LIGHT HOLDER","3","2017-04-30 10:08:00","2.51","14606.0","Germany","EMEA"
"537518","84406B","CREAM CUPID HEARTS COAT HANGER","11","2017-04-30 10:08:00","2.99","14606.0","Germany","EMEA"
"537519","21730","GLASS STAR FROSTED T-LIGHT HOLDER","2","2017-04-15 13:49:00","4.39","13777.0","United Kingdom","EMEA"
"537519","21730","GLASS STAR FROSTED T-LIGHT HOLDER","6","2017-04-15 13:49:00","4.57","13777.0","United Kingdom","EMEA"
"537519","22633","HAND WARMER UNION JACK","2","2017-04-15 13:49:00","1.84","13777.0","United Kingdom","EMEA"
"537520","85099B","JUMBO BAG RED RETROSPOT","1","2017-04-24 15:58:00","1.59","17850.0","Canada","AMER"
"537521","84029G","KNITTED UNION FLAG HOT WATER BOTTLE","3","2017-04-10 16:08:00","3.43","17809.0","Netherlands","EMEA"
"537521","22752","SET 7 BABUSHKA NESTING BOXES","2","2017-04-10 16:08:00","8.1","17809.0","Netherlands","EMEA"
"537521","85123A","WHITE HANGING HEART T-LIGHT HOLDER","2","2017-04-10 16:08:00","2.8","17809.0","Netherlands","EMEA"
"537522","20685","DOORMAT RED RETROSPOT","8","2017-03-09 15:05:00","7.55","15311.0","EIRE","EMEA"
"537523","84029G","KNITTED UNION FLAG HOT WATER BOTTLE","5","2017-03-18 09:27:00","3.37","14096.0","Belgium","EMEA"
"537523","84029G","KNITTED UNION FLAG HOT WATER BOTTLE","1","2017-03-18 09:27:00","3.67","14096.0","Belgium","EMEA"
"537524","84029E","RED WOOLLY HOTTIE WHITE HEART","12","2017-03-08 12:22:00","3.45","13047.0","USA","AMER"
"537524","22632","HAND WARMER RED POLKA DOT","1","2017-03-08 12:22:00","2.07","13047.0","USA","AMER"
"537525","84406B","CREAM CUPID HEARTS COAT HANGER","11","2017-04-17 14:04:00","2.9","15311.0","Australia","APAC"
"537525","71053","WHITE METAL LANTERN","3","2017-04-17 14:04:00","3.72","15311.0","Australia","APAC"
"537525","84029G","KNITTED UNION FLAG HOT WATER BOTTLE","10","2017-04-17 14:04:00","3.61","15311.0","Australia","APAC"
"537526","22633","HAND WARMER UNION JACK","8","2017-03-17 11:24:00","2.03","17850.0","Netherlands","EMEA"
"537527","84406B","CREAM CUPID HEARTS COAT HANGER","7","2017-03-22 15:53:00","2.74","15291.0","Canada","AMER"
"537528","22632","HAND WARMER RED POLKA DOT","10","2017-03-05 12:07:00","1.84","14096.0","Netherlands","EMEA"
"537529","84406B","CREAM CUPID HEARTS COAT HANGER","10","2017-03-06 14:45:00","3.06","13047.0","Germany","EMEA"
"537529","47566","PARTY BUNTING","3","2017-03-06 14:45:00","5.17","13047.0","Germany","EMEA"
"537530","22633","HAND WARMER UNION JACK","7","2017-03-04 16:50:00","1.89","17809.0","France","EMEA"
"537530","22633","HAND WARMER UNION JACK","11","2017-03-04 16:50:00","1.81","17809.0","France","EMEA"
"537531","47566","PARTY BUNTING","3","2017-03-16 11:32:00","5.17","17850.0","Germany","EMEA"
"537531","85123A","WHITE HANGING HEART T-LIGHT HOLDER","8","2017-03-16 11:32:00","2.81","17850.0","Germany","EMEA"
"537531","22632","HAND WARMER RED POLKA DOT","5","2017-03-16 11:32:00","2.33","17850.0","Germany","EMEA"
"537532","85099B","JUMBO BAG RED RETROSPOT","5","2017-03-02 10:54:00","2.07","13047.0","Australia","APAC"
"537532","20685","DOORMAT RED RETROSPOT","6","2017-03-02 10:54:00","7.5","13047.0","Australia","APAC"
"537532","47566","PARTY BUNTING","10","2017-03-02 10:54:00","4.92","13047.0","Australia","APAC"
"537533","22633","HAND WARMER UNION JACK","12","2017-03-05 14:36:00","2.18","15311.0","Canada","AMER"
"537534","22632","HAND WARMER RED POLKA DOT","8","2017-03-30 16:59:00","2.03","12583.0","Belgium","EMEA"
"537534","85099B","JUMBO BAG RED RETROSPOT","10","2017-03-30 16:59:00","1.57","12583.0","Belgium","EMEA"
"537534","47566","PARTY BUNTING","2","2017-03-30 16:59:00","5.27","12583.0","Belgium","EMEA"
"537535","22633","HAND WARMER UNION JACK","7","2017-04-13 08:24:00","2.18","14606.0","France","EMEA"
"537535","84029G","KNITTED UNION FLAG HOT WATER BOTTLE","4","2017-04-13 08:24:00","3.76","14606.0","France","EMEA"
"537535","84029G","KNITTED UNION FLAG HOT WATER BOTTLE","12","2017-04-13 08:24:00","3.44","14606.0","France","EMEA"
"537536","22633","HAND WARMER UNION JACK","3","2017-04-11 14:23:00","1.93","16029.0","Germany","EMEA"
"537537","22632","HAND WARMER RED POLKA DOT","6","2017-04-12 14:33:00","1.77","14606.0","Australia","APAC"
"537537","71053","WHITE METAL LANTERN","7","2017-04-12 14:33:00","3.4","14606.0","Australia","APAC"
"537538","22752","SET 7 BABUSHKA NESTING BOXES","3","2017-04-20 16:07:00","7.97","14606.0","Germany","EMEA"
"537538","84029G","KNITTED UNION FLAG HOT WATER BOTTLE","9","2017-04-20 16:07:00","3.89","14606.0","Germany","EMEA"
"537539","22752","SET 7 BABUSHKA NESTING BOXES","1","2017-04-25 09:31:00","7.92","17809.0","France","EMEA"
"537540","85123A","WHITE HANGING HEART T-LIGHT HOLDER","6","2017-03-06 13:54:00","2.98","12583.0","France","EMEA"
"537540","22633","HAND WARMER UNION JACK","5","2017-03-06 13:54:00","2.22","12583.0","France","EMEA"
"537541","22632","HAND WARMER RED POLKA DOT","7","2017-03-02 08:39:00","1.81","17809.0","Netherlands","EMEA"
"537541","47566","PARTY BUNTING","2","2017-03-02 08:39:00","5.44","17809.0","Netherlands","EMEA"
"537542","85123A","WHITE HANGING HEART T-LIGHT HOLDER","6","2017-03-21 12:58:00","2.73","12583.0","United Kingdom","EMEA"
"537542","22633","HAND WARMER UNION JACK","11","2017-03-21 12:58:00","2.28","12583.0","United Kingdom","EMEA"
"537542","47566","PARTY BUNTING","1","2017-03-21 12:58:00","5.32","12583.0","United Kingdom","EMEA"
"537543","71053","WHITE METAL LANTERN","6","2017-03-26 08:51:00","3.48","16029.0","Spain","EMEA"
"537543","22632","HAND WARMER RED POLKA DOT","10","2017-03-26 08:51:00","2.15","16029.0","Spain","EMEA"
"537544","22633","HAND WARMER UNION JACK","5","2017-03-23 16:35:00","2.21","17850.0","Australia","APAC"
"537545","85099B","JUMBO BAG RED RETROSPOT","6","2017-04-14 14:20:00","1.89","17809.0","EIRE","EMEA"
"537546","22752","SET 7 BABUSHKA NESTING BOXES","6","2017-03-18 15:22:00","8.0","15291.0","USA","AMER"
"537546","84029E","RED WOOLLY HOTTIE WHITE HEART","2","2017-03-18 15:22:00","3.44","15291.0","USA","AMER"
"537546","85099B","JUMBO BAG RED RETROSPOT","3","2017-03-18 15:22:00","2.06","15291.0","USA","AMER"
"537547","22752","SET 7 BABUSHKA NESTING BOXES","3","2017-04-23 12:14:00","7.92","16029.0","Spain","EMEA"
"537548","85099B","JUMBO BAG RED RETROSPOT","12","2017-03-26 09:44:00","2.05","17809.0","United Kingdom","EMEA"
"537549","22633","HAND WARMER UNION JACK","4","2017-03-10 15:59:00","2.06","13777.0","France","EMEA"
"537549","85123A","WHITE HANGING HEART T-LIGHT HOLDER","3","2017-03-10 15:59:00","2.87","13777.0","France","EMEA"
"537550","22752","SET 7 BABUSHKA NESTING BOXES","12","2017-03-30 14:54:00","7.76","17850.0","Spain","EMEA"
"537550","22632","HAND WARMER RED POLKA DOT","1","2017-03-30 14:54:00","1.89","17850.0","Spain","EMEA"
"537551","85099B","JUMBO BAG RED RETROSPOT","1","2017-04-14 15:10:00","2.09","15291.0","Netherlands","EMEA"
"537551","85123A","WHITE HANGING HEART T-LIGHT HOLDER","1","2017-04-14 15:10:00","2.98","15291.0","Netherlands","EMEA"
"537551","84029G","KNITTED UNION FLAG HOT WATER BOTTLE","12","2017-04-14 15:10:00","3.46","15291.0","Netherlands","EMEA"
"537552","22752","SET 7 BABUSHKA NESTING BOXES","6","2017-03-13 13:13:00","7.93","12583.0","EIRE","EMEA"
"537552","22752","SET 7 BABUSHKA NESTING BOXES","6","2017-03-13 13:13:00","7.61","12583.0","EIRE","EMEA"
"537553","22632","HAND WARMER RED POLKA DOT","4","2017-04-20 11:15:00","1.89","17850.0","France","EMEA"
"537553","47566","PARTY BUNTING","1","2017-04-20 11:15:00","5.16","17850.0","France","EMEA"
"537554","21730","GLASS STAR FROSTED T-LIGHT HOLDER","12","2017-04-07 11:46:00","4.57","17850.0","Belgium","EMEA"
"537554","22752","SET 7 BABUSHKA NESTING BOXES","12","2017-04-07 11:46:00","7.86","17850.0","Belgium","EMEA"
"537555","84029E","RED WOOLLY HOTTIE WHITE HEART","2","2017-04-25 14:37:00","3.79","13777.0","Netherlands","EMEA"
"537555","22752","SET 7 BABUSHKA NESTING BOXES","9","2017-04-25 14:37:00","7.8","13777.0","Netherlands","EMEA"
"537556","71053","WHITE METAL LANTERN","11","2017-03-07 09:40:00","3.58","17809.0","Belgium","EMEA"
"537556","71053","WHITE METAL LANTERN","9","2017-03-07 09:40:00","3.75","17809.0","Belgium","EMEA"
"537557","21730","GLASS STAR FROSTED T-LIGHT HOLDER","10","2017-04-30 15:04:00","4.32","15291.0","Canada","AMER"
"537558","84406B","CREAM CUPID HEARTS COAT HANGER","12","2017-04-04 09:57:00","2.82","14606.0","Netherlands","EMEA"
"537558","84029G","KNITTED UNION FLAG HOT WATER BOTTLE","3","2017-04-04 09:57:00","3.39","14606.0","Netherlands","EMEA"
"537559","85099B","JUMBO BAG RED RETROSPOT","6","2017-04-30 15:28:00","1.72","15291.0","United Kingdom","EMEA"
"537559","85099B","JUMBO BAG RED RETROSPOT","12","2017-04-30 15:28:00","1.63","15291.0","United Kingdom","EMEA"
"537559","21730","GLASS STAR FROSTED T-LIGHT HOLDER","10","2017-04-30 15:28:00","4.63","15291.0","United Kingdom","EMEA"
"537560","85123A","WHITE HANGING HEART T-LIGHT HOLDER","9","2017-03-06 13:50:00","2.61","12583.0","Australia","APAC"
"537560","71053","WHITE METAL LANTERN","5","2017-03-06 13:50:00","3.5","12583.0","Australia","APAC"
"537561","84406B","CREAM CUPID HEARTS COAT HANGER","1","2017-04-01 11:20:00","2.67","16029.0","United Kingdom","EMEA"
"537562","22632","HAND WARMER RED POLKA DOT","8","2017-03-16 16:42:00","2.26","15311.0","EIRE","EMEA"
"537562","85123A","WHITE HANGING HEART T-LIGHT HOLDER","1","2017-03-16 16:42:00","3.03","15311.0","EIRE","EMEA"
"537563","47566","PARTY BUNTING","9","2017-04-18 11:07:00","5.07","13047.0","United Kingdom","EMEA"
"537563","85123A","WHITE HANGING HEART T-LIGHT HOLDER","5","2017-04-18 11:07:00","2.67","13047.0","United Kingdom","EMEA"
"537563","85123A","WHITE HANGING HEART T-LIGHT HOLDER","6","2017-04-18 11:07:00","2.86","13047.0","United Kingdom","EMEA"
"537564","71053","WHITE METAL LANTERN","9","2017-03-30 12:59:00","3.5","15291.0","Germany","EMEA"
"537564","71053","WHITE METAL LANTERN","10","2017-03-30 12:59:00","3.72","15291.0","Germany","EMEA"
"537565","22633","HAND WARMER UNION JACK","4","2017-03-25 16:16:00","2.24","14606.0","Australia","APAC"
"537565","84029G","KNITTED UNION FLAG HOT WATER BOTTLE","8","2017-03-25 16:16:00","3.8","14606.0","Australia","APAC"
"537566","22633","HAND WARMER UNION JACK","11","2017-04-23 16:55:00","2.14","16029.0","United Kingdom","EMEA"
"537566","85123A","WHITE HANGING HEART T-LIGHT HOLDER","5","2017-04-23 16:55:00","2.53","16029.0","United Kingdom","EMEA"
"537567","20685","DOORMAT RED RETROSPOT","8","2017-03-09 10:11:00","7.46","15311.0","USA","AMER"
"537567","22633","HAND WARMER UNION JACK","11","2017-03-09 10:11:00","2.2","15311.0","USA","AMER"
"537567","20685","DOORMAT RED RETROSPOT","3","2017-03-09 10:11:00","7.01","15311.0","USA","AMER"
"537568","47566","PARTY BUNTING","10","2017-04-02 10:33:00","4.89","14606.0","EIRE","EMEA"
"537569","22633","HAND WARMER UNION JACK","3","2017-04-01 14:39:00","1.85","12583.0","USA","AMER"
"537569","84029E","RED WOOLLY HOTTIE WHITE HEART","12","2017-04-01 14:39:00","3.54","12583.0","USA","AMER"
"537569","85123A","WHITE HANGING HEART T-LIGHT HOLDER","2","2017-04-01 14:39:00","2.84","12583.0","USA","AMER"
"537570","85099B","JUMBO BAG RED RETROSPOT","8","2017-04-05 12:16:00","2.12","17850.0","EIRE","EMEA"
"537570","85123A","WHITE HANGING HEART T-LIGHT HOLDER","10","2017-04-05 12:16:00","2.63","17850.0","EIRE","EMEA"
"537570","84406B","CREAM CUPID HEARTS COAT HANGER","3","2017-04-05 12:16:00","3.14","17850.0","EIRE","EMEA"
"537571","21730","GLASS STAR FROSTED T-LIGHT HOLDER","9","2017-04-12 12:31:00","4.32","13047.0","Belgium","EMEA"
"537572","85123A","WHITE HANGING HEART T-LIGHT HOLDER","2","2017-04-05 16:12:00","3.04","15291.0","EIRE","EMEA"
"537572","84029E","RED WOOLLY HOTTIE WHITE HEART","4","2017-04-05 16:12:00","3.42","15291.0","EIRE","EMEA"
"537572","22633","HAND WARMER UNION JACK","1","2017-04-05 16:12:00","1.94","15291.0","EIRE","EMEA"
"537573","47566","PARTY BUNTING","3","2017-03-22 10:44:00","5.13","14606.0","EIRE","EMEA"
"537573","21730","GLASS STAR FROSTED T-LIGHT HOLDER","4","2017-03-22 10:44:00","4.24","14606.0","EIRE","EMEA"
"537574","84029G","KNITTED UNION FLAG HOT WATER BOTTLE","11","2017-03-05 11:41:00","3.65","17809.0","USA","AMER"
"537575","84029G","KNITTED UNION FLAG HOT WATER BOTTLE","11","2017-03-13 12:54:00","3.58","15291.0","Canada","AMER"
"537576","22632","HAND WARMER RED POLKA DOT","4","2017-03-16 15:19:00","2.21","17809.0","Spain","EMEA"
"537576","84029E","RED WOOLLY HOTTIE WHITE HEART","9","2017-03-16 15:19:00","3.41","17809.0","Spain","EMEA"
"537576","22752","SET 7 BABUSHKA NESTING BOXES","12","2017-03-16 15:19:00","7.91","17809.0","Spain","EMEA"
"537577","85123A","WHITE HANGING HEART T-LIGHT HOLDER","4","2017-04-09 12:46:00","2.76","13047.0","Belgium","EMEA"
"537577","20685","DOORMAT RED RETROSPOT","12","2017-04-09 12:46:00","7.12","13047.0","Belgium","EMEA"
"537577","22633","HAND WARMER UNION JACK","3","2017-04-09 12:46:00","1.81","13047.0","Belgium","EMEA"
"537578","84029E","RED WOOLLY HOTTIE WHITE HEART","6","2017-04-21 16:38:00","3.29","16029.0","Belgium","EMEA"
"537579","85123A","WHITE HANGING HEART T-LIGHT HOLDER","6","2017-04-26 13:44:00","2.99","17809.0","Australia","APAC"
"537579","21730","GLASS STAR FROSTED T-LIGHT HOLDER","9","2017-04-26 13:44:00","4.64","17809.0","Australia","APAC"
"537580","22633","HAND WARMER UNION JACK","5","2017-03-14 12:24:00","2.08","14606.0","Spain","EMEA"
"537581","22752","SET 7 BABUSHKA NESTING BOXES","10","2017-04-29 10:09:00","8.06","12583.0","United Kingdom","EMEA"
"537581","85099B","JUMBO BAG RED RETROSPOT","3","2017-04-29 10:09:00","1.75","12583.0","United Kingdom","EMEA"
"537581","21730","GLASS STAR FROSTED T-LIGHT HOLDER","2","2017-04-29 10:09:00","4.33","12583.0","United Kingdom","EMEA"
"537582","47566","PARTY BUNTING","9","2017-04-22 10:16:00","4.96","14096.0","USA","AMER"
"537582","22633","HAND WARMER UNION JACK","8","2017-04-22 10:16:00","1.97","14096.0","USA","AMER"
"537583","85123A","WHITE HANGING HEART T-LIGHT HOLDER","4","2017-03-13 08:46:00","2.94","16029.0","EIRE","EMEA"
"537583","84029E","RED WOOLLY HOTTIE WHITE HEART","5","2017-03-13 08:46:00","3.52","16029.0","EIRE","EMEA"
"537583","22633","HAND WARMER UNION JACK","10","2017-03-13 08:46:00","1.82","16029.0","EIRE","EMEA"
"537584","22633","HAND WARMER UNION JACK","11","2017-03-18 14:16:00","1.9","12583.0","Spain","EMEA"
"537585","71053","WHITE METAL LANTERN","9","2017-03-27 09:25:00","3.46","17809.0","United Kingdom","EMEA"
"537586","85123A","WHITE HANGING HEART T-LIGHT HOLDER","8","2017-03-01 15:40:00","2.78","13777.0","USA","AMER"
"537586","47566","PARTY BUNTING","7","2017-03-01 15:40:00","5.33","13777.0","USA","AMER"
"537587","47566","PARTY BUNTING","7","2017-03-10 11:08:00","5.24","12583.0","Netherlands","EMEA"
"537587","85099B","JUMBO BAG RED RETROSPOT","4","2017-03-10 11:08:00","1.71","12583.0","Netherlands","EMEA"
"537587","85123A","WHITE HANGING HEART T-LIGHT HOLDER","11","2017-03-10 11:08:00","2.82","12583.0","Netherlands","EMEA"
"537588","22632","HAND WARMER RED POLKA DOT","6","2017-03-11 11:34:00","2.19","14096.0","Spain","EMEA"
"537589","71053","WHITE METAL LANTERN","1","2017-04-08 12:15:00","3.52","17850.0","Netherlands","EMEA"
"537589","20685","DOORMAT RED RETROSPOT","1","2017-04-08 12:15:00","7.15","17850.0","Netherlands","EMEA"
"537590","84406B","CREAM CUPID HEARTS COAT HANGER","4","2017-04-30 13:30:00","3.11","15311.0","Canada","AMER"
"537590","22633","HAND WARMER UNION JACK","10","2017-04-30 13:30:00","2.14","15311.0","Canada","AMER"
"537591","85123A","WHITE HANGING HEART T-LIGHT HOLDER","10","2017-04-29 08:59:00","2.61","14096.0","Spain","EMEA"
"537591","22632","HAND WARMER RED POLKA DOT","6","2017-04-29 08:59:00","2.33","14096.0","Spain","EMEA"
"537592","21730","GLASS STAR FROSTED T-LIGHT HOLDER","7","2017-03-14 14:37:00","4.23","13047.0","Germany","EMEA"
"537592","85099B","JUMBO BAG RED RETROSPOT","1","2017-03-14 14:37:00","1.91","13047.0","Germany","EMEA"
"537592","85099B","JUMBO BAG RED RETROSPOT","4","2017-03-14 14:37:00","1.68","13047.0","Germany","EMEA"
"537593","22633","HAND WARMER UNION JACK","8","2017-03-08 10:13:00","2.05","14096.0","EIRE","EMEA"
"537593","84029E","RED WOOLLY HOTTIE WHITE HEART","7","2017-03-08 10:13:00","3.72","14096.0","EIRE","EMEA"
"537594","84029E","RED WOOLLY HOTTIE WHITE HEART","10","2017-03-09 10:40:00","3.73","13777.0","USA","AMER"
"537594","47566","PARTY BUNTING","6","2017-03-09 10:40:00","5.42","13777.0","USA","AMER"
"537594","84029E","RED WOOLLY HOTTIE WHITE HEART","3","2017-03-09 10:40:00","3.72","13777.0","USA","AMER"
"537595","22752","SET 7 BABUSHKA NESTING BOXES","7","2017-03-13 14:54:00","7.85","12583.0","USA","AMER"
"537596","85123A","WHITE HANGING HEART T-LIGHT HOLDER","6","2017-03-16 08:55:00","2.86","14606.0","Netherlands","EMEA"
"537596","21730","GLASS STAR FROSTED T-LIGHT HOLDER","9","2017-03-16 08:55:00","4.36","14606.0","Netherlands","EMEA"
"537596","20685","DOORMAT RED RETROSPOT","5","2017-03-16 08:55:00","7.2","14606.0","Netherlands","EMEA"
"537597","84406B","CREAM CUPID HEARTS COAT HANGER","5","2017-04-15 15:28:00","2.95","16029.0","France","EMEA"
"537598","22752","SET 7 BABUSHKA NESTING BOXES","4","2017-03-22 15:20:00","7.93","13777.0","EIRE","EMEA"
"537599","47566","PARTY BUNTING","2","2017-03-13 10:45:00","5.01","13047.0","France","EMEA"
"537600","71053","WHITE METAL LANTERN","12","2017-03-12 10:37:00","3.45","13777.0","EIRE","EMEA"
"537601","21730","GLASS STAR FROSTED T-LIGHT HOLDER","6","2017-03-28 13:32:00","4.53","17809.0","Germany","EMEA"
"537601","84029G","KNITTED UNION FLAG HOT WATER BOTTLE","5","2017-03-28 13:32:00","3.53","17809.0","Germany","EMEA"
"537602","84406B","CREAM CUPID HEARTS COAT HANGER","9","2017-04-23 16:50:00","2.72","15291.0","France","EMEA"
"537603","22752","SET 7 BABUSHKA NESTING BOXES","3","2017-03-15 14:53:00","8.08","15311.0","USA","AMER"
"537603","85123A","WHITE HANGING HEART T-LIGHT HOLDER","9","2017-03-15 14:53:00","2.6","15311.0","USA","AMER"
"537604","21730","GLASS STAR FROSTED T-LIGHT HOLDER","4","2017-03-06 15:11:00","4.42","17850.0","Spain","EMEA"
"537604","20685","DOORMAT RED RETROSPOT","3","2017-03-06 15:11:00","7.48","17850.0","Spain","EMEA"
"537605","22633","HAND WARMER UNION JACK","5","2017-04-24 09:15:00","2.09","13047.0","EIRE","EMEA"
"537605","47566","PARTY BUNTING","7","2017-04-24 09:15:00","5.09","13047.0","EIRE","EMEA"
"537605","84406B","CREAM CUPID HEARTS COAT HANGER","5","2017-04-24 09:15:00","2.79","13047.0","EIRE","EMEA"
"537606","21730","GLASS STAR FROSTED T-LIGHT HOLDER","8","2017-04-15 13:37:00","4.42","14606.0","Spain","EMEA"
"537606","85099B","JUMBO BAG RED RETROSPOT","7","2017-04-15 13:37:00","1.62","14606.0","Spain","EMEA"
"537606","21730","GLASS STAR FROSTED T-LIGHT HOLDER","2","2017-04-15 13:37:00","4.73","14606.0","Spain","EMEA"
"537607","84406B","CREAM CUPID HEARTS COAT HANGER","12","2017-04-12 13:45:00","2.71","13047.0","EIRE","EMEA"
"537608","21730","GLASS STAR FROSTED T-LIGHT HOLDER","8","2017-03-17 13:58:00","4.53","12583.0","Australia","APAC"
"537608","85123A","WHITE HANGING HEART T-LIGHT HOLDER","7","2017-03-17 13:58:00","2.86","12583.0","Australia","APAC"
"537608","71053","WHITE METAL LANTERN","6","2017-03-17 13:58:00","3.32","12583.0","Australia","APAC"
"537609","22632","HAND WARMER RED POLKA DOT","10","2017-04-15 09:29:00","1.76","12583.0","Canada","AMER"
"537609","85123A","WHITE HANGING HEART T-LIGHT HOLDER","11","2017-04-15 09:29:00","2.96","12583.0","Canada","AMER"
"537609","47566","PARTY BUNTING","12","2017-04-15 09:29:00","5.34","12583.0","Canada","AMER"
"537610","84029E","RED WOOLLY HOTTIE WHITE HEART","8","2017-03-17 12:57:00","3.44","17850.0","Belgium","EMEA"
"537611","85123A","WHITE HANGING HEART T-LIGHT HOLDER","9","2017-03-10 16:40:00","2.85","15291.0","United Kingdom","EMEA"
"537612","21730","GLASS STAR FROSTED T-LIGHT HOLDER","12","2017-03-28 10:42:00","4.4","12583.0","United Kingdom","EMEA"
"537613","84029G","KNITTED UNION FLAG HOT WATER BOTTLE","10","2017-03-23 08:47:00","3.7","16029.0","France","EMEA"
"537613","84406B","CREAM CUPID HEARTS COAT HANGER","1","2017-03-23 08:47:00","3.11","16029.0","France","EMEA"
"537613","85123A","WHITE HANGING HEART T-LIGHT HOLDER","3","2017-03-23 08:47:00","2.77","16029.0","France","EMEA"
"537614","84406B","CREAM CUPID HEARTS COAT HANGER","1","2017-04-20 11:47:00","2.83","13047.0","EIRE","EMEA"
"537614","22633","HAND WARMER UNION JACK","11","2017-04-20 11:47:00","1.81","13047.0","EIRE","EMEA"
"537615","84029G","KNITTED UNION FLAG HOT WATER BOTTLE","12","2017-04-29 11:38:00","3.53","14606.0","France","EMEA"
"537615","21730","GLASS STAR FROSTED T-LIGHT HOLDER","5","2017-04-29 11:38:00","4.43","14606.0","France","EMEA"
"537615","47566","PARTY BUNTING","3","2017-04-29 11:38:00","5.12","14606.0","France","EMEA"
"537616","22752","SET 7 BABUSHKA NESTING BOXES","7","2017-04-17 10:41:00","8.13","14606.0","United Kingdom","EMEA"
"537616","84406B","CREAM CUPID HEARTS COAT HANGER","1","2017-04-17 10:41:00","2.81","14606.0","United Kingdom","EMEA"
"537617","85123A","WHITE HANGING HEART T-LIGHT HOLDER","4","2017-03-28 15:51:00","2.58","13777.0","Germany","EMEA"
"537617","47566","PARTY BUNTING","5","2017-03-28 15:51:00","5.41","13777.0","Germany","EMEA"
"537618","84406B","CREAM CUPID HEARTS COAT HANGER","11","2017-03-11 11:30:00","2.76","17850.0","Spain","EMEA"
"537618","47566","PARTY BUNTING","8","2017-03-11 11:30:00","4.94","17850.0","Spain","EMEA"
"537619","71053","WHITE METAL LANTERN","10","2017-03-05 16:00:00","3.85","12583.0","USA","AMER"
"537619","84406B","CREAM CUPID HEARTS COAT HANGER","9","2017-03-05 16:00:00","3.02","12583.0","USA","AMER"
"537619","22633","HAND WARMER UNION JACK","9","2017-03-05 16:00:00","1.85","12583.0","USA","AMER"
"537620","84406B","CREAM CUPID HEARTS COAT HANGER","3","2017-04-16 13:52:00","3.13","13047.0","USA","AMER"
"537621","85099B","JUMBO BAG RED RETROSPOT","10","2017-04-23 08:17:00","1.83","12583.0","USA","AMER"
"537621","21730","GLASS STAR FROSTED T-LIGHT HOLDER","4","2017-04-23 08:17:00","4.45","12583.0","USA","AMER"
"537621","71053","WHITE METAL LANTERN","4","2017-04-23 08:17:00","3.53","12583.0","USA","AMER"
"537622","20685","DOORMAT RED RETROSPOT","12","2017-03-24 16:50:00","7.15","14096.0","Spain","EMEA"
"537622","85123A","WHITE HANGING HEART T-LIGHT HOLDER","7","2017-03-24 16:50:00","2.82","14096.0","Spain","EMEA"
"537622","84406B","CREAM CUPID HEARTS COAT HANGER","8","2017-03-24 16:50:00","2.88","14096.0","Spain","EMEA"
"537623","47566","PARTY BUNTING","1","2017-04-28 09:06:00","5.17","16029.0","Germany","EMEA"
"537623","22632","HAND WARMER RED POLKA DOT","2","2017-04-28 09:06:00","2.15","16029.0","Germany","EMEA"
"537624","22633","HAND WARMER UNION JACK","12","2017-03-26 08:36:00","1.89","13047.0","Australia","APAC"
"537625","21730","GLASS STAR FROSTED T-LIGHT HOLDER","1","2017-03-05 12:37:00","4.66","13047.0","Netherlands","EMEA"
"537626","22632","HAND WARMER RED POLKA DOT","6","2017-04-12 09:54:00","2.1","14096.0","EIRE","EMEA"
"537626","47566","PARTY BUNTING","8","2017-04-12 09:54:00","5.28","14096.0","EIRE","EMEA"
"537626","22632","HAND WARMER RED POLKA DOT","3","2017-04-12 09:54:00","1.81","14096.0","EIRE","EMEA"
"537627","20685","DOORMAT RED RETROSPOT","8","2017-03-20 10:22:00","7.05","13777.0","France","EMEA"
"537628","20685","DOORMAT RED RETROSPOT","5","2017-03-22 08:55:00","7.49","17850.0","EIRE","EMEA"
"537628","84029E","RED WOOLLY HOTTIE WHITE HEART","6","2017-03-22 08:55:00","3.74","17850.0","EIRE","EMEA"
"537628","20685","DOORMAT RED RETROSPOT","7","2017-03-22 08:55:00","7.22","17850.0","EIRE","EMEA"
"537629","20685","DOORMAT RED RETROSPOT","10","2017-03-20 09:57:00","7.27","16029.0","EIRE","EMEA"
"537629","85123A","WHITE HANGING HEART T-LIGHT HOLDER","4","2017-03-20 09:57:00","2.49","16029.0","EIRE","EMEA"
"537630","21730","GLASS STAR FROSTED T-LIGHT HOLDER","8","2017-03-06 08:53:00","4.51","13777.0","France","EMEA"
"537630","22752","SET 7 BABUSHKA NESTING BOXES","2","2017-03-06 08:53:00","8.01","13777.0","France","EMEA"
"537631","22752","SET 7 BABUSHKA NESTING BOXES","9","2017-04-22 10:58:00","8.1","13047.0","Australia","APAC"
"537631","71053","WHITE METAL LANTERN","1","2017-04-22 10:58:00","3.32","13047.0","Australia","APAC"
"537631","47566","PARTY BUNTING","2","2017-04-22 10:58:00","5.37","13047.0","Australia","APAC"
"537632","84029E","RED WOOLLY HOTTIE WHITE HEART","6","2017-03-29 14:32:00","3.75","14096.0","Belgium","EMEA"
"537632","84029G","KNITTED UNION FLAG HOT WATER BOTTLE","9","2017-03-29 14:32:00","3.35","14096.0","Belgium","EMEA"
"537633","21730","GLASS STAR FROSTED T-LIGHT HOLDER","8","2017-04-13 15:49:00","4.24","17809.0","Canada","AMER"
"537633","85123A","WHITE HANGING HEART T-LIGHT HOLDER","2","2017-04-13 15:49:00","2.51","17809.0","Canada","AMER"
"537634","85123A","WHITE HANGING HEART T-LIGHT HOLDER","10","2017-04-13 14:23:00","2.77","17850.0","France","EMEA"
"537634","22633","HAND WARMER UNION JACK","2","2017-04-13 14:23:00","2.24","17850.0","France","EMEA"
"537635","21730","GLASS STAR FROSTED T-LIGHT HOLDER","5","2017-04-16 12:39:00","4.17","15291.0","USA","AMER"
"537635","84029E","RED WOOLLY HOTTIE WHITE HEART","4","2017-04-16 12:39:00","3.36","15291.0","USA","AMER"
"537635","85123A","WHITE HANGING HEART T-LIGHT HOLDER","7","2017-04-16 12:39:00","2.76","15291.0","USA","AMER"
"537636","22633","HAND WARMER UNION JACK","4","2017-04-15 09:31:00","1.82","14606.0","Belgium","EMEA"
"537636","21730","GLASS STAR FROSTED T-LIGHT HOLDER","4","2017-04-15 09:31:00","4.18","14606.0","Belgium","EMEA"
"537637","47566","PARTY BUNTING","3","2017-03-20 11:09:00","5.3","13777.0","France","EMEA"
"537637","85123A","WHITE HANGING HEART T-LIGHT HOLDER","2","2017-03-20 11:09:00","2.9","13777.0","France","EMEA"
"537638","84029E","RED WOOLLY HOTTIE WHITE HEART","6","2017-04-10 11:27:00","3.8","17809.0","Spain","EMEA"
"537638","71053","WHITE METAL LANTERN","3","2017-04-10 11:27:00","3.73","17809.0","Spain","EMEA"
"537638","22752","SET 7 BABUSHKA NESTING BOXES","5","2017-04-10 11:27:00","7.67","17809.0","Spain","EMEA"
"537639","85099B","JUMBO BAG RED RETROSPOT","10","2017-04-11 12:35:00","2.14","14606.0","Spain","EMEA"
"537639","84406B","CREAM CUPID HEARTS COAT HANGER","5","2017-04-11 12:35:00","2.92","14606.0","Spain","EMEA"
"537639","22752","SET 7 BABUSHKA NESTING BOXES","4","2017-04-11 12:35:00","7.57","14606.0","Spain","EMEA"
"537640","84029E","RED WOOLLY HOTTIE WHITE HEART","5","2017-04-12 10:25:00","3.65","16029.0","United Kingdom","EMEA"
"537641","21730","GLASS STAR FROSTED T-LIGHT HOLDER","5","2017-03-07 08:19:00","4.64","13047.0","United Kingdom","EMEA"
"537641","84406B","CREAM CUPID HEARTS COAT HANGER","12","2017-03-07 08:19:00","2.66","13047.0","United Kingdom","EMEA"
"537642","71053","WHITE METAL LANTERN","5","2017-03-21 13:39:00","3.76","16029.0","Australia","APAC"
"537643","47566","PARTY BUNTING","2","2017-03-12 10:55:00","5.27","15311.0","Australia","APAC"
"537643","21730","GLASS STAR FROSTED T-LIGHT HOLDER","6","2017-03-12 10:55:00","4.24","15311.0","Australia","APAC"
"537643","85123A","WHITE HANGING HEART T-LIGHT HOLDER","12","2017-03-12 10:55:00","2.81","15311.0","Australia","APAC"
"537644","21730","GLASS STAR FROSTED T-LIGHT HOLDER","8","2017-03-30 14:46:00","4.16","17850.0","Canada","AMER"
"537644","84406B","CREAM CUPID HEARTS COAT HANGER","7","2017-03-30 14:46:00","2.81","17850.0","Canada","AMER"
"537645","21730","GLASS STAR FROSTED T-LIGHT HOLDER","7","2017-03-28 16:00:00","4.32","17809.0","United Kingdom","EMEA"
"537645","85123A","WHITE HANGING HEART T-LIGHT HOLDER","1","2017-03-28 16:00:00","2.54","17809.0","United Kingdom","EMEA"
"537646","84029G","KNITTED UNION FLAG HOT WATER BOTTLE","7","2017-03-26 12:11:00","3.46","15291.0","Germany","EMEA"
"537646","22752","SET 7 BABUSHKA NESTING BOXES","6","2017-03-26 12:11:00","7.78","15291.0","Germany","EMEA"
"537646","22752","SET 7 BABUSHKA NESTING BOXES","5","2017-03-26 12:11:00","7.63","15291.0","Germany","EMEA"
"537647","84029E","RED WOOLLY HOTTIE WHITE HEART","5","2017-03-27 11:02:00","3.35","17850.0","Netherlands","EMEA"
"537647","21730","GLASS STAR FROSTED T-LIGHT HOLDER","8","2017-03-27 11:02:00","4.71","17850.0","Netherlands","EMEA"
"537648","84029G","KNITTED UNION FLAG HOT WATER BOTTLE","6","2017-03-19 12:21:00","3.68","15291.0","France","EMEA"
"537648","85099B","JUMBO BAG RED RETROSPOT","6","2017-03-19 12:21:00","1.79","15291.0","France","EMEA"
"537648","20685","DOORMAT RED RETROSPOT","11","2017-03-19 12:21:00","7.04","15291.0","France","EMEA"
"537649","85099B","JUMBO BAG RED RETROSPOT","3","2017-03-07 14:51:00","1.86","16029.0","Belgium","EMEA"
"537650","21730","GLASS STAR FROSTED T-LIGHT HOLDER","6","2017-03-03 16:53:00","4.56","17809.0","Australia","APAC"
"537650","85123A","WHITE HANGING HEART T-LIGHT HOLDER","7","2017-03-03 16:53:00","2.56","17809.0","Australia","APAC"
"537650","47566","PARTY BUNTING","9","2017-03-03 16:53:00","5.04","17809.0","Australia","APAC"
"537651","20685","DOORMAT RED RETROSPOT","10","2017-04-10 10:51:00","7.56","15311.0","France","EMEA"
"537651","22752","SET 7 BABUSHKA NESTING BOXES","12","2017-04-10 10:51:00","8.14","15311.0","France","EMEA"
"537651","85123A","WHITE HANGING HEART T-LIGHT HOLDER","3","2017-04-10 10:51:00","2.8","15311.0","France","EMEA"
"537652","84029G","KNITTED UNION FLAG HOT WATER BOTTLE","7","2017-04-08 15:16:00","3.85","14096.0","United Kingdom","EMEA"
"537653","84029G","KNITTED UNION FLAG HOT WATER BOTTLE","2","2017-03-30 15:54:00","3.5","14096.0","Canada","AMER"
"537653","47566","PARTY BUNTING","7","2017-03-30 15:54:00","5.18","14096.0","Canada","AMER"
"537654","71053","WHITE METAL LANTERN","9","2017-03-03 16:09:00","3.34","14606.0","France","EMEA"
"537655","47566","PARTY BUNTING","5","2017-03-24 09:49:00","5.15","13047.0","Netherlands","EMEA"
"537656","20685","DOORMAT RED RETROSPOT","1","2017-04-03 09:02:00","7.51","15291.0","France","EMEA"
"537656","21730","GLASS STAR FROSTED T-LIGHT HOLDER","4","2017-04-03 09:02:00","4.5","15291.0","France","EMEA"
"537656","47566","PARTY BUNTING","12","2017-04-03 09:02:00","5.22","15291.0","France","EMEA"
"537657","21730","GLASS STAR FROSTED T-LIGHT HOLDER","1","2017-03-11 15:30:00","4.24","13047.0","United Kingdom","EMEA"
"537658","47566","PARTY BUNTING","5","2017-03-23 15:21:00","5.06","13047.0","EIRE","EMEA"
"537658","71053","WHITE METAL LANTERN","2","2017-03-23 15:21:00","3.85","13047.0","EIRE","EMEA"
"537659","20685","DOORMAT RED RETROSPOT","7","2017-04-25 08:45:00","6.99","14096.0","EIRE","EMEA"
"537659","22633","HAND WARMER UNION JACK","12","2017-04-25 08:45:00","2.13","14096.0","EIRE","EMEA"
"537660","84029G","KNITTED UNION FLAG HOT WATER BOTTLE","8","2017-03-06 12:57:00","3.55","15311.0","Germany","EMEA"
"537661","84029G","KNITTED UNION FLAG HOT WATER BOTTLE","8","2017-04-17 11:48:00","3.73","14096.0","Netherlands","EMEA"
"537662","22633","HAND WARMER UNION JACK","6","2017-03-12 14:27:00","2.28","16029.0","Netherlands","EMEA"
"537662","84029G","KNITTED UNION FLAG HOT WATER BOTTLE","2","2017-03-12 14:27:00","3.86","16029.0","Netherlands","EMEA"
"537662","71053","WHITE METAL LANTERN","1","2017-03-12 14:27:00","3.42","16029.0","Netherlands","EMEA"
"537663","85123A","WHITE HANGING HEART T-LIGHT HOLDER","1","2017-03-29 10:03:00","2.96","14096.0","Australia","APAC"
"537664","84029E","RED WOOLLY HOTTIE WHITE HEART","3","2017-03-12 11:46:00","3.7","13777.0","France","EMEA"
"537665","71053","WHITE METAL LANTERN","3","2017-04-09 13:40:00","3.46","17850.0","EIRE","EMEA"
"537666","84029E","RED WOOLLY HOTTIE WHITE HEART","4","2017-03-31 13:44:00","3.53","12583.0","Germany","EMEA"
"537666","85099B","JUMBO BAG RED RETROSPOT","5","2017-03-31 13:44:00","1.66","12583.0","Germany","EMEA"
"537667","22752","SET 7 BABUSHKA NESTING BOXES","1","2017-04-07 16:16:00","8.09","16029.0","Canada","AMER"
"537667","84029G","KNITTED UNION FLAG HOT WATER BOTTLE","8","2017-04-07 16:16:00","3.44","16029.0","Canada","AMER"
"537668","22752","SET 7 BABUSHKA NESTING BOXES","7","2017-04-09 16:36:00","7.56","14096.0","Australia","APAC"
"537668","84406B","CREAM CUPID HEARTS COAT HANGER","5","2017-04-09 16:36:00","2.95","14096.0","Australia","APAC"
"537668","85123A","WHITE HANGING HEART T-LIGHT HOLDER","2","2017-04-09 16:36:00","2.46","14096.0","Australia","APAC"
"537669","22752","SET 7 BABUSHKA NESTING BOXES","9","2017-03-01 10:07:00","7.77","12583.0","France","EMEA"
"537669","84029G","KNITTED UNION FLAG HOT WATER BOTTLE","7","2017-03-01 10:07:00","3.49","12583.0","France","EMEA"
"537670","47566","PARTY BUNTING","7","2017-03-22 10:55:00","5.07","15311.0","Spain","EMEA"
"537670","47566","PARTY BUNTING","8","2017-03-22 10:55:00","5.29","15311.0","Spain","EMEA"
"537671","84029E","RED WOOLLY HOTTIE WHITE HEART","2","2017-04-12 11:55:00","3.69","12583.0","France","EMEA"
"537671","22633","HAND WARMER UNION JACK","5","2017-04-12 11:55:00","2.21","12583.0","France","EMEA"
"537672","71053","WHITE METAL LANTERN","2","2017-03-08 14:43:00","3.72","13047.0","Australia","APAC"
"537672","20685","DOORMAT RED RETROSPOT","5","2017-03-08 14:43:00","7.1","13047.0","Australia","APAC"
"537672","20685","DOORMAT RED RETROSPOT","10","2017-03-08 14:43:00","7.13","13047.0","Australia","APAC"
"537673","85099B","JUMBO BAG RED RETROSPOT","9","2017-03-19 11:37:00","1.68","15311.0","Spain","EMEA"
"537674","21730","GLASS STAR FROSTED T-LIGHT HOLDER","4","2017-03-13 12:09:00","4.17","17809.0","USA","AMER"
"537674","22752","SET 7 BABUSHKA NESTING BOXES","8","2017-03-13 12:09:00","8.05","17809.0","USA","AMER"
"537674","47566","PARTY BUNTING","5","2017-03-13 12:09:00","4.87","17809.0","USA","AMER"
"537675","85123A","WHITE HANGING HEART T-LIGHT HOLDER","4","2017-04-10 14:38:00","2.93","17809.0","United Kingdom","EMEA"
"537675","85099B","JUMBO BAG RED RETROSPOT","8","2017-04-10 14:38:00","1.59","17809.0","United Kingdom","EMEA"
"537675","20685","DOORMAT RED RETROSPOT","10","2017-04-10 14:38:00","7.45","17809.0","United Kingdom","EMEA"
"537676","71053","WHITE METAL LANTERN","3","2017-03-16 16:19:00","3.71","15291.0","Belgium","EMEA"
"537676","21730","GLASS STAR FROSTED T-LIGHT HOLDER","2","2017-03-16 16:19:00","4.54","15291.0","Belgium","EMEA"
"537677","84029G","KNITTED UNION FLAG HOT WATER BOTTLE","9","2017-04-09 15:36:00","3.85","14096.0","EIRE","EMEA"
"537678","20685","DOORMAT RED RETROSPOT","6","2017-04-23 08:06:00","7.45","13047.0","Belgium","EMEA"
"537679","22633","HAND WARMER UNION JACK","7","2017-03-20 16:47:00","2.04","14096.0","Netherlands","EMEA"
"537680","71053","WHITE METAL LANTERN","4","2017-03-18 12:09:00","3.33","17809.0","USA","AMER"
"537680","22633","HAND WARMER UNION JACK","1","2017-03-18 12:09:00","1.97","17809.0","USA","AMER"
"537680","85099B","JUMBO BAG RED RETROSPOT","9","2017-03-18 12:09:00","1.9","17809.0","USA","AMER"
"537681","22633","HAND WARMER UNION JACK","8","2017-04-18 12:22:00","1.98","14096.0","Belgium","EMEA"
"537682","85123A","WHITE HANGING HEART T-LIGHT HOLDER","6","2017-03-24 08:12:00","2.94","17850.0","EIRE","EMEA"
"537683","85123A","WHITE HANGING HEART T-LIGHT HOLDER","12","2017-04-17 08:04:00","2.94","17850.0","United Kingdom","EMEA"
"537684","71053","WHITE METAL LANTERN","4","2017-03-12 13:34:00","3.66","15311.0","Netherlands","EMEA"
"537685","21730","GLASS STAR FROSTED T-LIGHT HOLDER","4","2017-03-31 15:48:00","4.29","13047.0","EIRE","EMEA"
"537686","22632","HAND WARMER RED POLKA DOT","4","2017-04-12 12:25:00","2.19","13047.0","Australia","APAC"
"537687","22752","SET 7 BABUSHKA NESTING BOXES","5","2017-04-06 08:08:00","7.72","13047.0","USA","AMER"
"537687","20685","DOORMAT RED RETROSPOT","9","2017-04-06 08:08:00","7.11","13047.0","USA","AMER"
"537687","21730","GLASS STAR FROSTED T-LIGHT HOLDER","3","2017-04-06 08:08:00","4.58","13047.0","USA","AMER"
"537688","84406B","CREAM CUPID HEARTS COAT HANGER","4","2017-04-12 10:44:00","2.67","15311.0","Australia","APAC"
"537689","84406B","CREAM CUPID HEARTS COAT HANGER","5","2017-04-22 15:36:00","3.2","13777.0","Germany","EMEA"
"537689","71053","WHITE METAL LANTERN","2","2017-04-22 15:36:00","3.58","13777.0","Germany","EMEA"
"537690","21730","GLASS STAR FROSTED T-LIGHT HOLDER","11","2017-04-19 12:34:00","4.46","15291.0","EIRE","EMEA"
"537690","71053","WHITE METAL LANTERN","8","2017-04-19 12:34:00","3.44","15291.0","EIRE","EMEA"
"537690","22633","HAND WARMER UNION JACK","10","2017-04-19 12:34:00","2.17","15291.0","EIRE","EMEA"
"537691","85123A","WHITE HANGING HEART T-LIGHT HOLDER","11","2017-03-21 10:49:00","2.6","12583.0","Netherlands","EMEA"
"537691","71053","WHITE METAL LANTERN","10","2017-03-21 10:49:00","3.43","12583.0","Netherlands","EMEA"
"537692","22632","HAND WARMER RED POLKA DOT","2","2017-04-22 11:22:00","2.07","13047.0","Spain","EMEA"
"537692","22632","HAND WARMER RED POLKA DOT","11","2017-04-22 11:22:00","2.13","13047.0","Spain","EMEA"
"537692","85123A","WHITE HANGING HEART T-LIGHT HOLDER","12","2017-04-22 11:22:00","2.93","13047.0","Spain","EMEA"
"537693","22633","HAND WARMER UNION JACK","10","2017-04-01 09:40:00","2.22","14606.0","Belgium","EMEA"
"537693","20685","DOORMAT RED RETROSPOT","11","2017-04-01 09:40:00","7.52","14606.0","Belgium","EMEA"
"537694","20685","DOORMAT RED RETROSPOT","10","2017-04-30 09:18:00","7.29","17809.0","United Kingdom","EMEA"
"537694","22633","HAND WARMER UNION JACK","4","2017-04-30 09:18:00","1.97","17809.0","United Kingdom","EMEA"
"537695","22633","HAND WARMER UNION JACK","5","2017-03-09 11:11:00","1.83","12583.0","Netherlands","EMEA"
"537695","84029G","KNITTED UNION FLAG HOT WATER BOTTLE","3","2017-03-09 11:11:00","3.46","12583.0","Netherlands","EMEA"
"537696","21730","GLASS STAR FROSTED T-LIGHT HOLDER","10","2017-04-28 10:03:00","4.18","15311.0","France","EMEA"
"537696","22632","HAND WARMER RED POLKA DOT","7","2017-04-28 10:03:00","2.23","15311.0","France","EMEA"
"537696","85123A","WHITE HANGING HEART T-LIGHT HOLDER","9","2017-04-28 10:03:00","2.92","15311.0","France","EMEA"
"537697","84029G","KNITTED UNION FLAG HOT WATER BOTTLE","11","2017-04-23 08:51:00","3.3","17850.0","Netherlands","EMEA"
"537697","22632","HAND WARMER RED POLKA DOT","7","2017-04-23 08:51:00","2.3","17850.0","Netherlands","EMEA"
"537697","84406B","CREAM CUPID HEARTS COAT HANGER","1","2017-04-23 08:51:00","2.75","17850.0","Netherlands","EMEA"
"537698","84029E","RED WOOLLY HOTTIE WHITE HEART","3","2017-04-04 13:52:00","3.74","13047.0","Spain","EMEA"
"537698","71053","WHITE METAL LANTERN","2","2017-04-04 13:52:00","3.63","13047.0","Spain","EMEA"
"537698","22633","HAND WARMER UNION JACK","3","2017-04-04 13:52:00","2.0","13047.0","Spain","EMEA"
"537699","21730","GLASS STAR FROSTED T-LIGHT HOLDER","5","2017-03-26 15:10:00","4.49","13777.0","France","EMEA"
"537699","84029E","RED WOOLLY HOTTIE WHITE HEART","1","2017-03-26 15:10:00","3.82","13777.0","France","EMEA"
"537699","22632","HAND WARMER RED POLKA DOT","12","2017-03-26 15:10:00","2.07","13777.0","France","EMEA"
"537700","22633","HAND WARMER UNION JACK","11","2017-03-25 11:14:00","1.82","17809.0","Canada","AMER"
"537700","84029E","RED WOOLLY HOTTIE WHITE HEART","5","2017-03-25 11:14:00","3.36","17809.0","Canada","AMER"
"537701","22752","SET 7 BABUSHKA NESTING BOXES","10","2017-04-27 13:27:00","7.69","16029.0","USA","AMER"
"537701","20685","DOORMAT RED RETROSPOT","1","2017-04-27 13:27:00","7.2","16029.0","USA","AMER"
"537701","20685","DOORMAT RED RETROSPOT","12","2017-04-27 13:27:00","7.56","16029.0","USA","AMER"
"537702","22632","HAND WARMER RED POLKA DOT","10","2017-04-11 12:15:00","2.3","14606.0","USA","AMER"
"537703","84029E","RED WOOLLY HOTTIE WHITE HEART","2","2017-03-17 16:07:00","3.81","15311.0","EIRE","EMEA"
"537703","22633","HAND WARMER UNION JACK","7","2017-03-17 16:07:00","1.92","15311.0","EIRE","EMEA"
"537704","47566","PARTY BUNTING","8","2017-03-28 12:03:00","5.14","15291.0","Australia","APAC"
"537705","20685","DOORMAT RED RETROSPOT","5","2017-04-01 09:43:00","7.47","14606.0","Australia","APAC"
"537705","84406B","CREAM CUPID HEARTS COAT HANGER","3","2017-04-01 09:43:00","2.93","14606.0","Australia","APAC"
"537706","47566","PARTY BUNTING","9","2017-04-27 09:05:00","4.94","14606.0","Spain","EMEA"
"537707","84029G","KNITTED UNION FLAG HOT WATER BOTTLE","7","2017-04-02 09:55:00","3.8","17850.0","EIRE","EMEA"
"537708","22752","SET 7 BABUSHKA NESTING BOXES","8","2017-04-21 15:44:00","7.68","14096.0","Spain","EMEA"
"537708","85099B","JUMBO BAG RED RETROSPOT","6","2017-04-21 15:44:00","1.95","14096.0","Spain","EMEA"
"537708","84029E","RED WOOLLY HOTTIE WHITE HEART","1","2017-04-21 15:44:00","3.79","14096.0","Spain","EMEA"
"537709","22752","SET 7 BABUSHKA NESTING BOXES","2","2017-04-24 08:49:00","7.71","13777.0","France","EMEA"
"537709","71053","WHITE METAL LANTERN","12","2017-04-24 08:49:00","3.56","13777.0","France","EMEA"
"537709","71053","WHITE METAL LANTERN","7","2017-04-24 08:49:00","3.81","13777.0","France","EMEA"
"537710","85099B","JUMBO BAG RED RETROSPOT","1","2017-03-09 12:38:00","1.78","15311.0","Germany","EMEA"
"537710","85123A","WHITE HANGING HEART T-LIGHT HOLDER","8","2017-03-09 12:38:00","2.95","15311.0","Germany","EMEA"
"537710","85099B","JUMBO BAG RED RETROSPOT","1","2017-03-09 12:38:00","1.63","15311.0","Germany","EMEA"
"537711","47566","PARTY BUNTING","5","2017-03-21 16:50:00","5.12","14606.0","France","EMEA"
"537711","22632","HAND WARMER RED POLKA DOT","11","2017-03-21 16:50:00","1.94","14606.0","France","EMEA"
"537711","20685","DOORMAT RED RETROSPOT","7","2017-03-21 16:50:00","7.43","14606.0","France","EMEA"
"537712","22752","SET 7 BABUSHKA NESTING BOXES","12","2017-03-25 10:33:00","7.69","15291.0","Netherlands","EMEA"
"537713","71053","WHITE METAL LANTERN","7","2017-04-26 09:37:00","3.46","15311.0","EIRE","EMEA"
"537713","20685","DOORMAT RED RETROSPOT","5","2017-04-26 09:37:00","7.24","15311.0","EIRE","EMEA"
"537713","20685","DOORMAT RED RETROSPOT","8","2017-04-26 09:37:00","7.22","15311.0","EIRE","EMEA"
"537714","21730","GLASS STAR FROSTED T-LIGHT HOLDER","6","2017-03-10 12:02:00","4.67","16029.0","France","EMEA"
"537714","85099B","JUMBO BAG RED RETROSPOT","5","2017-03-10 12:02:00","1.65","16029.0","France","EMEA"
"537714","84406B","CREAM CUPID HEARTS COAT HANGER","1","2017-03-10 12:02:00","2.75","16029.0","France","EMEA"
"537715","84029G","KNITTED UNION FLAG HOT WATER BOTTLE","11","2017-03-14 16:01:00","3.65","15311.0","EIRE","EMEA"
"537715","84029E","RED WOOLLY HOTTIE WHITE HEART","11","2017-03-14 16:01:00","3.47","15311.0","EIRE","EMEA"
"537716","84406B","CREAM CUPID HEARTS COAT HANGER","10","2017-04-20 14:25:00","3.0","14606.0","Netherlands","EMEA"
"537717","21730","GLASS STAR FROSTED T-LIGHT HOLDER","7","2017-03-14 09:53:00","4.73","15291.0","USA","AMER"
"537717","85099B","JUMBO BAG RED RETROSPOT","3","2017-03-14 09:53:00","1.99","15291.0","USA","AMER"
"537718","20685","DOORMAT RED RETROSPOT","1","2017-04-16 14:58:00","7.14","15291.0","Netherlands","EMEA"
"537718","22632","HAND WARMER RED POLKA DOT","6","2017-04-16 14:58:00","2.19","15291.0","Netherlands","EMEA"
"537719","85099B","JUMBO BAG RED RETROSPOT","11","2017-04-25 08:43:00","1.87","14606.0","USA","AMER"
"537719","84029E","RED WOOLLY HOTTIE WHITE HEART","4","2017-04-25 08:43:00","3.86","14606.0","USA","AMER"
"537720","47566","PARTY BUNTING","6","2017-04-08 10:51:00","5.21","17850.0","Germany","EMEA"
"537721","47566","PARTY BUNTING","3","2017-03-26 15:46:00","4.94","17809.0","Canada","AMER"
"537721","22633","HAND WARMER UNION JACK","12","2017-03-26 15:46:00","1.77","17809.0","Canada","AMER"
"537721","85099B","JUMBO BAG RED RETROSPOT","1","2017-03-26 15:46:00","1.99","17809.0","Canada","AMER"
"537722","20685","DOORMAT RED RETROSPOT","5","2017-03-01 08:22:00","7.53","14096.0","Belgium","EMEA"
"537722","22633","HAND WARMER UNION JACK","6","2017-03-01 08:22:00","2.21","14096.0","Belgium","EMEA"
"537722","21730","GLASS STAR FROSTED T-LIGHT HOLDER","12","2017-03-01 08:22:00","4.26","14096.0","Belgium","EMEA"
"537723","21730","GLASS STAR FROSTED T-LIGHT HOLDER","10","2017-03-08 10:34:00","4.25","13047.0","Belgium","EMEA"
"537723","84406B","CREAM CUPID HEARTS COAT HANGER","3","2017-03-08 10:34:00","2.67","13047.0","Belgium","EMEA"
"537723","84029E","RED WOOLLY HOTTIE WHITE HEART","3","2017-03-08 10:34:00","3.64","13047.0","Belgium","EMEA"
"537724","20685","DOORMAT RED RETROSPOT","11","2017-04-05 16:11:00","7.58","13777.0","Australia","APAC"
"537724","22633","HAND WARMER UNION JACK","7","2017-04-05 16:11:00","2.13","13777.0","Australia","APAC"
"537725","21730","GLASS STAR FROSTED T-LIGHT HOLDER","9","2017-03-19 08:50:00","4.19","13777.0","United Kingdom","EMEA"
"537725","84029E","RED WOOLLY HOTTIE WHITE HEART","1","2017-03-19 08:50:00","3.75","13777.0","United Kingdom","EMEA"
"537726","84029E","RED WOOLLY HOTTIE WHITE HEART","6","2017-03-21 13:08:00","3.81","15291.0","EIRE","EMEA"
"537726","84029E","RED WOOLLY HOTTIE WHITE HEART","2","2017-03-21 13:08:00","3.86","15291.0","EIRE","EMEA"
"537727","22752","SET 7 BABUSHKA NESTING BOXES","10","2017-03-29 08:57:00","7.59","13777.0","Germany","EMEA"
"537728","21730","GLASS STAR FROSTED T-LIGHT HOLDER","12","2017-04-22 16:20:00","4.73","13047.0","Belgium","EMEA"
"537729","84029E","RED WOOLLY HOTTIE WHITE HEART","11","2017-03-27 09:06:00","3.48","15291.0","Germany","EMEA"
"537730","84406B","CREAM CUPID HEARTS COAT HANGER","7","2017-03-09 14:44:00","2.86","13777.0","Belgium","EMEA"
"537730","47566","PARTY BUNTING","7","2017-03-09 14:44:00","4.92","13777.0","Belgium","EMEA"
"537730","84029G","KNITTED UNION FLAG HOT WATER BOTTLE","6","2017-03-09 14:44:00","3.32","13777.0","Belgium","EMEA"
"537731","84406B","CREAM CUPID HEARTS COAT HANGER","4","2017-03-05 12:10:00","2.86","15311.0","France","EMEA"
"537732","47566","PARTY BUNTING","2","2017-03-18 14:02:00","5.26","13047.0","United Kingdom","EMEA"
"537732","84029E","RED WOOLLY HOTTIE WHITE HEART","8","2017-03-18 14:02:00","3.6","13047.0","United Kingdom","EMEA"
"537732","84029G","KNITTED UNION FLAG HOT WATER BOTTLE","9","2017-03-18 14:02:00","3.3","13047.0","United Kingdom","EMEA"
"537733","20685","DOORMAT RED RETROSPOT","2","2017-04-25 12:04:00","7.46","16029.0","Australia","APAC"
"537733","84029G","KNITTED UNION FLAG HOT WATER BOTTLE","4","2017-04-25 12:04:00","3.37","16029.0","Australia","APAC"
"537734","85123A","WHITE HANGING HEART T-LIGHT HOLDER","10","2017-04-05 12:07:00","3.0","14606.0","EIRE","EMEA"
"537734","84029G","KNITTED UNION FLAG HOT WATER BOTTLE","7","2017-04-05 12:07:00","3.76","14606.0","EIRE","EMEA"
"537734","22632","HAND WARMER RED POLKA DOT","5","2017-04-05 12:07:00","2.07","14606.0","EIRE","EMEA"
"537735","22752","SET 7 BABUSHKA NESTING BOXES","7","2017-04-27 16:56:00","7.76","13047.0","United Kingdom","EMEA"
"537736","21730","GLASS STAR FROSTED T-LIGHT HOLDER","3","2017-04-28 12:10:00","4.54","15311.0","Netherlands","EMEA"
"537736","22633","HAND WARMER UNION JACK","12","2017-04-28 12:10:00","2.18","15311.0","Netherlands","EMEA"
"537737","85099B","JUMBO BAG RED RETROSPOT","9","2017-04-29 14:09:00","1.97","14606.0","EIRE","EMEA"
"537737","84029E","RED WOOLLY HOTTIE WHITE HEART","5","2017-04-29 14:09:00","3.52","14606.0","EIRE","EMEA"
"537737","22632","HAND WARMER RED POLKA DOT","4","2017-04-29 14:09:00","1.79","14606.0","EIRE","EMEA"
"537738","84029G","KNITTED UNION FLAG HOT WATER BOTTLE","7","2017-04-28 09:42:00","3.63","13047.0","France","EMEA"
"537738","84029G","KNITTED UNION FLAG HOT WATER BOTTLE","2","2017-04-28 09:42:00","3.45","13047.0","France","EMEA"
"537738","85099B","JUMBO BAG RED RETROSPOT","3","2017-04-28 09:42:00","2.02","13047.0","France","EMEA"
"537739","22752","SET 7 BABUSHKA NESTING BOXES","4","2017-04-07 09:00:00","7.73","14606.0","EIRE","EMEA"
"537739","71053","WHITE METAL LANTERN","4","2017-04-07 09:00:00","3.4","14606.0","EIRE","EMEA"
"537740","85099B","JUMBO BAG RED RETROSPOT","8","2017-04-20 10:27:00","1.9","13777.0","Canada","AMER"
"537740","84029E","RED WOOLLY HOTTIE WHITE HEART","7","2017-04-20 10:27:00","3.62","13777.0","Canada","AMER"
"537740","84029E","RED WOOLLY HOTTIE WHITE HEART","11","2017-04-20 10:27:00","3.86","13777.0","Canada","AMER"
"537741","84406B","CREAM CUPID HEARTS COAT HANGER","3","2017-03-07 08:01:00","3.02","15311.0","Canada","AMER"
"537741","22632","HAND WARMER RED POLKA DOT","4","2017-03-07 08:01:00","2.21","15311.0","Canada","AMER"
"537742","20685","DOORMAT RED RETROSPOT","2","2017-03-26 13:54:00","7.31","17850.0","Belgium","EMEA"
"537742","84029G","KNITTED UNION FLAG HOT WATER BOTTLE","4","2017-03-26 13:54:00","3.6","17850.0","Belgium","EMEA"
"537742","20685","DOORMAT RED RETROSPOT","12","2017-03-26 13:54:00","7.09","17850.0","Belgium","EMEA"
"537743","84029E","RED WOOLLY HOTTIE WHITE HEART","5","2017-04-20 10:45:00","3.74","16029.0","Spain","EMEA"
"537743","84406B","CREAM CUPID HEARTS COAT HANGER","5","2017-04-20 10:45:00","3.03","16029.0","Spain","EMEA"
"537744","84029G","KNITTED UNION FLAG HOT WATER BOTTLE","7","2017-03-17 14:59:00","3.83","15291.0","Canada","AMER"
"537745","71053","WHITE METAL LANTERN","3","2017-03-11 14:41:00","3.36","14096.0","Netherlands","EMEA"
"537745","84029G","KNITTED UNION FLAG HOT WATER BOTTLE","7","2017-03-11 14:41:00","3.89","14096.0","Netherlands","EMEA"
"537746","21730","GLASS STAR FROSTED T-LIGHT HOLDER","5","2017-04-30 15:34:00","4.66","13047.0","Germany","EMEA"
"537746","84029G","KNITTED UNION FLAG HOT WATER BOTTLE","5","2017-04-30 15:34:00","3.45","13047.0","Germany","EMEA"
"537746","20685","DOORMAT RED RETROSPOT","8","2017-04-30 15:34:00","7.07","13047.0","Germany","EMEA"
"537747","84406B","CREAM CUPID HEARTS COAT HANGER","12","2017-04-27 13:40:00","2.73","16029.0","Australia","APAC"
"537747","22633","HAND WARMER UNION JACK","4","2017-04-27 13:40:00","2.27","16029.0","Australia","APAC"
"537747","21730","GLASS STAR FROSTED T-LIGHT HOLDER","4","2017-04-27 13:40:00","4.72","16029.0","Australia","APAC"
"537748","85123A","WHITE HANGING HEART T-LIGHT HOLDER","12","2017-04-20 11:59:00","2.52","12583.0","Canada","AMER"
"537748","22633","HAND WARMER UNION JACK","7","2017-04-20 11:59:00","2.08","12583.0","Canada","AMER"
"537749","84029G","KNITTED UNION FLAG HOT WATER BOTTLE","5","2017-03-10 10:22:00","3.37","12583.0","USA","AMER"
"537749","21730","GLASS STAR FROSTED T-LIGHT HOLDER","5","2017-03-10 10:22:00","4.64","12583.0","USA","AMER"
"537750","84406B","CREAM CUPID HEARTS COAT HANGER","4","2017-03-06 11:40:00","2.85","13047.0","United Kingdom","EMEA"
"537750","85123A","WHITE HANGING HEART T-LIGHT HOLDER","3","2017-03-06 11:40:00","3.03","13047.0","United Kingdom","EMEA"
"537751","85099B","JUMBO BAG RED RETROSPOT","6","2017-03-09 12:33:00","2.07","13047.0","Netherlands","EMEA"
"537752","85099B","JUMBO BAG RED RETROSPOT","4","2017-03-12 15:51:00","1.95","17850.0","Canada","AMER"
"537752","22633","HAND WARMER UNION JACK","7","2017-03-12 15:51:00","2.32","17850.0","Canada","AMER"
"537752","85123A","WHITE HANGING HEART T-LIGHT HOLDER","9","2017-03-12 15:51:00","2.83","17850.0","Canada","AMER"
"537753","20685","DOORMAT RED RETROSPOT","1","2017-03-03 14:34:00","7.06","12583.0","Spain","EMEA"
"537753","22632","HAND WARMER RED POLKA DOT","3","2017-03-03 14:34:00","2.06","12583.0","Spain","EMEA"
"537753","71053","WHITE METAL LANTERN","1","2017-03-03 14:34:00","3.49","12583.0","Spain","EMEA"
"537754","84029G","KNITTED UNION FLAG HOT WATER BOTTLE","10","2017-03-25 13:54:00","3.41","13047.0","EIRE","EMEA"
"537755","47566","PARTY BUNTING","2","2017-03-06 14:43:00","4.98","12583.0","Germany","EMEA"
"537756","85123A","WHITE HANGING HEART T-LIGHT HOLDER","9","2017-03-13 10:48:00","2.76","17809.0","USA","AMER"
"537756","84029E","RED WOOLLY HOTTIE WHITE HEART","6","2017-03-13 10:48:00","3.59","17809.0","USA","AMER"
"537756","84029E","RED WOOLLY HOTTIE WHITE HEART","8","2017-03-13 10:48:00","3.32","17809.0","USA","AMER"
"537757","22632","HAND WARMER RED POLKA DOT","7","2017-03-01 08:24:00","2.17","17809.0","United Kingdom","EMEA"
"537757","84406B","CREAM CUPID HEARTS COAT HANGER","8","2017-03-01 08:24:00","2.78","17809.0","United Kingdom","EMEA"
"537758","84029E","RED WOOLLY HOTTIE WHITE HEART","2","2017-04-29 08:26:00","3.43","17850.0","France","EMEA"
"537758","21730","GLASS STAR FROSTED T-LIGHT HOLDER","8","2017-04-29 08:26:00","4.73","17850.0","France","EMEA"
"537759","22752","SET 7 BABUSHKA NESTING BOXES","4","2017-04-21 12:03:00","7.6","17809.0","Australia","APAC"
"537759","84029E","RED WOOLLY HOTTIE WHITE HEART","1","2017-04-21 12:03:00","3.66","17809.0","Australia","APAC"
"537759","22633","HAND WARMER UNION JACK","10","2017-04-21 12:03:00","2.29","17809.0","Australia","APAC"
"537760","22632","HAND WARMER RED POLKA DOT","12","2017-04-28 11:25:00","1.83","16029.0","Netherlands","EMEA"
"537760","85099B","JUMBO BAG RED RETROSPOT","4","2017-04-28 11:25:00","1.72","16029.0","Netherlands","EMEA"
"537760","84029G","KNITTED UNION FLAG HOT WATER BOTTLE","2","2017-04-28 11:25:00","3.61","16029.0","Netherlands","EMEA"
"537761","21730","GLASS STAR FROSTED T-LIGHT HOLDER","7","2017-03-02 10:20:00","4.7","15311.0","Germany","EMEA"
"537762","84029E","RED WOOLLY HOTTIE WHITE HEART","5","2017-03-07 15:42:00","3.43","15311.0","Belgium","EMEA"
"537762","85099B","JUMBO BAG RED RETROSPOT","7","2017-03-07 15:42:00","1.58","15311.0","Belgium","EMEA"
"537762","84029G","KNITTED UNION FLAG HOT WATER BOTTLE","1","2017-03-07 15:42:00","3.41","15311.0","Belgium","EMEA"
"537763","71053","WHITE METAL LANTERN","2","2017-04-19 13:37:00","3.83","16029.0","EIRE","EMEA"
"537763","47566","PARTY BUNTING","10","2017-04-19 13:37:00","5.39","16029.0","EIRE","EMEA"
"537764","84406B","CREAM CUPID HEARTS COAT HANGER","8","2017-04-04 11:13:00","3.0","14606.0","USA","AMER"
"537765","21730","GLASS STAR FROSTED T-LIGHT HOLDER","7","2017-03-13 08:03:00","4.36","15291.0","Australia","APAC"
"537766","84406B","CREAM CUPID HEARTS COAT HANGER","5","2017-03-25 15:09:00","2.78","17809.0","EIRE","EMEA"
"537767","84406B","CREAM CUPID HEARTS COAT HANGER","5","2017-04-02 16:37:00","2.68","16029.0","EIRE","EMEA"
"537767","47566","PARTY BUNTING","2","2017-04-02 16:37:00","4.92","16029.0","EIRE","EMEA"
"537767","20685","DOORMAT RED RETROSPOT","7","2017-04-02 16:37:00","6.99","16029.0","EIRE","EMEA"
"537768","47566","PARTY BUNTING","10","2017-04-28 11:00:00","5.09","17809.0","Spain","EMEA"
"537769","84029G","KNITTED UNION FLAG HOT WATER BOTTLE","12","2017-04-16 15:20:00","3.86","13047.0","EIRE","EMEA"
"537769","22752","SET 7 BABUSHKA NESTING BOXES","11","2017-04-16 15:20:00","7.85","13047.0","EIRE","EMEA"
"537770","20685","DOORMAT RED RETROSPOT","11","2017-03-24 08:54:00","7.01","15291.0","Canada","AMER"
"537770","85123A","WHITE HANGING HEART T-LIGHT HOLDER","8","2017-03-24 08:54:00","2.57","15291.0","Canada","AMER"
"537771","85123A","WHITE HANGING HEART T-LIGHT HOLDER","2","2017-03-02 15:19:00","2.83","17850.0","Canada","AMER"
"537771","84029G","KNITTED UNION FLAG HOT WATER BOTTLE","7","2017-03-02 15:19:00","3.52","17850.0","Canada","AMER"
"537771","21730","GLASS STAR FROSTED T-LIGHT HOLDER","5","2017-03-02 15:19:00","4.66","17850.0","Canada","AMER"
"537772","85123A","WHITE HANGING HEART T-LIGHT HOLDER","7","2017-03-22 16:11:00","3.04","13777.0","France","EMEA"
"537772","21730","GLASS STAR FROSTED T-LIGHT HOLDER","7","2017-03-22 16:11:00","4.2","13777.0","France","EMEA"
"537772","22633","HAND WARMER UNION JACK","2","2017-03-22 16:11:00","2.05","13777.0","France","EMEA"
"537773","47566","PARTY BUNTING","10","2017-03-25 13:10:00","4.86","14606.0","Canada","AMER"
"537773","84029G","KNITTED UNION FLAG HOT WATER BOTTLE","7","2017-03-25 13:10:00","3.72","14606.0","Canada","AMER"
"537773","22633","HAND WARMER UNION JACK","9","2017-03-25 13:10:00","2.19","14606.0","Canada","AMER"
"537774","21730","GLASS STAR FROSTED T-LIGHT HOLDER","11","2017-03-29 13:57:00","4.49","13047.0","Belgium","EMEA"
"537775","22633","HAND WARMER UNION JACK","1","2017-04-25 11:25:00","2.02","14096.0","USA","AMER"
"537775","84029E","RED WOOLLY HOTTIE WHITE HEART","2","2017-04-25 11:25:00","3.4","14096.0","USA","AMER"
"537776","22633","HAND WARMER UNION JACK","7","2017-04-11 13:12:00","1.78","14606.0","Spain","EMEA"
"537777","84406B","CREAM CUPID HEARTS COAT HANGER","3","2017-04-20 14:57:00","3.17","17809.0","Netherlands","EMEA"
"537777","84406B","CREAM CUPID HEARTS COAT HANGER","4","2017-04-20 14:57:00","2.94","17809.0","Netherlands","EMEA"
"537778","22752","SET 7 BABUSHKA NESTING BOXES","9","2017-03-31 15:48:00","7.86","13777.0","France","EMEA"
"537778","85123A","WHITE HANGING HEART T-LIGHT HOLDER","7","2017-03-31 15:48:00","2.62","13777.0","France","EMEA"
"537778","84029E","RED WOOLLY HOTTIE WHITE HEART","10","2017-03-31 15:48:00","3.33","13777.0","France","EMEA"
"537779","84029G","KNITTED UNION FLAG HOT WATER BOTTLE","8","2017-03-04 10:46:00","3.72","12583.0","EIRE","EMEA"
"537779","22752","SET 7 BABUSHKA NESTING BOXES","11","2017-03-04 10:46:00","7.77","12583.0","EIRE","EMEA"
"537779","22632","HAND WARMER RED POLKA DOT","8","2017-03-04 10:46:00","1.99","12583.0","EIRE","EMEA"
"537780","84406B","CREAM CUPID HEARTS COAT HANGER","11","2017-03-01 09:28:00","3.07","14096.0","Australia","APAC"
"537780","71053","WHITE METAL LANTERN","10","2017-03-01 09:28:00","3.62","14096.0","Australia","APAC"
"537780","71053","WHITE METAL LANTERN","10","2017-03-01 09:28:00","3.59","14096.0","Australia","APAC"
"537781","22752","SET 7 BABUSHKA NESTING BOXES","12","2017-04-24 09:27:00","7.85","12583.0","Belgium","EMEA"
"537781","21730","GLASS STAR FROSTED T-LIGHT HOLDER","9","2017-04-24 09:27:00","4.58","12583.0","Belgium","EMEA"
"537781","47566","PARTY BUNTING","9","2017-04-24 09:27:00","5.38","12583.0","Belgium","EMEA"
"537782","22633","HAND WARMER UNION JACK","12","2017-04-24 15:22:00","1.99","15311.0","EIRE","EMEA"
"537782","71053","WHITE METAL LANTERN","2","2017-04-24 15:22:00","3.61","15311.0","EIRE","EMEA"
"537782","85099B","JUMBO BAG RED RETROSPOT","2","2017-04-24 15:22:00","1.96","15311.0","EIRE","EMEA"
"537783","22752","SET 7 BABUSHKA NESTING BOXES","4","2017-04-01 16:04:00","8.05","16029.0","Netherlands","EMEA"
"537784","84029E","RED WOOLLY HOTTIE WHITE HEART","7","2017-04-22 13:14:00","3.76","17809.0","France","EMEA"
"537784","71053","WHITE METAL LANTERN","11","2017-04-22 13:14:00","3.55","17809.0","France","EMEA"
"537784","22752","SET 7 BABUSHKA NESTING BOXES","1","2017-04-22 13:14:00","7.58","17809.0","France","EMEA"
"537785","85123A","WHITE HANGING HEART T-LIGHT HOLDER","5","2017-03-22 10:56:00","2.66","12583.0","United Kingdom","EMEA"
"537785","47566","PARTY BUNTING","5","2017-03-22 10:56:00","5.12","12583.0","United Kingdom","EMEA"
"537786","21730","GLASS STAR FROSTED T-LIGHT HOLDER","2","2017-04-26 14:15:00","4.41","13047.0","USA","AMER"
"537786","47566","PARTY BUNTING","7","2017-04-26 14:15:00","5.35","13047.0","USA","AMER"
"537787","85099B","JUMBO BAG RED RETROSPOT","5","2017-04-28 12:22:00","1.91","15291.0","Australia","APAC"
"537788","84406B","CREAM CUPID HEARTS COAT HANGER","5","2017-03-20 15:30:00","2.79","14606.0","Spain","EMEA"
"537788","22752","SET 7 BABUSHKA NESTING BOXES","5","2017-03-20 15:30:00","7.7","14606.0","Spain","EMEA"
"537788","84029E","RED WOOLLY HOTTIE WHITE HEART","5","2017-03-20 15:30:00","3.74","14606.0","Spain","EMEA"
"537789","22632","HAND WARMER RED POLKA DOT","8","2017-04-24 10:50:00","2.09","17850.0","Canada","AMER"
"537790","84029G","KNITTED UNION FLAG HOT WATER BOTTLE","7","2017-04-12 15:59:00","3.83","14096.0","France","EMEA"
"537790","22632","HAND WARMER RED POLKA DOT","3","2017-04-12 15:59:00","2.12","14096.0","France","EMEA"
"537791","84029G","KNITTED UNION FLAG HOT WATER BOTTLE","5","2017-04-09 15:04:00","3.77","15291.0","Canada","AMER"
"537792","85099B","JUMBO BAG RED RETROSPOT","9","2017-03-23 15:43:00","1.64","15311.0","EIRE","EMEA"
"537793","22752","SET 7 BABUSHKA NESTING BOXES","8","2017-03-12 15:23:00","7.62","14606.0","USA","AMER"
"537793","84029E","RED WOOLLY HOTTIE WHITE HEART","10","2017-03-12 15:23:00","3.52","14606.0","USA","AMER"
"537793","84406B","CREAM CUPID HEARTS COAT HANGER","1","2017-03-12 15:23:00","3.2","14606.0","USA","AMER"
"537794","84029E","RED WOOLLY HOTTIE WHITE HEART","7","2017-03-22 16:15:00","3.8","12583.0","Canada","AMER"
"537794","47566","PARTY BUNTING","7","2017-03-22 16:15:00","5.03","12583.0","Canada","AMER"
"537794","22632","HAND WARMER RED POLKA DOT","6","2017-03-22 16:15:00","1.8","12583.0","Canada","AMER"
"537795","20685","DOORMAT RED RETROSPOT","3","2017-03-03 10:29:00","7.31","15311.0","Canada","AMER"
"537796","85123A","WHITE HANGING HEART T-LIGHT HOLDER","6","2017-04-24 15:12:00","2.63","13777.0","France","EMEA"
"537797","71053","WHITE METAL LANTERN","7","2017-04-06 16:38:00","3.34","16029.0","EIRE","EMEA"
"537797","85099B","JUMBO BAG RED RETROSPOT","12","2017-04-06 16:38:00","2.02","16029.0","EIRE","EMEA"
"537797","22752","SET 7 BABUSHKA NESTING BOXES","9","2017-04-06 16:38:00","7.62","16029.0","EIRE","EMEA"
"537798","84029G","KNITTED UNION FLAG HOT WATER BOTTLE","1","2017-04-16 15:17:00","3.34","13777.0","EIRE","EMEA"
"537799","47566","PARTY BUNTING","12","2017-03-07 16:44:00","4.89","15311.0","Spain","EMEA"
"537800","22632","HAND WARMER RED POLKA DOT","4","2017-03-02 16:40:00","2.03","16029.0","United Kingdom","EMEA"
"537801","21730","GLASS STAR FROSTED T-LIGHT HOLDER","4","2017-03-02 10:46:00","4.36","13777.0","Canada","AMER"
"537801","84029G","KNITTED UNION FLAG HOT WATER BOTTLE","8","2017-03-02 10:46:00","3.74","13777.0","Canada","AMER"
"537802","84029G","KNITTED UNION FLAG HOT WATER BOTTLE","10","2017-03-04 09:50:00","3.55","17809.0","Australia","APAC"
"537802","85099B","JUMBO BAG RED RETROSPOT","8","2017-03-04 09:50:00","2.14","17809.0","Australia","APAC"
"537803","85123A","WHITE HANGING HEART T-LIGHT HOLDER","11","2017-04-04 14:20:00","2.71","14606.0","France","EMEA"
"537803","21730","GLASS STAR FROSTED T-LIGHT HOLDER","4","2017-04-04 14:20:00","4.4","14606.0","France","EMEA"
"537804","84406B","CREAM CUPID HEARTS COAT HANGER","5","2017-03-30 10:20:00","3.14","17850.0","Spain","EMEA"
"537804","85123A","WHITE HANGING HEART T-LIGHT HOLDER","11","2017-03-30 10:20:00","2.77","17850.0","Spain","EMEA"
"537804","84406B","CREAM CUPID HEARTS COAT HANGER","5","2017-03-30 10:20:00","2.7","17850.0","Spain","EMEA"
"537805","22752","SET 7 BABUSHKA NESTING BOXES","4","2017-03-07 13:14:00","7.68","17809.0","Canada","AMER"
"537805","22632","HAND WARMER RED POLKA DOT","5","2017-03-07 13:14:00","2.31","17809.0","Canada","AMER"
"537805","84029E","RED WOOLLY HOTTIE WHITE HEART","8","2017-03-07 13:14:00","3.48","17809.0","Canada","AMER"
"537806","22633","HAND WARMER UNION JACK","11","2017-04-10 12:05:00","2.25","15291.0","EIRE","EMEA"
"537807","84029E","RED WOOLLY HOTTIE WHITE HEART","3","2017-03-06 16:57:00","3.7","13047.0","Spain","EMEA"
"537807","22633","HAND WARMER UNION JACK","8","2017-03-06 16:57:00","2.29","13047.0","Spain","EMEA"
"537808","22752","SET 7 BABUSHKA NESTING BOXES","4","2017-04-03 15:28:00","8.12","14606.0","France","EMEA"
"537808","85123A","WHITE HANGING HEART T-LIGHT HOLDER","10","2017-04-03 15:28:00","2.92","14606.0","France","EMEA"
"537808","85123A","WHITE HANGING HEART T-LIGHT HOLDER","1","2017-04-03 15:28:00","2.72","14606.0","France","EMEA"
"537809","71053","WHITE METAL LANTERN","11","2017-03-06 12:30:00","3.61","15291.0","Australia","APAC"
"537809","22752","SET 7 BABUSHKA NESTING BOXES","1","2017-03-06 12:30:00","7.84","15291.0","Australia","APAC"
"537809","84029G","KNITTED UNION FLAG HOT WATER BOTTLE","5","2017-03-06 12:30:00","3.65","15291.0","Australia","APAC"
"537810","22633","HAND WARMER UNION JACK","12","2017-04-22 14:10:00","2.16","17850.0","Netherlands","EMEA"
"537811","85123A","WHITE HANGING HEART T-LIGHT HOLDER","6","2017-04-03 13:18:00","3.04","14096.0","United Kingdom","EMEA"
"537811","84029E","RED WOOLLY HOTTIE WHITE HEART","5","2017-04-03 13:18:00","3.71","14096.0","United Kingdom","EMEA"
"537812","84029G","KNITTED UNION FLAG HOT WATER BOTTLE","4","2017-03-29 11:05:00","3.67","15311.0","Netherlands","EMEA"
"537812","84406B","CREAM CUPID HEARTS COAT HANGER","9","2017-03-29 11:05:00","3.02","15311.0","Netherlands","EMEA"
"537813","21730","GLASS STAR FROSTED T-LIGHT HOLDER","6","2017-04-04 15:47:00","4.59","16029.0","France","EMEA"
"537814","22632","HAND WARMER RED POLKA DOT","5","2017-04-01 12:32:00","2.17","14606.0","Netherlands","EMEA"
"537815","85099B","JUMBO BAG RED RETROSPOT","8","2017-03-09 09:43:00","1.83","15291.0","United Kingdom","EMEA"
"537815","84406B","CREAM CUPID HEARTS COAT HANGER","12","2017-03-09 09:43:00","2.76","15291.0","United Kingdom","EMEA"
"537815","85099B","JUMBO BAG RED RETROSPOT","8","2017-03-09 09:43:00","1.93","15291.0","United Kingdom","EMEA"
"537816","71053","WHITE METAL LANTERN","3","2017-03-05 09:41:00","3.78","15291.0","Netherlands","EMEA"
"537817","22752","SET 7 BABUSHKA NESTING BOXES","8","2017-03-31 08:37:00","8.0","17850.0","Germany","EMEA"
"537817","71053","WHITE METAL LANTERN","5","2017-03-31 08:37:00","3.52","17850.0","Germany","EMEA"
"537818","71053","WHITE METAL LANTERN","9","2017-04-12 09:56:00","3.56","13047.0","USA","AMER"
"537819","20685","DOORMAT RED RETROSPOT","3","2017-04-25 09:39:00","6.98","14096.0","Canada","AMER"
"537819","85099B","JUMBO BAG RED RETROSPOT","6","2017-04-25 09:39:00","1.56","14096.0","Canada","AMER"
"537819","85123A","WHITE HANGING HEART T-LIGHT HOLDER","3","2017-04-25 09:39:00","2.83","14096.0","Canada","AMER"
"537820","21730","GLASS STAR FROSTED T-LIGHT HOLDER","12","2017-04-08 09:21:00","4.36","15311.0","Spain","EMEA"
"537820","85123A","WHITE HANGING HEART T-LIGHT HOLDER","9","2017-04-08 09:21:00","3.03","15311.0","Spain","EMEA"
"537821","84029E","RED WOOLLY HOTTIE WHITE HEART","11","2017-04-07 15:31:00","3.59","13777.0","United Kingdom","EMEA"
"537821","22752","SET 7 BABUSHKA NESTING BOXES","5","2017-04-07 15:31:00","7.75","13777.0","United Kingdom","EMEA"
"537821","85123A","WHITE HANGING HEART T-LIGHT HOLDER","2","2017-04-07 15:31:00","2.72","13777.0","United Kingdom","EMEA"
"537822","47566","PARTY BUNTING","5","2017-03-14 12:42:00","5.37","16029.0","Netherlands","EMEA"
"537822","21730","GLASS STAR FROSTED T-LIGHT HOLDER","12","2017-03-14 12:42:00","4.46","16029.0","Netherlands","EMEA"
"537823","20685","DOORMAT RED RETROSPOT","2","2017-03-24 12:22:00","7.44","14096.0","Australia","APAC"
"537823","84029G","KNITTED UNION FLAG HOT WATER BOTTLE","1","2017-03-24 12:22:00","3.83","14096.0","Australia","APAC"
"537824","84406B","CREAM CUPID HEARTS COAT HANGER","12","2017-03-23 09:54:00","2.94","14096.0","EIRE","EMEA"
"537824","47566","PARTY BUNTING","12","2017-03-23 09:54:00","5.4","14096.0","EIRE","EMEA"
"537824","84029E","RED WOOLLY HOTTIE WHITE HEART","9","2017-03-23 09:54:00","3.85","14096.0","EIRE","EMEA"
"537825","85099B","JUMBO BAG RED RETROSPOT","6","2017-03-28 10:44:00","1.76","14606.0","Spain","EMEA"
"537825","85099B","JUMBO BAG RED RETROSPOT","4","2017-03-28 10:44:00","1.76","14606.0","Spain","EMEA"
"537826","85123A","WHITE HANGING HEART T-LIGHT HOLDER","6","2017-03-10 12:13:00","3.0","15291.0","Netherlands","EMEA"
"537826","85123A","WHITE HANGING HEART T-LIGHT HOLDER","10","2017-03-10 12:13:00","2.88","15291.0","Netherlands","EMEA"
"537827","84029G","KNITTED UNION FLAG HOT WATER BOTTLE","4","2017-03-16 15:51:00","3.6","15311.0","Australia","APAC"
"537827","21730","GLASS STAR FROSTED T-LIGHT HOLDER","3","2017-03-16 15:51:00","4.2","15311.0","Australia","APAC"
"537827","71053","WHITE METAL LANTERN","6","2017-03-16 15:51:00","3.51","15311.0","Australia","APAC"
"537828","84029E","RED WOOLLY HOTTIE WHITE HEART","5","2017-03-14 12:16:00","3.56","17809.0","Germany","EMEA"
"537828","20685","DOORMAT RED RETROSPOT","4","2017-03-14 12:16:00","7.48","17809.0","Germany","EMEA"
"537828","85099B","JUMBO BAG RED RETROSPOT","8","2017-03-14 12:16:00","2.13","17809.0","Germany","EMEA"
"537829","84406B","CREAM CUPID HEARTS COAT HANGER","4","2017-03-11 10:20:00","2.83","12583.0","Netherlands","EMEA"
"537830","85099B","JUMBO BAG RED RETROSPOT","12","2017-03-02 13:26:00","1.88","17809.0","EIRE","EMEA"
"537831","84406B","CREAM CUPID HEARTS COAT HANGER","1","2017-04-25 10:35:00","3.24","15311.0","Belgium","EMEA"
"537832","85099B","JUMBO BAG RED RETROSPOT","1","2017-04-29 10:03:00","1.56","13777.0","Belgium","EMEA"
"537833","85099B","JUMBO BAG RED RETROSPOT","11","2017-04-20 09:05:00","1.57","14096.0","Germany","EMEA"
"537833","47566","PARTY BUNTING","11","2017-04-20 09:05:00","5.03","14096.0","Germany","EMEA"
"537833","84029G","KNITTED UNION FLAG HOT WATER BOTTLE","8","2017-04-20 09:05:00","3.3","14096.0","Germany","EMEA"
"537834","84406B","CREAM CUPID HEARTS COAT HANGER","11","2017-03-11 09:08:00","2.71","17809.0","Canada","AMER"
"537835","21730","GLASS STAR FROSTED T-LIGHT HOLDER","6","2017-04-17 09:17:00","4.65","12583.0","Canada","AMER"
"537835","22632","HAND WARMER RED POLKA DOT","3","2017-04-17 09:17:00","2.0","12583.0","Canada","AMER"
"537836","84029G","KNITTED UNION FLAG HOT WATER BOTTLE","2","2017-03-18 15:01:00","3.43","16029.0","Canada","AMER"
"537837","85123A","WHITE HANGING HEART T-LIGHT HOLDER","10","2017-04-26 10:17:00","2.92","15311.0","France","EMEA"
"537837","22632","HAND WARMER RED POLKA DOT","6","2017-04-26 10:17:00","2.2","15311.0","France","EMEA"
"537837","84029E","RED WOOLLY HOTTIE WHITE HEART","4","2017-04-26 10:17:00","3.34","15311.0","France","EMEA"
"537838","85123A","WHITE HANGING HEART T-LIGHT HOLDER","5","2017-03-16 12:17:00","2.81","13047.0","Canada","AMER"
"537838","21730","GLASS STAR FROSTED T-LIGHT HOLDER","4","2017-03-16 12:17:00","4.3","13047.0","Canada","AMER"
"537839","21730","GLASS STAR FROSTED T-LIGHT HOLDER","8","2017-04-07 16:26:00","4.41","14096.0","USA","AMER"
"537839","84029E","RED WOOLLY HOTTIE WHITE HEART","5","2017-04-07 16:26:00","3.51","14096.0","USA","AMER"
"537839","22632","HAND WARMER RED POLKA DOT","1","2017-04-07 16:26:00","2.15","14096.0","USA","AMER"
"537840","22633","HAND WARMER UNION JACK","7","2017-03-07 10:19:00","2.06","14606.0","Australia","APAC"
"537840","71053","WHITE METAL LANTERN","11","2017-03-07 10:19:00","3.83","14606.0","Australia","APAC"
"537841","85099B","JUMBO BAG RED RETROSPOT","12","2017-04-06 08:45:00","2.03","17809.0","Germany","EMEA"
"537841","21730","GLASS STAR FROSTED T-LIGHT HOLDER","12","2017-04-06 08:45:00","4.23","17809.0","Germany","EMEA"
"537841","47566","PARTY BUNTING","11","2017-04-06 08:45:00","5.0","17809.0","Germany","EMEA"
"537842","84406B","CREAM CUPID HEARTS COAT HANGER","3","2017-03-31 10:29:00","3.01","13777.0","Belgium","EMEA"
"537843","21730","GLASS STAR FROSTED T-LIGHT HOLDER","9","2017-04-29 16:56:00","4.28","16029.0","Spain","EMEA"
"537843","85099B","JUMBO BAG RED RETROSPOT","12","2017-04-29 16:56:00","1.85","16029.0","Spain","EMEA"
"537844","85123A","WHITE HANGING HEART T-LIGHT HOLDER","10","2017-03-29 10:41:00","2.48","14096.0","United Kingdom","EMEA"
"537844","71053","WHITE METAL LANTERN","10","2017-03-29 10:41:00","3.78","14096.0","United Kingdom","EMEA"
"537844","71053","WHITE METAL LANTERN","4","2017-03-29 10:41:00","3.72","14096.0","United Kingdom","EMEA"
"537845","84029E","RED WOOLLY HOTTIE WHITE HEART","9","2017-04-07 10:46:00","3.42","15311.0","Spain","EMEA"
"537845","85123A","WHITE HANGING HEART T-LIGHT HOLDER","3","2017-04-07 10:46:00","2.89","15311.0","Spain","EMEA"
"537846","85123A","WHITE HANGING HEART T-LIGHT HOLDER","5","2017-03-29 16:28:00","2.61","15291.0","United Kingdom","EMEA"
"537847","21730","GLASS STAR FROSTED T-LIGHT HOLDER","4","2017-04-09 14:42:00","4.3","17809.0","Netherlands","EMEA"
"537847","84029G","KNITTED UNION FLAG HOT WATER BOTTLE","9","2017-04-09 14:42:00","3.59","17809.0","Netherlands","EMEA"
"537847","21730","GLASS STAR FROSTED T-LIGHT HOLDER","10","2017-04-09 14:42:00","4.62","17809.0","Netherlands","EMEA"
"537848","22752","SET 7 BABUSHKA NESTING BOXES","9","2017-03-02 11:05:00","7.74","15311.0","Canada","AMER"
"537849","47566","PARTY BUNTING","4","2017-03-05 12:09:00","5.18","14096.0","Netherlands","EMEA"
"537850","22633","HAND WARMER UNION JACK","1","2017-04-08 10:17:00","2.2","17809.0","Germany","EMEA"
"537851","85099B","JUMBO BAG RED RETROSPOT","8","2017-04-03 08:44:00","1.66","16029.0","Netherlands","EMEA"
"537852","47566","PARTY BUNTING","5","2017-04-29 16:48:00","4.89","13777.0","Spain","EMEA"
"537852","47566","PARTY BUNTING","8","2017-04-29 16:48:00","5.15","13777.0","Spain","EMEA"
"537853","20685","DOORMAT RED RETROSPOT","12","2017-03-06 11:00:00","7.41","13777.0","Canada","AMER"
"537854","71053","WHITE METAL LANTERN","3","2017-03-30 16:41:00","3.84","14096.0","Belgium","EMEA"
"537854","21730","GLASS STAR FROSTED T-LIGHT HOLDER","8","2017-03-30 16:41:00","4.36","14096.0","Belgium","EMEA"
"537854","47566","PARTY BUNTING","10","2017-03-30 16:41:00","5.18","14096.0","Belgium","EMEA"
"537855","85099B","JUMBO BAG RED RETROSPOT","2","2017-04-09 15:51:00","2.14","12583.0","France","EMEA"
"537855","85099B","JUMBO BAG RED RETROSPOT","12","2017-04-09 15:51:00","1.58","12583.0","France","EMEA"
"537855","22633","HAND WARMER UNION JACK","8","2017-04-09 15:51:00","1.98","12583.0","France","EMEA"
"537856","21730","GLASS STAR FROSTED T-LIGHT HOLDER","7","2017-04-13 12:32:00","4.24","17809.0","Belgium","EMEA"
"537856","47566","PARTY BUNTING","9","2017-04-13 12:32:00","5.39","17809.0","Belgium","EMEA"
"537856","71053","WHITE METAL LANTERN","9","2017-04-13 12:32:00","3.35","17809.0","Belgium","EMEA"
"537857","84029G","KNITTED UNION FLAG HOT WATER BOTTLE","10","2017-03-25 10:18:00","3.84","12583.0","USA","AMER"
"537857","84029G","KNITTED UNION FLAG HOT WATER BOTTLE","6","2017-03-25 10:18:00","3.64","12583.0","USA","AMER"
"537857","71053","WHITE METAL LANTERN","1","2017-03-25 10:18:00","3.64","12583.0","USA","AMER"
"537858","22633","HAND WARMER UNION JACK","6","2017-04-12 15:31:00","1.94","15311.0","USA","AMER"
"537859","47566","PARTY BUNTING","11","2017-04-11 11:42:00","5.08","16029.0","Canada","AMER"
"537859","22632","HAND WARMER RED POLKA DOT","4","2017-04-11 11:42:00","2.23","16029.0","Canada","AMER"
"537860","84406B","CREAM CUPID HEARTS COAT HANGER","10","2017-03-15 13:14:00","3.03","15311.0","Canada","AMER"
"537861","22752","SET 7 BABUSHKA NESTING BOXES","11","2017-03-06 15:41:00","7.68","16029.0","United Kingdom","EMEA"
"537862","85099B","JUMBO BAG RED RETROSPOT","9","2017-04-15 11:00:00","1.66","15291.0","EIRE","EMEA"
"537862","21730","GLASS STAR FROSTED T-LIGHT HOLDER","5","2017-04-15 11:00:00","4.62","15291.0","EIRE","EMEA"
"537863","85099B","JUMBO BAG RED RETROSPOT","2","2017-03-31 16:46:00","1.97","13777.0","France","EMEA"
"537864","47566","PARTY BUNTING","9","2017-04-07 10:03:00","5.38","17809.0","Australia","APAC"
"537864","22752","SET 7 BABUSHKA NESTING BOXES","11","2017-04-07 10:03:00","7.65","17809.0","Australia","APAC"
"537864","85123A","WHITE HANGING HEART T-LIGHT HOLDER","3","2017-04-07 10:03:00","2.75","17809.0","Australia","APAC"
"537865","84406B","CREAM CUPID HEARTS COAT HANGER","6","2017-03-09 14:06:00","2.7","15311.0","France","EMEA"
"537866","21730","GLASS STAR FROSTED T-LIGHT HOLDER","2","2017-03-30 08:34:00","4.59","14096.0","Germany","EMEA"
"537867","22633","HAND WARMER UNION JACK","2","2017-04-11 16:29:00","2.1","13777.0","United Kingdom","EMEA"
"537867","85099B","JUMBO BAG RED RETROSPOT","9","2017-04-11 16:29:00","1.74","13777.0","United Kingdom","EMEA"
"537867","22632","HAND WARMER RED POLKA DOT","7","2017-04-11 16:29:00","2.14","13777.0","United Kingdom","EMEA"
"537868","22752","SET 7 BABUSHKA NESTING BOXES","10","2017-03-24 13:02:00","8.14","14606.0","Netherlands","EMEA"
"537869","22752","SET 7 BABUSHKA NESTING BOXES","8","2017-03-06 15:27:00","7.86","17850.0","Netherlands","EMEA"
"537869","84029E","RED WOOLLY HOTTIE WHITE HEART","11","2017-03-06 15:27:00","3.65","17850.0","Netherlands","EMEA"
"537870","21730","GLASS STAR FROSTED T-LIGHT HOLDER","9","2017-03-29 11:46:00","4.44","16029.0","Canada","AMER"
"537870","22632","HAND WARMER RED POLKA DOT","8","2017-03-29 11:46:00","2.25","16029.0","Canada","AMER"
"537870","85099B","JUMBO BAG RED RETROSPOT","9","2017-03-29 11:46:00","2.05","16029.0","Canada","AMER"
"537871","85123A","WHITE HANGING HEART T-LIGHT HOLDER","8","2017-04-19 11:42:00","2.5","14606.0","Belgium","EMEA"
"537871","22632","HAND WARMER RED POLKA DOT","10","2017-04-19 11:42:00","1.91","14606.0","Belgium","EMEA"
"537872","22633","HAND WARMER UNION JACK","8","2017-03-27 12:54:00","2.25","13777.0","Belgium","EMEA"
"537872","47566","PARTY BUNTING","7","2017-03-27 12:54:00","5.43","13777.0","Belgium","EMEA"
"537873","47566","PARTY BUNTING","5","2017-04-27 11:23:00","5.35","15311.0","Germany","EMEA"
"537873","22633","HAND WARMER UNION JACK","6","2017-04-27 11:23:00","1.99","15311.0","Germany","EMEA"
"537874","20685","DOORMAT RED RETROSPOT","8","2017-03-10 16:56:00","7.48","17809.0","Netherlands","EMEA"
"537875","22633","HAND WARMER UNION JACK","4","2017-04-02 15:17:00","1.84","13777.0","USA","AMER"
"537876","22633","HAND WARMER UNION JACK","2","2017-03-23 11:19:00","2.23","15311.0","Spain","EMEA"
"537876","84029G","KNITTED UNION FLAG HOT WATER BOTTLE","8","2017-03-23 11:19:00","3.7","15311.0","Spain","EMEA"
"537877","84029E","RED WOOLLY HOTTIE WHITE HEART","7","2017-03-08 09:11:00","3.42","17809.0","Germany","EMEA"
"537877","20685","DOORMAT RED RETROSPOT","4","2017-03-08 09:11:00","7.04","17809.0","Germany","EMEA"
"537877","20685","DOORMAT RED RETROSPOT","12","2017-03-08 09:11:00","7.28","17809.0","Germany","EMEA"
"537878","47566","PARTY BUNTING","4","2017-04-11 12:36:00","4.9","12583.0","Spain","EMEA"
"537878","22632","HAND WARMER RED POLKA DOT","1","2017-04-11 12:36:00","1.75","12583.0","Spain","EMEA"
"537878","84029G","KNITTED UNION FLAG HOT WATER BOTTLE","4","2017-04-11 12:36:00","3.6","12583.0","Spain","EMEA"
"537879","21730","GLASS STAR FROSTED T-LIGHT HOLDER","9","2017-04-20 08:27:00","4.34","13047.0","Canada","AMER"
"537879","20685","DOORMAT RED RETROSPOT","9","2017-04-20 08:27:00","7.02","13047.0","Canada","AMER"
"537880","84406B","CREAM CUPID HEARTS COAT HANGER","10","2017-03-29 10:02:00","2.73","13047.0","Canada","AMER"
"537880","22633","HAND WARMER UNION JACK","11","2017-03-29 10:02:00","2.15","13047.0","Canada","AMER"
"537881","22752","SET 7 BABUSHKA NESTING BOXES","1","2017-03-09 12:57:00","7.69","17850.0","Belgium","EMEA"
"537881","22632","HAND WARMER RED POLKA DOT","10","2017-03-09 12:57:00","2.19","17850.0","Belgium","EMEA"
"537881","22752","SET 7 BABUSHKA NESTING BOXES","3","2017-03-09 12:57:00","7.58","17850.0","Belgium","EMEA"
"537882","84029E","RED WOOLLY HOTTIE WHITE HEART","4","2017-03-09 14:47:00","3.79","13047.0","USA","AMER"
"537882","84029G","KNITTED UNION FLAG HOT WATER BOTTLE","6","2017-03-09 14:47:00","3.58","13047.0","USA","AMER"
"537882","22752","SET 7 BABUSHKA NESTING BOXES","2","2017-03-09 14:47:00","7.89","13047.0","USA","AMER"
"537883","71053","WHITE METAL LANTERN","12","2017-04-19 10:15:00","3.64","13777.0","Netherlands","EMEA"
"537884","22752","SET 7 BABUSHKA NESTING BOXES","9","2017-03-02 15:02:00","7.6","16029.0","France","EMEA"
"537884","85099B","JUMBO BAG RED RETROSPOT","1","2017-03-02 15:02:00","1.81","16029.0","France","EMEA"
"537885","47566","PARTY BUNTING","1","2017-04-26 13:44:00","5.29","15291.0","Germany","EMEA"
"537885","20685","DOORMAT RED RETROSPOT","11","2017-04-26 13:44:00","7.54","15291.0","Germany","EMEA"
"537886","22633","HAND WARMER UNION JACK","9","2017-03-03 10:12:00","2.27","12583.0","EIRE","EMEA"
"537887","71053","WHITE METAL LANTERN","11","2017-03-19 10:47:00","3.35","13047.0","United Kingdom","EMEA"
"537888","22632","HAND WARMER RED POLKA DOT","11","2017-03-18 16:40:00","1.91","15311.0","Australia","APAC"
"537888","47566","PARTY BUNTING","6","2017-03-18 16:40:00","5.01","15311.0","Australia","APAC"
"537889","84406B","CREAM CUPID HEARTS COAT HANGER","5","2017-04-01 09:21:00","2.69","17850.0","USA","AMER"
"537889","22752","SET 7 BABUSHKA NESTING BOXES","1","2017-04-01 09:21:00","7.7","17850.0","USA","AMER"
"537889","22633","HAND WARMER UNION JACK","11","2017-04-01 09:21:00","1.91","17850.0","USA","AMER"
"537890","85123A","WHITE HANGING HEART T-LIGHT HOLDER","10","2017-03-30 13:58:00","2.84","17850.0","Germany","EMEA"
"537890","84406B","CREAM CUPID HEARTS COAT HANGER","1","2017-03-30 13:58:00","2.9","17850.0","Germany","EMEA"
"537890","22632","HAND WARMER RED POLKA DOT","7","2017-03-30 13:58:00","2.29","17850.0","Germany","EMEA"
"537891","85099B","JUMBO BAG RED RETROSPOT","11","2017-03-29 15:57:00","1.78","12583.0","Netherlands","EMEA"
"537891","85123A","WHITE HANGING HEART T-LIGHT HOLDER","1","2017-03-29 15:57:00","2.79","12583.0","Netherlands","EMEA"
"537892","85123A","WHITE HANGING HEART T-LIGHT HOLDER","3","2017-03-28 16:42:00","2.73","14096.0","EIRE","EMEA"
"537893","22632","HAND WARMER RED POLKA DOT","8","2017-03-19 09:53:00","2.0","14606.0","Belgium","EMEA"
"537893","22633","HAND WARMER UNION JACK","6","2017-03-19 09:53:00","2.21","14606.0","Belgium","EMEA"
"537894","84029E","RED WOOLLY HOTTIE WHITE HEART","12","2017-03-14 16:16:00","3.52","15291.0","Germany","EMEA"
"537894","22633","HAND WARMER UNION JACK","7","2017-03-14 16:16:00","1.98","15291.0","Germany","EMEA"
"537895","84406B","CREAM CUPID HEARTS COAT HANGER","2","2017-04-09 09:05:00","2.8","15311.0","Belgium","EMEA"
"537895","85099B","JUMBO BAG RED RETROSPOT","11","2017-04-09 09:05:00","1.73","15311.0","Belgium","EMEA"
"537895","22633","HAND WARMER UNION JACK","6","2017-04-09 09:05:00","1.85","15311.0","Belgium","EMEA"
"537896","22633","HAND WARMER UNION JACK","1","2017-04-12 12:46:00","1.89","13777.0","Spain","EMEA"
"537897","22632","HAND WARMER RED POLKA DOT","8","2017-03-19 12:46:00","2.31","14096.0","France","EMEA"
"537897","21730","GLASS STAR FROSTED T-LIGHT HOLDER","11","2017-03-19 12:46:00","4.73","14096.0","France","EMEA"
"537898","22632","HAND WARMER RED POLKA DOT","4","2017-03-31 14:53:00","1.99","14606.0","Belgium","EMEA"
"537898","21730","GLASS STAR FROSTED T-LIGHT HOLDER","5","2017-03-31 14:53:00","4.2","14606.0","Belgium","EMEA"
"537898","84029E","RED WOOLLY HOTTIE WHITE HEART","2","2017-03-31 14:53:00","3.86","14606.0","Belgium","EMEA"
"537899","22752","SET 7 BABUSHKA NESTING BOXES","9","2017-03-25 13:15:00","7.9","13777.0","Belgium","EMEA"
"537899","22632","HAND WARMER RED POLKA DOT","10","2017-03-25 13:15:00","2.34","13777.0","Belgium","EMEA"
"537900","85123A","WHITE HANGING HEART T-LIGHT HOLDER","5","2017-04-15 12:59:00","3.01","17809.0","France","EMEA"
"537901","85123A","WHITE HANGING HEART T-LIGHT HOLDER","8","2017-04-19 12:11:00","2.69","16029.0","USA","AMER"
"537901","84029E","RED WOOLLY HOTTIE WHITE HEART","10","2017-04-19 12:11:00","3.56","16029.0","USA","AMER"
"537902","84029E","RED WOOLLY HOTTIE WHITE HEART","11","2017-03-10 14:30:00","3.51","14096.0","EIRE","EMEA"
"537902","20685","DOORMAT RED RETROSPOT","6","2017-03-10 14:30:00","7.44","14096.0","EIRE","EMEA"
"537902","84029G","KNITTED UNION FLAG HOT WATER BOTTLE","7","2017-03-10 14:30:00","3.44","14096.0","EIRE","EMEA"
"537903","84406B","CREAM CUPID HEARTS COAT HANGER","6","2017-04-13 12:57:00","3.11","12583.0","USA","AMER"
"537904","20685","DOORMAT RED RETROSPOT","2","2017-03-22 10:27:00","7.03","17809.0","United Kingdom","EMEA"
"537904","84029G","KNITTED UNION FLAG HOT WATER BOTTLE","12","2017-03-22 10:27:00","3.74","17809.0","United Kingdom","EMEA"
"537904","47566","PARTY BUNTING","8","2017-03-22 10:27:00","4.95","17809.0","United Kingdom","EMEA"
"537905","85123A","WHITE HANGING HEART T-LIGHT HOLDER","7","2017-04-12 08:25:00","2.82","12583.0","Netherlands","EMEA"
"537905","22633","HAND WARMER UNION JACK","11","2017-04-12 08:25:00","2.14","12583.0","Netherlands","EMEA"
"537906","22633","HAND WARMER UNION JACK","4","2017-04-04 10:54:00","2.24","17809.0","France","EMEA"
"537906","85123A","WHITE HANGING HEART T-LIGHT HOLDER","1","2017-04-04 10:54:00","3.0","17809.0","France","EMEA"
"537906","47566","PARTY BUNTING","6","2017-04-04 10:54:00","5.06","17809.0","France","EMEA"
"537907","71053","WHITE METAL LANTERN","9","2017-03-07 11:54:00","3.37","16029.0","United Kingdom","EMEA"
"537907","22632","HAND WARMER RED POLKA DOT","2","2017-03-07 11:54:00","2.2","16029.0","United Kingdom","EMEA"
"537908","22752","SET 7 BABUSHKA NESTING BOXES","5","2017-04-24 12:24:00","7.64","17809.0","United Kingdom","EMEA"
"537908","21730","GLASS STAR FROSTED T-LIGHT HOLDER","10","2017-04-24 12:24:00","4.36","17809.0","United Kingdom","EMEA"
"537908","22752","SET 7 BABUSHKA NESTING BOXES","7","2017-04-24 12:24:00","7.96","17809.0","United Kingdom","EMEA"
"537909","47566","PARTY BUNTING","6","2017-04-06 14:17:00","5.28","17809.0","Australia","APAC"
"537909","85123A","WHITE HANGING HEART T-LIGHT HOLDER","2","2017-04-06 14:17:00","3.0","17809.0","Australia","APAC"
"537910","22633","HAND WARMER UNION JACK","7","2017-04-23 15:13:00","1.88","15291.0","EIRE","EMEA"
"537910","47566","PARTY BUNTING","8","2017-04-23 15:13:00","5.04","15291.0","EIRE","EMEA"
"537911","84029E","RED WOOLLY HOTTIE WHITE HEART","1","2017-03-11 15:38:00","3.66","17809.0","EIRE","EMEA"
"537911","22633","HAND WARMER UNION JACK","11","2017-03-11 15:38:00","1.77","17809.0","EIRE","EMEA"
"537912","22633","HAND WARMER UNION JACK","6","2017-03-25 10:48:00","1.93","15311.0","USA","AMER"
"537913","84406B","CREAM CUPID HEARTS COAT HANGER","8","2017-04-08 15:56:00","2.94","15311.0","Netherlands","EMEA"
"537913","20685","DOORMAT RED RETROSPOT","10","2017-04-08 15:56:00","7.51","15311.0","Netherlands","EMEA"
"537914","22633","HAND WARMER UNION JACK","3","2017-03-16 11:43:00","1.99","15291.0","USA","AMER"
"537914","47566","PARTY BUNTING","5","2017-03-16 11:43:00","5.45","15291.0","USA","AMER"
"537915","84029G","KNITTED UNION FLAG HOT WATER BOTTLE","8","2017-03-07 12:24:00","3.85","15291.0","Australia","APAC"
"537915","22633","HAND WARMER UNION JACK","12","2017-03-07 12:24:00","2.15","15291.0","Australia","APAC"
"537915","71053","WHITE METAL LANTERN","6","2017-03-07 12:24:00","3.3","15291.0","Australia","APAC"
"537916","47566","PARTY BUNTING","1","2017-03-09 08:52:00","5.17","15291.0","Germany","EMEA"
"537916","84406B","CREAM CUPID HEARTS COAT HANGER","5","2017-03-09 08:52:00","3.12","15291.0","Germany","EMEA"
"537917","22633","HAND WARMER UNION JACK","4","2017-04-05 09:06:00","2.23","13777.0","Australia","APAC"
"537917","22633","HAND WARMER UNION JACK","2","2017-04-05 09:06:00","2.17","13777.0","Australia","APAC"
"537918","71053","WHITE METAL LANTERN","9","2017-04-04 11:37:00","3.29","15311.0","France","EMEA"
"537918","85123A","WHITE HANGING HEART T-LIGHT HOLDER","5","2017-04-04 11:37:00","2.69","15311.0","France","EMEA"
"537918","71053","WHITE METAL LANTERN","10","2017-04-04 11:37:00","3.67","15311.0","France","EMEA"
"537919","84029G","KNITTED UNION FLAG HOT WATER BOTTLE","12","2017-04-15 08:22:00","3.55","17809.0","United Kingdom","EMEA"
"537919","84029E","RED WOOLLY HOTTIE WHITE HEART","3","2017-04-15 08:22:00","3.56","17809.0","United Kingdom","EMEA"
"537919","22633","HAND WARMER UNION JACK","5","2017-04-15 08:22:00","2.24","17809.0","United Kingdom","EMEA"
"537920","84406B","CREAM CUPID HEARTS COAT HANGER","10","2017-04-10 10:54:00","3.0","17809.0","Germany","EMEA"
"537921","71053","WHITE METAL LANTERN","9","2017-04-19 14:03:00","3.33","13047.0","France","EMEA"
"537921","71053","WHITE METAL LANTERN","2","2017-04-19 14:03:00","3.61","13047.0","France","EMEA"
"537922","84406B","CREAM CUPID HEARTS COAT HANGER","11","2017-03-19 16:49:00","2.78","17809.0","EIRE","EMEA"
"537923","47566","PARTY BUNTING","7","2017-04-13 09:48:00","5.0","17850.0","EIRE","EMEA"
"537923","22752","SET 7 BABUSHKA NESTING BOXES","10","2017-04-13 09:48:00","7.86","17850.0","EIRE","EMEA"
"537924","22752","SET 7 BABUSHKA NESTING BOXES","7","2017-04-01 15:51:00","7.67","12583.0","Spain","EMEA"
"537924","22633","HAND WARMER UNION JACK","6","2017-04-01 15:51:00","1.92","12583.0","Spain","EMEA"
"537924","21730","GLASS STAR FROSTED T-LIGHT HOLDER","9","2017-04-01 15:51:00","4.23","12583.0","Spain","EMEA"
"537925","21730","GLASS STAR FROSTED T-LIGHT HOLDER","6","2017-03-24 12:20:00","4.65","14606.0","EIRE","EMEA"
"537925","71053","WHITE METAL LANTERN","5","2017-03-24 12:20:00","3.55","14606.0","EIRE","EMEA"
"537926","22632","HAND WARMER RED POLKA DOT","6","2017-04-05 14:21:00","2.17","15291.0","Canada","AMER"
"537927","22752","SET 7 BABUSHKA NESTING BOXES","8","2017-03-20 09:11:00","7.82","14606.0","EIRE","EMEA"
"537928","20685","DOORMAT RED RETROSPOT","1","2017-04-17 11:28:00","7.3","16029.0","Germany","EMEA"
"537929","22633","HAND WARMER UNION JACK","8","2017-03-12 13:36:00","2.26","17850.0","Spain","EMEA"
"537929","21730","GLASS STAR FROSTED T-LIGHT HOLDER","6","2017-03-12 13:36:00","4.7","17850.0","Spain","EMEA"
"537930","20685","DOORMAT RED RETROSPOT","6","2017-04-12 16:57:00","7.39","16029.0","Netherlands","EMEA"
"537930","47566","PARTY BUNTING","5","2017-04-12 16:57:00","4.9","16029.0","Netherlands","EMEA"
"537930","71053","WHITE METAL LANTERN","5","2017-04-12 16:57:00","3.71","16029.0","Netherlands","EMEA"
"537931","84406B","CREAM CUPID HEARTS COAT HANGER","12","2017-04-16 09:35:00","3.06","15311.0","Australia","APAC"
"537932","84029E","RED WOOLLY HOTTIE WHITE HEART","3","2017-04-10 12:22:00","3.35","15311.0","USA","AMER"
"537933","85099B","JUMBO BAG RED RETROSPOT","7","2017-03-27 16:06:00","2.05","14606.0","Spain","EMEA"
"537933","84406B","CREAM CUPID HEARTS COAT HANGER","7","2017-03-27 16:06:00","2.79","14606.0","Spain","EMEA"
"537934","22632","HAND WARMER RED POLKA DOT","6","2017-03-26 13:29:00","1.84","12583.0","Germany","EMEA"
"537934","84029G","KNITTED UNION FLAG HOT WATER BOTTLE","11","2017-03-26 13:29:00","3.36","12583.0","Germany","EMEA"
"537934","84029E","RED WOOLLY HOTTIE WHITE HEART","1","2017-03-26 13:29:00","3.35","12583.0","Germany","EMEA"
"537935","22632","HAND WARMER RED POLKA DOT","8","2017-04-24 12:53:00","1.84","13047.0","Australia","APAC"
"537936","84029G","KNITTED UNION FLAG HOT WATER BOTTLE","8","2017-03-05 16:38:00","3.81","14096.0","Australia","APAC"
"537937","84406B","CREAM CUPID HEARTS COAT HANGER","3","2017-04-02 14:19:00","2.8","15291.0","Canada","AMER"
"537937","84406B","CREAM CUPID HEARTS COAT HANGER","10","2017-04-02 14:19:00","3.19","15291.0","Canada","AMER"
"537938","85099B","JUMBO BAG RED RETROSPOT","10","2017-03-29 13:26:00","1.97","14096.0","EIRE","EMEA"
"537938","22633","HAND WARMER UNION JACK","4","2017-03-29 13:26:00","1.81","14096.0","EIRE","EMEA"
"537938","84029G","KNITTED UNION FLAG HOT WATER BOTTLE","8","2017-03-29 13:26:00","3.64","14096.0","EIRE","EMEA"
"537939","22633","HAND WARMER UNION JACK","9","2017-04-29 10:50:00","1.92","13047.0","United Kingdom","EMEA"
"537939","71053","WHITE METAL LANTERN","1","2017-04-29 10:50:00","3.72","13047.0","United Kingdom","EMEA"
"537940","84029G","KNITTED UNION FLAG HOT WATER BOTTLE","2","2017-03-22 13:26:00","3.79","16029.0","Australia","APAC"
"537940","22752","SET 7 BABUSHKA NESTING BOXES","2","2017-03-22 13:26:00","7.91","16029.0","Australia","APAC"
"537941","85123A","WHITE HANGING HEART T-LIGHT HOLDER","11","2017-03-25 12:10:00","2.72","15311.0","France","EMEA"
"537942","47566","PARTY BUNTING","8","2017-04-10 14:16:00","5.09","17850.0","Spain","EMEA"
"537943","71053","WHITE METAL LANTERN","8","2017-03-15 09:51:00","3.76","13777.0","Australia","APAC"
"537943","71053","WHITE METAL LANTERN","3","2017-03-15 09:51:00","3.49","13777.0","Australia","APAC"
"537944","47566","PARTY BUNTING","9","2017-04-12 09:38:00","5.16","13047.0","USA","AMER"
"537944","47566","PARTY BUNTING","8","2017-04-12 09:38:00","5.3","13047.0","USA","AMER"
"537944","22632","HAND WARMER RED POLKA DOT","10","2017-04-12 09:38:00","2.14","13047.0","USA","AMER"
"537945","84029E","RED WOOLLY HOTTIE WHITE HEART","4","2017-03-25 10:46:00","3.34","15291.0","Germany","EMEA"
"537945","22632","HAND WARMER RED POLKA DOT","11","2017-03-25 10:46:00","2.02","15291.0","Germany","EMEA"
"537945","84406B","CREAM CUPID HEARTS COAT HANGER","2","2017-03-25 10:46:00","3.12","15291.0","Germany","EMEA"
"537946","85123A","WHITE HANGING HEART T-LIGHT HOLDER","10","2017-03-21 08:44:00","2.54","13047.0","Australia","APAC"
"537946","71053","WHITE METAL LANTERN","2","2017-03-21 08:44:00","3.3","13047.0","Australia","APAC"
"537947","47566","PARTY BUNTING","5","2017-04-12 16:13:00","5.24","15311.0","Canada","AMER"
"537948","22633","HAND WARMER UNION JACK","2","2017-04-30 14:48:00","2.24","15291.0","EIRE","EMEA"
"537949","85099B","JUMBO BAG RED RETROSPOT","10","2017-04-28 15:03:00","1.78","14606.0","Netherlands","EMEA"
"537950","21730","GLASS STAR FROSTED T-LIGHT HOLDER","9","2017-04-25 16:33:00","4.17","17850.0","Belgium","EMEA"
"537950","71053","WHITE METAL LANTERN","11","2017-04-25 16:33:00","3.33","17850.0","Belgium","EMEA"
"537951","47566","PARTY BUNTING","2","2017-03-30 14:17:00","4.94","15311.0","Australia","APAC"
"537952","22632","HAND WARMER RED POLKA DOT","3","2017-04-14 16:39:00","2.21","14096.0","Canada","AMER"
"537952","21730","GLASS STAR FROSTED T-LIGHT HOLDER","3","2017-04-14 16:39:00","4.47","14096.0","Canada","AMER"
"537953","84406B","CREAM CUPID HEARTS COAT HANGER","10","2017-04-30 11:49:00","2.8","14096.0","Netherlands","EMEA"
"537953","47566","PARTY BUNTING","1","2017-04-30 11:49:00","5.06","14096.0","Netherlands","EMEA"
"537953","22632","HAND WARMER RED POLKA DOT","2","2017-04-30 11:49:00","1.83","14096.0","Netherlands","EMEA"
"537954","84406B","CREAM CUPID HEARTS COAT HANGER","5","2017-04-08 10:46:00","2.74","14606.0","Germany","EMEA"
"537954","20685","DOORMAT RED RETROSPOT","10","2017-04-08 10:46:00","7.29","14606.0","Germany","EMEA"
"537954","71053","WHITE METAL LANTERN","10","2017-04-08 10:46:00","3.67","14606.0","Germany","EMEA"
"537955","84029E","RED WOOLLY HOTTIE WHITE HEART","8","2017-04-13 16:47:00","3.39","12583.0","Germany","EMEA"
"537955","21730","GLASS STAR FROSTED T-LIGHT HOLDER","3","2017-04-13 16:47:00","4.16","12583.0","Germany","EMEA"
"537956","84029E","RED WOOLLY HOTTIE WHITE HEART","5","2017-03-06 15:18:00","3.87","17809.0","France","EMEA"
"537956","21730","GLASS STAR FROSTED T-LIGHT HOLDER","4","2017-03-06 15:18:00","4.4","17809.0","France","EMEA"
"537956","85099B","JUMBO BAG RED RETROSPOT","10","2017-03-06 15:18:00","2.07","17809.0","France","EMEA"
"537957","22632","HAND WARMER RED POLKA DOT","9","2017-03-11 14:31:00","2.33","17809.0","Spain","EMEA"
"537957","22752","SET 7 BABUSHKA NESTING BOXES","6","2017-03-11 14:31:00","7.69","17809.0","Spain","EMEA"
"537958","22752","SET 7 BABUSHKA NESTING BOXES","4","2017-03-20 10:10:00","7.66","15311.0","EIRE","EMEA"
"537958","84029E","RED WOOLLY HOTTIE WHITE HEART","2","2017-03-20 10:10:00","3.58","15311.0","EIRE","EMEA"
"537958","22632","HAND WARMER RED POLKA DOT","2","2017-03-20 10:10:00","1.76","15311.0","EIRE","EMEA"
"537959","84029G","KNITTED UNION FLAG HOT WATER BOTTLE","11","2017-04-06 08:17:00","3.64","14606.0","France","EMEA"
"537959","84029E","RED WOOLLY HOTTIE WHITE HEART","8","2017-04-06 08:17:00","3.65","14606.0","France","EMEA"
"537959","22632","HAND WARMER RED POLKA DOT","3","2017-04-06 08:17:00","2.31","14606.0","France","EMEA"
"537960","22633","HAND WARMER UNION JACK","9","2017-04-11 12:22:00","2.18","15291.0","Belgium","EMEA"
"537960","84029E","RED WOOLLY HOTTIE WHITE HEART","3","2017-04-11 12:22:00","3.75","15291.0","Belgium","EMEA"
"537960","47566","PARTY BUNTING","12","2017-04-11 12:22:00","5.18","15291.0","Belgium","EMEA"
"537961","22633","HAND WARMER UNION JACK","3","2017-04-19 09:12:00","2.12","15291.0","Spain","EMEA"
"537962","85099B","JUMBO BAG RED RETROSPOT","8","2017-03-03 08:56:00","1.63","16029.0","France","EMEA"
"537962","84029G","KNITTED UNION FLAG HOT WATER BOTTLE","8","2017-03-03 08:56:00","3.59","16029.0","France","EMEA"
"537962","22633","HAND WARMER UNION JACK","1","2017-03-03 08:56:00","2.15","16029.0","France","EMEA"
"537963","71053","WHITE METAL LANTERN","7","2017-04-08 16:50:00","3.79","15311.0","Germany","EMEA"
"537964","85099B","JUMBO BAG RED RETROSPOT","12","2017-04-26 13:45:00","2.03","15311.0","Spain","EMEA"
"537965","22633","HAND WARMER UNION JACK","5","2017-04-19 12:33:00","1.82","14606.0","United Kingdom","EMEA"
"537965","22632","HAND WARMER RED POLKA DOT","7","2017-04-19 12:33:00","2.16","14606.0","United Kingdom","EMEA"
"537965","84406B","CREAM CUPID HEARTS COAT HANGER","1","2017-04-19 12:33:00","2.95","14606.0","United Kingdom","EMEA"
"537966","47566","PARTY BUNTING","3","2017-04-17 09:42:00","4.93","15291.0","Netherlands","EMEA"
"537967","84029E","RED WOOLLY HOTTIE WHITE HEART","9","2017-03-02 16:58:00","3.46","15291.0","USA","AMER"
"537967","22752","SET 7 BABUSHKA NESTING BOXES","7","2017-03-02 16:58:00","7.56","15291.0","USA","AMER"
"537968","84029E","RED WOOLLY HOTTIE WHITE HEART","11","2017-04-19 10:14:00","3.6","14606.0","Belgium","EMEA"
"537968","47566","PARTY BUNTING","11","2017-04-19 10:14:00","5.3","14606.0","Belgium","EMEA"
"537968","84406B","CREAM CUPID HEARTS COAT HANGER","4","2017-04-19 10:14:00","2.77","14606.0","Belgium","EMEA"
"537969","85099B","JUMBO BAG RED RETROSPOT","7","2017-04-26 14:25:00","1.72","15291.0","Netherlands","EMEA"
"537969","84029G","KNITTED UNION FLAG HOT WATER BOTTLE","2","2017-04-26 14:25:00","3.46","15291.0","Netherlands","EMEA"
"537969","22632","HAND WARMER RED POLKA DOT","2","2017-04-26 14:25:00","2.1","15291.0","Netherlands","EMEA"
"537970","22633","HAND WARMER UNION JACK","7","2017-03-28 14:55:00","1.99","16029.0","USA","AMER"
"537970","21730","GLASS STAR FROSTED T-LIGHT HOLDER","5","2017-03-28 14:55:00","4.22","16029.0","USA","AMER"
"537970","21730","GLASS STAR FROSTED T-LIGHT HOLDER","8","2017-03-28 14:55:00","4.44","16029.0","USA","AMER"
"537971","47566","PARTY BUNTING","4","2017-04-30 10:50:00","5.23","15291.0","Belgium","EMEA"
"537972","85099B","JUMBO BAG RED RETROSPOT","11","2017-04-19 12:02:00","2.15","12583.0","Australia","APAC"
"537973","20685","DOORMAT RED RETROSPOT","8","2017-04-09 14:51:00","7.06","17809.0","Netherlands","EMEA"
"537973","21730","GLASS STAR FROSTED T-LIGHT HOLDER","10","2017-04-09 14:51:00","4.2","17809.0","Netherlands","EMEA"
"537974","84406B","CREAM CUPID HEARTS COAT HANGER","9","2017-04-08 13:16:00","3.17","16029.0","France","EMEA"
"537975","47566","PARTY BUNTING","8","2017-04-30 11:29:00","5.16","15291.0","USA","AMER"
"537975","22752","SET 7 BABUSHKA NESTING BOXES","5","2017-04-30 11:29:00","7.76","15291.0","USA","AMER"
"537975","22752","SET 7 BABUSHKA NESTING BOXES","1","2017-04-30 11:29:00","7.91","15291.0","USA","AMER"
"537976","21730","GLASS STAR FROSTED T-LIGHT HOLDER","1","2017-04-21 14:15:00","4.33","17850.0","EIRE","EMEA"
"537977","20685","DOORMAT RED RETROSPOT","1","2017-04-07 10:55:00","7.0","14606.0","Spain","EMEA"
"537977","84029E","RED WOOLLY HOTTIE WHITE HEART","4","2017-04-07 10:55:00","3.73","14606.0","Spain","EMEA"
"537977","22633","HAND WARMER UNION JACK","4","2017-04-07 10:55:00","2.09","14606.0","Spain","EMEA"
"537978","85099B","JUMBO BAG RED RETROSPOT","4","2017-04-14 14:41:00","1.9","15311.0","Netherlands","EMEA"
"537978","84406B","CREAM CUPID HEARTS COAT HANGER","3","2017-04-14 14:41:00","2.96","15311.0","Netherlands","EMEA"
"537978","84406B","CREAM CUPID HEARTS COAT HANGER","9","2017-04-14 14:41:00","2.97","15311.0","Netherlands","EMEA"
"537979","22632","HAND WARMER RED POLKA DOT","5","2017-03-18 12:54:00","1.8","15311.0","Netherlands","EMEA"
"537979","84029G","KNITTED UNION FLAG HOT WATER BOTTLE","6","2017-03-18 12:54:00","3.38","15311.0","Netherlands","EMEA"
"537979","21730","GLASS STAR FROSTED T-LIGHT HOLDER","7","2017-03-18 12:54:00","4.31","15311.0","Netherlands","EMEA"
"537980","71053","WHITE METAL LANTERN","2","2017-03-30 12:56:00","3.62","14096.0","Spain","EMEA"
"537981","71053","WHITE METAL LANTERN","6","2017-04-05 14:53:00","3.69","14096.0","Netherlands","EMEA"
"537981","84029E","RED WOOLLY HOTTIE WHITE HEART","11","2017-04-05 14:53:00","3.44","14096.0","Netherlands","EMEA"
"537981","20685","DOORMAT RED RETROSPOT","2","2017-04-05 14:53:00","7.42","14096.0","Netherlands","EMEA"
"537982","84406B","CREAM CUPID HEARTS COAT HANGER","10","2017-04-09 15:58:00","2.78","16029.0","EIRE","EMEA"
"537982","22752","SET 7 BABUSHKA NESTING BOXES","7","2017-04-09 15:58:00","7.81","16029.0","EIRE","EMEA"
"537983","84029E","RED WOOLLY HOTTIE WHITE HEART","2","2017-03-14 15:05:00","3.71","17850.0","Spain","EMEA"
"537983","85099B","JUMBO BAG RED RETROSPOT","12","2017-03-14 15:05:00","1.85","17850.0","Spain","EMEA"
"537983","20685","DOORMAT RED RETROSPOT","1","2017-03-14 15:05:00","7.28","17850.0","Spain","EMEA"
"537984","85099B","JUMBO BAG RED RETROSPOT","9","2017-03-10 11:12:00","1.86","14096.0","USA","AMER"
"537984","20685","DOORMAT RED RETROSPOT","8","2017-03-10 11:12:00","7.5","14096.0","USA","AMER"
"537985","84406B","CREAM CUPID HEARTS COAT HANGER","10","2017-03-05 08:44:00","3.08","14096.0","United Kingdom","EMEA"
"537985","22632","HAND WARMER RED POLKA DOT","3","2017-03-05 08:44:00","2.26","14096.0","United Kingdom","EMEA"
"537986","22752","SET 7 BABUSHKA NESTING BOXES","7","2017-04-23 14:39:00","8.1","13777.0","Australia","APAC"
"537986","20685","DOORMAT RED RETROSPOT","5","2017-04-23 14:39:00","7.4","13777.0","Australia","APAC"
"537987","21730","GLASS STAR FROSTED T-LIGHT HOLDER","4","2017-04-22 15:01:00","4.37","15311.0","Canada","AMER"
"537987","20685","DOORMAT RED RETROSPOT","12","2017-04-22 15:01:00","7.23","15311.0","Canada","AMER"
"537987","21730","GLASS STAR FROSTED T-LIGHT HOLDER","11","2017-04-22 15:01:00","4.3","15311.0","Canada","AMER"
"537988","21730","GLASS STAR FROSTED T-LIGHT HOLDER","6","2017-04-20 13:13:00","4.71","13047.0","Spain","EMEA"
"537989","47566","PARTY BUNTING","11","2017-04-09 08:30:00","4.91","14606.0","United Kingdom","EMEA"
"537989","84029E","RED WOOLLY HOTTIE WHITE HEART","3","2017-04-09 08:30:00","3.49","14606.0","United Kingdom","EMEA"
"537989","71053","WHITE METAL LANTERN","9","2017-04-09 08:30:00","3.74","14606.0","United Kingdom","EMEA"
"537990","22633","HAND WARMER UNION JACK","8","2017-04-27 12:38:00","2.17","13047.0","Australia","APAC"
"537990","22633","HAND WARMER UNION JACK","10","2017-04-27 12:38:00","2.35","13047.0","Australia","APAC"
"537990","47566","PARTY BUNTING","10","2017-04-27 12:38:00","5.08","13047.0","Australia","APAC"
"537991","47566","PARTY BUNTING","2","2017-04-01 09:03:00","5.41","15311.0","Germany","EMEA"
"537992","84406B","CREAM CUPID HEARTS COAT HANGER","8","2017-04-28 10:17:00","2.86","14096.0","Netherlands","EMEA"
"537992","84406B","CREAM CUPID HEARTS COAT HANGER","5","2017-04-28 10:17:00","3.24","14096.0","Netherlands","EMEA"
"537993","22752","SET 7 BABUSHKA NESTING BOXES","9","2017-03-10 08:32:00","7.93","17850.0","Australia","APAC"
"537993","84406B","CREAM CUPID HEARTS COAT HANGER","8","2017-03-10 08:32:00","3.01","17850.0","Australia","APAC"
"537993","84029E","RED WOOLLY HOTTIE WHITE HEART","7","2017-03-10 08:32:00","3.48","17850.0","Australia","APAC"
"537994","84406B","CREAM CUPID HEARTS COAT HANGER","2","2017-03-06 10:59:00","2.89","14606.0","Belgium","EMEA"
"537994","84029G","KNITTED UNION FLAG HOT WATER BOTTLE","4","2017-03-06 10:59:00","3.54","14606.0","Belgium","EMEA"
"537994","85123A","WHITE HANGING HEART T-LIGHT HOLDER","10","2017-03-06 10:59:00","2.65","14606.0","Belgium","EMEA"
"537995","22632","HAND WARMER RED POLKA DOT","9","2017-04-19 09:15:00","2.03","14606.0","Netherlands","EMEA"
"537995","84029G","KNITTED UNION FLAG HOT WATER BOTTLE","1","2017-04-19 09:15:00","3.78","14606.0","Netherlands","EMEA"
"537995","85099B","JUMBO BAG RED RETROSPOT","4","2017-04-19 09:15:00","2.15","14606.0","Netherlands","EMEA"
"537996","84406B","CREAM CUPID HEARTS COAT HANGER","12","2017-04-16 09:47:00","2.71","15291.0","EIRE","EMEA"
"537997","84406B","CREAM CUPID HEARTS COAT HANGER","11","2017-03-20 08:15:00","3.13","16029.0","Spain","EMEA"
"537998","20685","DOORMAT RED RETROSPOT","3","2017-03-04 13:25:00","7.38","17850.0","Canada","AMER"
"537998","20685","DOORMAT RED RETROSPOT","7","2017-03-04 13:25:00","7.03","17850.0","Canada","AMER"
"537998","85123A","WHITE HANGING HEART T-LIGHT HOLDER","10","2017-03-04 13:25:00","2.73","17850.0","Canada","AMER"
"537999","85123A","WHITE HANGING HEART T-LIGHT HOLDER","7","2017-04-21 15:17:00","2.94","13047.0","France","EMEA"
"538000","22633","HAND WARMER UNION JACK","4","2017-03-27 09:25:00","2.29","17809.0","Australia","APAC"
"538000","84406B","CREAM CUPID HEARTS COAT HANGER","3","2017-03-27 09:25:00","3.2","17809.0","Australia","APAC"
"538001","84029E","RED WOOLLY HOTTIE WHITE HEART","2","2017-04-23 12:32:00","3.86","17809.0","Germany","EMEA"
"538001","84029G","KNITTED UNION FLAG HOT WATER BOTTLE","12","2017-04-23 12:32:00","3.67","17809.0","Germany","EMEA"
"538001","84406B","CREAM CUPID HEARTS COAT HANGER","4","2017-04-23 12:32:00","2.8","17809.0","Germany","EMEA"
"538002","22633","HAND WARMER UNION JACK","9","2017-04-12 10:43:00","2.16","16029.0","Netherlands","EMEA"
"538002","20685","DOORMAT RED RETROSPOT","2","2017-04-12 10:43:00","7.35","16029.0","Netherlands","EMEA"
"538002","71053","WHITE METAL LANTERN","6","2017-04-12 10:43:00","3.48","16029.0","Netherlands","EMEA"
"538003","71053","WHITE METAL LANTERN","6","2017-03-04 09:31:00","3.54","17809.0","France","EMEA"
"538003","47566","PARTY BUNTING","6","2017-03-04 09:31:00","4.91","17809.0","France","EMEA"
"538003","84029G","KNITTED UNION FLAG HOT WATER BOTTLE","6","2017-03-04 09:31:00","3.66","17809.0","France","EMEA"
"538004","71053","WHITE METAL LANTERN","1","2017-03-31 11:55:00","3.32","17809.0","France","EMEA"
"538004","22752","SET 7 BABUSHKA NESTING BOXES","6","2017-03-31 11:55:00","7.99","17809.0","France","EMEA"
"538005","85123A","WHITE HANGING HEART T-LIGHT HOLDER","10","2017-03-02 10:32:00","2.81","16029.0","Spain","EMEA"
"538006","21730","GLASS STAR FROSTED T-LIGHT HOLDER","2","2017-03-28 10:42:00","4.44","15311.0","Australia","APAC"
"538006","85099B","JUMBO BAG RED RETROSPOT","10","2017-03-28 10:42:00","1.67","15311.0","Australia","APAC"
"538007","85123A","WHITE HANGING HEART T-LIGHT HOLDER","7","2017-03-28 14:19:00","2.6","13047.0","Netherlands","EMEA"
"538007","85099B","JUMBO BAG RED RETROSPOT","4","2017-03-28 14:19:00","1.67","13047.0","Netherlands","EMEA"
"538007","22633","HAND WARMER UNION JACK","10","2017-03-28 14:19:00","2.15","13047.0","Netherlands","EMEA"
"538008","22752","SET 7 BABUSHKA NESTING BOXES","2","2017-04-14 12:13:00","8.06","13777.0","France","EMEA"
"538008","71053","WHITE METAL LANTERN","4","2017-04-14 12:13:00","3.68","13777.0","France","EMEA"
"538009","84029E","RED WOOLLY HOTTIE WHITE HEART","5","2017-04-14 14:09:00","3.29","17850.0","Canada","AMER"
"538010","22633","HAND WARMER UNION JACK","11","2017-03-15 16:06:00","2.06","13777.0","EIRE","EMEA"
"538010","22633","HAND WARMER UNION JACK","3","2017-03-15 16:06:00","2.3","13777.0","EIRE","EMEA"
"538011","85099B","JUMBO BAG RED RETROSPOT","2","2017-03-18 15:09:00","1.57","14606.0","United Kingdom","EMEA"
"538011","71053","WHITE METAL LANTERN","5","2017-03-18 15:09:00","3.66","14606.0","United Kingdom","EMEA"
"538011","22632","HAND WARMER RED POLKA DOT","1","2017-03-18 15:09:00","1.76","14606.0","United Kingdom","EMEA"
"538012","21730","GLASS STAR FROSTED T-LIGHT HOLDER","6","2017-04-22 14:00:00","4.65","14096.0","United Kingdom","EMEA"
"538012","85099B","JUMBO BAG RED RETROSPOT","1","2017-04-22 14:00:00","1.87","14096.0","United Kingdom","EMEA"
"538012","84029E","RED WOOLLY HOTTIE WHITE HEART","2","2017-04-22 14:00:00","3.71","14096.0","United Kingdom","EMEA"
"538013","85099B","JUMBO BAG RED RETROSPOT","11","2017-03-04 13:39:00","2.08","13047.0","Belgium","EMEA"
"538013","84406B","CREAM CUPID HEARTS COAT HANGER","9","2017-03-04 13:39:00","2.66","13047.0","Belgium","EMEA"
"538013","84029E","RED WOOLLY HOTTIE WHITE HEART","1","2017-03-04 13:39:00","3.35","13047.0","Belgium","EMEA"
"538014","84029E","RED WOOLLY HOTTIE WHITE HEART","7","2017-04-02 09:38:00","3.57","17809.0","Germany","EMEA"
"538014","21730","GLASS STAR FROSTED T-LIGHT HOLDER","6","2017-04-02 09:38:00","4.19","17809.0","Germany","EMEA"
"538015","20685","DOORMAT RED RETROSPOT","3","2017-04-07 13:51:00","7.18","15291.0","Australia","APAC"
"538016","71053","WHITE METAL LANTERN","1","2017-04-26 15:10:00","3.53","16029.0","Belgium","EMEA"
"538016","22752","SET 7 BABUSHKA NESTING BOXES","5","2017-04-26 15:10:00","7.69","16029.0","Belgium","EMEA"
"538017","22752","SET 7 BABUSHKA NESTING BOXES","1","2017-03-13 12:55:00","7.71","13777.0","Spain","EMEA"
"538018","84406B","CREAM CUPID HEARTS COAT HANGER","12","2017-03-12 11:16:00","2.79","15311.0","United Kingdom","EMEA"
"538019","22633","HAND WARMER UNION JACK","7","2017-04-12 09:36:00","2.08","17809.0","Netherlands","EMEA"
"538020","22632","HAND WARMER RED POLKA DOT","2","2017-03-16 13:48:00","1.94","17850.0","Netherlands","EMEA"
"538021","22632","HAND WARMER RED POLKA DOT","8","2017-04-11 13:56:00","2.01","14606.0","Netherlands","EMEA"
"538022","22632","HAND WARMER RED POLKA DOT","6","2017-04-09 15:36:00","2.3","14606.0","Spain","EMEA"
"538023","84029G","KNITTED UNION FLAG HOT WATER BOTTLE","3","2017-03-23 13:23:00","3.63","12583.0","France","EMEA"
"538023","22632","HAND WARMER RED POLKA DOT","11","2017-03-23 13:23:00","2.09","12583.0","France","EMEA"
"538023","85099B","JUMBO BAG RED RETROSPOT","7","2017-03-23 13:23:00","1.78","12583.0","France","EMEA"
"538024","71053","WHITE METAL LANTERN","7","2017-03-11 13:35:00","3.3","13047.0","United Kingdom","EMEA"
"538024","22752","SET 7 BABUSHKA NESTING BOXES","11","2017-03-11 13:35:00","8.05","13047.0","United Kingdom","EMEA"
"538024","84029E","RED WOOLLY HOTTIE WHITE HEART","6","2017-03-11 13:35:00","3.57","13047.0","United Kingdom","EMEA"
"538025","21730","GLASS STAR FROSTED T-LIGHT HOLDER","8","2017-04-24 16:34:00","4.67","17809.0","Netherlands","EMEA"
"538025","22633","HAND WARMER UNION JACK","9","2017-04-24 16:34:00","2.03","17809.0","Netherlands","EMEA"
"538026","47566","PARTY BUNTING","8","2017-03-18 10:02:00","5.35","15311.0","Canada","AMER"
"538026","84406B","CREAM CUPID HEARTS COAT HANGER","5","2017-03-18 10:02:00","3.02","15311.0","Canada","AMER"
"538027","85123A","WHITE HANGING HEART T-LIGHT HOLDER","3","2017-03-19 11:20:00","2.55","15311.0","Spain","EMEA"
"538028","22632","HAND WARMER RED POLKA DOT","7","2017-03-28 12:05:00","2.33","16029.0","United Kingdom","EMEA"
"538028","21730","GLASS STAR FROSTED T-LIGHT HOLDER","8","2017-03-28 12:05:00","4.63","16029.0","United Kingdom","EMEA"
"538028","22633","HAND WARMER UNION JACK","8","2017-03-28 12:05:00","2.09","16029.0","United Kingdom","EMEA"
"538029","22633","HAND WARMER UNION JACK","1","2017-04-07 11:01:00","2.3","15291.0","Spain","EMEA"
"538029","85123A","WHITE HANGING HEART T-LIGHT HOLDER","11","2017-04-07 11:01:00","2.45","15291.0","Spain","EMEA"
"538030","84406B","CREAM CUPID HEARTS COAT HANGER","11","2017-03-12 12:07:00","2.96","13047.0","Canada","AMER"
"538030","84029E","RED WOOLLY HOTTIE WHITE HEART","9","2017-03-12 12:07:00","3.68","13047.0","Canada","AMER"
"538031","21730","GLASS STAR FROSTED T-LIGHT HOLDER","10","2017-04-03 11:07:00","4.43","13777.0","Netherlands","EMEA"
"538031","85099B","JUMBO BAG RED RETROSPOT","3","2017-04-03 11:07:00","1.65","13777.0","Netherlands","EMEA"
"538031","85123A","WHITE HANGING HEART T-LIGHT HOLDER","8","2017-04-03 11:07:00","2.65","13777.0","Netherlands","EMEA"
"538032","22632","HAND WARMER RED POLKA DOT","1","2017-03-09 10:41:00","2.01","15291.0","Netherlands","EMEA"
"538032","84029E","RED WOOLLY HOTTIE WHITE HEART","11","2017-03-09 10:41:00","3.39","15291.0","Netherlands","EMEA"
"538033","84406B","CREAM CUPID HEARTS COAT HANGER","3","2017-04-23 14:58:00","2.71","15311.0","EIRE","EMEA"
"538033","47566","PARTY BUNTING","12","2017-04-23 14:58:00","5.02","15311.0","EIRE","EMEA"
"538034","84029G","KNITTED UNION FLAG HOT WATER BOTTLE","6","2017-04-22 16:56:00","3.37","15291.0","Canada","AMER"
"538034","85123A","WHITE HANGING HEART T-LIGHT HOLDER","11","2017-04-22 16:56:00","2.98","15291.0","Canada","AMER"
"538035","85123A","WHITE HANGING HEART T-LIGHT HOLDER","4","2017-03-31 10:54:00","2.55","15291.0","Belgium","EMEA"
"538035","71053","WHITE METAL LANTERN","5","2017-03-31 10:54:00","3.79","15291.0","Belgium","EMEA"
"538035","85099B","JUMBO BAG RED RETROSPOT","6","2017-03-31 10:54:00","1.93","15291.0","Belgium","EMEA"
"538036","71053","WHITE METAL LANTERN","11","2017-04-05 10:08:00","3.67","16029.0","Germany","EMEA"
"538036","22633","HAND WARMER UNION JACK","3","2017-04-05 10:08:00","1.99","16029.0","Germany","EMEA"
"538037","22752","SET 7 BABUSHKA NESTING BOXES","1","2017-03-04 11:10:00","7.84","17809.0","France","EMEA"
"538038","21730","GLASS STAR FROSTED T-LIGHT HOLDER","11","2017-03-03 16:16:00","4.64","15291.0","Germany","EMEA"
"538038","85099B","JUMBO BAG RED RETROSPOT","12","2017-03-03 16:16:00","1.9","15291.0","Germany","EMEA"
"538039","22632","HAND WARMER RED POLKA DOT","12","2017-04-04 10:53:00","2.27","16029.0","EIRE","EMEA"
"538039","85123A","WHITE HANGING HEART T-LIGHT HOLDER","3","2017-04-04 10:53:00","2.65","16029.0","EIRE","EMEA"
"538039","84406B","CREAM CUPID HEARTS COAT HANGER","7","2017-04-04 10:53:00","2.73","16029.0","EIRE","EMEA"
"538040","22752","SET 7 BABUSHKA NESTING BOXES","6","2017-03-11 14:53:00","7.86","14096.0","Australia","APAC"
"538040","22633","HAND WARMER UNION JACK","5","2017-03-11 14:53:00","2.17","14096.0","Australia","APAC"
"538040","84406B","CREAM CUPID HEARTS COAT HANGER","5","2017-03-11 14:53:00","3.23","14096.0","Australia","APAC"
"538041","84029G","KNITTED UNION FLAG HOT WATER BOTTLE","12","2017-03-24 16:24:00","3.47","14096.0","Germany","EMEA"
"538041","20685","DOORMAT RED RETROSPOT","12","2017-03-24 16:24:00","7.27","14096.0","Germany","EMEA"
"538042","47566","PARTY BUNTING","10","2017-03-26 10:16:00","4.89","12583.0","EIRE","EMEA"
"538042","84029E","RED WOOLLY HOTTIE WHITE HEART","4","2017-03-26 10:16:00","3.33","12583.0","EIRE","EMEA"
"538042","84029E","RED WOOLLY HOTTIE WHITE HEART","4","2017-03-26 10:16:00","3.62","12583.0","EIRE","EMEA"
"538043","21730","GLASS STAR FROSTED T-LIGHT HOLDER","5","2017-04-23 12:29:00","4.73","14096.0","EIRE","EMEA"
"538043","47566","PARTY BUNTING","1","2017-04-23 12:29:00","5.05","14096.0","EIRE","EMEA"
"538044","85099B","JUMBO BAG RED RETROSPOT","4","2017-04-06 10:12:00","1.69","17809.0","Spain","EMEA"
"538044","20685","DOORMAT RED RETROSPOT","5","2017-04-06 10:12:00","7.42","17809.0","Spain","EMEA"
"538045","85123A","WHITE HANGING HEART T-LIGHT HOLDER","4","2017-04-08 11:29:00","2.45","17850.0","Canada","AMER"
"538046","84406B","CREAM CUPID HEARTS COAT HANGER","9","2017-03-26 09:06:00","3.19","17850.0","Germany","EMEA"
"538047","20685","DOORMAT RED RETROSPOT","2","2017-03-25 15:33:00","7.24","13047.0","Netherlands","EMEA"
"538047","21730","GLASS STAR FROSTED T-LIGHT HOLDER","5","2017-03-25 15:33:00","4.43","13047.0","Netherlands","EMEA"
"538047","85123A","WHITE HANGING HEART T-LIGHT HOLDER","9","2017-03-25 15:33:00","2.5","13047.0","Netherlands","EMEA"
"538048","20685","DOORMAT RED RETROSPOT","7","2017-03-14 09:23:00","7.29","12583.0","France","EMEA"
"538049","71053","WHITE METAL LANTERN","3","2017-03-13 10:34:00","3.6","12583.0","Spain","EMEA"
"538049","71053","WHITE METAL LANTERN","9","2017-03-13 10:34:00","3.45","12583.0","Spain","EMEA"
"538050","22752","SET 7 BABUSHKA NESTING BOXES","9","2017-04-21 12:09:00","8.14","16029.0","Belgium","EMEA"
"538050","84406B","CREAM CUPID HEARTS COAT HANGER","11","2017-04-21 12:09:00","2.88","16029.0","Belgium","EMEA"
"538051","22633","HAND WARMER UNION JACK","2","2017-04-24 08:43:00","1.93","13047.0","Australia","APAC"
"538051","71053","WHITE METAL LANTERN","8","2017-04-24 08:43:00","3.67","13047.0","Australia","APAC"
"538051","22632","HAND WARMER RED POLKA DOT","11","2017-04-24 08:43:00","1.81","13047.0","Australia","APAC"
"538052","20685","DOORMAT RED RETROSPOT","9","2017-04-14 12:04:00","7.02","17850.0","France","EMEA"
"538052","84029E","RED WOOLLY HOTTIE WHITE HEART","8","2017-04-14 12:04:00","3.62","17850.0","France","EMEA"
"538053","22752","SET 7 BABUSHKA NESTING BOXES","4","2017-04-28 08:13:00","7.58","15291.0","Germany","EMEA"
"538054","84029G","KNITTED UNION FLAG HOT WATER BOTTLE","7","2017-03-31 13:14:00","3.5","17809.0","France","EMEA"
"538054","22632","HAND WARMER RED POLKA DOT","9","2017-03-31 13:14:00","2.24","17809.0","France","EMEA"
"538054","85099B","JUMBO BAG RED RETROSPOT","7","2017-03-31 13:14:00","1.95","17809.0","France","EMEA"
"538055","71053","WHITE METAL LANTERN","2","2017-04-08 08:56:00","3.44","13047.0","France","EMEA"
"538055","22633","HAND WARMER UNION JACK","5","2017-04-08 08:56:00","2.03","13047.0","France","EMEA"
"538055","47566","PARTY BUNTING","10","2017-04-08 08:56:00","5.22","13047.0","France","EMEA"
"538056","20685","DOORMAT RED RETROSPOT","3","2017-04-15 08:42:00","7.15","14096.0","Australia","APAC"
"538057","47566","PARTY BUNTING","1","2017-03-10 16:39:00","5.37","15291.0","France","EMEA"
"538058","84029E","RED WOOLLY HOTTIE WHITE HEART","10","2017-03-18 11:02:00","3.34","14606.0","Australia","APAC"
"538058","20685","DOORMAT RED RETROSPOT","7","2017-03-18 11:02:00","7.45","14606.0","Australia","APAC"
"538059","22752","SET 7 BABUSHKA NESTING BOXES","1","2017-03-22 15:23:00","7.71","12583.0","Australia","APAC"
"538059","71053","WHITE METAL LANTERN","11","2017-03-22 15:23:00","3.31","12583.0","Australia","APAC"
"538059","84029E","RED WOOLLY HOTTIE WHITE HEART","6","2017-03-22 15:23:00","3.39","12583.0","Australia","APAC"
"538060","22632","HAND WARMER RED POLKA DOT","2","2017-04-30 16:18:00","2.09","13777.0","France","EMEA"
"538060","22632","HAND WARMER RED POLKA DOT","12","2017-04-30 16:18:00","1.97","13777.0","France","EMEA"
"538061","20685","DOORMAT RED RETROSPOT","12","2017-03-15 12:56:00","7.35","17809.0","Spain","EMEA"
"538061","22633","HAND WARMER UNION JACK","3","2017-03-15 12:56:00","2.24","17809.0","Spain","EMEA"
"538062","84029E","RED WOOLLY HOTTIE WHITE HEART","3","2017-04-07 13:53:00","3.31","13777.0","Australia","APAC"
"538063","22633","HAND WARMER UNION JACK","3","2017-04-09 13:22:00","1.9","14606.0","Canada","AMER"
"538063","22752","SET 7 BABUSHKA NESTING BOXES","6","2017-04-09 13:22:00","8.14","14606.0","Canada","AMER"
"538064","84029E","RED WOOLLY HOTTIE WHITE HEART","12","2017-03-22 11:09:00","3.88","13777.0","Canada","AMER"
"538064","84029E","RED WOOLLY HOTTIE WHITE HEART","12","2017-03-22 11:09:00","3.67","13777.0","Canada","AMER"
"538064","47566","PARTY BUNTING","5","2017-03-22 11:09:00","5.29","13777.0","Canada","AMER"
"538065","22752","SET 7 BABUSHKA NESTING BOXES","8","2017-04-16 14:10:00","8.05","16029.0","United Kingdom","EMEA"
"538066","71053","WHITE METAL LANTERN","4","2017-04-28 10:16:00","3.68","17809.0","EIRE","EMEA"
"538066","71053","WHITE METAL LANTERN","12","2017-04-28 10:16:00","3.85","17809.0","EIRE","EMEA"
"538067","84029E","RED WOOLLY HOTTIE WHITE HEART","7","2017-03-25 14:28:00","3.66","14096.0","USA","AMER"
"538067","47566","PARTY BUNTING","7","2017-03-25 14:28:00","5.4","14096.0","USA","AMER"
"538067","84029G","KNITTED UNION FLAG HOT WATER BOTTLE","11","2017-03-25 14:28:00","3.59","14096.0","USA","AMER"
"538068","21730","GLASS STAR FROSTED T-LIGHT HOLDER","3","2017-04-02 16:44:00","4.36","15291.0","France","EMEA"
"538069","84029E","RED WOOLLY HOTTIE WHITE HEART","3","2017-04-20 10:12:00","3.87","17850.0","France","EMEA"
"538069","84029E","RED WOOLLY HOTTIE WHITE HEART","3","2017-04-20 10:12:00","3.39","17850.0","France","EMEA"
"538070","84029E","RED WOOLLY HOTTIE WHITE HEART","5","2017-04-28 15:08:00","3.31","13047.0","Canada","AMER"
"538070","84029E","RED WOOLLY HOTTIE WHITE HEART","12","2017-04-28 15:08:00","3.59","13047.0","Canada","AMER"
"538070","85099B","JUMBO BAG RED RETROSPOT","3","2017-04-28 15:08:00","2.07","13047.0","Canada","AMER"
"538071","22752","SET 7 BABUSHKA NESTING BOXES","10","2017-03-15 08:19:00","7.98","16029.0","Spain","EMEA"
"538072","20685","DOORMAT RED RETROSPOT","5","2017-03-24 08:48:00","7.37","13047.0","USA","AMER"
"538073","21730","GLASS STAR FROSTED T-LIGHT HOLDER","11","2017-03-07 11:17:00","4.19","15291.0","Australia","APAC"
"538073","22752","SET 7 BABUSHKA NESTING BOXES","8","2017-03-07 11:17:00","8.13","15291.0","Australia","APAC"
"538073","84029E","RED WOOLLY HOTTIE WHITE HEART","9","2017-03-07 11:17:00","3.84","15291.0","Australia","APAC"
"538074","85099B","JUMBO BAG RED RETROSPOT","11","2017-04-05 13:29:00","1.91","16029.0","EIRE","EMEA"
"538075","22752","SET 7 BABUSHKA NESTING BOXES","10","2017-03-27 11:07:00","7.9","13047.0","United Kingdom","EMEA"
"538076","85099B","JUMBO BAG RED RETROSPOT","9","2017-03-27 13:14:00","1.6","17850.0","United Kingdom","EMEA"
"538077","22633","HAND WARMER UNION JACK","9","2017-04-04 15:30:00","2.12","12583.0","Netherlands","EMEA"
"538077","84029E","RED WOOLLY HOTTIE WHITE HEART","6","2017-04-04 15:30:00","3.35","12583.0","Netherlands","EMEA"
"538078","21730","GLASS STAR FROSTED T-LIGHT HOLDER","5","2017-04-29 15:06:00","4.42","14606.0","Australia","APAC"
"538079","84406B","CREAM CUPID HEARTS COAT HANGER","12","2017-03-19 09:18:00","2.83","15311.0","United Kingdom","EMEA"
"538079","47566","PARTY BUNTING","10","2017-03-19 09:18:00","5.26","15311.0","United Kingdom","EMEA"
"538079","84029G","KNITTED UNION FLAG HOT WATER BOTTLE","11","2017-03-19 09:18:00","3.65","15311.0","United Kingdom","EMEA"
"538080","22633","HAND WARMER UNION JACK","6","2017-04-06 14:30:00","2.26","13047.0","Belgium","EMEA"
"538080","47566","PARTY BUNTING","12","2017-04-06 14:30:00","5.0","13047.0","Belgium","EMEA"
"538081","71053","WHITE METAL LANTERN","5","2017-03-15 08:39:00","3.42","15311.0","USA","AMER"
"538081","71053","WHITE METAL LANTERN","9","2017-03-15 08:39:00","3.87","15311.0","USA","AMER"
"538082","84406B","CREAM CUPID HEARTS COAT HANGER","7","2017-03-31 08:10:00","2.91","17809.0","EIRE","EMEA"
"538082","84406B","CREAM CUPID HEARTS COAT HANGER","5","2017-03-31 08:10:00","3.09","17809.0","EIRE","EMEA"
"538083","84029E","RED WOOLLY HOTTIE WHITE HEART","8","2017-03-02 14:28:00","3.84","13777.0","Spain","EMEA"
"538084","22632","HAND WARMER RED POLKA DOT","7","2017-04-25 14:41:00","1.78","17809.0","Canada","AMER"
"538084","22633","HAND WARMER UNION JACK","8","2017-04-25 14:41:00","2.08","17809.0","Canada","AMER"
"538085","71053","WHITE METAL LANTERN","6","2017-03-17 10:55:00","3.83","13777.0","Australia","APAC"
"538086","84406B","CREAM CUPID HEARTS COAT HANGER","7","2017-04-24 16:23:00","3.23","15311.0","Australia","APAC"
"538086","22632","HAND WARMER RED POLKA DOT","3","2017-04-24 16:23:00","1.87","15311.0","Australia","APAC"
"538087","84406B","CREAM CUPID HEARTS COAT HANGER","10","2017-03-20 14:47:00","2.75","13777.0","United Kingdom","EMEA"
"538087","84029E","RED WOOLLY HOTTIE WHITE HEART","1","2017-03-20 14:47:00","3.7","13777.0","United Kingdom","EMEA"
"538087","71053","WHITE METAL LANTERN","5","2017-03-20 14:47:00","3.82","13777.0","United Kingdom","EMEA"
"538088","21730","GLASS STAR FROSTED T-LIGHT HOLDER","6","2017-03-08 12:25:00","4.62","12583.0","Spain","EMEA"
"538089","84406B","CREAM CUPID HEARTS COAT HANGER","3","2017-04-16 10:46:00","2.9","12583.0","USA","AMER"
"538089","22752","SET 7 BABUSHKA NESTING BOXES","11","2017-04-16 10:46:00","7.98","12583.0","USA","AMER"
"538089","21730","GLASS STAR FROSTED T-LIGHT HOLDER","10","2017-04-16 10:46:00","4.39","12583.0","USA","AMER"
"538090","84029E","RED WOOLLY HOTTIE WHITE HEART","2","2017-03-09 10:21:00","3.57","17809.0","Canada","AMER"
"538090","85123A","WHITE HANGING HEART T-LIGHT HOLDER","10","2017-03-09 10:21:00","2.92","17809.0","Canada","AMER"
"538091","20685","DOORMAT RED RETROSPOT","3","2017-04-05 12:12:00","7.13","17850.0","Spain","EMEA"
"538091","22633","HAND WARMER UNION JACK","6","2017-04-05 12:12:00","1.86","17850.0","Spain","EMEA"
"538091","85099B","JUMBO BAG RED RETROSPOT","11","2017-04-05 12:12:00","1.97","17850.0","Spain","EMEA"
"538092","71053","WHITE METAL LANTERN","10","2017-03-22 11:59:00","3.84","16029.0","Germany","EMEA"
"538093","84406B","CREAM CUPID HEARTS COAT HANGER","11","2017-03-27 16:19:00","2.91","17850.0","Germany","EMEA"
"538094","47566","PARTY BUNTING","9","2017-03-08 15:28:00","4.88","13777.0","Germany","EMEA"
"538094","20685","DOORMAT RED RETROSPOT","4","2017-03-08 15:28:00","7.01","13777.0","Germany","EMEA"
"538094","84029G","KNITTED UNION FLAG HOT WATER BOTTLE","1","2017-03-08 15:28:00","3.89","13777.0","Germany","EMEA"
"538095","47566","PARTY BUNTING","6","2017-04-06 13:27:00","5.42","13047.0","Germany","EMEA"
"538095","85123A","WHITE HANGING HEART T-LIGHT HOLDER","7","2017-04-06 13:27:00","2.64","13047.0","Germany","EMEA"
"538096","21730","GLASS STAR FROSTED T-LIGHT HOLDER","1","2017-04-06 15:57:00","4.27","14606.0","Australia","APAC"
"538096","85099B","JUMBO BAG RED RETROSPOT","5","2017-04-06 15:57:00","1.62","14606.0","Australia","APAC"
"538097","85123A","WHITE HANGING HEART T-LIGHT HOLDER","2","2017-04-15 15:08:00","2.73","14096.0","Belgium","EMEA"
"538097","85123A","WHITE HANGING HEART T-LIGHT HOLDER","8","2017-04-15 15:08:00","2.96","14096.0","Belgium","EMEA"
"538097","21730","GLASS STAR FROSTED T-LIGHT HOLDER","12","2017-04-15 15:08:00","4.17","14096.0","Belgium","EMEA"
"538098","84406B","CREAM CUPID HEARTS COAT HANGER","12","2017-03-18 09:02:00","2.96","12583.0","Australia","APAC"
"538099","84029E","RED WOOLLY HOTTIE WHITE HEART","7","2017-03-29 09:14:00","3.61","17850.0","EIRE","EMEA"
"538099","22752","SET 7 BABUSHKA NESTING BOXES","9","2017-03-29 09:14:00","8.08","17850.0","EIRE","EMEA"
"538100","21730","GLASS STAR FROSTED T-LIGHT HOLDER","12","2017-04-10 12:04:00","4.56","16029.0","Germany","EMEA"
"538100","21730","GLASS STAR FROSTED T-LIGHT HOLDER","8","2017-04-10 12:04:00","4.44","16029.0","Germany","EMEA"
"538100","84406B","CREAM CUPID HEARTS COAT HANGER","1","2017-04-10 12:04:00","2.87","16029.0","Germany","EMEA"
"538101","22633","HAND WARMER UNION JACK","7","2017-03-02 10:02:00","1.81","15291.0","EIRE","EMEA"
"538101","21730","GLASS STAR FROSTED T-LIGHT HOLDER","2","2017-03-02 10:02:00","4.2","15291.0","EIRE","EMEA"
"538101","22633","HAND WARMER UNION JACK","7","2017-03-02 10:02:00","1.96","15291.0","EIRE","EMEA"
"538102","85099B","JUMBO BAG RED RETROSPOT","4","2017-03-18 12:32:00","1.88","17850.0","EIRE","EMEA"
"538102","84029E","RED WOOLLY HOTTIE WHITE HEART","8","2017-03-18 12:32:00","3.83","17850.0","EIRE","EMEA"
"538103","22632","HAND WARMER RED POLKA DOT","10","2017-04-13 13:16:00","1.76","13047.0","Germany","EMEA"
"538104","22752","SET 7 BABUSHKA NESTING BOXES","6","2017-04-29 09:50:00","7.82","15291.0","USA","AMER"
"538104","85123A","WHITE HANGING HEART T-LIGHT HOLDER","1","2017-04-29 09:50:00","2.56","15291.0","USA","AMER"
"538104","84029E","RED WOOLLY HOTTIE WHITE HEART","3","2017-04-29 09:50:00","3.61","15291.0","USA","AMER"
"538105","21730","GLASS STAR FROSTED T-LIGHT HOLDER","5","2017-04-14 16:49:00","4.61","17809.0","Belgium","EMEA"
"538105","85123A","WHITE HANGING HEART T-LIGHT HOLDER","10","2017-04-14 16:49:00","2.61","17809.0","Belgium","EMEA"
"538106","21730","GLASS STAR FROSTED T-LIGHT HOLDER","12","2017-04-20 10:18:00","4.26","12583.0","France","EMEA"
"538106","22632","HAND WARMER RED POLKA DOT","7","2017-04-20 10:18:00","2.18","12583.0","France","EMEA"
"538107","84029E","RED WOOLLY HOTTIE WHITE HEART","11","2017-03-31 13:13:00","3.68","14096.0","France","EMEA"
"538107","47566","PARTY BUNTING","1","2017-03-31 13:13:00","5.35","14096.0","France","EMEA"
"538108","22633","HAND WARMER UNION JACK","5","2017-03-03 09:15:00","2.32","14096.0","USA","AMER"
"538108","22632","HAND WARMER RED POLKA DOT","8","2017-03-03 09:15:00","1.78","14096.0","USA","AMER"
"538108","71053","WHITE METAL LANTERN","9","2017-03-03 09:15:00","3.66","14096.0","USA","AMER"
"538109","47566","PARTY BUNTING","7","2017-03-02 15:06:00","5.2","16029.0","Germany","EMEA"
"538109","71053","WHITE METAL LANTERN","5","2017-03-02 15:06:00","3.32","16029.0","Germany","EMEA"
"538110","85123A","WHITE HANGING HEART T-LIGHT HOLDER","8","2017-03-19 13:20:00","2.88","14096.0","EIRE","EMEA"
"538110","20685","DOORMAT RED RETROSPOT","3","2017-03-19 13:20:00","7.35","14096.0","EIRE","EMEA"
"538111","84029E","RED WOOLLY HOTTIE WHITE HEART","2","2017-04-02 15:57:00","3.56","13047.0","USA","AMER"
"538111","71053","WHITE METAL LANTERN","3","2017-04-02 15:57:00","3.57","13047.0","USA","AMER"
"538111","84029G","KNITTED UNION FLAG HOT WATER BOTTLE","10","2017-04-02 15:57:00","3.76","13047.0","USA","AMER"
"538112","20685","DOORMAT RED RETROSPOT","1","2017-04-21 08:58:00","7.42","13047.0","USA","AMER"
"538112","85123A","WHITE HANGING HEART T-LIGHT HOLDER","5","2017-04-21 08:58:00","2.47","13047.0","USA","AMER"
"538112","22633","HAND WARMER UNION JACK","4","2017-04-21 08:58:00","1.81","13047.0","USA","AMER"
"538113","84406B","CREAM CUPID HEARTS COAT HANGER","5","2017-04-05 16:19:00","2.88","14606.0","Germany","EMEA"
"538114","47566","PARTY BUNTING","4","2017-03-13 08:13:00","4.98","13047.0","United Kingdom","EMEA"
"538114","22752","SET 7 BABUSHKA NESTING BOXES","12","2017-03-13 08:13:00","7.95","13047.0","United Kingdom","EMEA"
"538114","84029E","RED WOOLLY HOTTIE WHITE HEART","2","2017-03-13 08:13:00","3.39","13047.0","United Kingdom","EMEA"
"538115","85099B","JUMBO BAG RED RETROSPOT","3","2017-03-08 09:12:00","1.86","14606.0","Australia","APAC"
"538115","84029E","RED WOOLLY HOTTIE WHITE HEART","3","2017-03-08 09:12:00","3.7","14606.0","Australia","APAC"
"538115","22632","HAND WARMER RED POLKA DOT","11","2017-03-08 09:12:00","2.29","14606.0","Australia","APAC"
"538116","22752","SET 7 BABUSHKA NESTING BOXES","3","2017-04-23 08:37:00","7.92","17850.0","France","EMEA"
"538116","47566","PARTY BUNTING","3","2017-04-23 08:37:00","4.87","17850.0","France","EMEA"
"538117","84029G","KNITTED UNION FLAG HOT WATER BOTTLE","5","2017-04-25 15:20:00","3.62","12583.0","Canada","AMER"
"538117","84029G","KNITTED UNION FLAG HOT WATER BOTTLE","12","2017-04-25 15:20:00","3.47","12583.0","Canada","AMER"
"538118","84029E","RED WOOLLY HOTTIE WHITE HEART","12","2017-04-21 13:50:00","3.51","15291.0","Spain","EMEA"
"538119","22633","HAND WARMER UNION JACK","12","2017-03-24 15:04:00","1.99","12583.0","United Kingdom","EMEA"
"538119","20685","DOORMAT RED RETROSPOT","1","2017-03-24 15:04:00","7.04","12583.0","United Kingdom","EMEA"
"538119","84029E","RED WOOLLY HOTTIE WHITE HEART","7","2017-03-24 15:04:00","3.38","12583.0","United Kingdom","EMEA"
"538120","71053","WHITE METAL LANTERN","6","2017-03-25 14:37:00","3.74","17809.0","Spain","EMEA"
"538120","47566","PARTY BUNTING","12","2017-03-25 14:37:00","4.9","17809.0","Spain","EMEA"
"538121","21730","GLASS STAR FROSTED T-LIGHT HOLDER","11","2017-04-07 10:35:00","4.43","14606.0","United Kingdom","EMEA"
"538121","47566","PARTY BUNTING","6","2017-04-07 10:35:00","5.42","14606.0","United Kingdom","EMEA"
"538121","85123A","WHITE HANGING HEART T-LIGHT HOLDER","7","2017-04-07 10:35:00","2.55","14606.0","United Kingdom","EMEA"
"538122","84406B","CREAM CUPID HEARTS COAT HANGER","2","2017-03-23 11:04:00","2.97","12583.0","Netherlands","EMEA"
"538122","71053","WHITE METAL LANTERN","10","2017-03-23 11:04:00","3.66","12583.0","Netherlands","EMEA"
"538123","22632","HAND WARMER RED POLKA DOT","9","2017-03-13 10:30:00","2.32","14606.0","Belgium","EMEA"
"538123","20685","DOORMAT RED RETROSPOT","2","2017-03-13 10:30:00","7.08","14606.0","Belgium","EMEA"
"538123","71053","WHITE METAL LANTERN","7","2017-03-13 10:30:00","3.64","14606.0","Belgium","EMEA"
"538124","47566","PARTY BUNTING","12","2017-03-19 13:51:00","4.95","17809.0","Spain","EMEA"
"538125","84029E","RED WOOLLY HOTTIE WHITE HEART","7","2017-03-08 16:53:00","3.71","15291.0","USA","AMER"
"538126","22752","SET 7 BABUSHKA NESTING BOXES","10","2017-04-06 16:57:00","7.87","14606.0","Spain","EMEA"
"538126","71053","WHITE METAL LANTERN","1","2017-04-06 16:57:00","3.58","14606.0","Spain","EMEA"
"538127","85123A","WHITE HANGING HEART T-LIGHT HOLDER","7","2017-04-03 14:33:00","2.89","17850.0","Belgium","EMEA"
"538127","85099B","JUMBO BAG RED RETROSPOT","7","2017-04-03 14:33:00","1.8","17850.0","Belgium","EMEA"
"538127","84029G","KNITTED UNION FLAG HOT WATER BOTTLE","3","2017-04-03 14:33:00","3.31","17850.0","Belgium","EMEA"
"538128","85123A","WHITE HANGING HEART T-LIGHT HOLDER","7","2017-03-23 14:38:00","2.67","16029.0","Netherlands","EMEA"
"538128","84406B","CREAM CUPID HEARTS COAT HANGER","8","2017-03-23 14:38:00","3.15","16029.0","Netherlands","EMEA"
"538129","22752","SET 7 BABUSHKA NESTING BOXES","10","2017-03-25 11:20:00","7.92","15311.0","USA","AMER"
"538130","20685","DOORMAT RED RETROSPOT","11","2017-04-14 14:48:00","7.36","14096.0","United Kingdom","EMEA"
"538130","21730","GLASS STAR FROSTED T-LIGHT HOLDER","11","2017-04-14 14:48:00","4.51","14096.0","United Kingdom","EMEA"
"538130","21730","GLASS STAR FROSTED T-LIGHT HOLDER","12","2017-04-14 14:48:00","4.2","14096.0","United Kingdom","EMEA"
"538131","22752","SET 7 BABUSHKA NESTING BOXES","1","2017-03-30 09:08:00","7.78","13047.0","United Kingdom","EMEA"
"538132","22633","HAND WARMER UNION JACK","6","2017-03-09 16:51:00","2.18","13777.0","United Kingdom","EMEA"
"538132","22633","HAND WARMER UNION JACK","6","2017-03-09 16:51:00","2.32","13777.0","United Kingdom","EMEA"
"538132","85099B","JUMBO BAG RED RETROSPOT","9","2017-03-09 16:51:00","1.68","13777.0","United Kingdom","EMEA"
"538133","21730","GLASS STAR FROSTED T-LIGHT HOLDER","5","2017-03-17 11:38:00","4.6","14606.0","United Kingdom","EMEA"
"538133","71053","WHITE METAL LANTERN","11","2017-03-17 11:38:00","3.48","14606.0","United Kingdom","EMEA"
"538133","71053","WHITE METAL LANTERN","12","2017-03-17 11:38:00","3.73","14606.0","United Kingdom","EMEA"
"538134","85123A","WHITE HANGING HEART T-LIGHT HOLDER","10","2017-03-09 09:37:00","2.6","14096.0","Netherlands","EMEA"
"538135","84029E","RED WOOLLY HOTTIE WHITE HEART","11","2017-04-13 09:31:00","3.78","14096.0","France","EMEA"
"538135","84029E","RED WOOLLY HOTTIE WHITE HEART","3","2017-04-13 09:31:00","3.63","14096.0","France","EMEA"
"538136","71053","WHITE METAL LANTERN","12","2017-04-16 09:15:00","3.56","14096.0","Australia","APAC"
"538137","22632","HAND WARMER RED POLKA DOT","12","2017-04-13 08:58:00","2.24","16029.0","United Kingdom","EMEA"
"538137","85123A","WHITE HANGING HEART T-LIGHT HOLDER","11","2017-04-13 08:58:00","2.69","16029.0","United Kingdom","EMEA"
"538138","21730","GLASS STAR FROSTED T-LIGHT HOLDER","10","2017-03-04 10:44:00","4.3","17850.0","Netherlands","EMEA"
"538139","22752","SET 7 BABUSHKA NESTING BOXES","6","2017-03-12 10:53:00","7.82","15311.0","Germany","EMEA"
"538140","47566","PARTY BUNTING","12","2017-04-22 08:57:00","5.03","17809.0","Belgium","EMEA"
"538140","85099B","JUMBO BAG RED RETROSPOT","1","2017-04-22 08:57:00","1.92","17809.0","Belgium","EMEA"
"538140","84029E","RED WOOLLY HOTTIE WHITE HEART","11","2017-04-22 08:57:00","3.61","17809.0","Belgium","EMEA"
"538141","85099B","JUMBO BAG RED RETROSPOT","7","2017-04-08 10:41:00","1.74","13777.0","Spain","EMEA"
"538141","85099B","JUMBO BAG RED RETROSPOT","9","2017-04-08 10:41:00","1.95","13777.0","Spain","EMEA"
"538142","71053","WHITE METAL LANTERN","11","2017-03-13 11:25:00","3.72","17850.0","EIRE","EMEA"
"538142","47566","PARTY BUNTING","3","2017-03-13 11:25:00","5.06","17850.0","EIRE","EMEA"
"538142","47566","PARTY BUNTING","2","2017-03-13 11:25:00","5.14","17850.0","EIRE","EMEA"
"538143","21730","GLASS STAR FROSTED T-LIGHT HOLDER","3","2017-04-10 09:48:00","4.52","15311.0","Spain","EMEA"
"538143","22632","HAND WARMER RED POLKA DOT","3","2017-04-10 09:48:00","1.87","15311.0","Spain","EMEA"
"538144","20685","DOORMAT RED RETROSPOT","9","2017-04-19 11:01:00","7.11","14606.0","France","EMEA"
"538144","84029G","KNITTED UNION FLAG HOT WATER BOTTLE","10","2017-04-19 11:01:00","3.37","14606.0","France","EMEA"
"538144","21730","GLASS STAR FROSTED T-LIGHT HOLDER","5","2017-04-19 11:01:00","4.49","14606.0","France","EMEA"
"538145","47566","PARTY BUNTING","3","2017-04-09 11:19:00","5.34","16029.0","EIRE","EMEA"
"538145","20685","DOORMAT RED RETROSPOT","9","2017-04-09 11:19:00","7.28","16029.0","EIRE","EMEA"
"538145","20685","DOORMAT RED RETROSPOT","11","2017-04-09 11:19:00","7.48","16029.0","EIRE","EMEA"
"538146","22632","HAND WARMER RED POLKA DOT","12","2017-03-01 15:15:00","2.02","14606.0","Germany","EMEA"
"538147","71053","WHITE METAL LANTERN","4","2017-04-30 15:50:00","3.71","16029.0","United Kingdom","EMEA"
"538147","71053","WHITE METAL LANTERN","8","2017-04-30 15:50:00","3.78","16029.0","United Kingdom","EMEA"
"538147","22633","HAND WARMER UNION JACK","12","2017-04-30 15:50:00","2.09","16029.0","United Kingdom","EMEA"
"538148","85123A","WHITE HANGING HEART T-LIGHT HOLDER","8","2017-04-06 14:02:00","2.49","14096.0","USA","AMER"
"538148","84029E","RED WOOLLY HOTTIE WHITE HEART","7","2017-04-06 14:02:00","3.35","14096.0","USA","AMER"
"538149","47566","PARTY BUNTING","7","2017-04-09 16:28:00","5.1","14096.0","France","EMEA"
"538150","85099B","JUMBO BAG RED RETROSPOT","1","2017-03-08 10:24:00","1.95","16029.0","Spain","EMEA"
"538150","84029E","RED WOOLLY HOTTIE WHITE HEART","4","2017-03-08 10:24:00","3.87","16029.0","Spain","EMEA"
"538150","85099B","JUMBO BAG RED RETROSPOT","6","2017-03-08 10:24:00","1.8","16029.0","Spain","EMEA"
"538151","84406B","CREAM CUPID HEARTS COAT HANGER","9","2017-04-28 15:01:00","2.98","14606.0","Spain","EMEA"
"538151","22752","SET 7 BABUSHKA NESTING BOXES","11","2017-04-28 15:01:00","7.86","14606.0","Spain","EMEA"
"538151","85123A","WHITE HANGING HEART T-LIGHT HOLDER","1","2017-04-28 15:01:00","2.51","14606.0","Spain","EMEA"
"538152","22632","HAND WARMER RED POLKA DOT","2","2017-03-11 10:15:00","2.1","14096.0","Australia","APAC"
"538152","22633","HAND WARMER UNION JACK","10","2017-03-11 10:15:00","1.98","14096.0","Australia","APAC"
"538153","71053","WHITE METAL LANTERN","10","2017-04-14 16:03:00","3.6","14606.0","USA","AMER"
"538154","85099B","JUMBO BAG RED RETROSPOT","4","2017-03-20 08:38:00","1.94","14606.0","Canada","AMER"
"538154","47566","PARTY BUNTING","7","2017-03-20 08:38:00","4.94","14606.0","Canada","AMER"
"538154","22632","HAND WARMER RED POLKA DOT","6","2017-03-20 08:38:00","1.92","14606.0","Canada","AMER"
"538155","21730","GLASS STAR FROSTED T-LIGHT HOLDER","11","2017-04-29 10:53:00","4.69","15291.0","Australia","APAC"
"538155","20685","DOORMAT RED RETROSPOT","8","2017-04-29 10:53:00","7.55","15291.0","Australia","APAC"
"538156","84029E","RED WOOLLY HOTTIE WHITE HEART","4","2017-03-29 11:40:00","3.42","12583.0","Netherlands","EMEA"
"538156","84029E","RED WOOLLY HOTTIE WHITE HEART","8","2017-03-29 11:40:00","3.67","12583.0","Netherlands","EMEA"
"538156","84406B","CREAM CUPID HEARTS COAT HANGER","6","2017-03-29 11:40:00","2.87","12583.0","Netherlands","EMEA"
"538157","85123A","WHITE HANGING HEART T-LIGHT HOLDER","9","2017-04-19 08:08:00","2.46","15311.0","United Kingdom","EMEA"
"538157","21730","GLASS STAR FROSTED T-LIGHT HOLDER","9","2017-04-19 08:08:00","4.17","15311.0","United Kingdom","EMEA"
"538157","84406B","CREAM CUPID HEARTS COAT HANGER","9","2017-04-19 08:08:00","2.87","15311.0","United Kingdom","EMEA"
"538158","84029E","RED WOOLLY HOTTIE WHITE HEART","5","2017-03-29 12:19:00","3.66","13047.0","Australia","APAC"
"538158","84406B","CREAM CUPID HEARTS COAT HANGER","11","2017-03-29 12:19:00","3.16","13047.0","Australia","APAC"
"538159","21730","GLASS STAR FROSTED T-LIGHT HOLDER","12","2017-04-20 08:55:00","4.2","14606.0","United Kingdom","EMEA"
"538159","22632","HAND WARMER RED POLKA DOT","1","2017-04-20 08:55:00","1.92","14606.0","United Kingdom","EMEA"
"538160","22752","SET 7 BABUSHKA NESTING BOXES","7","2017-04-24 14:07:00","8.11","15291.0","Australia","APAC"
"538161","84029E","RED WOOLLY HOTTIE WHITE HEART","1","2017-03-10 13:45:00","3.75","14606.0","Spain","EMEA"
"538161","21730","GLASS STAR FROSTED T-LIGHT HOLDER","1","2017-03-10 13:45:00","4.3","14606.0","Spain","EMEA"
"538161","20685","DOORMAT RED RETROSPOT","8","2017-03-10 13:45:00","7.3","14606.0","Spain","EMEA"
"538162","85099B","JUMBO BAG RED RETROSPOT","2","2017-04-21 15:52:00","1.83","13047.0","France","EMEA"
"538162","84406B","CREAM CUPID HEARTS COAT HANGER","2","2017-04-21 15:52:00","3.01","13047.0","France","EMEA"
"538162","85123A","WHITE HANGING HEART T-LIGHT HOLDER","6","2017-04-21 15:52:00","2.8","13047.0","France","EMEA"
"538163","85099B","JUMBO BAG RED RETROSPOT","12","2017-03-23 10:21:00","2.08","13777.0","Belgium","EMEA"
"538164","47566","PARTY BUNTING","12","2017-03-14 12:55:00","4.86","13777.0","Belgium","EMEA"
"538164","20685","DOORMAT RED RETROSPOT","1","2017-03-14 12:55:00","7.55","13777.0","Belgium","EMEA"
"538165","85099B","JUMBO BAG RED RETROSPOT","2","2017-04-07 12:44:00","1.79","13777.0","Australia","APAC"
"538165","47566","PARTY BUNTING","12","2017-04-07 12:44:00","5.08","13777.0","Australia","APAC"
"538166","22633","HAND WARMER UNION JACK","7","2017-04-04 09:59:00","2.02","13777.0","Belgium","EMEA"
"538166","47566","PARTY BUNTING","12","2017-04-04 09:59:00","5.25","13777.0","Belgium","EMEA"
"538167","22632","HAND WARMER RED POLKA DOT","2","2017-04-13 15:27:00","2.13","13777.0","Belgium","EMEA"
"538167","20685","DOORMAT RED RETROSPOT","4","2017-04-13 15:27:00","7.22","13777.0","Belgium","EMEA"
"538168","84029G","KNITTED UNION FLAG HOT WATER BOTTLE","4","2017-03-28 11:12:00","3.85","15311.0","Australia","APAC"
"538168","71053","WHITE METAL LANTERN","9","2017-03-28 11:12:00","3.63","15311.0","Australia","APAC"
"538168","85123A","WHITE HANGING HEART T-LIGHT HOLDER","10","2017-03-28 11:12:00","2.49","15311.0","Australia","APAC"
"538169","47566","PARTY BUNTING","9","2017-04-11 14:23:00","5.27","15291.0","Spain","EMEA"
"538169","71053","WHITE METAL LANTERN","2","2017-04-11 14:23:00","3.6","15291.0","Spain","EMEA"
"538169","84029E","RED WOOLLY HOTTIE WHITE HEART","1","2017-04-11 14:23:00","3.29","15291.0","Spain","EMEA"
"538170","85099B","JUMBO BAG RED RETROSPOT","9","2017-03-20 09:49:00","2.14","17809.0","Australia","APAC"
"538171","85099B","JUMBO BAG RED RETROSPOT","9","2017-03-22 13:40:00","1.7","15291.0","United Kingdom","EMEA"
"538172","22752","SET 7 BABUSHKA NESTING BOXES","2","2017-03-11 16:24:00","7.75","17809.0","Belgium","EMEA"
"538172","84029E","RED WOOLLY HOTTIE WHITE HEART","2","2017-03-11 16:24:00","3.74","17809.0","Belgium","EMEA"
"538172","47566","PARTY BUNTING","6","2017-03-11 16:24:00","5.05","17809.0","Belgium","EMEA"
"538173","71053","WHITE METAL LANTERN","4","2017-03-30 10:00:00","3.48","13047.0","Netherlands","EMEA"
"538173","84029G","KNITTED UNION FLAG HOT WATER BOTTLE","1","2017-03-30 10:00:00","3.62","13047.0","Netherlands","EMEA"
"538173","20685","DOORMAT RED RETROSPOT","8","2017-03-30 10:00:00","7.57","13047.0","Netherlands","EMEA"
"538174","47566","PARTY BUNTING","3","2017-03-01 12:27:00","5.09","15311.0","Germany","EMEA"
"538175","84406B","CREAM CUPID HEARTS COAT HANGER","1","2017-03-02 09:51:00","2.73","12583.0","Belgium","EMEA"
"538175","84406B","CREAM CUPID HEARTS COAT HANGER","6","2017-03-02 09:51:00","2.67","12583.0","Belgium","EMEA"
"538175","22752","SET 7 BABUSHKA NESTING BOXES","11","2017-03-02 09:51:00","7.93","12583.0","Belgium","EMEA"
"538176","22633","HAND WARMER UNION JACK","4","2017-04-09 14:37:00","2.26","16029.0","Netherlands","EMEA"
"538176","84029E","RED WOOLLY HOTTIE WHITE HEART","3","2017-04-09 14:37:00","3.29","16029.0","Netherlands","EMEA"
"538177","22633","HAND WARMER UNION JACK","7","2017-03-06 10:43:00","2.17","17809.0","EIRE","EMEA"
"538177","84406B","CREAM CUPID HEARTS COAT HANGER","9","2017-03-06 10:43:00","2.9","17809.0","EIRE","EMEA"
"538178","84029E","RED WOOLLY HOTTIE WHITE HEART","12","2017-04-11 09:40:00","3.32","14096.0","Germany","EMEA"
"538178","22752","SET 7 BABUSHKA NESTING BOXES","7","2017-04-11 09:40:00","7.86","14096.0","Germany","EMEA"
"538179","84029G","KNITTED UNION FLAG HOT WATER BOTTLE","6","2017-03-25 10:33:00","3.82","16029.0","France","EMEA"
"538179","22752","SET 7 BABUSHKA NESTING BOXES","6","2017-03-25 10:33:00","7.77","16029.0","France","EMEA"
"538179","84029G","KNITTED UNION FLAG HOT WATER BOTTLE","6","2017-03-25 10:33:00","3.5","16029.0","France","EMEA"
"538180","84406B","CREAM CUPID HEARTS COAT HANGER","4","2017-04-27 15:31:00","2.75","16029.0","Belgium","EMEA"
"538180","20685","DOORMAT RED RETROSPOT","7","2017-04-27 15:31:00","7.16","16029.0","Belgium","EMEA"
"538180","22632","HAND WARMER RED POLKA DOT","11","2017-04-27 15:31:00","1.8","16029.0","Belgium","EMEA"
"538181","84406B","CREAM CUPID HEARTS COAT HANGER","6","2017-04-21 08:01:00","2.77","13777.0","Spain","EMEA"
"538182","47566","PARTY BUNTING","7","2017-04-13 13:41:00","5.36","15291.0","Belgium","EMEA"
"538182","85123A","WHITE HANGING HEART T-LIGHT HOLDER","12","2017-04-13 13:41:00","2.83","15291.0","Belgium","EMEA"
"538183","22633","HAND WARMER UNION JACK","8","2017-04-28 11:34:00","1.85","17809.0","Canada","AMER"
"538183","84029E","RED WOOLLY HOTTIE WHITE HEART","3","2017-04-28 11:34:00","3.88","17809.0","Canada","AMER"
"538183","22632","HAND WARMER RED POLKA DOT","12","2017-04-28 11:34:00","2.13","17809.0","Canada","AMER"
"538184","71053","WHITE METAL LANTERN","7","2017-03-04 16:01:00","3.44","13777.0","United Kingdom","EMEA"
"538184","22633","HAND WARMER UNION JACK","11","2017-03-04 16:01:00","1.98","13777.0","United Kingdom","EMEA"
"538185","47566","PARTY BUNTING","8","2017-03-10 13:32:00","5.14","13777.0","United Kingdom","EMEA"
"538185","85099B","JUMBO BAG RED RETROSPOT","11","2017-03-10 13:32:00","1.95","13777.0","United Kingdom","EMEA"
"538186","22632","HAND WARMER RED POLKA DOT","5","2017-04-16 14:49:00","2.14","16029.0","EIRE","EMEA"
"538186","22633","HAND WARMER UNION JACK","1","2017-04-16 14:49:00","1.88","16029.0","EIRE","EMEA"
"538187","85099B","JUMBO BAG RED RETROSPOT","2","2017-03-15 08:39:00","1.88","13047.0","USA","AMER"
"538188","85099B","JUMBO BAG RED RETROSPOT","10","2017-03-18 11:00:00","2.07","13047.0","Netherlands","EMEA"
"538188","84406B","CREAM CUPID HEARTS COAT HANGER","11","2017-03-18 11:00:00","3.15","13047.0","Netherlands","EMEA"
"538188","21730","GLASS STAR FROSTED T-LIGHT HOLDER","10","2017-03-18 11:00:00","4.25","13047.0","Netherlands","EMEA"
"538189","22752","SET 7 BABUSHKA NESTING BOXES","4","2017-04-24 09:16:00","7.75","14096.0","Australia","APAC"
"538189","85123A","WHITE HANGING HEART T-LIGHT HOLDER","6","2017-04-24 09:16:00","2.97","14096.0","Australia","APAC"
"538189","85099B","JUMBO BAG RED RETROSPOT","11","2017-04-24 09:16:00","1.75","14096.0","Australia","APAC"
"538190","20685","DOORMAT RED RETROSPOT","7","2017-03-10 12:56:00","7.03","14606.0","United Kingdom","EMEA"
"538190","22632","HAND WARMER RED POLKA DOT","11","2017-03-10 12:56:00","2.06","14606.0","United Kingdom","EMEA"
"538190","21730","GLASS STAR FROSTED T-LIGHT HOLDER","11","2017-03-10 12:56:00","4.56","14606.0","United Kingdom","EMEA"
"538191","84029G","KNITTED UNION FLAG HOT WATER BOTTLE","7","2017-03-25 15:25:00","3.73","12583.0","United Kingdom","EMEA"
"538191","21730","GLASS STAR FROSTED T-LIGHT HOLDER","8","2017-03-25 15:25:00","4.24","12583.0","United Kingdom","EMEA"
"538192","85099B","JUMBO BAG RED RETROSPOT","4","2017-03-30 16:17:00","1.63","14606.0","Australia","APAC"
"538193","47566","PARTY BUNTING","12","2017-03-01 09:23:00","5.16","13777.0","Belgium","EMEA"
"538194","85099B","JUMBO BAG RED RETROSPOT","7","2017-03-01 09:12:00","2.05","12583.0","United Kingdom","EMEA"
"538194","84029E","RED WOOLLY HOTTIE WHITE HEART","9","2017-03-01 09:12:00","3.61","12583.0","United Kingdom","EMEA"
"538194","85099B","JUMBO BAG RED RETROSPOT","11","2017-03-01 09:12:00","1.77","12583.0","United Kingdom","EMEA"
"538195","85123A","WHITE HANGING HEART T-LIGHT HOLDER","9","2017-04-11 14:15:00","2.8","16029.0","Netherlands","EMEA"
"538196","20685","DOORMAT RED RETROSPOT","6","2017-03-05 11:51:00","7.38","13777.0","USA","AMER"
"538196","85123A","WHITE HANGING HEART T-LIGHT HOLDER","6","2017-03-05 11:51:00","2.65","13777.0","USA","AMER"
"538197","85123A","WHITE HANGING HEART T-LIGHT HOLDER","11","2017-03-03 11:01:00","3.02","13777.0","United Kingdom","EMEA"
"538198","84029G","KNITTED UNION FLAG HOT WATER BOTTLE","12","2017-04-28 16:49:00","3.32","14606.0","Netherlands","EMEA"
"538198","84029G","KNITTED UNION FLAG HOT WATER BOTTLE","12","2017-04-28 16:49:00","3.32","14606.0","Netherlands","EMEA"
"538198","20685","DOORMAT RED RETROSPOT","6","2017-04-28 16:49:00","7.06","14606.0","Netherlands","EMEA"
"538199","84029E","RED WOOLLY HOTTIE WHITE HEART","5","2017-03-13 13:25:00","3.88","14096.0","France","EMEA"
"538200","71053","WHITE METAL LANTERN","10","2017-03-08 08:56:00","3.75","13777.0","Belgium","EMEA"
"538201","84029E","RED WOOLLY HOTTIE WHITE HEART","9","2017-03-05 16:58:00","3.87","14606.0","Germany","EMEA"
"538201","84406B","CREAM CUPID HEARTS COAT HANGER","5","2017-03-05 16:58:00","2.79","14606.0","Germany","EMEA"
"538202","22633","HAND WARMER UNION JACK","6","2017-03-21 13:41:00","1.99","13777.0","France","EMEA"
"538203","20685","DOORMAT RED RETROSPOT","8","2017-04-23 15:58:00","7.53","15311.0","Canada","AMER"
"538203","85123A","WHITE HANGING HEART T-LIGHT HOLDER","7","2017-04-23 15:58:00","2.84","15311.0","Canada","AMER"
"538204","22633","HAND WARMER UNION JACK","10","2017-04-09 16:46:00","2.15","12583.0","Germany","EMEA"
"538204","22633","HAND WARMER UNION JACK","12","2017-04-09 16:46:00","2.18","12583.0","Germany","EMEA"
"538205","84029E","RED WOOLLY HOTTIE WHITE HEART","6","2017-03-14 16:23:00","3.64","15311.0","Spain","EMEA"
"538205","85099B","JUMBO BAG RED RETROSPOT","11","2017-03-14 16:23:00","1.92","15311.0","Spain","EMEA"
"538205","47566","PARTY BUNTING","6","2017-03-14 16:23:00","5.05","15311.0","Spain","EMEA"
"538206","47566","PARTY BUNTING","5","2017-03-22 09:18:00","5.27","14096.0","Canada","AMER"
"538206","20685","DOORMAT RED RETROSPOT","7","2017-03-22 09:18:00","7.44","14096.0","Canada","AMER"
"538207","22633","HAND WARMER UNION JACK","5","2017-03-17 14:55:00","1.97","17850.0","Germany","EMEA"
"538208","47566","PARTY BUNTING","4","2017-04-20 09:41:00","4.98","16029.0","Germany","EMEA"
"538208","84029G","KNITTED UNION FLAG HOT WATER BOTTLE","2","2017-04-20 09:41:00","3.69","16029.0","Germany","EMEA"
"538209","22632","HAND WARMER RED POLKA DOT","7","2017-04-04 12:59:00","1.98","15291.0","Spain","EMEA"
"538210","85123A","WHITE HANGING HEART T-LIGHT HOLDER","4","2017-04-03 09:20:00","2.72","15291.0","USA","AMER"
"538210","22632","HAND WARMER RED POLKA DOT","6","2017-04-03 09:20:00","2.19","15291.0","USA","AMER"
"538210","22632","HAND WARMER RED POLKA DOT","6","2017-04-03 09:20:00","2.04","15291.0","USA","AMER"
"538211","85123A","WHITE HANGING HEART T-LIGHT HOLDER","6","2017-03-19 11:06:00","2.96","17809.0","Spain","EMEA"
"538211","21730","GLASS STAR FROSTED T-LIGHT HOLDER","7","2017-03-19 11:06:00","4.25","17809.0","Spain","EMEA"
"538211","84406B","CREAM CUPID HEARTS COAT HANGER","3","2017-03-19 11:06:00","3.23","17809.0","Spain","EMEA"
"538212","22632","HAND WARMER RED POLKA DOT","2","2017-03-26 10:01:00","2.09","13777.0","Germany","EMEA"
"538212","20685","DOORMAT RED RETROSPOT","3","2017-03-26 10:01:00","7.58","13777.0","Germany","EMEA"
"538213","84406B","CREAM CUPID HEARTS COAT HANGER","3","2017-04-02 13:19:00","3.24","13777.0","Netherlands","EMEA"
"538213","84029E","RED WOOLLY HOTTIE WHITE HEART","3","2017-04-02 13:19:00","3.5","13777.0","Netherlands","EMEA"
"538213","71053","WHITE METAL LANTERN","11","2017-04-02 13:19:00","3.89","13777.0","Netherlands","EMEA"
"538214","20685","DOORMAT RED RETROSPOT","12","2017-03-31 14:59:00","7.11","15291.0","Canada","AMER"
"538214","84406B","CREAM CUPID HEARTS COAT HANGER","9","2017-03-31 14:59:00","2.88","15291.0","Canada","AMER"
"538215","71053","WHITE METAL LANTERN","4","2017-04-21 12:57:00","3.81","17850.0","France","EMEA"
"538215","85099B","JUMBO BAG RED RETROSPOT","9","2017-04-21 12:57:00","1.85","17850.0","France","EMEA"
"538216","85123A","WHITE HANGING HEART T-LIGHT HOLDER","6","2017-03-04 11:41:00","2.84","17809.0","Canada","AMER"
"538216","71053","WHITE METAL LANTERN","1","2017-03-04 11:41:00","3.48","17809.0","Canada","AMER"
"538217","22752","SET 7 BABUSHKA NESTING BOXES","5","2017-03-31 15:09:00","7.98","16029.0","Spain","EMEA"
"538217","84406B","CREAM CUPID HEARTS COAT HANGER","12","2017-03-31 15:09:00","3.16","16029.0","Spain","EMEA"
"538217","47566","PARTY BUNTING","10","2017-03-31 15:09:00","5.17","16029.0","Spain","EMEA"
"538218","84029G","KNITTED UNION FLAG HOT WATER BOTTLE","3","2017-04-03 10:51:00","3.31","15311.0","Canada","AMER"
"538219","84406B","CREAM CUPID HEARTS COAT HANGER","8","2017-04-08 09:01:00","3.25","17809.0","Spain","EMEA"
"538220","84029E","RED WOOLLY HOTTIE WHITE HEART","4","2017-03-24 10:52:00","3.54","13777.0","Canada","AMER"
"538220","71053","WHITE METAL LANTERN","7","2017-03-24 10:52:00","3.66","13777.0","Canada","AMER"
"538220","21730","GLASS STAR FROSTED T-LIGHT HOLDER","3","2017-03-24 10:52:00","4.47","13777.0","Canada","AMER"
"538221","84029G","KNITTED UNION FLAG HOT WATER BOTTLE","2","2017-03-28 16:54:00","3.44","16029.0","Belgium","EMEA"
"538222","21730","GLASS STAR FROSTED T-LIGHT HOLDER","3","2017-04-03 15:34:00","4.57","16029.0","Canada","AMER"
"538223","71053","WHITE METAL LANTERN","4","2017-04-29 10:51:00","3.31","12583.0","Canada","AMER"
"538223","71053","WHITE METAL LANTERN","8","2017-04-29 10:51:00","3.4","12583.0","Canada","AMER"
"538223","22633","HAND WARMER UNION JACK","11","2017-04-29 10:51:00","1.89","12583.0","Canada","AMER"
"538224","84406B","CREAM CUPID HEARTS COAT HANGER","2","2017-04-29 12:40:00","3.09","15311.0","Spain","EMEA"
"538224","85123A","WHITE HANGING HEART T-LIGHT HOLDER","7","2017-04-29 12:40:00","2.99","15311.0","Spain","EMEA"
"538224","84406B","CREAM CUPID HEARTS COAT HANGER","11","2017-04-29 12:40:00","2.84","15311.0","Spain","EMEA"
"538225","22632","HAND WARMER RED POLKA DOT","3","2017-04-18 08:06:00","1.83","15291.0","France","EMEA"
"538225","71053","WHITE METAL LANTERN","12","2017-04-18 08:06:00","3.33","15291.0","France","EMEA"
"538226","84029E","RED WOOLLY HOTTIE WHITE HEART","5","2017-04-17 13:44:00","3.69","17809.0","United Kingdom","EMEA"
"538226","47566","PARTY BUNTING","2","2017-04-17 13:44:00","5.01","17809.0","United Kingdom","EMEA"
"538226","84029G","KNITTED UNION FLAG HOT WATER BOTTLE","12","2017-04-17 13:44:00","3.57","17809.0","United Kingdom","EMEA"
"538227","47566","PARTY BUNTING","2","2017-03-20 10:29:00","5.05","13777.0","EIRE","EMEA"
"538227","20685","DOORMAT RED RETROSPOT","4","2017-03-20 10:29:00","7.45","13777.0","EIRE","EMEA"
"538227","84029G","KNITTED UNION FLAG HOT WATER BOTTLE","1","2017-03-20 10:29:00","3.42","13777.0","EIRE","EMEA"
"538228","85123A","WHITE HANGING HEART T-LIGHT HOLDER","12","2017-03-28 14:58:00","3.05","16029.0","Canada","AMER"
"538228","22633","HAND WARMER UNION JACK","6","2017-03-28 14:58:00","1.99","16029.0","Canada","AMER"
"538229","71053","WHITE METAL LANTERN","9","2017-03-23 14:59:00","3.3","17809.0","France","EMEA"
"538229","71053","WHITE METAL LANTERN","6","2017-03-23 14:59:00","3.62","17809.0","France","EMEA"
"538229","85099B","JUMBO BAG RED RETROSPOT","4","2017-03-23 14:59:00","2.13","17809.0","France","EMEA"
"538230","22633","HAND WARMER UNION JACK","9","2017-04-26 10:46:00","2.12","17809.0","Spain","EMEA"
"538231","85123A","WHITE HANGING HEART T-LIGHT HOLDER","3","2017-03-08 14:54:00","2.97","15311.0","USA","AMER"
"538231","84029E","RED WOOLLY HOTTIE WHITE HEART","12","2017-03-08 14:54:00","3.45","15311.0","USA","AMER"
"538231","22633","HAND WARMER UNION JACK","5","2017-03-08 14:54:00","1.8","15311.0","USA","AMER"
"538232","20685","DOORMAT RED RETROSPOT","7","2017-04-15 15:37:00","7.19","14096.0","Germany","EMEA"
"538233","22752","SET 7 BABUSHKA NESTING BOXES","5","2017-04-14 10:24:00","7.97","15311.0","Spain","EMEA"
"538233","85099B","JUMBO BAG RED RETROSPOT","4","2017-04-14 10:24:00","1.72","15311.0","Spain","EMEA"
"538233","21730","GLASS STAR FROSTED T-LIGHT HOLDER","8","2017-04-14 10:24:00","4.33","15311.0","Spain","EMEA"
"538234","22633","HAND WARMER UNION JACK","3","2017-03-12 16:50:00","2.34","14606.0","EIRE","EMEA"
"538235","71053","WHITE METAL LANTERN","2","2017-04-20 10:26:00","3.37","12583.0","Germany","EMEA"
"538236","47566","PARTY BUNTING","10","2017-04-30 14:58:00","5.26","13777.0","Spain","EMEA"
"538236","85123A","WHITE HANGING HEART T-LIGHT HOLDER","2","2017-04-30 14:58:00","2.58","13777.0","Spain","EMEA"
"538236","22633","HAND WARMER UNION JACK","5","2017-04-30 14:58:00","2.02","13777.0","Spain","EMEA"
"538237","20685","DOORMAT RED RETROSPOT","12","2017-03-14 13:11:00","7.41","14606.0","France","EMEA"
"538238","47566","PARTY BUNTING","12","2017-03-26 10:40:00","5.13","15291.0","Spain","EMEA"
"538238","84029G","KNITTED UNION FLAG HOT WATER BOTTLE","12","2017-03-26 10:40:00","3.46","15291.0","Spain","EMEA"
"538238","84029E","RED WOOLLY HOTTIE WHITE HEART","10","2017-03-26 10:40:00","3.74","15291.0","Spain","EMEA"
"538239","85123A","WHITE HANGING HEART T-LIGHT HOLDER","7","2017-03-27 11:27:00","2.93","17850.0","Netherlands","EMEA"
"538239","84029G","KNITTED UNION FLAG HOT WATER BOTTLE","9","2017-03-27 11:27:00","3.39","17850.0","Netherlands","EMEA"
"538239","85123A","WHITE HANGING HEART T-LIGHT HOLDER","6","2017-03-27 11:27:00","2.96","17850.0","Netherlands","EMEA"
"538240","21730","GLASS STAR FROSTED T-LIGHT HOLDER","1","2017-03-23 15:31:00","4.43","14096.0","France","EMEA"
"538241","84029G","KNITTED UNION FLAG HOT WATER BOTTLE","4","2017-04-19 16:28:00","3.47","14606.0","Belgium","EMEA"
"538241","84406B","CREAM CUPID HEARTS COAT HANGER","10","2017-04-19 16:28:00","2.71","14606.0","Belgium","EMEA"
"538241","84029G","KNITTED UNION FLAG HOT WATER BOTTLE","9","2017-04-19 16:28:00","3.66","14606.0","Belgium","EMEA"
"538242","22632","HAND WARMER RED POLKA DOT","9","2017-04-07 12:09:00","2.05","16029.0","Germany","EMEA"
"538242","84406B","CREAM CUPID HEARTS COAT HANGER","12","2017-04-07 12:09:00","2.91","16029.0","Germany","EMEA"
"538243","71053","WHITE METAL LANTERN","8","2017-04-01 08:39:00","3.46","17809.0","Netherlands","EMEA"
"538243","71053","WHITE METAL LANTERN","11","2017-04-01 08:39:00","3.65","17809.0","Netherlands","EMEA"
"538244","84029G","KNITTED UNION FLAG HOT WATER BOTTLE","9","2017-03-17 13:02:00","3.56","17850.0","Spain","EMEA"
"538245","47566","PARTY BUNTING","3","2017-03-19 16:33:00","5.27","17809.0","Australia","APAC"
"538245","21730","GLASS STAR FROSTED T-LIGHT HOLDER","2","2017-03-19 16:33:00","4.69","17809.0","Australia","APAC"
"538246","22633","HAND WARMER UNION JACK","5","2017-03-10 12:03:00","1.87","15311.0","Netherlands","EMEA"
"538247","84029E","RED WOOLLY HOTTIE WHITE HEART","7","2017-03-19 13:27:00","3.42","15291.0","Netherlands","EMEA"
"538248","22633","HAND WARMER UNION JACK","9","2017-03-10 14:45:00","2.07","13777.0","Germany","EMEA"
"538248","85123A","WHITE HANGING HEART T-LIGHT HOLDER","7","2017-03-10 14:45:00","2.91","13777.0","Germany","EMEA"
"538249","20685","DOORMAT RED RETROSPOT","10","2017-03-01 11:50:00","7.12","13777.0","United Kingdom","EMEA"
"538249","21730","GLASS STAR FROSTED T-LIGHT HOLDER","12","2017-03-01 11:50:00","4.41","13777.0","United Kingdom","EMEA"
"538250","22632","HAND WARMER RED POLKA DOT","6","2017-04-27 15:26:00","2.23","14606.0","Australia","APAC"
"538250","84029E","RED WOOLLY HOTTIE WHITE HEART","2","2017-04-27 15:26:00","3.68","14606.0","Australia","APAC"
"538250","20685","DOORMAT RED RETROSPOT","1","2017-04-27 15:26:00","7.55","14606.0","Australia","APAC"
"538251","22632","HAND WARMER RED POLKA DOT","4","2017-03-25 09:13:00","1.88","15291.0","United Kingdom","EMEA"
"538252","84406B","CREAM CUPID HEARTS COAT HANGER","6","2017-04-12 16:51:00","2.67","13777.0","Netherlands","EMEA"
"538252","85123A","WHITE HANGING HEART T-LIGHT HOLDER","4","2017-04-12 16:51:00","2.83","13777.0","Netherlands","EMEA"
"538252","84029G","KNITTED UNION FLAG HOT WATER BOTTLE","8","2017-04-12 16:51:00","3.8","13777.0","Netherlands","EMEA"
"538253","47566","PARTY BUNTING","1","2017-04-16 12:01:00","4.94","15291.0","Australia","APAC"
"538253","84029G","KNITTED UNION FLAG HOT WATER BOTTLE","9","2017-04-16 12:01:00","3.67","15291.0","Australia","APAC"
"538254","22632","HAND WARMER RED POLKA DOT","1","2017-03-16 15:03:00","2.04","13047.0","Germany","EMEA"
"538255","85099B","JUMBO BAG RED RETROSPOT","1","2017-04-06 08:48:00","1.62","13047.0","USA","AMER"
"538255","84406B","CREAM CUPID HEARTS COAT HANGER","5","2017-04-06 08:48:00","3.17","13047.0","USA","AMER"
"538255","84029G","KNITTED UNION FLAG HOT WATER BOTTLE","2","2017-04-06 08:48:00","3.54","13047.0","USA","AMER"
"538256","22633","HAND WARMER UNION JACK","5","2017-04-06 09:39:00","1.94","15291.0","United Kingdom","EMEA"
"538256","20685","DOORMAT RED RETROSPOT","2","2017-04-06 09:39:00","7.28","15291.0","United Kingdom","EMEA"
"538257","71053","WHITE METAL LANTERN","5","2017-04-24 16:08:00","3.58","14606.0","Spain","EMEA"
"538257","84029E","RED WOOLLY HOTTIE WHITE HEART","12","2017-04-24 16:08:00","3.76","14606.0","Spain","EMEA"
"538258","22632","HAND WARMER RED POLKA DOT","1","2017-03-06 10:12:00","1.92","14606.0","USA","AMER"
"538258","84406B","CREAM CUPID HEARTS COAT HANGER","12","2017-03-06 10:12:00","2.92","14606.0","USA","AMER"
"538258","85123A","WHITE HANGING HEART T-LIGHT HOLDER","6","2017-03-06 10:12:00","2.46","14606.0","USA","AMER"
"538259","84406B","CREAM CUPID HEARTS COAT HANGER","3","2017-04-10 12:56:00","2.79","13047.0","Canada","AMER"
"538259","71053","WHITE METAL LANTERN","7","2017-04-10 12:56:00","3.83","13047.0","Canada","AMER"
"538259","84029G","KNITTED UNION FLAG HOT WATER BOTTLE","7","2017-04-10 12:56:00","3.46","13047.0","Canada","AMER"
"538260","85099B","JUMBO BAG RED RETROSPOT","12","2017-03-24 11:26:00","2.09","13047.0","Netherlands","EMEA"
"538261","84406B","CREAM CUPID HEARTS COAT HANGER","11","2017-03-07 13:57:00","2.67","13047.0","France","EMEA"
"538262","22632","HAND WARMER RED POLKA DOT","2","2017-04-29 12:50:00","2.32","13777.0","France","EMEA"
"538262","84029E","RED WOOLLY HOTTIE WHITE HEART","5","2017-04-29 12:50:00","3.42","13777.0","France","EMEA"
"538262","20685","DOORMAT RED RETROSPOT","1","2017-04-29 12:50:00","7.34","13777.0","France","EMEA"
"538263","47566","PARTY BUNTING","9","2017-04-12 13:04:00","5.01","14606.0","USA","AMER"
"538263","84406B","CREAM CUPID HEARTS COAT HANGER","6","2017-04-12 13:04:00","3.19","14606.0","USA","AMER"
"538264","20685","DOORMAT RED RETROSPOT","5","2017-03-21 16:07:00","7.34","13777.0","France","EMEA"
"538264","71053","WHITE METAL LANTERN","8","2017-03-21 16:07:00","3.74","13777.0","France","EMEA"
"538265","22632","HAND WARMER RED POLKA DOT","9","2017-04-10 11:33:00","1.99","16029.0","Netherlands","EMEA"
"538266","84029G","KNITTED UNION FLAG HOT WATER BOTTLE","9","2017-03-28 14:11:00","3.5","15311.0","Belgium","EMEA"
"538266","85099B","JUMBO BAG RED RETROSPOT","5","2017-03-28 14:11:00","1.58","15311.0","Belgium","EMEA"
"538267","21730","GLASS STAR FROSTED T-LIGHT HOLDER","4","2017-04-01 11:30:00","4.71","15291.0","Germany","EMEA"
"538268","85099B","JUMBO BAG RED RETROSPOT","9","2017-03-29 09:31:00","1.65","15311.0","France","EMEA"
"538269","71053","WHITE METAL LANTERN","5","2017-03-14 11:51:00","3.5","17809.0","Spain","EMEA"
"538269","84406B","CREAM CUPID HEARTS COAT HANGER","12","2017-03-14 11:51:00","3.12","17809.0","Spain","EMEA"
"538270","22632","HAND WARMER RED POLKA DOT","4","2017-04-04 09:18:00","1.85","17850.0","USA","AMER"
"538270","84406B","CREAM CUPID HEARTS COAT HANGER","10","2017-04-04 09:18:00","3.21","17850.0","USA","AMER"
"538271","85123A","WHITE HANGING HEART T-LIGHT HOLDER","10","2017-03-20 10:26:00","2.47","15291.0","Australia","APAC"
"538271","84406B","CREAM CUPID HEARTS COAT HANGER","1","2017-03-20 10:26:00","2.71","15291.0","Australia","APAC"
"538271","84029G","KNITTED UNION FLAG HOT WATER BOTTLE","4","2017-03-20 10:26:00","3.7","15291.0","Australia","APAC"
"538272","85099B","JUMBO BAG RED RETROSPOT","2","2017-03-21 08:43:00","1.79","13777.0","Australia","APAC"
"538272","47566","PARTY BUNTING","4","2017-03-21 08:43:00","5.33","13777.0","Australia","APAC"
"538273","21730","GLASS STAR FROSTED T-LIGHT HOLDER","9","2017-04-16 10:50:00","4.61","16029.0","EIRE","EMEA"
"538273","85099B","JUMBO BAG RED RETROSPOT","11","2017-04-16 10:50:00","1.65","16029.0","EIRE","EMEA"
"538273","84029E","RED WOOLLY HOTTIE WHITE HEART","4","2017-04-16 10:50:00","3.69","16029.0","EIRE","EMEA"
"538274","85099B","JUMBO BAG RED RETROSPOT","3","2017-04-27 11:04:00","1.85","13777.0","USA","AMER"
"538275","21730","GLASS STAR FROSTED T-LIGHT HOLDER","9","2017-04-30 09:49:00","4.63","13777.0","France","EMEA"
"538275","84029G","KNITTED UNION FLAG HOT WATER BOTTLE","6","2017-04-30 09:49:00","3.32","13777.0","France","EMEA"
"538276","22633","HAND WARMER UNION JACK","2","2017-03-30 09:27:00","2.21","16029.0","Canada","AMER"
"538277","85099B","JUMBO BAG RED RETROSPOT","12","2017-04-11 13:50:00","1.99","14606.0","Spain","EMEA"
"538277","85123A","WHITE HANGING HEART T-LIGHT HOLDER","11","2017-04-11 13:50:00","2.67","14606.0","Spain","EMEA"
"538277","71053","WHITE METAL LANTERN","8","2017-04-11 13:50:00","3.3","14606.0","Spain","EMEA"
"538278","22632","HAND WARMER RED POLKA DOT","11","2017-03-01 14:55:00","1.85","14606.0","Belgium","EMEA"
"538278","20685","DOORMAT RED RETROSPOT","7","2017-03-01 14:55:00","7.56","14606.0","Belgium","EMEA"
"538278","85123A","WHITE HANGING HEART T-LIGHT HOLDER","1","2017-03-01 14:55:00","2.95","14606.0","Belgium","EMEA"
"538279","85123A","WHITE HANGING HEART T-LIGHT HOLDER","2","2017-04-27 13:24:00","2.95","15311.0","Belgium","EMEA"
"538280","22632","HAND WARMER RED POLKA DOT","11","2017-03-20 14:28:00","2.34","14096.0","Canada","AMER"
"538281","84029E","RED WOOLLY HOTTIE WHITE HEART","3","2017-03-10 12:10:00","3.5","12583.0","Spain","EMEA"
"538281","84029G","KNITTED UNION FLAG HOT WATER BOTTLE","5","2017-03-10 12:10:00","3.6","12583.0","Spain","EMEA"
"538282","71053","WHITE METAL LANTERN","9","2017-04-05 09:58:00","3.58","13777.0","Canada","AMER"
"538282","85123A","WHITE HANGING HEART T-LIGHT HOLDER","9","2017-04-05 09:58:00","2.52","13777.0","Canada","AMER"
"538283","84029G","KNITTED UNION FLAG HOT WATER BOTTLE","4","2017-04-21 13:06:00","3.4","13777.0","Australia","APAC"
"538283","22752","SET 7 BABUSHKA NESTING BOXES","4","2017-04-21 13:06:00","7.92","13777.0","Australia","APAC"
"538284","84406B","CREAM CUPID HEARTS COAT HANGER","2","2017-04-24 11:44:00","2.75","15311.0","Netherlands","EMEA"
"538284","20685","DOORMAT RED RETROSPOT","2","2017-04-24 11:44:00","7.36","15311.0","Netherlands","EMEA"
"538284","47566","PARTY BUNTING","9","2017-04-24 11:44:00","5.23","15311.0","Netherlands","EMEA"
"538285","22752","SET 7 BABUSHKA NESTING BOXES","2","2017-03-09 13:56:00","8.03","17809.0","USA","AMER"
"538286","22633","HAND WARMER UNION JACK","2","2017-04-19 14:16:00","2.02","13777.0","United Kingdom","EMEA"
"538286","84029G","KNITTED UNION FLAG HOT WATER BOTTLE","3","2017-04-19 14:16:00","3.84","13777.0","United Kingdom","EMEA"
"538287","21730","GLASS STAR FROSTED T-LIGHT HOLDER","5","2017-03-08 13:05:00","4.67","17809.0","USA","AMER"
"538287","85099B","JUMBO BAG RED RETROSPOT","3","2017-03-08 13:05:00","1.55","17809.0","USA","AMER"
"538288","84406B","CREAM CUPID HEARTS COAT HANGER","2","2017-04-13 09:43:00","2.68","16029.0","Spain","EMEA"
"538289","84029G","KNITTED UNION FLAG HOT WATER BOTTLE","9","2017-04-14 16:58:00","3.49","14096.0","Australia","APAC"
"538289","22632","HAND WARMER RED POLKA DOT","1","2017-04-14 16:58:00","2.34","14096.0","Australia","APAC"
"538290","84029E","RED WOOLLY HOTTIE WHITE HEART","3","2017-04-07 11:14:00","3.58","17850.0","Canada","AMER"
"538290","85123A","WHITE HANGING HEART T-LIGHT HOLDER","6","2017-04-07 11:14:00","2.48","17850.0","Canada","AMER"
"538291","71053","WHITE METAL LANTERN","4","2017-03-29 09:29:00","3.69","16029.0","USA","AMER"
"538292","84029E","RED WOOLLY HOTTIE WHITE HEART","11","2017-03-22 12:10:00","3.41","13777.0","France","EMEA"
"538292","21730","GLASS STAR FROSTED T-LIGHT HOLDER","4","2017-03-22 12:10:00","4.24","13777.0","France","EMEA"
"538293","71053","WHITE METAL LANTERN","2","2017-03-13 14:23:00","3.67","14606.0","United Kingdom","EMEA"
"538293","84029G","KNITTED UNION FLAG HOT WATER BOTTLE","9","2017-03-13 14:23:00","3.85","14606.0","United Kingdom","EMEA"
"538294","84029E","RED WOOLLY HOTTIE WHITE HEART","4","2017-04-15 08:11:00","3.47","17809.0","Germany","EMEA"
"538295","22752","SET 7 BABUSHKA NESTING BOXES","5","2017-03-29 09:35:00","7.7","13777.0","Belgium","EMEA"
"538296","85123A","WHITE HANGING HEART T-LIGHT HOLDER","8","2017-04-12 13:48:00","2.62","13047.0","Germany","EMEA"
"538296","84406B","CREAM CUPID HEARTS COAT HANGER","1","2017-04-12 13:48:00","3.1","13047.0","Germany","EMEA"
"538296","71053","WHITE METAL LANTERN","5","2017-04-12 13:48:00","3.35","13047.0","Germany","EMEA"
"538297","21730","GLASS STAR FROSTED T-LIGHT HOLDER","12","2017-03-24 10:12:00","4.51","14096.0","Canada","AMER"
"538297","84029G","KNITTED UNION FLAG HOT WATER BOTTLE","1","2017-03-24 10:12:00","3.68","14096.0","Canada","AMER"
"538297","22633","HAND WARMER UNION JACK","7","2017-03-24 10:12:00","1.88","14096.0","Canada","AMER"
"538298","20685","DOORMAT RED RETROSPOT","5","2017-03-21 16:15:00","6.99","15291.0","Canada","AMER"
"538299","85099B","JUMBO BAG RED RETROSPOT","2","2017-03-08 11:48:00","2.05","14096.0","Belgium","EMEA"
"538299","22633","HAND WARMER UNION JACK","9","2017-03-08 11:48:00","2.26","14096.0","Belgium","EMEA"
"538300","84029E","RED WOOLLY HOTTIE WHITE HEART","3","2017-03-04 08:13:00","3.63","14096.0","France","EMEA"
"538301","71053","WHITE METAL LANTERN","11","2017-03-17 10:37:00","3.84","13047.0","Belgium","EMEA"
"538301","22633","HAND WARMER UNION JACK","6","2017-03-17 10:37:00","1.85","13047.0","Belgium","EMEA"
"538301","22632","HAND WARMER RED POLKA DOT","10","2017-03-17 10:37:00","2.01","13047.0","Belgium","EMEA"
"538302","20685","DOORMAT RED RETROSPOT","1","2017-04-16 13:45:00","7.09","15291.0","Germany","EMEA"
"538302","22632","HAND WARMER RED POLKA DOT","8","2017-04-16 13:45:00","1.76","15291.0","Germany","EMEA"
"538303","22752","SET 7 BABUSHKA NESTING BOXES","3","2017-03-27 11:26:00","7.98","15311.0","Australia","APAC"
"538304","21730","GLASS STAR FROSTED T-LIGHT HOLDER","1","2017-04-28 14:39:00","4.3","14606.0","Canada","AMER"
"538304","71053","WHITE METAL LANTERN","5","2017-04-28 14:39:00","3.32","14606.0","Canada","AMER"
"538305","85099B","JUMBO BAG RED RETROSPOT","11","2017-03-03 11:24:00","1.86","14606.0","Spain","EMEA"
"538305","71053","WHITE METAL LANTERN","10","2017-03-03 11:24:00","3.39","14606.0","Spain","EMEA"
"538305","84029E","RED WOOLLY HOTTIE WHITE HEART","4","2017-03-03 11:24:00","3.61","14606.0","Spain","EMEA"
"538306","22633","HAND WARMER UNION JACK","6","2017-04-23 08:46:00","2.22","16029.0","EIRE","EMEA"
"538306","84406B","CREAM CUPID HEARTS COAT HANGER","6","2017-04-23 08:46:00","2.65","16029.0","EIRE","EMEA"
"538307","22752","SET 7 BABUSHKA NESTING BOXES","9","2017-04-01 14:55:00","7.75","13777.0","Australia","APAC"
"538308","22752","SET 7 BABUSHKA NESTING BOXES","4","2017-03-25 14:25:00","8.02","15311.0","EIRE","EMEA"
"538308","84029E","RED WOOLLY HOTTIE WHITE HEART","5","2017-03-25 14:25:00","3.4","15311.0","EIRE","EMEA"
"538308","21730","GLASS STAR FROSTED T-LIGHT HOLDER","11","2017-03-25 14:25:00","4.53","15311.0","EIRE","EMEA"
"538309","22632","HAND WARMER RED POLKA DOT","6","2017-03-18 11:58:00","1.89","17809.0","Germany","EMEA"
"538310","22633","HAND WARMER UNION JACK","2","2017-04-13 16:55:00","1.82","15291.0","Germany","EMEA"
"538310","85099B","JUMBO BAG RED RETROSPOT","8","2017-04-13 16:55:00","1.98","15291.0","Germany","EMEA"
"538311","22632","HAND WARMER RED POLKA DOT","6","2017-04-25 10:04:00","1.88","15311.0","EIRE","EMEA"
"538312","84406B","CREAM CUPID HEARTS COAT HANGER","8","2017-03-01 15:19:00","3.13","15311.0","United Kingdom","EMEA"
"538312","85099B","JUMBO BAG RED RETROSPOT","11","2017-03-01 15:19:00","2.01","15311.0","United Kingdom","EMEA"
"538312","22632","HAND WARMER RED POLKA DOT","9","2017-03-01 15:19:00","1.76","15311.0","United Kingdom","EMEA"
"538313","22752","SET 7 BABUSHKA NESTING BOXES","10","2017-04-16 08:31:00","7.66","15291.0","Belgium","EMEA"
"538313","84029G","KNITTED UNION FLAG HOT WATER BOTTLE","10","2017-04-16 08:31:00","3.37","15291.0","Belgium","EMEA"
"538313","84029G","KNITTED UNION FLAG HOT WATER BOTTLE","3","2017-04-16 08:31:00","3.87","15291.0","Belgium","EMEA"
"538314","22632","HAND WARMER RED POLKA DOT","11","2017-04-25 14:57:00","1.83","15291.0","EIRE","EMEA"
"538315","47566","PARTY BUNTING","9","2017-04-08 11:48:00","5.38","17850.0","Belgium","EMEA"
"538315","85123A","WHITE HANGING HEART T-LIGHT HOLDER","4","2017-04-08 11:48:00","2.62","17850.0","Belgium","EMEA"
"538316","84029G","KNITTED UNION FLAG HOT WATER BOTTLE","7","2017-03-03 13:29:00","3.45","12583.0","Netherlands","EMEA"
"538316","22633","HAND WARMER UNION JACK","8","2017-03-03 13:29:00","2.23","12583.0","Netherlands","EMEA"
"538316","22752","SET 7 BABUSHKA NESTING BOXES","1","2017-03-03 13:29:00","7.63","12583.0","Netherlands","EMEA"
"538317","84029E","RED WOOLLY HOTTIE WHITE HEART","4","2017-04-22 10:10:00","3.32","12583.0","EIRE","EMEA"
"538317","47566","PARTY BUNTING","5","2017-04-22 10:10:00","5.06","12583.0","EIRE","EMEA"
"538318","22632","HAND WARMER RED POLKA DOT","6","2017-04-23 13:48:00","2.06","15291.0","United Kingdom","EMEA"
"538319","22632","HAND WARMER RED POLKA DOT","9","2017-03-18 15:59:00","2.32","16029.0","EIRE","EMEA"
"538319","22632","HAND WARMER RED POLKA DOT","5","2017-03-18 15:59:00","2.02","16029.0","EIRE","EMEA"
"538320","20685","DOORMAT RED RETROSPOT","9","2017-03-16 14:35:00","7.11","16029.0","Canada","AMER"
"538320","22633","HAND WARMER UNION JACK","7","2017-03-16 14:35:00","1.85","16029.0","Canada","AMER"
"538321","84029E","RED WOOLLY HOTTIE WHITE HEART","10","2017-04-19 15:26:00","3.42","17850.0","Netherlands","EMEA"
"538321","22633","HAND WARMER UNION JACK","12","2017-04-19 15:26:00","1.84","17850.0","Netherlands","EMEA"
"538322","47566","PARTY BUNTING","12","2017-03-11 15:00:00","5.0","17850.0","Canada","AMER"
"538323","84029E","RED WOOLLY HOTTIE WHITE HEART","2","2017-04-14 13:46:00","3.45","14606.0","Netherlands","EMEA"
"538323","71053","WHITE METAL LANTERN","2","2017-04-14 13:46:00","3.53","14606.0","Netherlands","EMEA"
"538323","47566","PARTY BUNTING","8","2017-04-14 13:46:00","5.11","14606.0","Netherlands","EMEA"
"538324","85099B","JUMBO BAG RED RETROSPOT","10","2017-03-17 08:16:00","1.76","17850.0","EIRE","EMEA"
"538324","20685","DOORMAT RED RETROSPOT","6","2017-03-17 08:16:00","7.49","17850.0","EIRE","EMEA"
"538324","84029G","KNITTED UNION FLAG HOT WATER BOTTLE","2","2017-03-17 08:16:00","3.63","17850.0","EIRE","EMEA"
"538325","84406B","CREAM CUPID HEARTS COAT HANGER","10","2017-03-30 11:01:00","2.82","12583.0","Canada","AMER"
"538326","20685","DOORMAT RED RETROSPOT","10","2017-04-09 11:02:00","7.15","14606.0","USA","AMER"
"538326","84406B","CREAM CUPID HEARTS COAT HANGER","2","2017-04-09 11:02:00","3.09","14606.0","USA","AMER"
"538327","85099B","JUMBO BAG RED RETROSPOT","4","2017-03-07 13:57:00","1.91","15311.0","Canada","AMER"
"538327","85123A","WHITE HANGING HEART T-LIGHT HOLDER","1","2017-03-07 13:57:00","2.46","15311.0","Canada","AMER"
"538328","47566","PARTY BUNTING","12","2017-04-28 09:43:00","5.13","13047.0","USA","AMER"
"538328","21730","GLASS STAR FROSTED T-LIGHT HOLDER","6","2017-04-28 09:43:00","4.18","13047.0","USA","AMER"
"538328","71053","WHITE METAL LANTERN","12","2017-04-28 09:43:00","3.66","13047.0","USA","AMER"
"538329","47566","PARTY BUNTING","5","2017-04-22 10:57:00","4.93","14096.0","Spain","EMEA"
"538329","47566","PARTY BUNTING","3","2017-04-22 10:57:00","4.9","14096.0","Spain","EMEA"
"538330","47566","PARTY BUNTING","1","2017-03-03 11:44:00","4.92","16029.0","Netherlands","EMEA"
"538330","22632","HAND WARMER RED POLKA DOT","5","2017-03-03 11:44:00","2.23","16029.0","Netherlands","EMEA"
"538331","20685","DOORMAT RED RETROSPOT","6","2017-04-15 12:47:00","7.48","15291.0","France","EMEA"
"538332","84029G","KNITTED UNION FLAG HOT WATER BOTTLE","8","2017-04-11 10:26:00","3.81","15311.0","Australia","APAC"
"538333","84029G","KNITTED UNION FLAG HOT WATER BOTTLE","6","2017-03-16 08:49:00","3.47","14606.0","EIRE","EMEA"
"538333","84029E","RED WOOLLY HOTTIE WHITE HEART","4","2017-03-16 08:49:00","3.59","14606.0","EIRE","EMEA"
"538334","85123A","WHITE HANGING HEART T-LIGHT HOLDER","7","2017-04-12 11:31:00","2.79","14606.0","Netherlands","EMEA"
"538334","22752","SET 7 BABUSHKA NESTING BOXES","11","2017-04-12 11:31:00","8.06","14606.0","Netherlands","EMEA"
"538335","71053","WHITE METAL LANTERN","2","2017-04-08 14:46:00","3.45","17809.0","Canada","AMER"
"538335","84029E","RED WOOLLY HOTTIE WHITE HEART","10","2017-04-08 14:46:00","3.85","17809.0","Canada","AMER"
"538336","85123A","WHITE HANGING HEART T-LIGHT HOLDER","1","2017-03-01 08:25:00","2.9","17809.0","Canada","AMER"
"538336","84406B","CREAM CUPID HEARTS COAT HANGER","3","2017-03-01 08:25:00","2.87","17809.0","Canada","AMER"
"538336","22752","SET 7 BABUSHKA NESTING BOXES","7","2017-03-01 08:25:00","8.07","17809.0","Canada","AMER"
"538337","22632","HAND WARMER RED POLKA DOT","8","2017-04-25 11:09:00","2.04","17850.0","Belgium","EMEA"
"538337","22752","SET 7 BABUSHKA NESTING BOXES","12","2017-04-25 11:09:00","7.8","17850.0","Belgium","EMEA"
"538338","22633","HAND WARMER UNION JACK","12","2017-04-09 14:42:00","2.07","12583.0","Netherlands","EMEA"
"538338","84406B","CREAM CUPID HEARTS COAT HANGER","5","2017-04-09 14:42:00","3.02","12583.0","Netherlands","EMEA"
"538339","22632","HAND WARMER RED POLKA DOT","2","2017-03-19 16:53:00","2.26","15311.0","Spain","EMEA"
"538339","22752","SET 7 BABUSHKA NESTING BOXES","3","2017-03-19 16:53:00","8.04","15311.0","Spain","EMEA"
"538339","85123A","WHITE HANGING HEART T-LIGHT HOLDER","8","2017-03-19 16:53:00","2.72","15311.0","Spain","EMEA"
"538340","22752","SET 7 BABUSHKA NESTING BOXES","7","2017-03-16 08:08:00","7.63","13047.0","Netherlands","EMEA"
"538340","85123A","WHITE HANGING HEART T-LIGHT HOLDER","9","2017-03-16 08:08:00","2.59","13047.0","Netherlands","EMEA"
"538341","20685","DOORMAT RED RETROSPOT","5","2017-04-14 12:56:00","7.0","15311.0","Canada","AMER"
"538341","22633","HAND WARMER UNION JACK","3","2017-04-14 12:56:00","2.04","15311.0","Canada","AMER"
"538342","22752","SET 7 BABUSHKA NESTING BOXES","4","2017-04-14 12:39:00","7.95","15291.0","Belgium","EMEA"
"538342","85123A","WHITE HANGING HEART T-LIGHT HOLDER","1","2017-04-14 12:39:00","2.64","15291.0","Belgium","EMEA"
"538343","84029G","KNITTED UNION FLAG HOT WATER BOTTLE","6","2017-03-26 09:25:00","3.65","12583.0","USA","AMER"
"538343","84406B","CREAM CUPID HEARTS COAT HANGER","3","2017-03-26 09:25:00","2.95","12583.0","USA","AMER"
"538344","20685","DOORMAT RED RETROSPOT","4","2017-03-21 15:25:00","7.21","13777.0","Australia","APAC"
"538344","85123A","WHITE HANGING HEART T-LIGHT HOLDER","2","2017-03-21 15:25:00","2.76","13777.0","Australia","APAC"
"538344","84406B","CREAM CUPID HEARTS COAT HANGER","12","2017-03-21 15:25:00","3.15","13777.0","Australia","APAC"
"538345","84029G","KNITTED UNION FLAG HOT WATER BOTTLE","12","2017-04-29 14:06:00","3.49","16029.0","France","EMEA"
"538346","85099B","JUMBO BAG RED RETROSPOT","12","2017-03-25 12:00:00","1.57","16029.0","Canada","AMER"
"538346","84029G","KNITTED UNION FLAG HOT WATER BOTTLE","4","2017-03-25 12:00:00","3.51","16029.0","Canada","AMER"
"538346","22633","HAND WARMER UNION JACK","9","2017-03-25 12:00:00","1.97","16029.0","Canada","AMER"
"538347","47566","PARTY BUNTING","12","2017-03-20 12:47:00","5.19","16029.0","USA","AMER"
"538348","85123A","WHITE HANGING HEART T-LIGHT HOLDER","3","2017-04-30 09:58:00","2.67","14096.0","France","EMEA"
"538349","22752","SET 7 BABUSHKA NESTING BOXES","3","2017-03-24 15:50:00","8.01","15291.0","USA","AMER"
"538349","22633","HAND WARMER UNION JACK","2","2017-03-24 15:50:00","2.07","15291.0","USA","AMER"
"538350","22752","SET 7 BABUSHKA NESTING BOXES","11","2017-04-14 09:37:00","7.99","14096.0","USA","AMER"
"538351","47566","PARTY BUNTING","5","2017-04-27 12:29:00","5.04","13047.0","Spain","EMEA"
"538352","84406B","CREAM CUPID HEARTS COAT HANGER","3","2017-03-09 11:01:00","2.72","13047.0","EIRE","EMEA"
"538352","71053","WHITE METAL LANTERN","8","2017-03-09 11:01:00","3.87","13047.0","EIRE","EMEA"
"538353","84029E","RED WOOLLY HOTTIE WHITE HEART","7","2017-04-07 10:41:00","3.77","17809.0","EIRE","EMEA"
"538354","85123A","WHITE HANGING HEART T-LIGHT HOLDER","6","2017-03-04 13:08:00","2.8","12583.0","Germany","EMEA"
"538354","20685","DOORMAT RED RETROSPOT","2","2017-03-04 13:08:00","7.36","12583.0","Germany","EMEA"
"538354","22633","HAND WARMER UNION JACK","9","2017-03-04 13:08:00","2.32","12583.0","Germany","EMEA"
"538355","22633","HAND WARMER UNION JACK","10","2017-04-23 12:32:00","2.01","16029.0","USA","AMER"
"538356","71053","WHITE METAL LANTERN","4","2017-04-05 12:31:00","3.44","17809.0","Netherlands","EMEA"
"538356","71053","WHITE METAL LANTERN","4","2017-04-05 12:31:00","3.66","17809.0","Netherlands","EMEA"
"538357","22633","HAND WARMER UNION JACK","7","2017-04-29 13:23:00","1.88","13047.0","Germany","EMEA"
"538357","21730","GLASS STAR FROSTED T-LIGHT HOLDER","6","2017-04-29 13:23:00","4.63","13047.0","Germany","EMEA"
"538357","85123A","WHITE HANGING HEART T-LIGHT HOLDER","4","2017-04-29 13:23:00","2.56","13047.0","Germany","EMEA"
"538358","85123A","WHITE HANGING HEART T-LIGHT HOLDER","7","2017-04-28 16:38:00","2.72","13047.0","Belgium","EMEA"
"538358","22632","HAND WARMER RED POLKA DOT","11","2017-04-28 16:38:00","2.3","13047.0","Belgium","EMEA"
"538358","20685","DOORMAT RED RETROSPOT","12","2017-04-28 16:38:00","7.21","13047.0","Belgium","EMEA"
"538359","20685","DOORMAT RED RETROSPOT","3","2017-03-12 14:38:00","7.43","15311.0","Canada","AMER"
"538359","85123A","WHITE HANGING HEART T-LIGHT HOLDER","8","2017-03-12 14:38:00","3.04","15311.0","Canada","AMER"
"538360","84406B","CREAM CUPID HEARTS COAT HANGER","12","2017-04-05 09:55:00","3.13","16029.0","France","EMEA"
"538361","85123A","WHITE HANGING HEART T-LIGHT HOLDER","6","2017-04-30 12:19:00","2.59","16029.0","USA","AMER"
"538361","22752","SET 7 BABUSHKA NESTING BOXES","4","2017-04-30 12:19:00","7.96","16029.0","USA","AMER"
"538361","85123A","WHITE HANGING HEART T-LIGHT HOLDER","5","2017-04-30 12:19:00","2.84","16029.0","USA","AMER"
"538362","84029G","KNITTED UNION FLAG HOT WATER BOTTLE","10","2017-04-24 14:31:00","3.51","17809.0","Netherlands","EMEA"
"538362","22632","HAND WARMER RED POLKA DOT","8","2017-04-24 14:31:00","1.91","17809.0","Netherlands","EMEA"
"538362","85099B","JUMBO BAG RED RETROSPOT","7","2017-04-24 14:31:00","1.7","17809.0","Netherlands","EMEA"
"538363","20685","DOORMAT RED RETROSPOT","8","2017-04-18 11:39:00","7.1","15311.0","Germany","EMEA"
"538364","22752","SET 7 BABUSHKA NESTING BOXES","6","2017-04-13 15:40:00","7.83","13047.0","Germany","EMEA"
"538364","20685","DOORMAT RED RETROSPOT","5","2017-04-13 15:40:00","7.06","13047.0","Germany","EMEA"
"538364","71053","WHITE METAL LANTERN","8","2017-04-13 15:40:00","3.42","13047.0","Germany","EMEA"
"538365","84029E","RED WOOLLY HOTTIE WHITE HEART","1","2017-03-27 16:26:00","3.77","17850.0","USA","AMER"
"538366","84029G","KNITTED UNION FLAG HOT WATER BOTTLE","10","2017-03-03 15:31:00","3.38","15311.0","Belgium","EMEA"
"538366","84029E","RED WOOLLY HOTTIE WHITE HEART","8","2017-03-03 15:31:00","3.84","15311.0","Belgium","EMEA"
"538367","21730","GLASS STAR FROSTED T-LIGHT HOLDER","12","2017-03-13 16:54:00","4.69","17809.0","France","EMEA"
"538367","84029G","KNITTED UNION FLAG HOT WATER BOTTLE","1","2017-03-13 16:54:00","3.54","17809.0","France","EMEA"
"538368","71053","WHITE METAL LANTERN","1","2017-04-10 10:40:00","3.76","15311.0","Netherlands","EMEA"
"538369","71053","WHITE METAL LANTERN","6","2017-03-16 15:36:00","3.69","13777.0","Canada","AMER"
"538369","84029E","RED WOOLLY HOTTIE WHITE HEART","9","2017-03-16 15:36:00","3.84","13777.0","Canada","AMER"
"538369","22632","HAND WARMER RED POLKA DOT","12","2017-03-16 15:36:00","2.24","13777.0","Canada","AMER"
"538370","21730","GLASS STAR FROSTED T-LIGHT HOLDER","12","2017-04-28 11:52:00","4.27","16029.0","Netherlands","EMEA"
"538371","85099B","JUMBO BAG RED RETROSPOT","8","2017-04-12 10:22:00","1.64","17809.0","United Kingdom","EMEA"
"538371","84406B","CREAM CUPID HEARTS COAT HANGER","4","2017-04-12 10:22:00","2.95","17809.0","United Kingdom","EMEA"
"538371","71053","WHITE METAL LANTERN","4","2017-04-12 10:22:00","3.87","17809.0","United Kingdom","EMEA"
"538372","20685","DOORMAT RED RETROSPOT","4","2017-04-07 12:52:00","7.46","16029.0","USA","AMER"
"538373","22633","HAND WARMER UNION JACK","12","2017-03-09 16:31:00","1.82","14096.0","Canada","AMER"
"538373","85099B","JUMBO BAG RED RETROSPOT","12","2017-03-09 16:31:00","1.84","14096.0","Canada","AMER"
"538374","71053","WHITE METAL LANTERN","7","2017-03-10 11:11:00","3.74","15311.0","France","EMEA"
"538374","22632","HAND WARMER RED POLKA DOT","8","2017-03-10 11:11:00","2.2","15311.0","France","EMEA"
"538375","71053","WHITE METAL LANTERN","11","2017-04-07 08:10:00","3.3","16029.0","Belgium","EMEA"
"538375","84029E","RED WOOLLY HOTTIE WHITE HEART","6","2017-04-07 08:10:00","3.46","16029.0","Belgium","EMEA"
"538376","20685","DOORMAT RED RETROSPOT","2","2017-04-27 13:54:00","7.4","15311.0","Spain","EMEA"
"538377","47566","PARTY BUNTING","1","2017-03-14 15:08:00","5.4","14096.0","Spain","EMEA"
"538377","85099B","JUMBO BAG RED RETROSPOT","10","2017-03-14 15:08:00","2.05","14096.0","Spain","EMEA"
"538377","84406B","CREAM CUPID HEARTS COAT HANGER","11","2017-03-14 15:08:00","3.08","14096.0","Spain","EMEA"
"538378","84406B","CREAM CUPID HEARTS COAT HANGER","7","2017-03-24 16:49:00","2.7","14096.0","Germany","EMEA"
"538378","20685","DOORMAT RED RETROSPOT","1","2017-03-24 16:49:00","7.17","14096.0","Germany","EMEA"
"538378","85099B","JUMBO BAG RED RETROSPOT","7","2017-03-24 16:49:00","1.78","14096.0","Germany","EMEA"
"538379","22632","HAND WARMER RED POLKA DOT","5","2017-03-29 11:14:00","2.03","17850.0","EIRE","EMEA"
"538379","22752","SET 7 BABUSHKA NESTING BOXES","9","2017-03-29 11:14:00","7.71","17850.0","EIRE","EMEA"
"538379","85099B","JUMBO BAG RED RETROSPOT","1","2017-03-29 11:14:00","1.8","17850.0","EIRE","EMEA"
"538380","84406B","CREAM CUPID HEARTS COAT HANGER","11","2017-03-09 16:58:00","3.05","17809.0","France","EMEA"
"538380","22752","SET 7 BABUSHKA NESTING BOXES","3","2017-03-09 16:58:00","7.86","17809.0","France","EMEA"
"538380","85099B","JUMBO BAG RED RETROSPOT","2","2017-03-09 16:58:00","1.75","17809.0","France","EMEA"
"538381","84029E","RED WOOLLY HOTTIE WHITE HEART","5","2017-04-20 08:52:00","3.76","13047.0","EIRE","EMEA"
"538381","84029G","KNITTED UNION FLAG HOT WATER BOTTLE","9","2017-04-20 08:52:00","3.5","13047.0","EIRE","EMEA"
"538381","84029G","KNITTED UNION FLAG HOT WATER BOTTLE","2","2017-04-20 08:52:00","3.45","13047.0","EIRE","EMEA"
"538382","84029G","KNITTED UNION FLAG HOT WATER BOTTLE","12","2017-03-22 08:48:00","3.8","13777.0","United Kingdom","EMEA"
"538382","84029E","RED WOOLLY HOTTIE WHITE HEART","7","2017-03-22 08:48:00","3.87","13777.0","United Kingdom","EMEA"
"538383","85099B","JUMBO BAG RED RETROSPOT","10","2017-04-26 12:34:00","1.87","12583.0","Germany","EMEA"
"538384","84029G","KNITTED UNION FLAG HOT WATER BOTTLE","9","2017-04-01 09:18:00","3.5","13047.0","United Kingdom","EMEA"
"538384","22633","HAND WARMER UNION JACK","2","2017-04-01 09:18:00","1.96","13047.0","United Kingdom","EMEA"
"538384","22632","HAND WARMER RED POLKA DOT","11","2017-04-01 09:18:00","1.98","13047.0","United Kingdom","EMEA"
"538385","71053","WHITE METAL LANTERN","3","2017-04-13 16:59:00","3.8","14606.0","Spain","EMEA"
"538385","84029E","RED WOOLLY HOTTIE WHITE HEART","4","2017-04-13 16:59:00","3.34","14606.0","Spain","EMEA"
"538385","20685","DOORMAT RED RETROSPOT","9","2017-04-13 16:59:00","6.99","14606.0","Spain","EMEA"
"538386","85099B","JUMBO BAG RED RETROSPOT","9","2017-03-31 13:55:00","1.86","15311.0","Canada","AMER"
"538386","22752","SET 7 BABUSHKA NESTING BOXES","3","2017-03-31 13:55:00","7.69","15311.0","Canada","AMER"
"538386","85099B","JUMBO BAG RED RETROSPOT","8","2017-03-31 13:55:00","1.94","15311.0","Canada","AMER"
"538387","84406B","CREAM CUPID HEARTS COAT HANGER","11","2017-04-10 16:03:00","2.82","13047.0","Belgium","EMEA"
"538388","22633","HAND WARMER UNION JACK","3","2017-04-08 08:13:00","1.89","16029.0","France","EMEA"
"538388","84406B","CREAM CUPID HEARTS COAT HANGER","2","2017-04-08 08:13:00","2.68","16029.0","France","EMEA"
"538388","85099B","JUMBO BAG RED RETROSPOT","2","2017-04-08 08:13:00","2.0","16029.0","France","EMEA"
"538389","84406B","CREAM CUPID HEARTS COAT HANGER","11","2017-04-25 13:23:00","3.11","16029.0","EIRE","EMEA"
"538389","21730","GLASS STAR FROSTED T-LIGHT HOLDER","6","2017-04-25 13:23:00","4.62","16029.0","EIRE","EMEA"
"538389","22752","SET 7 BABUSHKA NESTING BOXES","6","2017-04-25 13:23:00","7.59","16029.0","EIRE","EMEA"
"538390","21730","GLASS STAR FROSTED T-LIGHT HOLDER","9","2017-03-16 12:04:00","4.65","13777.0","France","EMEA"
"538390","22633","HAND WARMER UNION JACK","4","2017-03-16 12:04:00","1.77","13777.0","France","EMEA"
"538391","84406B","CREAM CUPID HEARTS COAT HANGER","3","2017-04-18 10:37:00","3.07","12583.0","Germany","EMEA"
"538392","85099B","JUMBO BAG RED RETROSPOT","3","2017-04-21 13:23:00","1.62","17809.0","Australia","APAC"
"538392","22752","SET 7 BABUSHKA NESTING BOXES","10","2017-04-21 13:23:00","7.82","17809.0","Australia","APAC"
"538393","22632","HAND WARMER RED POLKA DOT","7","2017-03-21 13:00:00","1.88","17809.0","USA","AMER"
"538394","71053","WHITE METAL LANTERN","4","2017-03-25 12:04:00","3.65","16029.0","Australia","APAC"
"538394","84029G","KNITTED UNION FLAG HOT WATER BOTTLE","10","2017-03-25 12:04:00","3.89","16029.0","Australia","APAC"
"538395","84406B","CREAM CUPID HEARTS COAT HANGER","1","2017-04-03 08:11:00","2.93","15311.0","Germany","EMEA"
"538395","20685","DOORMAT RED RETROSPOT","5","2017-04-03 08:11:00","7.45","15311.0","Germany","EMEA"
"538395","84029G","KNITTED UNION FLAG HOT WATER BOTTLE","3","2017-04-03 08:11:00","3.75","15311.0","Germany","EMEA"
"538396","84029E","RED WOOLLY HOTTIE WHITE HEART","10","2017-03-16 13:05:00","3.61","17809.0","United Kingdom","EMEA"
"538397","20685","DOORMAT RED RETROSPOT","10","2017-04-07 09:07:00","7.05","15291.0","France","EMEA"
"538398","22632","HAND WARMER RED POLKA DOT","4","2017-03-31 08:30:00","1.91","17850.0","France","EMEA"
"538398","22633","HAND WARMER UNION JACK","4","2017-03-31 08:30:00","2.0","17850.0","France","EMEA"
"538398","84029E","RED WOOLLY HOTTIE WHITE HEART","7","2017-03-31 08:30:00","3.37","17850.0","France","EMEA"
"538399","84406B","CREAM CUPID HEARTS COAT HANGER","3","2017-04-07 11:43:00","2.74","14096.0","Australia","APAC"
"538399","22632","HAND WARMER RED POLKA DOT","1","2017-04-07 11:43:00","2.01","14096.0","Australia","APAC"
"538399","85123A","WHITE HANGING HEART T-LIGHT HOLDER","3","2017-04-07 11:43:00","2.84","14096.0","Australia","APAC"
"538400","22632","HAND WARMER RED POLKA DOT","2","2017-04-15 10:26:00","1.88","17809.0","Belgium","EMEA"
"538400","84406B","CREAM CUPID HEARTS COAT HANGER","5","2017-04-15 10:26:00","2.88","17809.0","Belgium","EMEA"
"538401","20685","DOORMAT RED RETROSPOT","12","2017-03-25 16:51:00","7.15","15291.0","Spain","EMEA"
"538401","22752","SET 7 BABUSHKA NESTING BOXES","5","2017-03-25 16:51:00","7.9","15291.0","Spain","EMEA"
"538402","85123A","WHITE HANGING HEART T-LIGHT HOLDER","1","2017-04-06 15:50:00","2.53","14606.0","USA","AMER"
"538403","22633","HAND WARMER UNION JACK","4","2017-03-29 13:45:00","1.8","14096.0","France","EMEA"
"538403","85099B","JUMBO BAG RED RETROSPOT","4","2017-03-29 13:45:00","1.75","14096.0","France","EMEA"
"538403","20685","DOORMAT RED RETROSPOT","10","2017-03-29 13:45:00","7.41","14096.0","France","EMEA"
"538404","20685","DOORMAT RED RETROSPOT","12","2017-03-09 11:58:00","7.1","17809.0","Germany","EMEA"
"538404","71053","WHITE METAL LANTERN","10","2017-03-09 11:58:00","3.42","17809.0","Germany","EMEA"
"538405","84029E","RED WOOLLY HOTTIE WHITE HEART","11","2017-04-19 13:52:00","3.88","14606.0","Germany","EMEA"
"538405","47566","PARTY BUNTING","2","2017-04-19 13:52:00","4.93","14606.0","Germany","EMEA"
"538405","84029E","RED WOOLLY HOTTIE WHITE HEART","4","2017-04-19 13:52:00","3.44","14606.0","Germany","EMEA"
"538406","84406B","CREAM CUPID HEARTS COAT HANGER","3","2017-03-26 09:40:00","2.93","16029.0","Australia","APAC"
"538406","22752","SET 7 BABUSHKA NESTING BOXES","2","2017-03-26 09:40:00","7.68","16029.0","Australia","APAC"
"538406","20685","DOORMAT RED RETROSPOT","5","2017-03-26 09:40:00","7.17","16029.0","Australia","APAC"
"538407","84406B","CREAM CUPID HEARTS COAT HANGER","7","2017-03-19 16:09:00","2.7","17850.0","Spain","EMEA"
"538407","22752","SET 7 BABUSHKA NESTING BOXES","6","2017-03-19 16:09:00","8.15","17850.0","Spain","EMEA"
"538407","47566","PARTY BUNTING","12","2017-03-19 16:09:00","5.15","17850.0","Spain","EMEA"
"538408","84029E","RED WOOLLY HOTTIE WHITE HEART","4","2017-04-17 16:55:00","3.81","12583.0","Germany","EMEA"
"538408","84029G","KNITTED UNION FLAG HOT WATER BOTTLE","3","2017-04-17 16:55:00","3.36","12583.0","Germany","EMEA"
"538408","22752","SET 7 BABUSHKA NESTING BOXES","8","2017-04-17 16:55:00","8.11","12583.0","Germany","EMEA"
"538409","84029G","KNITTED UNION FLAG HOT WATER BOTTLE","11","2017-03-28 16:14:00","3.54","13047.0","France","EMEA"
"538409","85123A","WHITE HANGING HEART T-LIGHT HOLDER","9","2017-03-28 16:14:00","3.01","13047.0","France","EMEA"
"538410","84029E","RED WOOLLY HOTTIE WHITE HEART","7","2017-04-01 08:14:00","3.52","13047.0","EIRE","EMEA"
"538410","20685","DOORMAT RED RETROSPOT","3","2017-04-01 08:14:00","7.54","13047.0","EIRE","EMEA"
"538411","47566","PARTY BUNTING","3","2017-03-26 09:30:00","5.26","16029.0","France","EMEA"
"538412","84029G","KNITTED UNION FLAG HOT WATER BOTTLE","10","2017-04-15 10:44:00","3.82","13047.0","Australia","APAC"
"538413","20685","DOORMAT RED RETROSPOT","2","2017-03-19 11:04:00","7.56","17850.0","EIRE","EMEA"
"538413","84406B","CREAM CUPID HEARTS COAT HANGER","3","2017-03-19 11:04:00","3.03","17850.0","EIRE","EMEA"
"538413","47566","PARTY BUNTING","2","2017-03-19 11:04:00","5.39","17850.0","EIRE","EMEA"
"538414","84029G","KNITTED UNION FLAG HOT WATER BOTTLE","8","2017-03-28 16:59:00","3.79","14606.0","Netherlands","EMEA"
"538414","22752","SET 7 BABUSHKA NESTING BOXES","2","2017-03-28 16:59:00","7.75","14606.0","Netherlands","EMEA"
"538414","85099B","JUMBO BAG RED RETROSPOT","4","2017-03-28 16:59:00","1.83","14606.0","Netherlands","EMEA"
"538415","20685","DOORMAT RED RETROSPOT","5","2017-03-13 09:25:00","7.0","15291.0","Germany","EMEA"
"538415","22633","HAND WARMER UNION JACK","12","2017-03-13 09:25:00","2.24","15291.0","Germany","EMEA"
"538416","20685","DOORMAT RED RETROSPOT","8","2017-04-17 10:45:00","6.98","14096.0","USA","AMER"
"538416","71053","WHITE METAL LANTERN","11","2017-04-17 10:45:00","3.38","14096.0","USA","AMER"
"538417","84029G","KNITTED UNION FLAG HOT WATER BOTTLE","7","2017-03-26 09:15:00","3.8","17850.0","USA","AMER"
"538417","85099B","JUMBO BAG RED RETROSPOT","6","2017-03-26 09:15:00","1.94","17850.0","USA","AMER"
"538417","85123A","WHITE HANGING HEART T-LIGHT HOLDER","8","2017-03-26 09:15:00","2.66","17850.0","USA","AMER"
"538418","21730","GLASS STAR FROSTED T-LIGHT HOLDER","3","2017-04-23 12:14:00","4.34","17850.0","Belgium","EMEA"
"538419","85123A","WHITE HANGING HEART T-LIGHT HOLDER","3","2017-03-10 13:29:00","2.57","15311.0","USA","AMER"
"538420","22632","HAND WARMER RED POLKA DOT","6","2017-04-28 10:12:00","2.1","16029.0","Belgium","EMEA"
"538420","71053","WHITE METAL LANTERN","7","2017-04-28 10:12:00","3.57","16029.0","Belgium","EMEA"
"538420","47566","PARTY BUNTING","10","2017-04-28 10:12:00","5.41","16029.0","Belgium","EMEA"
"538421","22752","SET 7 BABUSHKA NESTING BOXES","7","2017-04-19 15:47:00","7.63","17809.0","USA","AMER"
"538421","84406B","CREAM CUPID HEARTS COAT HANGER","8","2017-04-19 15:47:00","2.73","17809.0","USA","AMER"
"538421","71053","WHITE METAL LANTERN","2","2017-04-19 15:47:00","3.43","17809.0","USA","AMER"
"538422","20685","DOORMAT RED RETROSPOT","3","2017-04-15 08:17:00","7.22","15291.0","Spain","EMEA"
"538422","84029E","RED WOOLLY HOTTIE WHITE HEART","9","2017-04-15 08:17:00","3.83","15291.0","Spain","EMEA"
"538423","22632","HAND WARMER RED POLKA DOT","4","2017-03-07 11:17:00","1.89","13047.0","France","EMEA"
"538423","84029E","RED WOOLLY HOTTIE WHITE HEART","7","2017-03-07 11:17:00","3.84","13047.0","France","EMEA"
"538424","20685","DOORMAT RED RETROSPOT","10","2017-04-23 10:34:00","7.37","13047.0","Canada","AMER"
"538424","47566","PARTY BUNTING","2","2017-04-23 10:34:00","5.25","13047.0","Canada","AMER"
"538424","47566","PARTY BUNTING","7","2017-04-23 10:34:00","5.04","13047.0","Canada","AMER"
"538425","85123A","WHITE HANGING HEART T-LIGHT HOLDER","4","2017-03-12 08:03:00","2.58","13047.0","USA","AMER"
"538425","47566","PARTY BUNTING","4","2017-03-12 08:03:00","5.26","13047.0","USA","AMER"
"538425","85123A","WHITE HANGING HEART T-LIGHT HOLDER","7","2017-03-12 08:03:00","2.48","13047.0","USA","AMER"
"538426","84029G","KNITTED UNION FLAG HOT WATER BOTTLE","2","2017-04-22 10:14:00","3.79","17809.0","Australia","APAC"
"538426","85123A","WHITE HANGING HEART T-LIGHT HOLDER","9","2017-04-22 10:14:00","2.53","17809.0","Australia","APAC"
"538426","85123A","WHITE HANGING HEART T-LIGHT HOLDER","2","2017-04-22 10:14:00","2.8","17809.0","Australia","APAC"
"538427","21730","GLASS STAR FROSTED T-LIGHT HOLDER","12","2017-04-24 14:42:00","4.34","14606.0","Germany","EMEA"
"538427","22632","HAND WARMER RED POLKA DOT","2","2017-04-24 14:42:00","2.19","14606.0","Germany","EMEA"
"538427","22633","HAND WARMER UNION JACK","11","2017-04-24 14:42:00","1.97","14606.0","Germany","EMEA"
"538428","84406B","CREAM CUPID HEARTS COAT HANGER","9","2017-03-21 09:27:00","3.23","15291.0","EIRE","EMEA"
"538428","21730","GLASS STAR FROSTED T-LIGHT HOLDER","2","2017-03-21 09:27:00","4.64","15291.0","EIRE","EMEA"
"538428","71053","WHITE METAL LANTERN","2","2017-03-21 09:27:00","3.75","15291.0","EIRE","EMEA"
"538429","22752","SET 7 BABUSHKA NESTING BOXES","6","2017-03-07 08:48:00","7.88","17809.0","France","EMEA"
"538429","20685","DOORMAT RED RETROSPOT","6","2017-03-07 08:48:00","7.29","17809.0","France","EMEA"
"538429","22632","HAND WARMER RED POLKA DOT","4","2017-03-07 08:48:00","1.88","17809.0","France","EMEA"
"538430","20685","DOORMAT RED RETROSPOT","11","2017-03-18 14:23:00","7.26","17850.0","USA","AMER"
"538431","22632","HAND WARMER RED POLKA DOT","5","2017-04-13 15:13:00","1.82","16029.0","Germany","EMEA"
"538432","20685","DOORMAT RED RETROSPOT","1","2017-03-24 10:39:00","7.24","13777.0","Canada","AMER"
"538433","22633","HAND WARMER UNION JACK","9","2017-03-08 16:05:00","2.07","17850.0","Australia","APAC"
"538433","47566","PARTY BUNTING","6","2017-03-08 16:05:00","5.36","17850.0","Australia","APAC"
"538433","85123A","WHITE HANGING HEART T-LIGHT HOLDER","12","2017-03-08 16:05:00","3.02","17850.0","Australia","APAC"
"538434","21730","GLASS STAR FROSTED T-LIGHT HOLDER","6","2017-04-13 14:13:00","4.35","14606.0","Germany","EMEA"
"538434","47566","PARTY BUNTING","6","2017-04-13 14:13:00","4.87","14606.0","Germany","EMEA"
"538434","22633","HAND WARMER UNION JACK","3","2017-04-13 14:13:00","1.93","14606.0","Germany","EMEA"
"538435","84029G","KNITTED UNION FLAG HOT WATER BOTTLE","4","2017-04-03 11:27:00","3.71","15311.0","EIRE","EMEA"
"538435","84029E","RED WOOLLY HOTTIE WHITE HEART","5","2017-04-03 11:27:00","3.88","15311.0","EIRE","EMEA"
"538436","47566","PARTY BUNTING","4","2017-04-13 11:35:00","5.31","14606.0","Netherlands","EMEA"
"538436","84029E","RED WOOLLY HOTTIE WHITE HEART","5","2017-04-13 11:35:00","3.79","14606.0","Netherlands","EMEA"
"538436","84406B","CREAM CUPID HEARTS COAT HANGER","12","2017-04-13 11:35:00","2.78","14606.0","Netherlands","EMEA"
"538437","20685","DOORMAT RED RETROSPOT","4","2017-03-11 13:19:00","7.14","14096.0","Netherlands","EMEA"
"538437","85123A","WHITE HANGING HEART T-LIGHT HOLDER","1","2017-03-11 13:19:00","2.87","14096.0","Netherlands","EMEA"
"538438","85099B","JUMBO BAG RED RETROSPOT","1","2017-04-21 12:41:00","1.75","12583.0","USA","AMER"
"538438","71053","WHITE METAL LANTERN","3","2017-04-21 12:41:00","3.5","12583.0","USA","AMER"
"538439","85123A","WHITE HANGING HEART T-LIGHT HOLDER","7","2017-03-04 15:47:00","2.53","13047.0","USA","AMER"
"538439","85099B","JUMBO BAG RED RETROSPOT","12","2017-03-04 15:47:00","1.75","13047.0","USA","AMER"
"538439","20685","DOORMAT RED RETROSPOT","3","2017-03-04 15:47:00","7.15","13047.0","USA","AMER"
"538440","20685","DOORMAT RED RETROSPOT","10","2017-04-01 15:56:00","7.35","17850.0","United Kingdom","EMEA"
"538440","71053","WHITE METAL LANTERN","3","2017-04-01 15:56:00","3.34","17850.0","United Kingdom","EMEA"
"538441","71053","WHITE METAL LANTERN","10","2017-04-22 09:21:00","3.66","12583.0","Spain","EMEA"
"538442","21730","GLASS STAR FROSTED T-LIGHT HOLDER","3","2017-03-19 14:09:00","4.45","14606.0","France","EMEA"
"538442","22633","HAND WARMER UNION JACK","11","2017-03-19 14:09:00","2.16","14606.0","France","EMEA"
"538443","20685","DOORMAT RED RETROSPOT","10","2017-04-27 13:00:00","7.05","15311.0","Spain","EMEA"
"538443","21730","GLASS STAR FROSTED T-LIGHT HOLDER","2","2017-04-27 13:00:00","4.53","15311.0","Spain","EMEA"
"538443","85099B","JUMBO BAG RED RETROSPOT","2","2017-04-27 13:00:00","1.56","15311.0","Spain","EMEA"
"538444","47566","PARTY BUNTING","4","2017-04-19 14:29:00","5.31","17850.0","USA","AMER"
"538444","22632","HAND WARMER RED POLKA DOT","10","2017-04-19 14:29:00","1.79","17850.0","USA","AMER"
"538445","85099B","JUMBO BAG RED RETROSPOT","1","2017-04-14 11:52:00","2.08","15291.0","Belgium","EMEA"
"538446","84029G","KNITTED UNION FLAG HOT WATER BOTTLE","11","2017-03-28 12:35:00","3.54","15311.0","United Kingdom","EMEA"
"538446","21730","GLASS STAR FROSTED T-LIGHT HOLDER","9","2017-03-28 12:35:00","4.36","15311.0","United Kingdom","EMEA"
"538446","20685","DOORMAT RED RETROSPOT","7","2017-03-28 12:35:00","7.07","15311.0","United Kingdom","EMEA"
"538447","47566","PARTY BUNTING","9","2017-04-13 10:02:00","5.06","15291.0","United Kingdom","EMEA"
"538447","22633","HAND WARMER UNION JACK","10","2017-04-13 10:02:00","1.92","15291.0","United Kingdom","EMEA"
"538447","21730","GLASS STAR FROSTED T-LIGHT HOLDER","9","2017-04-13 10:02:00","4.66","15291.0","United Kingdom","EMEA"
"538448","21730","GLASS STAR FROSTED T-LIGHT HOLDER","8","2017-03-01 12:22:00","4.26","14096.0","Canada","AMER"
"538448","20685","DOORMAT RED RETROSPOT","3","2017-03-01 12:22:00","7.56","14096.0","Canada","AMER"
"538448","84406B","CREAM CUPID HEARTS COAT HANGER","5","2017-03-01 12:22:00","3.1","14096.0","Canada","AMER"
"538449","84406B","CREAM CUPID HEARTS COAT HANGER","5","2017-04-09 13:50:00","2.96","15291.0","Australia","APAC"
"538449","85123A","WHITE HANGING HEART T-LIGHT HOLDER","2","2017-04-09 13:50:00","2.83","15291.0","Australia","APAC"
"538449","22752","SET 7 BABUSHKA NESTING BOXES","2","2017-04-09 13:50:00","8.03","15291.0","Australia","APAC"
"538450","21730","GLASS STAR FROSTED T-LIGHT HOLDER","12","2017-04-12 11:25:00","4.21","12583.0","United Kingdom","EMEA"
"538450","84029E","RED WOOLLY HOTTIE WHITE HEART","1","2017-04-12 11:25:00","3.32","12583.0","United Kingdom","EMEA"
"538450","21730","GLASS STAR FROSTED T-LIGHT HOLDER","1","2017-04-12 11:25:00","4.21","12583.0","United Kingdom","EMEA"
"538451","47566","PARTY BUNTING","8","2017-03-20 15:42:00","5.07","12583.0","Germany","EMEA"
"538452","47566","PARTY BUNTING","8","2017-03-22 16:09:00","5.23","13777.0","EIRE","EMEA"
"538452","21730","GLASS STAR FROSTED T-LIGHT HOLDER","1","2017-03-22 16:09:00","4.6","13777.0","EIRE","EMEA"
"538452","84406B","CREAM CUPID HEARTS COAT HANGER","3","2017-03-22 16:09:00","3.09","13777.0","EIRE","EMEA"
"538453","71053","WHITE METAL LANTERN","6","2017-04-03 11:10:00","3.4","17809.0","United Kingdom","EMEA"
"538453","22632","HAND WARMER RED POLKA DOT","5","2017-04-03 11:10:00","2.23","17809.0","United Kingdom","EMEA"
"538454","47566","PARTY BUNTING","7","2017-03-23 14:44:00","5.28","14606.0","Netherlands","EMEA"
"538454","71053","WHITE METAL LANTERN","12","2017-03-23 14:44:00","3.83","14606.0","Netherlands","EMEA"
"538454","84406B","CREAM CUPID HEARTS COAT HANGER","1","2017-03-23 14:44:00","2.7","14606.0","Netherlands","EMEA"
"538455","47566","PARTY BUNTING","9","2017-04-13 11:23:00","5.09","15311.0","EIRE","EMEA"
"538455","85099B","JUMBO BAG RED RETROSPOT","5","2017-04-13 11:23:00","2.12","15311.0","EIRE","EMEA"
"538456","85099B","JUMBO BAG RED RETROSPOT","5","2017-03-27 09:29:00","1.59","12583.0","Germany","EMEA"
"538456","22633","HAND WARMER UNION JACK","5","2017-03-27 09:29:00","1.97","12583.0","Germany","EMEA"
"538456","85123A","WHITE HANGING HEART T-LIGHT HOLDER","6","2017-03-27 09:29:00","2.49","12583.0","Germany","EMEA"
"538457","84406B","CREAM CUPID HEARTS COAT HANGER","9","2017-03-03 12:32:00","2.85","16029.0","Germany","EMEA"
"538457","22633","HAND WARMER UNION JACK","1","2017-03-03 12:32:00","1.91","16029.0","Germany","EMEA"
"538457","85099B","JUMBO BAG RED RETROSPOT","5","2017-03-03 12:32:00","1.65","16029.0","Germany","EMEA"
"538458","22632","HAND WARMER RED POLKA DOT","5","2017-04-16 13:07:00","1.97","15291.0","United Kingdom","EMEA"
"538458","21730","GLASS STAR FROSTED T-LIGHT HOLDER","1","2017-04-16 13:07:00","4.67","15291.0","United Kingdom","EMEA"
"538459","85123A","WHITE HANGING HEART T-LIGHT HOLDER","2","2017-03-04 11:48:00","2.64","17850.0","United Kingdom","EMEA"
"538460","71053","WHITE METAL LANTERN","12","2017-04-18 12:18:00","3.48","12583.0","France","EMEA"
"538460","22752","SET 7 BABUSHKA NESTING BOXES","12","2017-04-18 12:18:00","8.1","12583.0","France","EMEA"
"538461","21730","GLASS STAR FROSTED T-LIGHT HOLDER","6","2017-03-15 16:56:00","4.44","17809.0","Germany","EMEA"
"538461","71053","WHITE METAL LANTERN","4","2017-03-15 16:56:00","3.54","17809.0","Germany","EMEA"
"538462","85123A","WHITE HANGING HEART T-LIGHT HOLDER","1","2017-03-26 14:26:00","2.99","14096.0","Australia","APAC"
"538462","47566","PARTY BUNTING","5","2017-03-26 14:26:00","5.08","14096.0","Australia","APAC"
"538463","22632","HAND WARMER RED POLKA DOT","1","2017-04-04 12:24:00","1.91","13047.0","EIRE","EMEA"
"538463","84029E","RED WOOLLY HOTTIE WHITE HEART","7","2017-04-04 12:24:00","3.73","13047.0","EIRE","EMEA"
"538463","84029E","RED WOOLLY HOTTIE WHITE HEART","2","2017-04-04 12:24:00","3.66","13047.0","EIRE","EMEA"
"538464","85123A","WHITE HANGING HEART T-LIGHT HOLDER","8","2017-03-11 14:09:00","2.88","13777.0","Australia","APAC"
"538465","84029E","RED WOOLLY HOTTIE WHITE HEART","11","2017-04-24 11:00:00","3.8","12583.0","Germany","EMEA"
"538465","84406B","CREAM CUPID HEARTS COAT HANGER","5","2017-04-24 11:00:00","3.01","12583.0","Germany","EMEA"
"538466","85099B","JUMBO BAG RED RETROSPOT","2","2017-03-05 12:48:00","2.07","16029.0","Australia","APAC"
"538466","71053","WHITE METAL LANTERN","10","2017-03-05 12:48:00","3.71","16029.0","Australia","APAC"
"538466","22633","HAND WARMER UNION JACK","1","2017-03-05 12:48:00","2.04","16029.0","Australia","APAC"
"538467","85123A","WHITE HANGING HEART T-LIGHT HOLDER","9","2017-03-01 10:06:00","2.77","13047.0","France","EMEA"
"538467","71053","WHITE METAL LANTERN","5","2017-03-01 10:06:00","3.6","13047.0","France","EMEA"
"538467","22752","SET 7 BABUSHKA NESTING BOXES","11","2017-03-01 10:06:00","7.87","13047.0","France","EMEA"
"538468","20685","DOORMAT RED RETROSPOT","4","2017-03-06 15:07:00","7.27","12583.0","USA","AMER"
"538468","22633","HAND WARMER UNION JACK","12","2017-03-06 15:07:00","1.93","12583.0","USA","AMER"
"538468","84029E","RED WOOLLY HOTTIE WHITE HEART","4","2017-03-06 15:07:00","3.74","12583.0","USA","AMER"
"538469","84406B","CREAM CUPID HEARTS COAT HANGER","3","2017-03-03 10:38:00","2.91","12583.0","Netherlands","EMEA"
"538470","21730","GLASS STAR FROSTED T-LIGHT HOLDER","10","2017-03-08 09:24:00","4.66","15291.0","Netherlands","EMEA"
"538470","71053","WHITE METAL LANTERN","9","2017-03-08 09:24:00","3.59","15291.0","Netherlands","EMEA"
"538471","22633","HAND WARMER UNION JACK","2","2017-04-04 10:27:00","1.97","15311.0","Germany","EMEA"
"538472","85099B","JUMBO BAG RED RETROSPOT","10","2017-03-09 09:12:00","1.81","17809.0","Netherlands","EMEA"
"538472","84406B","CREAM CUPID HEARTS COAT HANGER","6","2017-03-09 09:12:00","2.84","17809.0","Netherlands","EMEA"
"538472","85099B","JUMBO BAG RED RETROSPOT","9","2017-03-09 09:12:00","1.99","17809.0","Netherlands","EMEA"
"538473","84406B","CREAM CUPID HEARTS COAT HANGER","5","2017-03-06 16:20:00","3.13","14606.0","Spain","EMEA"
"538473","22632","HAND WARMER RED POLKA DOT","9","2017-03-06 16:20:00","2.19","14606.0","Spain","EMEA"
"538473","21730","GLASS STAR FROSTED T-LIGHT HOLDER","10","2017-03-06 16:20:00","4.24","14606.0","Spain","EMEA"
"538474","84406B","CREAM CUPID HEARTS COAT HANGER","10","2017-03-15 15:07:00","3.14","17809.0","United Kingdom","EMEA"
"538475","85099B","JUMBO BAG RED RETROSPOT","5","2017-03-18 13:22:00","2.15","13047.0","Spain","EMEA"
"538475","22752","SET 7 BABUSHKA NESTING BOXES","12","2017-03-18 13:22:00","7.6","13047.0","Spain","EMEA"
"538475","47566","PARTY BUNTING","3","2017-03-18 13:22:00","5.44","13047.0","Spain","EMEA"
"538476","71053","WHITE METAL LANTERN","11","2017-04-08 08:35:00","3.55","13047.0","Canada","AMER"
"538477","21730","GLASS STAR FROSTED T-LIGHT HOLDER","1","2017-04-15 11:05:00","4.58","17850.0","Netherlands","EMEA"
"538477","22632","HAND WARMER RED POLKA DOT","9","2017-04-15 11:05:00","2.31","17850.0","Netherlands","EMEA"
"538477","21730","GLASS STAR FROSTED T-LIGHT HOLDER","12","2017-04-15 11:05:00","4.61","17850.0","Netherlands","EMEA"
"538478","22752","SET 7 BABUSHKA NESTING BOXES","8","2017-04-21 14:39:00","7.63","13777.0","Spain","EMEA"
"538478","22752","SET 7 BABUSHKA NESTING BOXES","12","2017-04-21 14:39:00","7.63","13777.0","Spain","EMEA"
"538478","22632","HAND WARMER RED POLKA DOT","3","2017-04-21 14:39:00","2.1","13777.0","Spain","EMEA"
"538479","71053","WHITE METAL LANTERN","7","2017-04-04 14:40:00","3.4","15291.0","Germany","EMEA"
"538480","84406B","CREAM CUPID HEARTS COAT HANGER","6","2017-04-26 16:41:00","2.66","14606.0","USA","AMER"
"538480","84406B","CREAM CUPID HEARTS COAT HANGER","11","2017-04-26 16:41:00","3.22","14606.0","USA","AMER"
"538481","47566","PARTY BUNTING","9","2017-04-05 12:52:00","5.29","17850.0","Netherlands","EMEA"
"538481","22752","SET 7 BABUSHKA NESTING BOXES","8","2017-04-05 12:52:00","7.61","17850.0","Netherlands","EMEA"
"538481","85099B","JUMBO BAG RED RETROSPOT","8","2017-04-05 12:52:00","2.04","17850.0","Netherlands","EMEA"
"538482","84029E","RED WOOLLY HOTTIE WHITE HEART","12","2017-03-30 08:30:00","3.81","13777.0","Germany","EMEA"
"538482","71053","WHITE METAL LANTERN","8","2017-03-30 08:30:00","3.84","13777.0","Germany","EMEA"
"538482","84406B","CREAM CUPID HEARTS COAT HANGER","1","2017-03-30 08:30:00","2.92","13777.0","Germany","EMEA"
"538483","85123A","WHITE HANGING HEART T-LIGHT HOLDER","2","2017-03-10 08:51:00","2.55","13047.0","Canada","AMER"
"538484","84029E","RED WOOLLY HOTTIE WHITE HEART","8","2017-03-22 16:30:00","3.33","15291.0","France","EMEA"
"538485","47566","PARTY BUNTING","8","2017-03-01 10:56:00","5.33","17850.0","Netherlands","EMEA"
"538486","84029E","RED WOOLLY HOTTIE WHITE HEART","10","2017-03-09 16:56:00","3.65","16029.0","Belgium","EMEA"
"538486","22633","HAND WARMER UNION JACK","4","2017-03-09 16:56:00","1.91","16029.0","Belgium","EMEA"
"538486","84029G","KNITTED UNION FLAG HOT WATER BOTTLE","9","2017-03-09 16:56:00","3.36","16029.0","Belgium","EMEA"
"538487","21730","GLASS STAR FROSTED T-LIGHT HOLDER","4","2017-03-14 11:50:00","4.4","13777.0","Canada","AMER"
"538488","71053","WHITE METAL LANTERN","4","2017-03-24 12:16:00","3.31","13047.0","EIRE","EMEA"
"538488","47566","PARTY BUNTING","12","2017-03-24 12:16:00","5.09","13047.0","EIRE","EMEA"
"538488","21730","GLASS STAR FROSTED T-LIGHT HOLDER","6","2017-03-24 12:16:00","4.59","13047.0","EIRE","EMEA"
"538489","47566","PARTY BUNTING","10","2017-03-07 08:41:00","5.23","17809.0","Belgium","EMEA"
"538489","84406B","CREAM CUPID HEARTS COAT HANGER","11","2017-03-07 08:41:00","2.65","17809.0","Belgium","EMEA"
"538490","85099B","JUMBO BAG RED RETROSPOT","6","2017-04-10 10:58:00","2.02","17850.0","France","EMEA"
"538491","22752","SET 7 BABUSHKA NESTING BOXES","1","2017-04-27 14:44:00","7.69","15291.0","Australia","APAC"
"538491","20685","DOORMAT RED RETROSPOT","3","2017-04-27 14:44:00","7.39","15291.0","Australia","APAC"
"538491","84029E","RED WOOLLY HOTTIE WHITE HEART","5","2017-04-27 14:44:00","3.71","15291.0","Australia","APAC"
"538492","22633","HAND WARMER UNION JACK","8","2017-03-11 14:32:00","1.84","13777.0","Belgium","EMEA"
"538492","21730","GLASS STAR FROSTED T-LIGHT HOLDER","12","2017-03-11 14:32:00","4.43","13777.0","Belgium","EMEA"
"538492","84406B","CREAM CUPID HEARTS COAT HANGER","8","2017-03-11 14:32:00","2.85","13777.0","Belgium","EMEA"
"538493","84029E","RED WOOLLY HOTTIE WHITE HEART","8","2017-03-24 10:54:00","3.75","15291.0","Netherlands","EMEA"
"538493","21730","GLASS STAR FROSTED T-LIGHT HOLDER","9","2017-03-24 10:54:00","4.33","15291.0","Netherlands","EMEA"
"538494","22752","SET 7 BABUSHKA NESTING BOXES","8","2017-03-11 16:36:00","7.64","17850.0","USA","AMER"
"538494","71053","WHITE METAL LANTERN","4","2017-03-11 16:36:00","3.53","17850.0","USA","AMER"
"538494","84406B","CREAM CUPID HEARTS COAT HANGER","10","2017-03-11 16:36:00","2.81","17850.0","USA","AMER"
"538495","84029G","KNITTED UNION FLAG HOT WATER BOTTLE","7","2017-03-18 09:19:00","3.7","13047.0","Canada","AMER"
"538495","84029G","KNITTED UNION FLAG HOT WATER BOTTLE","4","2017-03-18 09:19:00","3.76","13047.0","Canada","AMER"
"538496","84029G","KNITTED UNION FLAG HOT WATER BOTTLE","5","2017-03-13 11:53:00","3.4","17809.0","USA","AMER"
"538496","85123A","WHITE HANGING HEART T-LIGHT HOLDER","5","2017-03-13 11:53:00","2.47","17809.0","USA","AMER"
"538497","20685","DOORMAT RED RETROSPOT","4","2017-03-02 12:57:00","7.22","13047.0","United Kingdom","EMEA"
"538497","22752","SET 7 BABUSHKA NESTING BOXES","3","2017-03-02 12:57:00","7.59","13047.0","United Kingdom","EMEA"
"538497","22752","SET 7 BABUSHKA NESTING BOXES","9","2017-03-02 12:57:00","7.98","13047.0","United Kingdom","EMEA"
"538498","21730","GLASS STAR FROSTED T-LIGHT HOLDER","8","2017-04-05 08:38:00","4.57","17850.0","Australia","APAC"
"538498","22633","HAND WARMER UNION JACK","7","2017-04-05 08:38:00","1.9","17850.0","Australia","APAC"
"538498","21730","GLASS STAR FROSTED T-LIGHT HOLDER","4","2017-04-05 08:38:00","4.65","17850.0","Australia","APAC"
"538499","85099B","JUMBO BAG RED RETROSPOT","7","2017-04-13 09:44:00","1.79","17809.0","France","EMEA"
"538499","20685","DOORMAT RED RETROSPOT","12","2017-04-13 09:44:00","6.98","17809.0","France","EMEA"
"538500","84029G","KNITTED UNION FLAG HOT WATER BOTTLE","3","2017-04-26 10:28:00","3.37","16029.0","France","EMEA"
"538500","21730","GLASS STAR FROSTED T-LIGHT HOLDER","3","2017-04-26 10:28:00","4.55","16029.0","France","EMEA"
"538501","47566","PARTY BUNTING","6","2017-03-02 15:24:00","5.34","12583.0","Spain","EMEA"
"538501","47566","PARTY BUNTING","1","2017-03-02 15:24:00","4.86","12583.0","Spain","EMEA"
"538501","85123A","WHITE HANGING HEART T-LIGHT HOLDER","2","2017-03-02 15:24:00","2.79","12583.0","Spain","EMEA"
"538502","22633","HAND WARMER UNION JACK","7","2017-04-10 15:24:00","2.05","14606.0","EIRE","EMEA"
"538502","85099B","JUMBO BAG RED RETROSPOT","9","2017-04-10 15:24:00","1.83","14606.0","EIRE","EMEA"
"538503","22633","HAND WARMER UNION JACK","1","2017-04-14 12:54:00","2.25","14606.0","Canada","AMER"
"538503","84029E","RED WOOLLY HOTTIE WHITE HEART","5","2017-04-14 12:54:00","3.62","14606.0","Canada","AMER"
"538503","22632","HAND WARMER RED POLKA DOT","1","2017-04-14 12:54:00","2.25","14606.0","Canada","AMER"
"538504","84406B","CREAM CUPID HEARTS COAT HANGER","9","2017-04-23 10:50:00","2.99","14096.0","EIRE","EMEA"
"538504","71053","WHITE METAL LANTERN","5","2017-04-23 10:50:00","3.48","14096.0","EIRE","EMEA"
"538505","21730","GLASS STAR FROSTED T-LIGHT HOLDER","3","2017-03-11 16:40:00","4.68","15311.0","Spain","EMEA"
"538505","84406B","CREAM CUPID HEARTS COAT HANGER","11","2017-03-11 16:40:00","2.66","15311.0","Spain","EMEA"
"538506","85123A","WHITE HANGING HEART T-LIGHT HOLDER","11","2017-03-14 15:01:00","2.84","17850.0","EIRE","EMEA"
"538506","21730","GLASS STAR FROSTED T-LIGHT HOLDER","12","2017-03-14 15:01:00","4.59","17850.0","EIRE","EMEA"
"538506","84029E","RED WOOLLY HOTTIE WHITE HEART","4","2017-03-14 15:01:00","3.79","17850.0","EIRE","EMEA"
"538507","84406B","CREAM CUPID HEARTS COAT HANGER","11","2017-03-17 10:54:00","2.75","15291.0","France","EMEA"
"538508","71053","WHITE METAL LANTERN","1","2017-03-07 08:19:00","3.8","16029.0","France","EMEA"
"538508","84029G","KNITTED UNION FLAG HOT WATER BOTTLE","11","2017-03-07 08:19:00","3.73","16029.0","France","EMEA"
"538509","85123A","WHITE HANGING HEART T-LIGHT HOLDER","9","2017-04-15 16:45:00","2.94","14096.0","Netherlands","EMEA"
"538510","20685","DOORMAT RED RETROSPOT","3","2017-03-22 11:35:00","7.5","17850.0","EIRE","EMEA"
"538510","47566","PARTY BUNTING","1","2017-03-22 11:35:00","5.0","17850.0","EIRE","EMEA"
"538510","84406B","CREAM CUPID HEARTS COAT HANGER","8","2017-03-22 11:35:00","3.02","17850.0","EIRE","EMEA"
"538511","22633","HAND WARMER UNION JACK","4","2017-04-10 14:49:00","2.31","12583.0","Belgium","EMEA"
"538511","20685","DOORMAT RED RETROSPOT","4","2017-04-10 14:49:00","7.24","12583.0","Belgium","EMEA"
"538512","22632","HAND WARMER RED POLKA DOT","3","2017-04-15 16:07:00","2.18","15311.0","France","EMEA"
"538512","85099B","JUMBO BAG RED RETROSPOT","9","2017-04-15 16:07:00","1.55","15311.0","France","EMEA"
"538512","22633","HAND WARMER UNION JACK","5","2017-04-15 16:07:00","1.81","15311.0","France","EMEA"
"538513","22752","SET 7 BABUSHKA NESTING BOXES","9","2017-04-06 12:11:00","7.71","17850.0","France","EMEA"
"538514","84406B","CREAM CUPID HEARTS COAT HANGER","5","2017-03-02 13:31:00","2.94","12583.0","Australia","APAC"
"538514","85123A","WHITE HANGING HEART T-LIGHT HOLDER","9","2017-03-02 13:31:00","2.53","12583.0","Australia","APAC"
"538514","22633","HAND WARMER UNION JACK","7","2017-03-02 13:31:00","2.16","12583.0","Australia","APAC"
"538515","84029E","RED WOOLLY HOTTIE WHITE HEART","1","2017-04-17 09:48:00","3.44","12583.0","Belgium","EMEA"
"538515","20685","DOORMAT RED RETROSPOT","12","2017-04-17 09:48:00","7.31","12583.0","Belgium","EMEA"
"538515","85123A","WHITE HANGING HEART T-LIGHT HOLDER","10","2017-04-17 09:48:00","2.49","12583.0","Belgium","EMEA"
"538516","22752","SET 7 BABUSHKA NESTING BOXES","6","2017-04-17 13:53:00","7.85","15311.0","Belgium","EMEA"
"538516","47566","PARTY BUNTING","5","2017-04-17 13:53:00","5.14","15311.0","Belgium","EMEA"
"538517","22752","SET 7 BABUSHKA NESTING BOXES","8","2017-04-18 09:18:00","7.61","14606.0","Australia","APAC"
"538517","84406B","CREAM CUPID HEARTS COAT HANGER","12","2017-04-18 09:18:00","3.1","14606.0","Australia","APAC"
"538518","47566","PARTY BUNTING","9","2017-03-29 08:10:00","5.32","13777.0","USA","AMER"
"538519","84029G","KNITTED UNION FLAG HOT WATER BOTTLE","4","2017-04-02 13:00:00","3.53","13047.0","Canada","AMER"
"538519","22633","HAND WARMER UNION JACK","10","2017-04-02 13:00:00","1.75","13047.0","Canada","AMER"
"538519","71053","WHITE METAL LANTERN","8","2017-04-02 13:00:00","3.36","13047.0","Canada","AMER"
"538520","85123A","WHITE HANGING HEART T-LIGHT HOLDER","6","2017-04-22 16:56:00","2.73","12583.0","United Kingdom","EMEA"
"538521","71053","WHITE METAL LANTERN","9","2017-04-10 13:03:00","3.67","15291.0","France","EMEA"
"538522","47566","PARTY BUNTING","8","2017-03-06 10:06:00","5.33","13777.0","Spain","EMEA"
"538522","84029E","RED WOOLLY HOTTIE WHITE HEART","3","2017-03-06 10:06:00","3.48","13777.0","Spain","EMEA"
"538522","20685","DOORMAT RED RETROSPOT","3","2017-03-06 10:06:00","7.42","13777.0","Spain","EMEA"
"538523","22633","HAND WARMER UNION JACK","6","2017-03-02 10:14:00","2.0","13777.0","Netherlands","EMEA"
"538523","85123A","WHITE HANGING HEART T-LIGHT HOLDER","2","2017-03-02 10:14:00","2.97","13777.0","Netherlands","EMEA"
"538523","84029G","KNITTED UNION FLAG HOT WATER BOTTLE","9","2017-03-02 10:14:00","3.83","13777.0","Netherlands","EMEA"
"538524","22632","HAND WARMER RED POLKA DOT","10","2017-03-15 15:49:00","1.79","15291.0","Germany","EMEA"
"538524","21730","GLASS STAR FROSTED T-LIGHT HOLDER","6","2017-03-15 15:49:00","4.56","15291.0","Germany","EMEA"
"538525","84029G","KNITTED UNION FLAG HOT WATER BOTTLE","12","2017-03-18 12:51:00","3.81","14096.0","Germany","EMEA"
"538525","20685","DOORMAT RED RETROSPOT","8","2017-03-18 12:51:00","7.14","14096.0","Germany","EMEA"
"538525","84029E","RED WOOLLY HOTTIE WHITE HEART","12","2017-03-18 12:51:00","3.79","14096.0","Germany","EMEA"
"538526","22632","HAND WARMER RED POLKA DOT","5","2017-03-31 11:58:00","1.93","14096.0","Netherlands","EMEA"
"538527","84029G","KNITTED UNION FLAG HOT WATER BOTTLE","3","2017-03-16 10:22:00","3.3","15311.0","Australia","APAC"
"538527","22633","HAND WARMER UNION JACK","3","2017-03-16 10:22:00","2.16","15311.0","Australia","APAC"
"538528","84029E","RED WOOLLY HOTTIE WHITE HEART","7","2017-04-03 12:07:00","3.66","15291.0","Spain","EMEA"
"538528","84029E","RED WOOLLY HOTTIE WHITE HEART","7","2017-04-03 12:07:00","3.66","15291.0","Spain","EMEA"
"538528","21730","GLASS STAR FROSTED T-LIGHT HOLDER","12","2017-04-03 12:07:00","4.3","15291.0","Spain","EMEA"
"538529","47566","PARTY BUNTING","11","2017-04-23 16:56:00","5.32","12583.0","Belgium","EMEA"
"538530","84406B","CREAM CUPID HEARTS COAT HANGER","12","2017-03-04 11:57:00","2.97","12583.0","USA","AMER"
"538531","71053","WHITE METAL LANTERN","7","2017-03-16 13:32:00","3.49","14606.0","EIRE","EMEA"
"538531","84406B","CREAM CUPID HEARTS COAT HANGER","9","2017-03-16 13:32:00","3.01","14606.0","EIRE","EMEA"
"538532","47566","PARTY BUNTING","7","2017-03-12 11:39:00","5.13","13777.0","France","EMEA"
"538532","84406B","CREAM CUPID HEARTS COAT HANGER","5","2017-03-12 11:39:00","3.15","13777.0","France","EMEA"
"538532","21730","GLASS STAR FROSTED T-LIGHT HOLDER","1","2017-03-12 11:39:00","4.17","13777.0","France","EMEA"
"538533","47566","PARTY BUNTING","10","2017-04-28 16:39:00","5.1","17809.0","Spain","EMEA"
"538534","22633","HAND WARMER UNION JACK","1","2017-04-05 09:53:00","1.89","16029.0","United Kingdom","EMEA"
"538534","84029E","RED WOOLLY HOTTIE WHITE HEART","10","2017-04-05 09:53:00","3.3","16029.0","United Kingdom","EMEA"
"538535","20685","DOORMAT RED RETROSPOT","3","2017-04-20 14:51:00","7.58","17850.0","Netherlands","EMEA"
"538535","21730","GLASS STAR FROSTED T-LIGHT HOLDER","2","2017-04-20 14:51:00","4.19","17850.0","Netherlands","EMEA"
"538535","22752","SET 7 BABUSHKA NESTING BOXES","2","2017-04-20 14:51:00","8.02","17850.0","Netherlands","EMEA"
"538536","84029G","KNITTED UNION FLAG HOT WATER BOTTLE","5","2017-04-19 08:30:00","3.82","15311.0","EIRE","EMEA"
"538536","84406B","CREAM CUPID HEARTS COAT HANGER","3","2017-04-19 08:30:00","2.86","15311.0","EIRE","EMEA"
"538536","84029G","KNITTED UNION FLAG HOT WATER BOTTLE","7","2017-04-19 08:30:00","3.44","15311.0","EIRE","EMEA"
"538537","84029G","KNITTED UNION FLAG HOT WATER BOTTLE","9","2017-03-13 14:53:00","3.87","13777.0","United Kingdom","EMEA"
"538537","21730","GLASS STAR FROSTED T-LIGHT HOLDER","7","2017-03-13 14:53:00","4.5","13777.0","United Kingdom","EMEA"
"538537","85099B","JUMBO BAG RED RETROSPOT","9","2017-03-13 14:53:00","1.71","13777.0","United Kingdom","EMEA"
"538538","85123A","WHITE HANGING HEART T-LIGHT HOLDER","1","2017-03-16 08:58:00","2.65","14096.0","EIRE","EMEA"
"538538","71053","WHITE METAL LANTERN","9","2017-03-16 08:58:00","3.53","14096.0","EIRE","EMEA"
"538538","85099B","JUMBO BAG RED RETROSPOT","1","2017-03-16 08:58:00","1.74","14096.0","EIRE","EMEA"
"538539","20685","DOORMAT RED RETROSPOT","2","2017-03-26 14:09:00","7.03","16029.0","Belgium","EMEA"
"538539","84406B","CREAM CUPID HEARTS COAT HANGER","11","2017-03-26 14:09:00","3.06","16029.0","Belgium","EMEA"
"538539","71053","WHITE METAL LANTERN","6","2017-03-26 14:09:00","3.57","16029.0","Belgium","EMEA"
"538540","22633","HAND WARMER UNION JACK","7","2017-03-23 12:55:00","2.31","17809.0","EIRE","EMEA"
"538540","84029E","RED WOOLLY HOTTIE WHITE HEART","1","2017-03-23 12:55:00","3.68","17809.0","EIRE","EMEA"
"538541","84406B","CREAM CUPID HEARTS COAT HANGER","11","2017-03-14 08:34:00","2.77","14096.0","Germany","EMEA"
"538541","22752","SET 7 BABUSHKA NESTING BOXES","12","2017-03-14 08:34:00","8.11","14096.0","Germany","EMEA"
"538541","85099B","JUMBO BAG RED RETROSPOT","4","2017-03-14 08:34:00","2.07","14096.0","Germany","EMEA"
"538542","85123A","WHITE HANGING HEART T-LIGHT HOLDER","2","2017-03-23 08:46:00","2.75","13047.0","Germany","EMEA"
"538543","71053","WHITE METAL LANTERN","1","2017-04-20 13:39:00","3.76","17850.0","USA","AMER"
"538544","22752","SET 7 BABUSHKA NESTING BOXES","5","2017-03-16 15:33:00","8.11","12583.0","United Kingdom","EMEA"
"538544","84029G","KNITTED UNION FLAG HOT WATER BOTTLE","9","2017-03-16 15:33:00","3.55","12583.0","United Kingdom","EMEA"
"538545","85099B","JUMBO BAG RED RETROSPOT","11","2017-03-07 09:55:00","1.9","14096.0","France","EMEA"
"538545","85099B","JUMBO BAG RED RETROSPOT","2","2017-03-07 09:55:00","1.55","14096.0","France","EMEA"
"538546","84406B","CREAM CUPID HEARTS COAT HANGER","2","2017-03-02 08:40:00","3.01","16029.0","USA","AMER"
"538546","22633","HAND WARMER UNION JACK","6","2017-03-02 08:40:00","2.22","16029.0","USA","AMER"
"538546","47566","PARTY BUNTING","9","2017-03-02 08:40:00","5.36","16029.0","USA","AMER"
"538547","71053","WHITE METAL LANTERN","9","2017-03-16 08:47:00","3.84","17850.0","EIRE","EMEA"
"538547","84406B","CREAM CUPID HEARTS COAT HANGER","6","2017-03-16 08:47:00","2.76","17850.0","EIRE","EMEA"
"538547","47566","PARTY BUNTING","7","2017-03-16 08:47:00","5.01","17850.0","EIRE","EMEA"
"538548","22633","HAND WARMER UNION JACK","9","2017-04-02 13:28:00","1.88","13047.0","Spain","EMEA"
"538548","84406B","CREAM CUPID HEARTS COAT HANGER","1","2017-04-02 13:28:00","3.23","13047.0","Spain","EMEA"
"538549","22633","HAND WARMER UNION JACK","1","2017-03-08 12:44:00","2.29","15311.0","Canada","AMER"
"538549","84029E","RED WOOLLY HOTTIE WHITE HEART","3","2017-03-08 12:44:00","3.38","15311.0","Canada","AMER"
"538549","22633","HAND WARMER UNION JACK","9","2017-03-08 12:44:00","2.28","15311.0","Canada","AMER"
"538550","85099B","JUMBO BAG RED RETROSPOT","2","2017-03-11 09:10:00","1.97","17850.0","Netherlands","EMEA"
"538551","47566","PARTY BUNTING","7","2017-04-23 09:26:00","5.37","17850.0","France","EMEA"
"538551","22633","HAND WARMER UNION JACK","6","2017-04-23 09:26:00","1.88","17850.0","France","EMEA"
"538552","47566","PARTY BUNTING","6","2017-03-24 14:06:00","4.98","13777.0","Spain","EMEA"
"538552","71053","WHITE METAL LANTERN","8","2017-03-24 14:06:00","3.4","13777.0","Spain","EMEA"
"538553","84029G","KNITTED UNION FLAG HOT WATER BOTTLE","9","2017-03-27 13:45:00","3.63","14606.0","Germany","EMEA"
"538553","85099B","JUMBO BAG RED RETROSPOT","1","2017-03-27 13:45:00","1.96","14606.0","Germany","EMEA"
"538554","22632","HAND WARMER RED POLKA DOT","2","2017-04-05 11:25:00","1.91","12583.0","Canada","AMER"
"538555","84029G","KNITTED UNION FLAG HOT WATER BOTTLE","9","2017-04-09 14:55:00","3.6","13047.0","USA","AMER"
"538555","85123A","WHITE HANGING HEART T-LIGHT HOLDER","1","2017-04-09 14:55:00","2.56","13047.0","USA","AMER"
"538556","84406B","CREAM CUPID HEARTS COAT HANGER","8","2017-03-24 15:23:00","2.89","13777.0","Netherlands","EMEA"
"538556","20685","DOORMAT RED RETROSPOT","5","2017-03-24 15:23:00","7.31","13777.0","Netherlands","EMEA"
"538556","22633","HAND WARMER UNION JACK","11","2017-03-24 15:23:00","2.08","13777.0","Netherlands","EMEA"
"538557","84029E","RED WOOLLY HOTTIE WHITE HEART","5","2017-03-31 14:31:00","3.47","12583.0","EIRE","EMEA"
"538558","85099B","JUMBO BAG RED RETROSPOT","4","2017-03-07 09:42:00","1.56","13777.0","France","EMEA"
"538558","22633","HAND WARMER UNION JACK","10","2017-03-07 09:42:00","1.8","13777.0","France","EMEA"
"538559","22752","SET 7 BABUSHKA NESTING BOXES","9","2017-04-08 09:07:00","8.14","15311.0","Spain","EMEA"
"538559","85123A","WHITE HANGING HEART T-LIGHT HOLDER","9","2017-04-08 09:07:00","2.74","15311.0","Spain","EMEA"
"538560","22752","SET 7 BABUSHKA NESTING BOXES","7","2017-03-05 11:19:00","8.07","14096.0","Germany","EMEA"
"538561","84029G","KNITTED UNION FLAG HOT WATER BOTTLE","8","2017-04-27 15:06:00","3.53","13047.0","EIRE","EMEA"
"538562","22752","SET 7 BABUSHKA NESTING BOXES","7","2017-03-12 12:01:00","7.73","13047.0","France","EMEA"
"538563","22632","HAND WARMER RED POLKA DOT","5","2017-03-14 11:40:00","2.3","15311.0","Spain","EMEA"
"538563","47566","PARTY BUNTING","6","2017-03-14 11:40:00","5.25","15311.0","Spain","EMEA"
"538564","85123A","WHITE HANGING HEART T-LIGHT HOLDER","12","2017-04-21 11:04:00","2.96","15291.0","Australia","APAC"
"538565","20685","DOORMAT RED RETROSPOT","9","2017-04-10 13:06:00","7.21","14606.0","Germany","EMEA"
"538566","84029E","RED WOOLLY HOTTIE WHITE HEART","11","2017-04-15 10:03:00","3.84","17809.0","EIRE","EMEA"
"538566","84406B","CREAM CUPID HEARTS COAT HANGER","4","2017-04-15 10:03:00","2.76","17809.0","EIRE","EMEA"
"538567","22752","SET 7 BABUSHKA NESTING BOXES","5","2017-03-10 08:31:00","7.85","12583.0","Spain","EMEA"
"538567","84029G","KNITTED UNION FLAG HOT WATER BOTTLE","8","2017-03-10 08:31:00","3.48","12583.0","Spain","EMEA"
"538568","22632","HAND WARMER RED POLKA DOT","7","2017-03-10 16:33:00","1.83","16029.0","Australia","APAC"
"538568","84029G","KNITTED UNION FLAG HOT WATER BOTTLE","5","2017-03-10 16:33:00","3.49","16029.0","Australia","APAC"
"538568","20685","DOORMAT RED RETROSPOT","6","2017-03-10 16:33:00","7.51","16029.0","Australia","APAC"
"538569","22632","HAND WARMER RED POLKA DOT","8","2017-04-29 12:06:00","2.15","16029.0","Netherlands","EMEA"
"538569","22752","SET 7 BABUSHKA NESTING BOXES","7","2017-04-29 12:06:00","7.96","16029.0","Netherlands","EMEA"
"538570","22633","HAND WARMER UNION JACK","12","2017-03-03 08:01:00","2.03","16029.0","EIRE","EMEA"
"538571","85099B","JUMBO BAG RED RETROSPOT","11","2017-03-11 16:07:00","2.03","17850.0","USA","AMER"
"538571","22632","HAND WARMER RED POLKA DOT","4","2017-03-11 16:07:00","2.23","17850.0","USA","AMER"
"538572","84406B","CREAM CUPID HEARTS COAT HANGER","8","2017-04-04 11:09:00","3.22","17850.0","Germany","EMEA"
"538572","84406B","CREAM CUPID HEARTS COAT HANGER","3","2017-04-04 11:09:00","3.11","17850.0","Germany","EMEA"
"538573","84029G","KNITTED UNION FLAG HOT WATER BOTTLE","2","2017-04-10 12:26:00","3.46","17850.0","Spain","EMEA"
"538574","71053","WHITE METAL LANTERN","11","2017-04-30 14:31:00","3.34","15311.0","Spain","EMEA"
"538574","22633","HAND WARMER UNION JACK","7","2017-04-30 14:31:00","1.78","15311.0","Spain","EMEA"
"538575","47566","PARTY BUNTING","1","2017-03-26 08:57:00","5.17","17850.0","Australia","APAC"
"538576","22752","SET 7 BABUSHKA NESTING BOXES","12","2017-03-19 10:38:00","7.87","13777.0","USA","AMER"
"538576","71053","WHITE METAL LANTERN","9","2017-03-19 10:38:00","3.81","13777.0","USA","AMER"
"538576","84029E","RED WOOLLY HOTTIE WHITE HEART","9","2017-03-19 10:38:00","3.87","13777.0","USA","AMER"
"538577","71053","WHITE METAL LANTERN","1","2017-03-26 12:31:00","3.52","13047.0","USA","AMER"
"538577","84406B","CREAM CUPID HEARTS COAT HANGER","6","2017-03-26 12:31:00","2.76","13047.0","USA","AMER"
"538578","85123A","WHITE HANGING HEART T-LIGHT HOLDER","5","2017-04-05 12:20:00","2.59","13777.0","Germany","EMEA"
"538578","84029E","RED WOOLLY HOTTIE WHITE HEART","12","2017-04-05 12:20:00","3.65","13777.0","Germany","EMEA"
"538578","84029E","RED WOOLLY HOTTIE WHITE HEART","3","2017-04-05 12:20:00","3.85","13777.0","Germany","EMEA"
"538579","84029E","RED WOOLLY HOTTIE WHITE HEART","5","2017-04-21 11:08:00","3.77","13777.0","Belgium","EMEA"
"538580","85123A","WHITE HANGING HEART T-LIGHT HOLDER","10","2017-04-17 13:55:00","2.64","15291.0","France","EMEA"
"538580","21730","GLASS STAR FROSTED T-LIGHT HOLDER","7","2017-04-17 13:55:00","4.2","15291.0","France","EMEA"
"538581","71053","WHITE METAL LANTERN","3","2017-03-19 14:29:00","3.59","15291.0","United Kingdom","EMEA"
"538581","84029E","RED WOOLLY HOTTIE WHITE HEART","12","2017-03-19 14:29:00","3.83","15291.0","United Kingdom","EMEA"
"538581","20685","DOORMAT RED RETROSPOT","2","2017-03-19 14:29:00","6.99","15291.0","United Kingdom","EMEA"
"538582","85123A","WHITE HANGING HEART T-LIGHT HOLDER","7","2017-03-09 14:08:00","2.81","17809.0","United Kingdom","EMEA"
"538582","22752","SET 7 BABUSHKA NESTING BOXES","2","2017-03-09 14:08:00","8.13","17809.0","United Kingdom","EMEA"
"538583","84029G","KNITTED UNION FLAG HOT WATER BOTTLE","8","2017-04-05 12:28:00","3.78","14096.0","Spain","EMEA"
"538583","85099B","JUMBO BAG RED RETROSPOT","6","2017-04-05 12:28:00","2.04","14096.0","Spain","EMEA"
"538583","22632","HAND WARMER RED POLKA DOT","2","2017-04-05 12:28:00","2.04","14096.0","Spain","EMEA"
"538584","85123A","WHITE HANGING HEART T-LIGHT HOLDER","12","2017-03-16 14:43:00","2.75","12583.0","EIRE","EMEA"
"538585","85123A","WHITE HANGING HEART T-LIGHT HOLDER","9","2017-03-02 09:08:00","2.75","16029.0","Germany","EMEA"
"538586","84029G","KNITTED UNION FLAG HOT WATER BOTTLE","12","2017-04-03 16:24:00","3.86","13777.0","Belgium","EMEA"
"538587","85123A","WHITE HANGING HEART T-LIGHT HOLDER","2","2017-04-09 16:09:00","2.83","13047.0","France","EMEA"
"538588","47566","PARTY BUNTING","1","2017-04-12 14:28:00","4.95","16029.0","EIRE","EMEA"
"538588","84029G","KNITTED UNION FLAG HOT WATER BOTTLE","6","2017-04-12 14:28:00","3.87","16029.0","EIRE","EMEA"
"538588","85099B","JUMBO BAG RED RETROSPOT","11","2017-04-12 14:28:00","2.05","16029.0","EIRE","EMEA"
"538589","84406B","CREAM CUPID HEARTS COAT HANGER","10","2017-04-06 08:22:00","2.88","13777.0","EIRE","EMEA"
"538589","20685","DOORMAT RED RETROSPOT","8","2017-04-06 08:22:00","7.46","13777.0","EIRE","EMEA"
"538590","20685","DOORMAT RED RETROSPOT","12","2017-03-29 11:07:00","7.43","13047.0","United Kingdom","EMEA"
"538590","84029E","RED WOOLLY HOTTIE WHITE HEART","7","2017-03-29 11:07:00","3.72","13047.0","United Kingdom","EMEA"
"538591","20685","DOORMAT RED RETROSPOT","6","2017-03-08 15:18:00","7.22","13777.0","United Kingdom","EMEA"
"538592","47566","PARTY BUNTING","7","2017-04-15 16:12:00","5.02","15291.0","Australia","APAC"
"538592","84029G","KNITTED UNION FLAG HOT WATER BOTTLE","6","2017-04-15 16:12:00","3.86","15291.0","Australia","APAC"
"538592","20685","DOORMAT RED RETROSPOT","5","2017-04-15 16:12:00","7.57","15291.0","Australia","APAC"
"538593","84029G","KNITTED UNION FLAG HOT WATER BOTTLE","4","2017-04-13 08:38:00","3.65","16029.0","Australia","APAC"
"538593","85099B","JUMBO BAG RED RETROSPOT","2","2017-04-13 08:38:00","1.98","16029.0","Australia","APAC"
"538593","85123A","WHITE HANGING HEART T-LIGHT HOLDER","1","2017-04-13 08:38:00","2.62","16029.0","Australia","APAC"
"538594","22752","SET 7 BABUSHKA NESTING BOXES","5","2017-04-19 14:21:00","7.56","16029.0","Belgium","EMEA"
"538595","20685","DOORMAT RED RETROSPOT","12","2017-04-28 08:04:00","7.53","13777.0","Belgium","EMEA"
"538595","47566","PARTY BUNTING","7","2017-04-28 08:04:00","5.21","13777.0","Belgium","EMEA"
"538595","21730","GLASS STAR FROSTED T-LIGHT HOLDER","12","2017-04-28 08:04:00","4.6","13777.0","Belgium","EMEA"
"538596","22633","HAND WARMER UNION JACK","4","2017-04-24 13:27:00","1.89","12583.0","Netherlands","EMEA"
"538596","71053","WHITE METAL LANTERN","2","2017-04-24 13:27:00","3.65","12583.0","Netherlands","EMEA"
"538596","22633","HAND WARMER UNION JACK","7","2017-04-24 13:27:00","2.23","12583.0","Netherlands","EMEA"
"538597","47566","PARTY BUNTING","10","2017-04-14 13:42:00","5.29","14606.0","Canada","AMER"
"538597","22633","HAND WARMER UNION JACK","11","2017-04-14 13:42:00","1.98","14606.0","Canada","AMER"
"538597","20685","DOORMAT RED RETROSPOT","11","2017-04-14 13:42:00","7.47","14606.0","Canada","AMER"
"538598","22632","HAND WARMER RED POLKA DOT","4","2017-03-03 09:55:00","2.0","12583.0","Canada","AMER"
"538599","71053","WHITE METAL LANTERN","8","2017-03-01 15:11:00","3.65","12583.0","Australia","APAC"
"538600","47566","PARTY BUNTING","11","2017-03-10 13:21:00","4.86","14606.0","Australia","APAC"
"538600","84406B","CREAM CUPID HEARTS COAT HANGER","5","2017-03-10 13:21:00","2.97","14606.0","Australia","APAC"
"538601","22752","SET 7 BABUSHKA NESTING BOXES","4","2017-04-26 11:13:00","7.78","15311.0","France","EMEA"
"538602","84029G","KNITTED UNION FLAG HOT WATER BOTTLE","5","2017-04-13 13:40:00","3.77","15291.0","France","EMEA"
"538602","20685","DOORMAT RED RETROSPOT","3","2017-04-13 13:40:00","7.15","15291.0","France","EMEA"
"538602","20685","DOORMAT RED RETROSPOT","11","2017-04-13 13:40:00","7.15","15291.0","France","EMEA"
"538603","84029E","RED WOOLLY HOTTIE WHITE HEART","9","2017-04-25 15:43:00","3.67","12583.0","Germany","EMEA"
"538603","71053","WHITE METAL LANTERN","12","2017-04-25 15:43:00","3.77","12583.0","Germany","EMEA"
"538604","20685","DOORMAT RED RETROSPOT","7","2017-04-22 11:49:00","7.22","13047.0","Belgium","EMEA"
"538605","84029G","KNITTED UNION FLAG HOT WATER BOTTLE","2","2017-03-26 08:02:00","3.78","15311.0","United Kingdom","EMEA"
"538606","84029E","RED WOOLLY HOTTIE WHITE HEART","9","2017-03-08 12:20:00","3.33","14606.0","USA","AMER"
"538606","22632","HAND WARMER RED POLKA DOT","12","2017-03-08 12:20:00","2.33","14606.0","USA","AMER"
"538607","47566","PARTY BUNTING","9","2017-03-07 15:25:00","5.36","17809.0","Spain","EMEA"
"538607","22632","HAND WARMER RED POLKA DOT","6","2017-03-07 15:25:00","2.05","17809.0","Spain","EMEA"
"538608","47566","PARTY BUNTING","3","2017-04-01 13:30:00","5.15","17850.0","Australia","APAC"
"538608","85123A","WHITE HANGING HEART T-LIGHT HOLDER","4","2017-04-01 13:30:00","2.45","17850.0","Australia","APAC"
"538608","84029E","RED WOOLLY HOTTIE WHITE HEART","5","2017-04-01 13:30:00","3.65","17850.0","Australia","APAC"
"538609","85099B","JUMBO BAG RED RETROSPOT","6","2017-04-30 08:34:00","2.12","14096.0","Australia","APAC"
"538609","47566","PARTY BUNTING","3","2017-04-30 08:34:00","5.42","14096.0","Australia","APAC"
"538609","21730","GLASS STAR FROSTED T-LIGHT HOLDER","12","2017-04-30 08:34:00","4.29","14096.0","Australia","APAC"
"538610","21730","GLASS STAR FROSTED T-LIGHT HOLDER","9","2017-04-27 11:18:00","4.45","15311.0","Belgium","EMEA"
"538610","85099B","JUMBO BAG RED RETROSPOT","4","2017-04-27 11:18:00","1.98","15311.0","Belgium","EMEA"
"538611","84029G","KNITTED UNION FLAG HOT WATER BOTTLE","6","2017-04-27 13:09:00","3.79","14606.0","Netherlands","EMEA"
"538612","22632","HAND WARMER RED POLKA DOT","5","2017-03-23 15:44:00","2.07","13777.0","Spain","EMEA"
"538612","22632","HAND WARMER RED POLKA DOT","5","2017-03-23 15:44:00","1.89","13777.0","Spain","EMEA"
"538613","85099B","JUMBO BAG RED RETROSPOT","7","2017-03-13 16:09:00","2.12","13777.0","Canada","AMER"
"538613","22633","HAND WARMER UNION JACK","8","2017-03-13 16:09:00","1.98","13777.0","Canada","AMER"
"538614","84406B","CREAM CUPID HEARTS COAT HANGER","6","2017-03-17 10:36:00","2.93","17809.0","France","EMEA"
"538614","22633","HAND WARMER UNION JACK","4","2017-03-17 10:36:00","2.35","17809.0","France","EMEA"
"538614","71053","WHITE METAL LANTERN","1","2017-03-17 10:36:00","3.65","17809.0","France","EMEA"
"538615","22633","HAND WARMER UNION JACK","4","2017-04-26 10:19:00","2.13","14606.0","Netherlands","EMEA"
"538615","84029E","RED WOOLLY HOTTIE WHITE HEART","2","2017-04-26 10:19:00","3.68","14606.0","Netherlands","EMEA"
"538616","84029G","KNITTED UNION FLAG HOT WATER BOTTLE","12","2017-03-31 15:56:00","3.5","16029.0","Spain","EMEA"
"538616","21730","GLASS STAR FROSTED T-LIGHT HOLDER","9","2017-03-31 15:56:00","4.2","16029.0","Spain","EMEA"
"538617","22633","HAND WARMER UNION JACK","6","2017-04-07 15:33:00","1.95","15311.0","United Kingdom","EMEA"
"538617","84029G","KNITTED UNION FLAG HOT WATER BOTTLE","12","2017-04-07 15:33:00","3.81","15311.0","United Kingdom","EMEA"
"538617","20685","DOORMAT RED RETROSPOT","1","2017-04-07 15:33:00","7.16","15311.0","United Kingdom","EMEA"
"538618","84029E","RED WOOLLY HOTTIE WHITE HEART","9","2017-03-02 09:41:00","3.47","13047.0","Spain","EMEA"
"538618","84029E","RED WOOLLY HOTTIE WHITE HEART","5","2017-03-02 09:41:00","3.71","13047.0","Spain","EMEA"
"538619","85099B","JUMBO BAG RED RETROSPOT","7","2017-03-07 16:37:00","2.08","15311.0","Canada","AMER"
"538619","84029G","KNITTED UNION FLAG HOT WATER BOTTLE","1","2017-03-07 16:37:00","3.73","15311.0","Canada","AMER"
"538619","71053","WHITE METAL LANTERN","10","2017-03-07 16:37:00","3.84","15311.0","Canada","AMER"
"538620","21730","GLASS STAR FROSTED T-LIGHT HOLDER","12","2017-04-14 13:26:00","4.42","14096.0","Spain","EMEA"
"538620","22633","HAND WARMER UNION JACK","2","2017-04-14 13:26:00","2.2","14096.0","Spain","EMEA"
"538620","47566","PARTY BUNTING","7","2017-04-14 13:26:00","5.31","14096.0","Spain","EMEA"
"538621","22632","HAND WARMER RED POLKA DOT","9","2017-04-23 08:04:00","1.78","17809.0","United Kingdom","EMEA"
"538621","84029G","KNITTED UNION FLAG HOT WATER BOTTLE","3","2017-04-23 08:04:00","3.49","17809.0","United Kingdom","EMEA"
"538622","85099B","JUMBO BAG RED RETROSPOT","6","2017-03-28 16:30:00","1.75","14096.0","EIRE","EMEA"
"538622","22752","SET 7 BABUSHKA NESTING BOXES","7","2017-03-28 16:30:00","7.83","14096.0","EIRE","EMEA"
"538623","84029G","KNITTED UNION FLAG HOT WATER BOTTLE","3","2017-04-29 10:28:00","3.88","16029.0","United Kingdom","EMEA"
"538624","21730","GLASS STAR FROSTED T-LIGHT HOLDER","4","2017-03-11 12:07:00","4.54","14606.0","United Kingdom","EMEA"
"538624","20685","DOORMAT RED RETROSPOT","11","2017-03-11 12:07:00","7.15","14606.0","United Kingdom","EMEA"
"538624","84029G","KNITTED UNION FLAG HOT WATER BOTTLE","5","2017-03-11 12:07:00","3.51","14606.0","United Kingdom","EMEA"
"538625","22632","HAND WARMER RED POLKA DOT","11","2017-04-27 14:14:00","2.3","14606.0","Australia","APAC"
"538625","71053","WHITE METAL LANTERN","9","2017-04-27 14:14:00","3.68","14606.0","Australia","APAC"
"538625","71053","WHITE METAL LANTERN","4","2017-04-27 14:14:00","3.67","14606.0","Australia","APAC"
"538626","85099B","JUMBO BAG RED RETROSPOT","7","2017-03-17 15:17:00","1.75","17809.0","Netherlands","EMEA"
"538627","71053","WHITE METAL LANTERN","9","2017-04-12 12:34:00","3.82","12583.0","EIRE","EMEA"
"538628","22752","SET 7 BABUSHKA NESTING BOXES","5","2017-04-06 15:15:00","7.56","15311.0","United Kingdom","EMEA"
"538629","84406B","CREAM CUPID HEARTS COAT HANGER","8","2017-04-26 11:22:00","3.06","14606.0","Netherlands","EMEA"
"538629","47566","PARTY BUNTING","3","2017-04-26 11:22:00","5.21","14606.0","Netherlands","EMEA"
"538629","20685","DOORMAT RED RETROSPOT","10","2017-04-26 11:22:00","7.22","14606.0","Netherlands","EMEA"
"538630","22633","HAND WARMER UNION JACK","6","2017-03-18 12:46:00","2.3","12583.0","EIRE","EMEA"
"538631","20685","DOORMAT RED RETROSPOT","1","2017-03-16 08:37:00","7.44","14096.0","Germany","EMEA"
"538631","22632","HAND WARMER RED POLKA DOT","4","2017-03-16 08:37:00","2.08","14096.0","Germany","EMEA"
"538631","22632","HAND WARMER RED POLKA DOT","5","2017-03-16 08:37:00","1.87","14096.0","Germany","EMEA"
"538632","84406B","CREAM CUPID HEARTS COAT HANGER","3","2017-04-08 12:56:00","2.71","17809.0","EIRE","EMEA"
"538633","22632","HAND WARMER RED POLKA DOT","8","2017-03-10 11:50:00","2.19","15291.0","United Kingdom","EMEA"
"538633","84406B","CREAM CUPID HEARTS COAT HANGER","5","2017-03-10 11:50:00","2.71","15291.0","United Kingdom","EMEA"
"538633","47566","PARTY BUNTING","7","2017-03-10 11:50:00","4.94","15291.0","United Kingdom","EMEA"
"538634","84029G","KNITTED UNION FLAG HOT WATER BOTTLE","2","2017-04-23 14:40:00","3.78","17850.0","EIRE","EMEA"
"538635","22752","SET 7 BABUSHKA NESTING BOXES","10","2017-03-19 09:02:00","7.64","17809.0","United Kingdom","EMEA"
"538636","85123A","WHITE HANGING HEART T-LIGHT HOLDER","7","2017-04-09 08:55:00","2.78","13777.0","USA","AMER"
"538636","84406B","CREAM CUPID HEARTS COAT HANGER","10","2017-04-09 08:55:00","3.12","13777.0","USA","AMER"
"538637","47566","PARTY BUNTING","10","2017-04-06 13:12:00","5.43","16029.0","Belgium","EMEA"
"538637","47566","PARTY BUNTING","9","2017-04-06 13:12:00","4.86","16029.0","Belgium","EMEA"
"538638","85099B","JUMBO BAG RED RETROSPOT","6","2017-04-18 12:59:00","1.79","15291.0","United Kingdom","EMEA"
"538638","20685","DOORMAT RED RETROSPOT","2","2017-04-18 12:59:00","7.56","15291.0","United Kingdom","EMEA"
"538638","84029G","KNITTED UNION FLAG HOT WATER BOTTLE","5","2017-04-18 12:59:00","3.78","15291.0","United Kingdom","EMEA"
"538639","84406B","CREAM CUPID HEARTS COAT HANGER","1","2017-04-15 13:16:00","3.06","13047.0","France","EMEA"
"538640","20685","DOORMAT RED RETROSPOT","2","2017-03-20 08:17:00","7.1","14606.0","Spain","EMEA"
"538640","71053","WHITE METAL LANTERN","6","2017-03-20 08:17:00","3.52","14606.0","Spain","EMEA"
"538640","47566","PARTY BUNTING","2","2017-03-20 08:17:00","5.36","14606.0","Spain","EMEA"
"538641","20685","DOORMAT RED RETROSPOT","6","2017-04-03 10:20:00","7.03","13047.0","EIRE","EMEA"
"538641","85123A","WHITE HANGING HEART T-LIGHT HOLDER","4","2017-04-03 10:20:00","2.62","13047.0","EIRE","EMEA"
"538641","47566","PARTY BUNTING","9","2017-04-03 10:20:00","5.34","13047.0","EIRE","EMEA"
"538642","85099B","JUMBO BAG RED RETROSPOT","9","2017-04-15 10:04:00","1.66","13047.0","Canada","AMER"
"538643","22632","HAND WARMER RED POLKA DOT","1","2017-04-01 14:49:00","1.88","15291.0","United Kingdom","EMEA"
"538643","20685","DOORMAT RED RETROSPOT","3","2017-04-01 14:49:00","7.16","15291.0","United Kingdom","EMEA"
"538644","84406B","CREAM CUPID HEARTS COAT HANGER","12","2017-04-03 16:38:00","2.69","16029.0","Belgium","EMEA"
"538645","22633","HAND WARMER UNION JACK","8","2017-04-10 10:14:00","1.87","14606.0","Canada","AMER"
"538645","47566","PARTY BUNTING","7","2017-04-10 10:14:00","5.01","14606.0","Canada","AMER"
"538646","85123A","WHITE HANGING HEART T-LIGHT HOLDER","5","2017-03-25 13:12:00","2.58","17809.0","EIRE","EMEA"
"538647","22632","HAND WARMER RED POLKA DOT","9","2017-03-15 09:23:00","2.18","13777.0","France","EMEA"
"538647","20685","DOORMAT RED RETROSPOT","11","2017-03-15 09:23:00","7.46","13777.0","France","EMEA"
"538647","71053","WHITE METAL LANTERN","10","2017-03-15 09:23:00","3.32","13777.0","France","EMEA"
"538648","22752","SET 7 BABUSHKA NESTING BOXES","7","2017-04-11 14:53:00","7.84","15311.0","France","EMEA"
"538648","22632","HAND WARMER RED POLKA DOT","2","2017-04-11 14:53:00","2.12","15311.0","France","EMEA"
"538649","84029G","KNITTED UNION FLAG HOT WATER BOTTLE","7","2017-03-18 15:12:00","3.52","14606.0","Australia","APAC"
"538649","22752","SET 7 BABUSHKA NESTING BOXES","11","2017-03-18 15:12:00","7.83","14606.0","Australia","APAC"
"538650","47566","PARTY BUNTING","5","2017-04-11 12:17:00","4.85","16029.0","United Kingdom","EMEA"
"538651","84406B","CREAM CUPID HEARTS COAT HANGER","7","2017-04-11 10:43:00","3.03","16029.0","Spain","EMEA"
"538651","71053","WHITE METAL LANTERN","7","2017-04-11 10:43:00","3.68","16029.0","Spain","EMEA"
"538651","71053","WHITE METAL LANTERN","2","2017-04-11 10:43:00","3.43","16029.0","Spain","EMEA"
"538652","20685","DOORMAT RED RETROSPOT","5","2017-03-16 08:12:00","7.33","12583.0","Canada","AMER"
"538652","85099B","JUMBO BAG RED RETROSPOT","1","2017-03-16 08:12:00","2.04","12583.0","Canada","AMER"
"538653","84029G","KNITTED UNION FLAG HOT WATER BOTTLE","3","2017-04-04 10:33:00","3.52","17850.0","Germany","EMEA"
"538653","84406B","CREAM CUPID HEARTS COAT HANGER","9","2017-04-04 10:33:00","2.66","17850.0","Germany","EMEA"
"538654","20685","DOORMAT RED RETROSPOT","2","2017-03-21 13:22:00","7.34","15291.0","Netherlands","EMEA"
"538654","71053","WHITE METAL LANTERN","8","2017-03-21 13:22:00","3.79","15291.0","Netherlands","EMEA"
"538654","85099B","JUMBO BAG RED RETROSPOT","4","2017-03-21 13:22:00","1.91","15291.0","Netherlands","EMEA"
"538655","85099B","JUMBO BAG RED RETROSPOT","3","2017-03-28 14:15:00","1.9","13777.0","Germany","EMEA"
"538655","20685","DOORMAT RED RETROSPOT","8","2017-03-28 14:15:00","7.43","13777.0","Germany","EMEA"
"538656","84029G","KNITTED UNION FLAG HOT WATER BOTTLE","3","2017-03-22 13:42:00","3.63","16029.0","Belgium","EMEA"
"538657","47566","PARTY BUNTING","7","2017-04-18 11:51:00","5.18","12583.0","Australia","APAC"
"538657","85123A","WHITE HANGING HEART T-LIGHT HOLDER","9","2017-04-18 11:51:00","2.59","12583.0","Australia","APAC"
"538658","47566","PARTY BUNTING","10","2017-04-29 16:24:00","5.25","17850.0","Canada","AMER"
"538658","84029G","KNITTED UNION FLAG HOT WATER BOTTLE","12","2017-04-29 16:24:00","3.88","17850.0","Canada","AMER"
"538659","71053","WHITE METAL LANTERN","5","2017-03-21 13:24:00","3.77","15291.0","Belgium","EMEA"
"538660","22632","HAND WARMER RED POLKA DOT","7","2017-03-16 12:03:00","2.26","15311.0","Netherlands","EMEA"
"538661","47566","PARTY BUNTING","12","2017-04-13 16:13:00","5.19","15311.0","Canada","AMER"
"538662","22752","SET 7 BABUSHKA NESTING BOXES","6","2017-04-13 13:42:00","7.55","17850.0","Netherlands","EMEA"
"538663","84406B","CREAM CUPID HEARTS COAT HANGER","8","2017-03-13 08:40:00","2.78","15311.0","EIRE","EMEA"
"538664","22752","SET 7 BABUSHKA NESTING BOXES","12","2017-03-28 16:22:00","7.82","16029.0","Spain","EMEA"
"538664","84406B","CREAM CUPID HEARTS COAT HANGER","12","2017-03-28 16:22:00","3.24","16029.0","Spain","EMEA"
"538664","20685","DOORMAT RED RETROSPOT","5","2017-03-28 16:22:00","7.11","16029.0","Spain","EMEA"
"538665","85099B","JUMBO BAG RED RETROSPOT","4","2017-03-02 11:41:00","1.71","17809.0","Germany","EMEA"
"538665","71053","WHITE METAL LANTERN","5","2017-03-02 11:41:00","3.42","17809.0","Germany","EMEA"
"538665","47566","PARTY BUNTING","12","2017-03-02 11:41:00","5.07","17809.0","Germany","EMEA"
"538666","84029G","KNITTED UNION FLAG HOT WATER BOTTLE","5","2017-04-08 16:31:00","3.48","17809.0","Canada","AMER"
"538667","21730","GLASS STAR FROSTED T-LIGHT HOLDER","12","2017-04-22 09:02:00","4.27","12583.0","France","EMEA"
"538667","22633","HAND WARMER UNION JACK","2","2017-04-22 09:02:00","1.92","12583.0","France","EMEA"
"538668","84406B","CREAM CUPID HEARTS COAT HANGER","7","2017-03-31 14:55:00","3.15","15291.0","Spain","EMEA"
"538668","85099B","JUMBO BAG RED RETROSPOT","5","2017-03-31 14:55:00","2.01","15291.0","Spain","EMEA"
"538669","84029E","RED WOOLLY HOTTIE WHITE HEART","8","2017-04-13 15:49:00","3.78","15291.0","Belgium","EMEA"
"538669","21730","GLASS STAR FROSTED T-LIGHT HOLDER","8","2017-04-13 15:49:00","4.23","15291.0","Belgium","EMEA"
"538670","84029E","RED WOOLLY HOTTIE WHITE HEART","4","2017-04-04 08:03:00","3.44","14096.0","Canada","AMER"
"538670","85099B","JUMBO BAG RED RETROSPOT","8","2017-04-04 08:03:00","2.11","14096.0","Canada","AMER"
"538671","71053","WHITE METAL LANTERN","5","2017-03-14 15:35:00","3.32","13777.0","Canada","AMER"
"538671","20685","DOORMAT RED RETROSPOT","12","2017-03-14 15:35:00","7.54","13777.0","Canada","AMER"
"538672","22632","HAND WARMER RED POLKA DOT","5","2017-03-05 15:29:00","1.92","15311.0","United Kingdom","EMEA"
"538672","21730","GLASS STAR FROSTED T-LIGHT HOLDER","5","2017-03-05 15:29:00","4.62","15311.0","United Kingdom","EMEA"
"538672","21730","GLASS STAR FROSTED T-LIGHT HOLDER","10","2017-03-05 15:29:00","4.69","15311.0","United Kingdom","EMEA"
"538673","21730","GLASS STAR FROSTED T-LIGHT HOLDER","5","2017-04-01 13:46:00","4.66","12583.0","Australia","APAC"
"538674","21730","GLASS STAR FROSTED T-LIGHT HOLDER","11","2017-04-27 08:17:00","4.4","14606.0","Germany","EMEA"
"538674","20685","DOORMAT RED RETROSPOT","5","2017-04-27 08:17:00","7.18","14606.0","Germany","EMEA"
"538675","47566","PARTY BUNTING","7","2017-03-08 13:18:00","4.92","15291.0","Spain","EMEA"
"538676","20685","DOORMAT RED RETROSPOT","7","2017-04-24 15:30:00","7.32","16029.0","Belgium","EMEA"
"538677","20685","DOORMAT RED RETROSPOT","11","2017-04-16 13:41:00","7.19","16029.0","USA","AMER"
"538677","84029G","KNITTED UNION FLAG HOT WATER BOTTLE","3","2017-04-16 13:41:00","3.76","16029.0","USA","AMER"
"538678","84029G","KNITTED UNION FLAG HOT WATER BOTTLE","8","2017-04-03 14:05:00","3.83","12583.0","Canada","AMER"
"538678","84029G","KNITTED UNION FLAG HOT WATER BOTTLE","5","2017-04-03 14:05:00","3.44","12583.0","Canada","AMER"
"538678","21730","GLASS STAR FROSTED T-LIGHT HOLDER","4","2017-04-03 14:05:00","4.66","12583.0","Canada","AMER"
"538679","20685","DOORMAT RED RETROSPOT","2","2017-04-08 11:54:00","7.21","14606.0","Belgium","EMEA"
"538679","84029G","KNITTED UNION FLAG HOT WATER BOTTLE","8","2017-04-08 11:54:00","3.32","14606.0","Belgium","EMEA"
"538680","20685","DOORMAT RED RETROSPOT","6","2017-03-21 16:12:00","7.37","16029.0","Spain","EMEA"
"538680","85099B","JUMBO BAG RED RETROSPOT","2","2017-03-21 16:12:00","1.61","16029.0","Spain","EMEA"
"538681","47566","PARTY BUNTING","10","2017-03-03 14:49:00","5.34","14606.0","France","EMEA"
"538681","85099B","JUMBO BAG RED RETROSPOT","2","2017-03-03 14:49:00","2.02","14606.0","France","EMEA"
"538682","22752","SET 7 BABUSHKA NESTING BOXES","1","2017-03-21 12:50:00","7.74","14096.0","Belgium","EMEA"
"538682","84406B","CREAM CUPID HEARTS COAT HANGER","9","2017-03-21 12:50:00","2.96","14096.0","Belgium","EMEA"
"538683","84029E","RED WOOLLY HOTTIE WHITE HEART","4","2017-03-29 12:17:00","3.33","17809.0","Germany","EMEA"
"538683","84029G","KNITTED UNION FLAG HOT WATER BOTTLE","9","2017-03-29 12:17:00","3.32","17809.0","Germany","EMEA"
"538683","85123A","WHITE HANGING HEART T-LIGHT HOLDER","6","2017-03-29 12:17:00","2.52","17809.0","Germany","EMEA"
"538684","84029E","RED WOOLLY HOTTIE WHITE HEART","3","2017-04-18 11:33:00","3.7","15291.0","Spain","EMEA"
"538684","84029E","RED WOOLLY HOTTIE WHITE HEART","8","2017-04-18 11:33:00","3.8","15291.0","Spain","EMEA"
"538685","22633","HAND WARMER UNION JACK","2","2017-03-01 09:04:00","1.87","13777.0","France","EMEA"
"538685","47566","PARTY BUNTING","5","2017-03-01 09:04:00","5.18","13777.0","France","EMEA"
"538686","47566","PARTY BUNTING","7","2017-03-06 12:00:00","5.03","14096.0","USA","AMER"
"538686","47566","PARTY BUNTING","6","2017-03-06 12:00:00","5.37","14096.0","USA","AMER"
"538687","84029E","RED WOOLLY HOTTIE WHITE HEART","10","2017-03-17 11:44:00","3.47","17809.0","United Kingdom","EMEA"
"538687","71053","WHITE METAL LANTERN","1","2017-03-17 11:44:00","3.68","17809.0","United Kingdom","EMEA"
"538687","84029G","KNITTED UNION FLAG HOT WATER BOTTLE","6","2017-03-17 11:44:00","3.51","17809.0","United Kingdom","EMEA"
"538688","47566","PARTY BUNTING","3","2017-04-21 13:11:00","5.1","17809.0","France","EMEA"
"538688","21730","GLASS STAR FROSTED T-LIGHT HOLDER","12","2017-04-21 13:11:00","4.7","17809.0","France","EMEA"
"538689","85099B","JUMBO BAG RED RETROSPOT","6","2017-04-28 15:32:00","1.92","16029.0","Spain","EMEA"
"538689","20685","DOORMAT RED RETROSPOT","11","2017-04-28 15:32:00","7.1","16029.0","Spain","EMEA"
"538690","84406B","CREAM CUPID HEARTS COAT HANGER","8","2017-03-30 14:27:00","2.67","14096.0","United Kingdom","EMEA"
"538690","84406B","CREAM CUPID HEARTS COAT HANGER","7","2017-03-30 14:27:00","3.24","14096.0","United Kingdom","EMEA"
"538690","85123A","WHITE HANGING HEART T-LIGHT HOLDER","7","2017-03-30 14:27:00","2.74","14096.0","United Kingdom","EMEA"
"538691","22752","SET 7 BABUSHKA NESTING BOXES","6","2017-04-04 09:52:00","8.07","15311.0","EIRE","EMEA"
"538691","84406B","CREAM CUPID HEARTS COAT HANGER","4","2017-04-04 09:52:00","2.83","15311.0","EIRE","EMEA"
"538691","84406B","CREAM CUPID HEARTS COAT HANGER","7","2017-04-04 09:52:00","2.8","15311.0","EIRE","EMEA"
"538692","22752","SET 7 BABUSHKA NESTING BOXES","9","2017-04-02 10:38:00","7.61","12583.0","USA","AMER"
"538693","85123A","WHITE HANGING HEART T-LIGHT HOLDER","11","2017-04-17 15:20:00","2.63","17850.0","EIRE","EMEA"
"538693","20685","DOORMAT RED RETROSPOT","8","2017-04-17 15:20:00","7.1","17850.0","EIRE","EMEA"
"538693","71053","WHITE METAL LANTERN","2","2017-04-17 15:20:00","3.79","17850.0","EIRE","EMEA"
"538694","22633","HAND WARMER UNION JACK","2","2017-03-08 12:57:00","1.97","15311.0","Belgium","EMEA"
"538694","47566","PARTY BUNTING","3","2017-03-08 12:57:00","5.27","15311.0","Belgium","EMEA"
"538694","21730","GLASS STAR FROSTED T-LIGHT HOLDER","7","2017-03-08 12:57:00","4.71","15311.0","Belgium","EMEA"
"538695","84406B","CREAM CUPID HEARTS COAT HANGER","4","2017-04-16 08:01:00","2.95","17850.0","Canada","AMER"
"538695","85099B","JUMBO BAG RED RETROSPOT","9","2017-04-16 08:01:00","1.76","17850.0","Canada","AMER"
"538695","22632","HAND WARMER RED POLKA DOT","11","2017-04-16 08:01:00","1.76","17850.0","Canada","AMER"
"538696","22632","HAND WARMER RED POLKA DOT","10","2017-04-19 09:11:00","2.17","17850.0","USA","AMER"
"538697","22632","HAND WARMER RED POLKA DOT","12","2017-04-22 11:38:00","2.06","14096.0","Spain","EMEA"
"538698","22632","HAND WARMER RED POLKA DOT","3","2017-04-13 11:28:00","1.89","13777.0","USA","AMER"
"538698","22633","HAND WARMER UNION JACK","9","2017-04-13 11:28:00","1.78","13777.0","USA","AMER"
"538699","71053","WHITE METAL LANTERN","7","2017-03-08 16:59:00","3.37","14096.0","Germany","EMEA"
"538699","20685","DOORMAT RED RETROSPOT","2","2017-03-08 16:59:00","7.03","14096.0","Germany","EMEA"
"538699","22752","SET 7 BABUSHKA NESTING BOXES","11","2017-03-08 16:59:00","7.8","14096.0","Germany","EMEA"
"538700","20685","DOORMAT RED RETROSPOT","9","2017-03-22 13:32:00","7.02","17850.0","EIRE","EMEA"
"538700","20685","DOORMAT RED RETROSPOT","2","2017-03-22 13:32:00","7.54","17850.0","EIRE","EMEA"
"538701","71053","WHITE METAL LANTERN","10","2017-03-26 13:07:00","3.33","15311.0","Belgium","EMEA"
"538701","21730","GLASS STAR FROSTED T-LIGHT HOLDER","7","2017-03-26 13:07:00","4.67","15311.0","Belgium","EMEA"
"538702","21730","GLASS STAR FROSTED T-LIGHT HOLDER","5","2017-04-29 08:15:00","4.18","14606.0","Germany","EMEA"
"538702","21730","GLASS STAR FROSTED T-LIGHT HOLDER","3","2017-04-29 08:15:00","4.32","14606.0","Germany","EMEA"
"538703","22632","HAND WARMER RED POLKA DOT","2","2017-04-20 14:54:00","1.75","14096.0","France","EMEA"
"538704","21730","GLASS STAR FROSTED T-LIGHT HOLDER","6","2017-03-17 14:33:00","4.71","16029.0","Spain","EMEA"
"538705","22752","SET 7 BABUSHKA NESTING BOXES","12","2017-03-18 10:10:00","7.87","17850.0","United Kingdom","EMEA"
"538705","21730","GLASS STAR FROSTED T-LIGHT HOLDER","11","2017-03-18 10:10:00","4.64","17850.0","United Kingdom","EMEA"
"538706","22633","HAND WARMER UNION JACK","12","2017-03-14 10:04:00","2.08","14606.0","Germany","EMEA"
"538707","22632","HAND WARMER RED POLKA DOT","3","2017-04-02 15:25:00","1.81","17809.0","Netherlands","EMEA"
"538708","71053","WHITE METAL LANTERN","10","2017-03-10 14:12:00","3.54","15311.0","USA","AMER"
"538709","22752","SET 7 BABUSHKA NESTING BOXES","2","2017-03-13 10:12:00","7.62","15311.0","Australia","APAC"
"538709","21730","GLASS STAR FROSTED T-LIGHT HOLDER","4","2017-03-13 10:12:00","4.31","15311.0","Australia","APAC"
"538709","22633","HAND WARMER UNION JACK","5","2017-03-13 10:12:00","2.09","15311.0","Australia","APAC"
"538710","85099B","JUMBO BAG RED RETROSPOT","5","2017-04-18 14:05:00","1.57","13777.0","USA","AMER"
"538710","20685","DOORMAT RED RETROSPOT","3","2017-04-18 14:05:00","7.4","13777.0","USA","AMER"
"538710","22632","HAND WARMER RED POLKA DOT","6","2017-04-18 14:05:00","2.01","13777.0","USA","AMER"
"538711","85099B","JUMBO BAG RED RETROSPOT","5","2017-04-02 11:46:00","1.99","16029.0","France","EMEA"
"538711","22632","HAND WARMER RED POLKA DOT","9","2017-04-02 11:46:00","2.17","16029.0","France","EMEA"
"538711","22633","HAND WARMER UNION JACK","6","2017-04-02 11:46:00","2.18","16029.0","France","EMEA"
"538712","22633","HAND WARMER UNION JACK","11","2017-03-29 14:30:00","2.03","17809.0","USA","AMER"
"538713","47566","PARTY BUNTING","6","2017-03-10 16:34:00","5.18","13777.0","Germany","EMEA"
"538713","85099B","JUMBO BAG RED RETROSPOT","11","2017-03-10 16:34:00","2.13","13777.0","Germany","EMEA"
"538714","85099B","JUMBO BAG RED RETROSPOT","3","2017-03-30 09:50:00","1.74","14606.0","Australia","APAC"
"538714","22632","HAND WARMER RED POLKA DOT","4","2017-03-30 09:50:00","1.91","14606.0","Australia","APAC"
"538715","22752","SET 7 BABUSHKA NESTING BOXES","4","2017-03-06 09:37:00","7.75","12583.0","Netherlands","EMEA"
"538715","22633","HAND WARMER UNION JACK","11","2017-03-06 09:37:00","2.06","12583.0","Netherlands","EMEA"
"538716","84406B","CREAM CUPID HEARTS COAT HANGER","3","2017-03-03 14:33:00","2.66","16029.0","Germany","EMEA"
"538717","71053","WHITE METAL LANTERN","6","2017-03-19 12:08:00","3.71","14606.0","USA","AMER"
"538717","84029G","KNITTED UNION FLAG HOT WATER BOTTLE","11","2017-03-19 12:08:00","3.48","14606.0","USA","AMER"
"538718","47566","PARTY BUNTING","10","2017-03-23 10:19:00","5.42","14606.0","EIRE","EMEA"
"538718","20685","DOORMAT RED RETROSPOT","7","2017-03-23 10:19:00","7.1","14606.0","EIRE","EMEA"
"538719","85123A","WHITE HANGING HEART T-LIGHT HOLDER","4","2017-04-11 09:58:00","2.73","14096.0","Netherlands","EMEA"
"538719","22633","HAND WARMER UNION JACK","7","2017-04-11 09:58:00","1.85","14096.0","Netherlands","EMEA"
"538720","22752","SET 7 BABUSHKA NESTING BOXES","10","2017-03-26 09:40:00","7.58","14096.0","Spain","EMEA"
"538720","84406B","CREAM CUPID HEARTS COAT HANGER","5","2017-03-26 09:40:00","2.83","14096.0","Spain","EMEA"
"538720","21730","GLASS STAR FROSTED T-LIGHT HOLDER","3","2017-03-26 09:40:00","4.45","14096.0","Spain","EMEA"
"538721","47566","PARTY BUNTING","6","2017-03-01 14:16:00","4.91","15291.0","EIRE","EMEA"
"538721","84406B","CREAM CUPID HEARTS COAT HANGER","3","2017-03-01 14:16:00","3.13","15291.0","EIRE","EMEA"
"538722","84029G","KNITTED UNION FLAG HOT WATER BOTTLE","12","2017-03-31 08:24:00","3.86","16029.0","Spain","EMEA"
"538722","21730","GLASS STAR FROSTED T-LIGHT HOLDER","11","2017-03-31 08:24:00","4.6","16029.0","Spain","EMEA"
"538723","84406B","CREAM CUPID HEARTS COAT HANGER","11","2017-04-16 09:34:00","3.23","15291.0","Canada","AMER"
"538723","85123A","WHITE HANGING HEART T-LIGHT HOLDER","10","2017-04-16 09:34:00","2.47","15291.0","Canada","AMER"
"538723","22632","HAND WARMER RED POLKA DOT","3","2017-04-16 09:34:00","2.1","15291.0","Canada","AMER"
"538724","84029G","KNITTED UNION FLAG HOT WATER BOTTLE","7","2017-04-25 12:49:00","3.49","13047.0","EIRE","EMEA"
"538724","85123A","WHITE HANGING HEART T-LIGHT HOLDER","4","2017-04-25 12:49:00","2.67","13047.0","EIRE","EMEA"
"538725","22752","SET 7 BABUSHKA NESTING BOXES","3","2017-04-11 10:36:00","7.85","14096.0","Canada","AMER"
"538725","21730","GLASS STAR FROSTED T-LIGHT HOLDER","7","2017-04-11 10:36:00","4.36","14096.0","Canada","AMER"
"538726","84029E","RED WOOLLY HOTTIE WHITE HEART","8","2017-03-14 15:21:00","3.54","13777.0","United Kingdom","EMEA"
"538726","85099B","JUMBO BAG RED RETROSPOT","1","2017-03-14 15:21:00","1.96","13777.0","United Kingdom","EMEA"
"538726","22632","HAND WARMER RED POLKA DOT","4","2017-03-14 15:21:00","2.27","13777.0","United Kingdom","EMEA"
"538727","22752","SET 7 BABUSHKA NESTING BOXES","4","2017-03-26 14:40:00","7.7","17809.0","Spain","EMEA"
"538728","22752","SET 7 BABUSHKA NESTING BOXES","4","2017-03-10 10:34:00","7.94","13047.0","Canada","AMER"
"538729","71053","WHITE METAL LANTERN","6","2017-03-09 09:15:00","3.86","13047.0","USA","AMER"
"538730","47566","PARTY BUNTING","10","2017-03-07 16:34:00","5.43","17809.0","Belgium","EMEA"
"538730","85123A","WHITE HANGING HEART T-LIGHT HOLDER","5","2017-03-07 16:34:00","2.67","17809.0","Belgium","EMEA"
"538730","84406B","CREAM CUPID HEARTS COAT HANGER","2","2017-03-07 16:34:00","3.17","17809.0","Belgium","EMEA"
"538731","85123A","WHITE HANGING HEART T-LIGHT HOLDER","9","2017-03-28 15:38:00","2.87","13047.0","Spain","EMEA"
"538732","47566","PARTY BUNTING","12","2017-04-17 08:29:00","4.87","17809.0","Netherlands","EMEA"
"538732","22752","SET 7 BABUSHKA NESTING BOXES","10","2017-04-17 08:29:00","7.84","17809.0","Netherlands","EMEA"
"538733","84029G","KNITTED UNION FLAG HOT WATER BOTTLE","2","2017-04-27 09:10:00","3.32","16029.0","Australia","APAC"
"538734","21730","GLASS STAR FROSTED T-LIGHT HOLDER","11","2017-04-16 14:15:00","4.71","15311.0","United Kingdom","EMEA"
"538734","85123A","WHITE HANGING HEART T-LIGHT HOLDER","5","2017-04-16 14:15:00","2.94","15311.0","United Kingdom","EMEA"
"538734","84029G","KNITTED UNION FLAG HOT WATER BOTTLE","12","2017-04-16 14:15:00","3.46","15311.0","United Kingdom","EMEA"
"538735","84029G","KNITTED UNION FLAG HOT WATER BOTTLE","7","2017-03-22 13:52:00","3.43","13777.0","Belgium","EMEA"
"538735","84029G","KNITTED UNION FLAG HOT WATER BOTTLE","12","2017-03-22 13:52:00","3.88","13777.0","Belgium","EMEA"
"538736","22752","SET 7 BABUSHKA NESTING BOXES","7","2017-04-28 09:35:00","7.81","13777.0","EIRE","EMEA"
"538737","84406B","CREAM CUPID HEARTS COAT HANGER","4","2017-03-24 09:38:00","2.82","17850.0","Australia","APAC"
"538737","22633","HAND WARMER UNION JACK","7","2017-03-24 09:38:00","2.14","17850.0","Australia","APAC"
"538738","85099B","JUMBO BAG RED RETROSPOT","10","2017-03-23 08:37:00","1.91","15291.0","EIRE","EMEA"
"538739","22752","SET 7 BABUSHKA NESTING BOXES","4","2017-03-01 16:41:00","7.62","15291.0","France","EMEA"
"538739","47566","PARTY BUNTING","8","2017-03-01 16:41:00","5.42","15291.0","France","EMEA"
"538740","71053","WHITE METAL LANTERN","7","2017-03-16 11:35:00","3.6","15311.0","Canada","AMER"
"538740","22632","HAND WARMER RED POLKA DOT","4","2017-03-16 11:35:00","1.95","15311.0","Canada","AMER"
"538741","85123A","WHITE HANGING HEART T-LIGHT HOLDER","8","2017-03-04 11:05:00","2.59","16029.0","Australia","APAC"
"538741","22752","SET 7 BABUSHKA NESTING BOXES","3","2017-03-04 11:05:00","7.56","16029.0","Australia","APAC"
"538742","22752","SET 7 BABUSHKA NESTING BOXES","8","2017-03-07 15:13:00","8.07","14606.0","EIRE","EMEA"
"538742","22632","HAND WARMER RED POLKA DOT","3","2017-03-07 15:13:00","1.75","14606.0","EIRE","EMEA"
"538742","84406B","CREAM CUPID HEARTS COAT HANGER","8","2017-03-07 15:13:00","2.98","14606.0","EIRE","EMEA"
"538743","84029G","KNITTED UNION FLAG HOT WATER BOTTLE","4","2017-04-24 16:42:00","3.69","14096.0","Canada","AMER"
"538744","22633","HAND WARMER UNION JACK","3","2017-03-24 15:53:00","1.89","13777.0","USA","AMER"
"538744","22752","SET 7 BABUSHKA NESTING BOXES","2","2017-03-24 15:53:00","7.97","13777.0","USA","AMER"
"538745","21730","GLASS STAR FROSTED T-LIGHT HOLDER","5","2017-04-20 12:25:00","4.46","13777.0","Belgium","EMEA"
"538745","21730","GLASS STAR FROSTED T-LIGHT HOLDER","1","2017-04-20 12:25:00","4.2","13777.0","Belgium","EMEA"
"538746","20685","DOORMAT RED RETROSPOT","10","2017-04-30 11:03:00","7.12","14096.0","United Kingdom","EMEA"
"538746","85123A","WHITE HANGING HEART T-LIGHT HOLDER","5","2017-04-30 11:03:00","2.93","14096.0","United Kingdom","EMEA"
"538747","85099B","JUMBO BAG RED RETROSPOT","8","2017-04-13 10:05:00","2.14","17850.0","Germany","EMEA"
"538748","47566","PARTY BUNTING","6","2017-03-19 15:52:00","5.22","15291.0","Spain","EMEA"
"538748","85099B","JUMBO BAG RED RETROSPOT","11","2017-03-19 15:52:00","2.0","15291.0","Spain","EMEA"
"538748","85123A","WHITE HANGING HEART T-LIGHT HOLDER","6","2017-03-19 15:52:00","2.51","15291.0","Spain","EMEA"
"538749","20685","DOORMAT RED RETROSPOT","3","2017-03-15 11:20:00","7.58","17850.0","EIRE","EMEA"
"538749","71053","WHITE METAL LANTERN","2","2017-03-15 11:20:00","3.76","17850.0","EIRE","EMEA"
"538749","85099B","JUMBO BAG RED RETROSPOT","5","2017-03-15 11:20:00","2.06","17850.0","EIRE","EMEA"
"538750","22632","HAND WARMER RED POLKA DOT","6","2017-03-16 11:37:00","2.14","17850.0","Netherlands","EMEA"
"538750","84406B","CREAM CUPID HEARTS COAT HANGER","5","2017-03-16 11:37:00","2.82","17850.0","Netherlands","EMEA"
"538751","84029E","RED WOOLLY HOTTIE WHITE HEART","2","2017-03-01 08:04:00","3.62","14606.0","Belgium","EMEA"
"538751","20685","DOORMAT RED RETROSPOT","12","2017-03-01 08:04:00","7.18","14606.0","Belgium","EMEA"
"538752","85099B","JUMBO BAG RED RETROSPOT","12","2017-03-21 15:00:00","2.03","13047.0","Australia","APAC"
"538752","71053","WHITE METAL LANTERN","2","2017-03-21 15:00:00","3.42","13047.0","Australia","APAC"
"538752","47566","PARTY BUNTING","10","2017-03-21 15:00:00","5.17","13047.0","Australia","APAC"
"538753","84406B","CREAM CUPID HEARTS COAT HANGER","3","2017-03-30 15:53:00","2.78","12583.0","USA","AMER"
"538754","22752","SET 7 BABUSHKA NESTING BOXES","8","2017-04-24 11:45:00","7.67","13047.0","EIRE","EMEA"
"538754","84406B","CREAM CUPID HEARTS COAT HANGER","5","2017-04-24 11:45:00","3.22","13047.0","EIRE","EMEA"
"538754","47566","PARTY BUNTING","12","2017-04-24 11:45:00","5.09","13047.0","EIRE","EMEA"
"538755","84029E","RED WOOLLY HOTTIE WHITE HEART","9","2017-03-24 11:01:00","3.32","13777.0","Netherlands","EMEA"
"538755","85099B","JUMBO BAG RED RETROSPOT","1","2017-03-24 11:01:00","1.72","13777.0","Netherlands","EMEA"
"538755","85099B","JUMBO BAG RED RETROSPOT","11","2017-03-24 11:01:00","2.07","13777.0","Netherlands","EMEA"
"538756","85123A","WHITE HANGING HEART T-LIGHT HOLDER","12","2017-03-07 08:36:00","2.52","17850.0","Australia","APAC"
"538756","85123A","WHITE HANGING HEART T-LIGHT HOLDER","10","2017-03-07 08:36:00","2.59","17850.0","Australia","APAC"
"538757","22632","HAND WARMER RED POLKA DOT","8","2017-03-22 10:31:00","1.97","15291.0","Germany","EMEA"
"538757","85123A","WHITE HANGING HEART T-LIGHT HOLDER","5","2017-03-22 10:31:00","2.56","15291.0","Germany","EMEA"
"538758","22633","HAND WARMER UNION JACK","3","2017-04-02 12:27:00","2.04","15291.0","Spain","EMEA"
"538759","84406B","CREAM CUPID HEARTS COAT HANGER","3","2017-04-28 08:55:00","2.67","17850.0","Belgium","EMEA"
"538759","20685","DOORMAT RED RETROSPOT","7","2017-04-28 08:55:00","7.19","17850.0","Belgium","EMEA"
"538759","47566","PARTY BUNTING","4","2017-04-28 08:55:00","5.2","17850.0","Belgium","EMEA"
"538760","22632","HAND WARMER RED POLKA DOT","5","2017-03-24 14:11:00","1.84","12583.0","Spain","EMEA"
"538761","22752","SET 7 BABUSHKA NESTING BOXES","6","2017-04-16 15:28:00","7.78","14606.0","Australia","APAC"
"538761","85099B","JUMBO BAG RED RETROSPOT","9","2017-04-16 15:28:00","2.1","14606.0","Australia","APAC"
"538761","84029E","RED WOOLLY HOTTIE WHITE HEART","7","2017-04-16 15:28:00","3.89","14606.0","Australia","APAC"
"538762","22752","SET 7 BABUSHKA NESTING BOXES","5","2017-03-20 16:51:00","7.68","17850.0","Australia","APAC"
"538763","22633","HAND WARMER UNION JACK","10","2017-03-06 13:33:00","1.82","13047.0","Netherlands","EMEA"
"538763","21730","GLASS STAR FROSTED T-LIGHT HOLDER","3","2017-03-06 13:33:00","4.44","13047.0","Netherlands","EMEA"
"538763","84406B","CREAM CUPID HEARTS COAT HANGER","11","2017-03-06 13:33:00","2.65","13047.0","Netherlands","EMEA"
"538764","71053","WHITE METAL LANTERN","11","2017-03-18 13:09:00","3.47","15291.0","Netherlands","EMEA"
"538765","21730","GLASS STAR FROSTED T-LIGHT HOLDER","4","2017-04-11 10:57:00","4.55","13777.0","Belgium","EMEA"
"538765","21730","GLASS STAR FROSTED T-LIGHT HOLDER","2","2017-04-11 10:57:00","4.52","13777.0","Belgium","EMEA"
"538766","84029E","RED WOOLLY HOTTIE WHITE HEART","2","2017-04-14 11:20:00","3.77","13047.0","United Kingdom","EMEA"
"538766","20685","DOORMAT RED RETROSPOT","7","2017-04-14 11:20:00","7.51","13047.0","United Kingdom","EMEA"
"538767","71053","WHITE METAL LANTERN","5","2017-04-21 11:07:00","3.74","13777.0","France","EMEA"
"538767","22632","HAND WARMER RED POLKA DOT","1","2017-04-21 11:07:00","2.22","13777.0","France","EMEA"
"538767","84029E","RED WOOLLY HOTTIE WHITE HEART","1","2017-04-21 11:07:00","3.33","13777.0","France","EMEA"
"538768","22752","SET 7 BABUSHKA NESTING BOXES","5","2017-04-06 15:37:00","7.75","12583.0","Netherlands","EMEA"
"538768","85099B","JUMBO BAG RED RETROSPOT","11","2017-04-06 15:37:00","1.58","12583.0","Netherlands","EMEA"
"538769","22633","HAND WARMER UNION JACK","7","2017-04-04 16:15:00","1.88","17809.0","Australia","APAC"
"538769","22632","HAND WARMER RED POLKA DOT","6","2017-04-04 16:15:00","2.14","17809.0","Australia","APAC"
"538769","85099B","JUMBO BAG RED RETROSPOT","2","2017-04-04 16:15:00","1.57","17809.0","Australia","APAC"
"538770","84029G","KNITTED UNION FLAG HOT WATER BOTTLE","2","2017-04-03 08:16:00","3.45","16029.0","Australia","APAC"
"538770","84029E","RED WOOLLY HOTTIE WHITE HEART","10","2017-04-03 08:16:00","3.47","16029.0","Australia","APAC"
"538770","20685","DOORMAT RED RETROSPOT","6","2017-04-03 08:16:00","7.0","16029.0","Australia","APAC"
"538771","47566","PARTY BUNTING","4","2017-03-24 15:48:00","5.17","12583.0","Germany","EMEA"
"538771","22632","HAND WARMER RED POLKA DOT","11","2017-03-24 15:48:00","1.95","12583.0","Germany","EMEA"
"538772","22633","HAND WARMER UNION JACK","7","2017-03-03 11:46:00","1.86","12583.0","Germany","EMEA"
"538772","22633","HAND WARMER UNION JACK","11","2017-03-03 11:46:00","1.77","12583.0","Germany","EMEA"
"538773","84029E","RED WOOLLY HOTTIE WHITE HEART","8","2017-04-25 14:13:00","3.4","16029.0","Australia","APAC"
"538773","85099B","JUMBO BAG RED RETROSPOT","8","2017-04-25 14:13:00","1.72","16029.0","Australia","APAC"
"538773","47566","PARTY BUNTING","6","2017-04-25 14:13:00","4.86","16029.0","Australia","APAC"
"538774","47566","PARTY BUNTING","9","2017-03-28 14:24:00","5.18","17850.0","USA","AMER"
"538774","47566","PARTY BUNTING","9","2017-03-28 14:24:00","4.86","17850.0","USA","AMER"
"538775","84029G","KNITTED UNION FLAG HOT WATER BOTTLE","8","2017-03-07 13:22:00","3.86","17809.0","Spain","EMEA"
"538775","84029E","RED WOOLLY HOTTIE WHITE HEART","1","2017-03-07 13:22:00","3.31","17809.0","Spain","EMEA"
"538775","85099B","JUMBO BAG RED RETROSPOT","8","2017-03-07 13:22:00","1.79","17809.0","Spain","EMEA"
"538776","71053","WHITE METAL LANTERN","4","2017-04-24 11:18:00","3.68","15291.0","Netherlands","EMEA"
"538776","85099B","JUMBO BAG RED RETROSPOT","11","2017-04-24 11:18:00","1.68","15291.0","Netherlands","EMEA"
"538776","84029E","RED WOOLLY HOTTIE WHITE HEART","11","2017-04-24 11:18:00","3.69","15291.0","Netherlands","EMEA"
"538777","22633","HAND WARMER UNION JACK","7","2017-03-03 16:59:00","2.11","12583.0","Germany","EMEA"
"538777","84029E","RED WOOLLY HOTTIE WHITE HEART","2","2017-03-03 16:59:00","3.6","12583.0","Germany","EMEA"
"538777","85099B","JUMBO BAG RED RETROSPOT","3","2017-03-03 16:59:00","1.74","12583.0","Germany","EMEA"
"538778","21730","GLASS STAR FROSTED T-LIGHT HOLDER","9","2017-03-06 13:59:00","4.19","17809.0","Germany","EMEA"
"538778","20685","DOORMAT RED RETROSPOT","2","2017-03-06 13:59:00","7.15","17809.0","Germany","EMEA"
"538779","84029E","RED WOOLLY HOTTIE WHITE HEART","9","2017-04-19 12:58:00","3.51","15291.0","EIRE","EMEA"
"538779","22632","HAND WARMER RED POLKA DOT","7","2017-04-19 12:58:00","2.08","15291.0","EIRE","EMEA"
"538780","84406B","CREAM CUPID HEARTS COAT HANGER","3","2017-03-15 15:40:00","2.69","17850.0","EIRE","EMEA"
"538781","84029G","KNITTED UNION FLAG HOT WATER BOTTLE","11","2017-03-11 10:48:00","3.67","15311.0","United Kingdom","EMEA"
"538782","22632","HAND WARMER RED POLKA DOT","8","2017-04-26 12:09:00","2.22","13047.0","Australia","APAC"
"538782","84029E","RED WOOLLY HOTTIE WHITE HEART","9","2017-04-26 12:09:00","3.79","13047.0","Australia","APAC"
"538782","71053","WHITE METAL LANTERN","7","2017-04-26 12:09:00","3.42","13047.0","Australia","APAC"
"538783","84029G","KNITTED UNION FLAG HOT WATER BOTTLE","10","2017-04-12 15:42:00","3.64","12583.0","United Kingdom","EMEA"
"538783","22752","SET 7 BABUSHKA NESTING BOXES","6","2017-04-12 15:42:00","8.0","12583.0","United Kingdom","EMEA"
"538783","20685","DOORMAT RED RETROSPOT","6","2017-04-12 15:42:00","7.14","12583.0","United Kingdom","EMEA"
"538784","85099B","JUMBO BAG RED RETROSPOT","2","2017-03-03 09:27:00","1.8","13047.0","France","EMEA"
"538785","84029G","KNITTED UNION FLAG HOT WATER BOTTLE","8","2017-04-24 12:58:00","3.81","14096.0","Australia","APAC"
"538785","47566","PARTY BUNTING","2","2017-04-24 12:58:00","5.16","14096.0","Australia","APAC"
"538785","84029E","RED WOOLLY HOTTIE WHITE HEART","10","2017-04-24 12:58:00","3.46","14096.0","Australia","APAC"
"538786","22632","HAND WARMER RED POLKA DOT","5","2017-04-06 16:33:00","2.02","15291.0","Belgium","EMEA"
"538786","47566","PARTY BUNTING","12","2017-04-06 16:33:00","5.24","15291.0","Belgium","EMEA"
"538787","22632","HAND WARMER RED POLKA DOT","11","2017-04-08 10:07:00","2.01","15311.0","Spain","EMEA"
"538787","84029E","RED WOOLLY HOTTIE WHITE HEART","4","2017-04-08 10:07:00","3.38","15311.0","Spain","EMEA"
"538788","84029E","RED WOOLLY HOTTIE WHITE HEART","9","2017-03-11 14:32:00","3.29","15291.0","Netherlands","EMEA"
"538788","84029E","RED WOOLLY HOTTIE WHITE HEART","11","2017-03-11 14:32:00","3.44","15291.0","Netherlands","EMEA"
"538788","20685","DOORMAT RED RETROSPOT","12","2017-03-11 14:32:00","7.57","15291.0","Netherlands","EMEA"
"538789","20685","DOORMAT RED RETROSPOT","4","2017-04-27 09:50:00","7.08","13047.0","United Kingdom","EMEA"
"538789","22633","HAND WARMER UNION JACK","11","2017-04-27 09:50:00","2.11","13047.0","United Kingdom","EMEA"
"538790","71053","WHITE METAL LANTERN","8","2017-03-06 10:22:00","3.4","17809.0","France","EMEA"
"538790","84029G","KNITTED UNION FLAG HOT WATER BOTTLE","12","2017-03-06 10:22:00","3.86","17809.0","France","EMEA"
"538790","22752","SET 7 BABUSHKA NESTING BOXES","8","2017-03-06 10:22:00","7.87","17809.0","France","EMEA"
"538791","71053","WHITE METAL LANTERN","6","2017-04-04 15:50:00","3.77","14606.0","France","EMEA"
"538791","71053","WHITE METAL LANTERN","7","2017-04-04 15:50:00","3.72","14606.0","France","EMEA"
"538792","47566","PARTY BUNTING","8","2017-03-20 16:14:00","4.87","13047.0","Australia","APAC"
"538793","21730","GLASS STAR FROSTED T-LIGHT HOLDER","4","2017-04-19 08:20:00","4.68","15291.0","EIRE","EMEA"
"538794","47566","PARTY BUNTING","3","2017-03-21 13:49:00","4.99","17809.0","Belgium","EMEA"
"538795","85123A","WHITE HANGING HEART T-LIGHT HOLDER","5","2017-03-28 13:39:00","2.83","15311.0","Germany","EMEA"
"538795","84029E","RED WOOLLY HOTTIE WHITE HEART","6","2017-03-28 13:39:00","3.82","15311.0","Germany","EMEA"
"538795","20685","DOORMAT RED RETROSPOT","8","2017-03-28 13:39:00","7.31","15311.0","Germany","EMEA"
"538796","22752","SET 7 BABUSHKA NESTING BOXES","7","2017-03-10 10:45:00","7.6","17809.0","Netherlands","EMEA"
"538796","22632","HAND WARMER RED POLKA DOT","1","2017-03-10 10:45:00","2.13","17809.0","Netherlands","EMEA"
"538796","22633","HAND WARMER UNION JACK","10","2017-03-10 10:45:00","2.02","17809.0","Netherlands","EMEA"
"538797","71053","WHITE METAL LANTERN","5","2017-04-06 16:19:00","3.77","15291.0","Belgium","EMEA"
"538797","84029E","RED WOOLLY HOTTIE WHITE HEART","8","2017-04-06 16:19:00","3.4","15291.0","Belgium","EMEA"
"538798","85099B","JUMBO BAG RED RETROSPOT","3","2017-04-23 10:57:00","1.58","15291.0","United Kingdom","EMEA"
"538798","84029G","KNITTED UNION FLAG HOT WATER BOTTLE","8","2017-04-23 10:57:00","3.32","15291.0","United Kingdom","EMEA"
"538798","85099B","JUMBO BAG RED RETROSPOT","10","2017-04-23 10:57:00","1.84","15291.0","United Kingdom","EMEA"
"538799","84406B","CREAM CUPID HEARTS COAT HANGER","7","2017-03-08 08:51:00","2.85","14096.0","Netherlands","EMEA"
"538799","84406B","CREAM CUPID HEARTS COAT HANGER","1","2017-03-08 08:51:00","2.82","14096.0","Netherlands","EMEA"
"538799","84406B","CREAM CUPID HEARTS COAT HANGER","3","2017-03-08 08:51:00","2.97","14096.0","Netherlands","EMEA"
"538800","71053","WHITE METAL LANTERN","8","2017-03-02 11:44:00","3.57","16029.0","Canada","AMER"
"538800","47566","PARTY BUNTING","2","2017-03-02 11:44:00","5.19","16029.0","Canada","AMER"
"538801","85123A","WHITE HANGING HEART T-LIGHT HOLDER","11","2017-03-16 13:25:00","2.76","13047.0","Spain","EMEA"
"538801","22633","HAND WARMER UNION JACK","6","2017-03-16 13:25:00","1.87","13047.0","Spain","EMEA"
"538801","84406B","CREAM CUPID HEARTS COAT HANGER","2","2017-03-16 13:25:00","2.66","13047.0","Spain","EMEA"
"538802","21730","GLASS STAR FROSTED T-LIGHT HOLDER","2","2017-03-02 13:48:00","4.44","13777.0","USA","AMER"
"538802","85099B","JUMBO BAG RED RETROSPOT","8","2017-03-02 13:48:00","1.9","13777.0","USA","AMER"
"538802","22633","HAND WARMER UNION JACK","4","2017-03-02 13:48:00","2.3","13777.0","USA","AMER"
"538803","47566","PARTY BUNTING","12","2017-04-21 10:15:00","5.04","14096.0","Australia","APAC"
"538803","47566","PARTY BUNTING","11","2017-04-21 10:15:00","5.32","14096.0","Australia","APAC"
"538803","47566","PARTY BUNTING","11","2017-04-21 10:15:00","4.96","14096.0","Australia","APAC"
"538804","71053","WHITE METAL LANTERN","11","2017-03-18 08:21:00","3.88","16029.0","USA","AMER"
"538804","22632","HAND WARMER RED POLKA DOT","5","2017-03-18 08:21:00","2.3","16029.0","USA","AMER"
"538804","84029G","KNITTED UNION FLAG HOT WATER BOTTLE","5","2017-03-18 08:21:00","3.7","16029.0","USA","AMER"
"538805","85099B","JUMBO BAG RED RETROSPOT","9","2017-03-11 16:48:00","1.83","14096.0","Belgium","EMEA"
"538805","84029E","RED WOOLLY HOTTIE WHITE HEART","2","2017-03-11 16:48:00","3.63","14096.0","Belgium","EMEA"
"538806","21730","GLASS STAR FROSTED T-LIGHT HOLDER","9","2017-04-13 14:05:00","4.56","14096.0","France","EMEA"
"538806","21730","GLASS STAR FROSTED T-LIGHT HOLDER","5","2017-04-13 14:05:00","4.66","14096.0","France","EMEA"
"538807","84406B","CREAM CUPID HEARTS COAT HANGER","4","2017-04-29 13:16:00","2.78","17850.0","United Kingdom","EMEA"
"538808","47566","PARTY BUNTING","8","2017-03-23 11:29:00","4.92","13777.0","Belgium","EMEA"
"538809","22633","HAND WARMER UNION JACK","8","2017-04-24 08:57:00","1.87","12583.0","Belgium","EMEA"
"538810","22632","HAND WARMER RED POLKA DOT","11","2017-03-05 14:49:00","2.24","12583.0","France","EMEA"
"538810","85099B","JUMBO BAG RED RETROSPOT","5","2017-03-05 14:49:00","2.1","12583.0","France","EMEA"
"538811","84029G","KNITTED UNION FLAG HOT WATER BOTTLE","6","2017-03-30 13:24:00","3.45","13777.0","France","EMEA"
"538811","21730","GLASS STAR FROSTED T-LIGHT HOLDER","7","2017-03-30 13:24:00","4.31","13777.0","France","EMEA"
"538811","84029E","RED WOOLLY HOTTIE WHITE HEART","5","2017-03-30 13:24:00","3.41","13777.0","France","EMEA"
"538812","85099B","JUMBO BAG RED RETROSPOT","6","2017-04-19 10:16:00","1.82","16029.0","Australia","APAC"
"538813","85099B","JUMBO BAG RED RETROSPOT","12","2017-03-09 08:08:00","1.79","16029.0","Spain","EMEA"
"538813","84029E","RED WOOLLY HOTTIE WHITE HEART","5","2017-03-09 08:08:00","3.7","16029.0","Spain","EMEA"
"538813","22632","HAND WARMER RED POLKA DOT","2","2017-03-09 08:08:00","1.97","16029.0","Spain","EMEA"
"538814","22752","SET 7 BABUSHKA NESTING BOXES","5","2017-03-15 14:45:00","7.94","17850.0","Canada","AMER"
"538814","84406B","CREAM CUPID HEARTS COAT HANGER","2","2017-03-15 14:45:00","2.94","17850.0","Canada","AMER"
"538814","22633","HAND WARMER UNION JACK","12","2017-03-15 14:45:00","1.77","17850.0","Canada","AMER"
"538815","84029E","RED WOOLLY HOTTIE WHITE HEART","11","2017-04-12 10:59:00","3.81","14096.0","Spain","EMEA"
"538815","47566","PARTY BUNTING","3","2017-04-12 10:59:00","5.26","14096.0","Spain","EMEA"
"538815","22633","HAND WARMER UNION JACK","9","2017-04-12 10:59:00","2.04","14096.0","Spain","EMEA"
"538816","22633","HAND WARMER UNION JACK","3","2017-03-13 09:11:00","2.14","16029.0","Australia","APAC"
"538816","47566","PARTY BUNTING","9","2017-03-13 09:11:00","5.0","16029.0","Australia","APAC"
"538816","20685","DOORMAT RED RETROSPOT","4","2017-03-13 09:11:00","7.57","16029.0","Australia","APAC"
"538817","47566","PARTY BUNTING","8","2017-03-30 11:42:00","5.19","14096.0","Netherlands","EMEA"
"538818","85123A","WHITE HANGING HEART T-LIGHT HOLDER","1","2017-04-21 13:49:00","2.92","13047.0","Belgium","EMEA"
"538818","71053","WHITE METAL LANTERN","9","2017-04-21 13:49:00","3.37","13047.0","Belgium","EMEA"
"538818","21730","GLASS STAR FROSTED T-LIGHT HOLDER","2","2017-04-21 13:49:00","4.25","13047.0","Belgium","EMEA"
"538819","84406B","CREAM CUPID HEARTS COAT HANGER","2","2017-03-21 13:04:00","3.08","17809.0","Canada","AMER"
"538820","21730","GLASS STAR FROSTED T-LIGHT HOLDER","8","2017-04-19 08:41:00","4.29","16029.0","Canada","AMER"
"538820","71053","WHITE METAL LANTERN","10","2017-04-19 08:41:00","3.56","16029.0","Canada","AMER"
"538821","22633","HAND WARMER UNION JACK","8","2017-04-13 14:39:00","2.15","17809.0","Spain","EMEA"
"538821","85123A","WHITE HANGING HEART T-LIGHT HOLDER","10","2017-04-13 14:39:00","2.59","17809.0","Spain","EMEA"
"538822","22632","HAND WARMER RED POLKA DOT","3","2017-03-03 15:06:00","1.96","12583.0","United Kingdom","EMEA"
"538823","20685","DOORMAT RED RETROSPOT","8","2017-04-08 12:56:00","7.38","15291.0","Netherlands","EMEA"
"538823","22633","HAND WARMER UNION JACK","9","2017-04-08 12:56:00","2.17","15291.0","Netherlands","EMEA"
"538824","85123A","WHITE HANGING HEART T-LIGHT HOLDER","1","2017-03-12 13:24:00","2.84","15291.0","United Kingdom","EMEA"
"538824","21730","GLASS STAR FROSTED T-LIGHT HOLDER","11","2017-03-12 13:24:00","4.65","15291.0","United Kingdom","EMEA"
"538825","84029G","KNITTED UNION FLAG HOT WATER BOTTLE","8","2017-03-18 14:24:00","3.79","17850.0","Germany","EMEA"
"538826","22752","SET 7 BABUSHKA NESTING BOXES","5","2017-04-21 13:00:00","7.61","14096.0","Germany","EMEA"
"538826","71053","WHITE METAL LANTERN","7","2017-04-21 13:00:00","3.82","14096.0","Germany","EMEA"
"538826","84029E","RED WOOLLY HOTTIE WHITE HEART","2","2017-04-21 13:00:00","3.3","14096.0","Germany","EMEA"
"538827","71053","WHITE METAL LANTERN","5","2017-04-24 16:02:00","3.33","15291.0","Australia","APAC"
"538828","84029E","RED WOOLLY HOTTIE WHITE HEART","9","2017-04-30 14:42:00","3.4","13777.0","Spain","EMEA"
"538829","22633","HAND WARMER UNION JACK","8","2017-03-22 10:13:00","2.07","13777.0","France","EMEA"
"538830","47566","PARTY BUNTING","7","2017-04-06 15:32:00","5.39","13047.0","Germany","EMEA"
"538831","84406B","CREAM CUPID HEARTS COAT HANGER","1","2017-04-16 10:04:00","2.87","13777.0","USA","AMER"
"538831","85099B","JUMBO BAG RED RETROSPOT","8","2017-04-16 10:04:00","2.1","13777.0","USA","AMER"
"538831","22633","HAND WARMER UNION JACK","10","2017-04-16 10:04:00","2.33","13777.0","USA","AMER"
"538832","22632","HAND WARMER RED POLKA DOT","1","2017-03-21 14:07:00","2.06","17850.0","Canada","AMER"
"538833","22752","SET 7 BABUSHKA NESTING BOXES","11","2017-03-01 12:26:00","7.68","13777.0","EIRE","EMEA"
"538833","22633","HAND WARMER UNION JACK","4","2017-03-01 12:26:00","2.0","13777.0","EIRE","EMEA"
"538833","22633","HAND WARMER UNION JACK","5","2017-03-01 12:26:00","2.35","13777.0","EIRE","EMEA"
"538834","22752","SET 7 BABUSHKA NESTING BOXES","6","2017-03-04 14:31:00","7.68","13777.0","Germany","EMEA"
"538834","22632","HAND WARMER RED POLKA DOT","4","2017-03-04 14:31:00","2.3","13777.0","Germany","EMEA"
"538834","20685","DOORMAT RED RETROSPOT","8","2017-03-04 14:31:00","7.35","13777.0","Germany","EMEA"
"538835","85099B","JUMBO BAG RED RETROSPOT","7","2017-03-04 08:20:00","1.73","15291.0","EIRE","EMEA"
"538835","85123A","WHITE HANGING HEART T-LIGHT HOLDER","3","2017-03-04 08:20:00","2.82","15291.0","EIRE","EMEA"
"538835","20685","DOORMAT RED RETROSPOT","3","2017-03-04 08:20:00","7.25","15291.0","EIRE","EMEA"
"538836","47566","PARTY BUNTING","3","2017-03-04 09:46:00","5.2","16029.0","Canada","AMER"
"538836","20685","DOORMAT RED RETROSPOT","8","2017-03-04 09:46:00","7.44","16029.0","Canada","AMER"
"538836","71053","WHITE METAL LANTERN","7","2017-03-04 09:46:00","3.74","16029.0","Canada","AMER"
"538837","84029G","KNITTED UNION FLAG HOT WATER BOTTLE","9","2017-03-18 13:03:00","3.44","15311.0","Belgium","EMEA"
"538837","20685","DOORMAT RED RETROSPOT","6","2017-03-18 13:03:00","7.26","15311.0","Belgium","EMEA"
"538838","21730","GLASS STAR FROSTED T-LIGHT HOLDER","1","2017-03-23 10:47:00","4.43","14096.0","Canada","AMER"
"538838","22632","HAND WARMER RED POLKA DOT","12","2017-03-23 10:47:00","1.82","14096.0","Canada","AMER"
"538838","84406B","CREAM CUPID HEARTS COAT HANGER","9","2017-03-23 10:47:00","2.94","14096.0","Canada","AMER"
"538839","71053","WHITE METAL LANTERN","5","2017-03-27 10:51:00","3.55","13777.0","Netherlands","EMEA"
"538839","21730","GLASS STAR FROSTED T-LIGHT HOLDER","1","2017-03-27 10:51:00","4.32","13777.0","Netherlands","EMEA"
"538840","21730","GLASS STAR FROSTED T-LIGHT HOLDER","7","2017-04-12 12:46:00","4.28","14096.0","Canada","AMER"
"538841","71053","WHITE METAL LANTERN","9","2017-03-26 13:55:00","3.55","15291.0","Belgium","EMEA"
"538841","20685","DOORMAT RED RETROSPOT","4","2017-03-26 13:55:00","7.28","15291.0","Belgium","EMEA"
"538841","22632","HAND WARMER RED POLKA DOT","8","2017-03-26 13:55:00","2.33","15291.0","Belgium","EMEA"
"538842","85123A","WHITE HANGING HEART T-LIGHT HOLDER","4","2017-03-14 16:25:00","2.74","13047.0","United Kingdom","EMEA"
"538842","85099B","JUMBO BAG RED RETROSPOT","5","2017-03-14 16:25:00","1.71","13047.0","United Kingdom","EMEA"
"538842","22633","HAND WARMER UNION JACK","7","2017-03-14 16:25:00","2.01","13047.0","United Kingdom","EMEA"
"538843","20685","DOORMAT RED RETROSPOT","3","2017-04-08 14:28:00","7.08","15291.0","Canada","AMER"
"538843","21730","GLASS STAR FROSTED T-LIGHT HOLDER","6","2017-04-08 14:28:00","4.16","15291.0","Canada","AMER"
"538844","22632","HAND WARMER RED POLKA DOT","12","2017-03-21 16:26:00","1.98","15291.0","USA","AMER"
"538844","84406B","CREAM CUPID HEARTS COAT HANGER","5","2017-03-21 16:26:00","3.09","15291.0","USA","AMER"
"538845","84029E","RED WOOLLY HOTTIE WHITE HEART","6","2017-04-27 12:03:00","3.45","15311.0","Germany","EMEA"
"538846","20685","DOORMAT RED RETROSPOT","12","2017-04-01 09:19:00","7.0","17809.0","Spain","EMEA"
"538846","22632","HAND WARMER RED POLKA DOT","11","2017-04-01 09:19:00","1.89","17809.0","Spain","EMEA"
"538847","22633","HAND WARMER UNION JACK","3","2017-04-11 11:52:00","1.85","14606.0","USA","AMER"
"538847","22632","HAND WARMER RED POLKA DOT","2","2017-04-11 11:52:00","1.8","14606.0","USA","AMER"
"538848","84029E","RED WOOLLY HOTTIE WHITE HEART","2","2017-03-21 08:11:00","3.87","15311.0","Canada","AMER"
"538848","22633","HAND WARMER UNION JACK","7","2017-03-21 08:11:00","1.88","15311.0","Canada","AMER"
"538849","21730","GLASS STAR FROSTED T-LIGHT HOLDER","11","2017-03-03 16:09:00","4.47","16029.0","Germany","EMEA"
"538849","22632","HAND WARMER RED POLKA DOT","1","2017-03-03 16:09:00","1.96","16029.0","Germany","EMEA"
"538850","22752","SET 7 BABUSHKA NESTING BOXES","11","2017-04-13 14:09:00","7.92","17850.0","France","EMEA"
"538850","71053","WHITE METAL LANTERN","5","2017-04-13 14:09:00","3.76","17850.0","France","EMEA"
"538850","85099B","JUMBO BAG RED RETROSPOT","11","2017-04-13 14:09:00","1.97","17850.0","France","EMEA"
"538851","22632","HAND WARMER RED POLKA DOT","11","2017-03-16 11:10:00","2.05","14606.0","United Kingdom","EMEA"
"538852","47566","PARTY BUNTING","6","2017-04-02 14:33:00","5.34","13047.0","EIRE","EMEA"
"538852","22633","HAND WARMER UNION JACK","2","2017-04-02 14:33:00","2.13","13047.0","EIRE","EMEA"
"538853","20685","DOORMAT RED RETROSPOT","12","2017-04-23 09:36:00","7.11","15291.0","Spain","EMEA"
"538853","21730","GLASS STAR FROSTED T-LIGHT HOLDER","3","2017-04-23 09:36:00","4.48","15291.0","Spain","EMEA"
"538854","84029E","RED WOOLLY HOTTIE WHITE HEART","3","2017-04-12 09:48:00","3.49","13047.0","USA","AMER"
"538854","22752","SET 7 BABUSHKA NESTING BOXES","4","2017-04-12 09:48:00","8.1","13047.0","USA","AMER"
"538854","84406B","CREAM CUPID HEARTS COAT HANGER","5","2017-04-12 09:48:00","2.82","13047.0","USA","AMER"
"538855","21730","GLASS STAR FROSTED T-LIGHT HOLDER","10","2017-04-27 10:23:00","4.62","13777.0","Spain","EMEA"
"538855","84406B","CREAM CUPID HEARTS COAT HANGER","7","2017-04-27 10:23:00","3.02","13777.0","Spain","EMEA"
"538855","85099B","JUMBO BAG RED RETROSPOT","9","2017-04-27 10:23:00","1.85","13777.0","Spain","EMEA"
"538856","22632","HAND WARMER RED POLKA DOT","3","2017-03-20 08:18:00","2.28","15291.0","United Kingdom","EMEA"
"538857","85099B","JUMBO BAG RED RETROSPOT","3","2017-03-19 11:21:00","1.97","17850.0","EIRE","EMEA"
"538857","84029G","KNITTED UNION FLAG HOT WATER BOTTLE","6","2017-03-19 11:21:00","3.85","17850.0","EIRE","EMEA"
"538857","22752","SET 7 BABUSHKA NESTING BOXES","4","2017-03-19 11:21:00","8.1","17850.0","EIRE","EMEA"
"538858","85099B","JUMBO BAG RED RETROSPOT","4","2017-04-04 10:49:00","1.92","17809.0","Australia","APAC"
"538858","22632","HAND WARMER RED POLKA DOT","9","2017-04-04 10:49:00","1.9","17809.0","Australia","APAC"
"538859","20685","DOORMAT RED RETROSPOT","2","2017-03-08 12:03:00","7.26","14096.0","Belgium","EMEA"
"538859","84406B","CREAM CUPID HEARTS COAT HANGER","6","2017-03-08 12:03:00","3.17","14096.0","Belgium","EMEA"
"538860","85099B","JUMBO BAG RED RETROSPOT","2","2017-04-13 13:56:00","1.69","16029.0","Belgium","EMEA"
"538861","84029E","RED WOOLLY HOTTIE WHITE HEART","1","2017-04-13 15:45:00","3.6","14606.0","United Kingdom","EMEA"
"538861","85123A","WHITE HANGING HEART T-LIGHT HOLDER","9","2017-04-13 15:45:00","2.85","14606.0","United Kingdom","EMEA"
"538861","71053","WHITE METAL LANTERN","11","2017-04-13 15:45:00","3.34","14606.0","United Kingdom","EMEA"
"538862","71053","WHITE METAL LANTERN","10","2017-04-16 09:41:00","3.85","14606.0","France","EMEA"
"538862","47566","PARTY BUNTING","5","2017-04-16 09:41:00","5.33","14606.0","France","EMEA"
"538862","47566","PARTY BUNTING","3","2017-04-16 09:41:00","5.26","14606.0","France","EMEA"
"538863","85123A","WHITE HANGING HEART T-LIGHT HOLDER","11","2017-04-06 12:08:00","2.65","17809.0","Netherlands","EMEA"
"538863","71053","WHITE METAL LANTERN","11","2017-04-06 12:08:00","3.71","17809.0","Netherlands","EMEA"
"538864","85123A","WHITE HANGING HEART T-LIGHT HOLDER","7","2017-03-05 14:10:00","2.58","14606.0","USA","AMER"
"538864","20685","DOORMAT RED RETROSPOT","6","2017-03-05 14:10:00","7.21","14606.0","USA","AMER"
"538865","22632","HAND WARMER RED POLKA DOT","10","2017-03-06 09:41:00","1.8","14096.0","USA","AMER"
"538866","47566","PARTY BUNTING","2","2017-04-21 09:00:00","5.07","12583.0","Spain","EMEA"
"538866","20685","DOORMAT RED RETROSPOT","11","2017-04-21 09:00:00","7.24","12583.0","Spain","EMEA"
"538866","84029E","RED WOOLLY HOTTIE WHITE HEART","1","2017-04-21 09:00:00","3.75","12583.0","Spain","EMEA"
"538867","22633","HAND WARMER UNION JACK","12","2017-04-21 12:24:00","2.15","16029.0","Germany","EMEA"
"538868","22752","SET 7 BABUSHKA NESTING BOXES","1","2017-03-08 09:45:00","8.14","14096.0","USA","AMER"
"538868","85123A","WHITE HANGING HEART T-LIGHT HOLDER","9","2017-03-08 09:45:00","2.45","14096.0","USA","AMER"
"538868","71053","WHITE METAL LANTERN","4","2017-03-08 09:45:00","3.55","14096.0","USA","AMER"
"538869","84029G","KNITTED UNION FLAG HOT WATER BOTTLE","3","2017-04-14 10:59:00","3.33","14606.0","Spain","EMEA"
"538869","71053","WHITE METAL LANTERN","11","2017-04-14 10:59:00","3.88","14606.0","Spain","EMEA"
"538869","84029E","RED WOOLLY HOTTIE WHITE HEART","12","2017-04-14 10:59:00","3.4","14606.0","Spain","EMEA"
"538870","22752","SET 7 BABUSHKA NESTING BOXES","3","2017-03-31 11:58:00","8.08","17850.0","EIRE","EMEA"
"538870","84029E","RED WOOLLY HOTTIE WHITE HEART","2","2017-03-31 11:58:00","3.44","17850.0","EIRE","EMEA"
"538871","20685","DOORMAT RED RETROSPOT","9","2017-03-02 15:43:00","7.51","15311.0","Netherlands","EMEA"
"538872","22752","SET 7 BABUSHKA NESTING BOXES","8","2017-03-15 09:53:00","7.91","17850.0","United Kingdom","EMEA"
"538873","20685","DOORMAT RED RETROSPOT","9","2017-04-03 14:04:00","7.09","15311.0","United Kingdom","EMEA"
"538874","71053","WHITE METAL LANTERN","4","2017-03-08 12:41:00","3.3","14096.0","Belgium","EMEA"
"538875","20685","DOORMAT RED RETROSPOT","3","2017-03-05 09:28:00","7.44","14096.0","Netherlands","EMEA"
"538875","47566","PARTY BUNTING","2","2017-03-05 09:28:00","5.01","14096.0","Netherlands","EMEA"
"538875","22632","HAND WARMER RED POLKA DOT","11","2017-03-05 09:28:00","2.17","14096.0","Netherlands","EMEA"
"538876","22633","HAND WARMER UNION JACK","7","2017-03-17 12:07:00","2.1","13777.0","Netherlands","EMEA"
"538877","22633","HAND WARMER UNION JACK","8","2017-04-23 12:00:00","1.98","17809.0","Belgium","EMEA"
"538878","85123A","WHITE HANGING HEART T-LIGHT HOLDER","4","2017-04-08 11:14:00","2.8","14606.0","Spain","EMEA"
"538878","84029G","KNITTED UNION FLAG HOT WATER BOTTLE","3","2017-04-08 11:14:00","3.7","14606.0","Spain","EMEA"
"538879","22633","HAND WARMER UNION JACK","6","2017-04-18 09:49:00","1.86","17809.0","Australia","APAC"
"538880","22633","HAND WARMER UNION JACK","7","2017-03-05 16:09:00","1.76","17850.0","Australia","APAC"
"538881","21730","GLASS STAR FROSTED T-LIGHT HOLDER","6","2017-04-08 08:03:00","4.56","14606.0","Netherlands","EMEA"
"538881","47566","PARTY BUNTING","2","2017-04-08 08:03:00","5.33","14606.0","Netherlands","EMEA"
"538881","20685","DOORMAT RED RETROSPOT","3","2017-04-08 08:03:00","7.51","14606.0","Netherlands","EMEA"
"538882","22752","SET 7 BABUSHKA NESTING BOXES","5","2017-04-27 14:01:00","7.73","14606.0","Spain","EMEA"
"538883","85099B","JUMBO BAG RED RETROSPOT","9","2017-03-24 16:03:00","2.09","12583.0","Belgium","EMEA"
"538883","22752","SET 7 BABUSHKA NESTING BOXES","8","2017-03-24 16:03:00","7.81","12583.0","Belgium","EMEA"
"538883","84406B","CREAM CUPID HEARTS COAT HANGER","7","2017-03-24 16:03:00","2.95","12583.0","Belgium","EMEA"
"538884","22752","SET 7 BABUSHKA NESTING BOXES","9","2017-04-21 10:36:00","8.04","13047.0","France","EMEA"
"538884","85099B","JUMBO BAG RED RETROSPOT","1","2017-04-21 10:36:00","1.64","13047.0","France","EMEA"
"538885","84029E","RED WOOLLY HOTTIE WHITE HEART","9","2017-04-06 08:03:00","3.77","17809.0","Canada","AMER"
"538886","84029G","KNITTED UNION FLAG HOT WATER BOTTLE","5","2017-03-10 08:58:00","3.73","17809.0","Belgium","EMEA"
"538886","20685","DOORMAT RED RETROSPOT","8","2017-03-10 08:58:00","7.42","17809.0","Belgium","EMEA"
"538887","84029G","KNITTED UNION FLAG HOT WATER BOTTLE","1","2017-04-11 10:52:00","3.74","13777.0","Germany","EMEA"
"538887","85123A","WHITE HANGING HEART T-LIGHT HOLDER","2","2017-04-11 10:52:00","2.87","13777.0","Germany","EMEA"
"538888","22632","HAND WARMER RED POLKA DOT","8","2017-03-30 14:06:00","2.07","15311.0","United Kingdom","EMEA"
"538888","47566","PARTY BUNTING","10","2017-03-30 14:06:00","5.34","15311.0","United Kingdom","EMEA"
"538888","84029E","RED WOOLLY HOTTIE WHITE HEART","7","2017-03-30 14:06:00","3.54","15311.0","United Kingdom","EMEA"
"538889","84029G","KNITTED UNION FLAG HOT WATER BOTTLE","9","2017-04-22 09:48:00","3.74","13777.0","Belgium","EMEA"
"538889","71053","WHITE METAL LANTERN","2","2017-04-22 09:48:00","3.47","13777.0","Belgium","EMEA"
"538890","84406B","CREAM CUPID HEARTS COAT HANGER","7","2017-04-29 09:39:00","3.04","14606.0","Germany","EMEA"
"538890","84029G","KNITTED UNION FLAG HOT WATER BOTTLE","8","2017-04-29 09:39:00","3.6","14606.0","Germany","EMEA"
"538890","20685","DOORMAT RED RETROSPOT","8","2017-04-29 09:39:00","7.53","14606.0","Germany","EMEA"
"538891","47566","PARTY BUNTING","2","2017-04-19 16:14:00","5.15","17850.0","Belgium","EMEA"
"538891","47566","PARTY BUNTING","4","2017-04-19 16:14:00","4.95","17850.0","Belgium","EMEA"
"538891","22633","HAND WARMER UNION JACK","7","2017-04-19 16:14:00","1.83","17850.0","Belgium","EMEA"
"538892","71053","WHITE METAL LANTERN","8","2017-04-08 15:39:00","3.36","14606.0","Netherlands","EMEA"
"538893","20685","DOORMAT RED RETROSPOT","11","2017-03-17 13:05:00","7.46","14096.0","United Kingdom","EMEA"
"538893","85123A","WHITE HANGING HEART T-LIGHT HOLDER","5","2017-03-17 13:05:00","2.74","14096.0","United Kingdom","EMEA"
"538893","22633","HAND WARMER UNION JACK","1","2017-03-17 13:05:00","2.28","14096.0","United Kingdom","EMEA"
"538894","84029G","KNITTED UNION FLAG HOT WATER BOTTLE","11","2017-03-22 16:15:00","3.64","12583.0","Belgium","EMEA"
"538894","85099B","JUMBO BAG RED RETROSPOT","4","2017-03-22 16:15:00","1.57","12583.0","Belgium","EMEA"
"538895","84406B","CREAM CUPID HEARTS COAT HANGER","6","2017-03-24 13:58:00","2.85","15311.0","Netherlands","EMEA"
"538895","22752","SET 7 BABUSHKA NESTING BOXES","1","2017-03-24 13:58:00","7.91","15311.0","Netherlands","EMEA"
"538896","22632","HAND WARMER RED POLKA DOT","12","2017-03-25 12:00:00","2.27","12583.0","Canada","AMER"
"538896","71053","WHITE METAL LANTERN","3","2017-03-25 12:00:00","3.5","12583.0","Canada","AMER"
"538897","71053","WHITE METAL LANTERN","2","2017-03-15 16:15:00","3.34","15311.0","Spain","EMEA"
"538898","85123A","WHITE HANGING HEART T-LIGHT HOLDER","4","2017-04-17 15:07:00","2.97","17809.0","Germany","EMEA"
"538898","85123A","WHITE HANGING HEART T-LIGHT HOLDER","1","2017-04-17 15:07:00","2.95","17809.0","Germany","EMEA"
"538898","85123A","WHITE HANGING HEART T-LIGHT HOLDER","2","2017-04-17 15:07:00","2.75","17809.0","Germany","EMEA"
"538899","85123A","WHITE HANGING HEART T-LIGHT HOLDER","12","2017-04-10 10:21:00","2.77","14606.0","Belgium","EMEA"
"538899","85123A","WHITE HANGING HEART T-LIGHT HOLDER","6","2017-04-10 10:21:00","2.96","14606.0","Belgium","EMEA"
"538900","22632","HAND WARMER RED POLKA DOT","2","2017-03-03 16:56:00","2.1","12583.0","Germany","EMEA"
"538900","20685","DOORMAT RED RETROSPOT","8","2017-03-03 16:56:00","7.24","12583.0","Germany","EMEA"
"538900","85123A","WHITE HANGING HEART T-LIGHT HOLDER","3","2017-03-03 16:56:00","2.76","12583.0","Germany","EMEA"
"538901","22632","HAND WARMER RED POLKA DOT","1","2017-04-23 13:42:00","2.1","17809.0","Netherlands","EMEA"
"538902","84406B","CREAM CUPID HEARTS COAT HANGER","10","2017-03-09 10:14:00","3.08","14096.0","USA","AMER"
"538902","84029E","RED WOOLLY HOTTIE WHITE HEART","7","2017-03-09 10:14:00","3.77","14096.0","USA","AMER"
"538902","21730","GLASS STAR FROSTED T-LIGHT HOLDER","7","2017-03-09 10:14:00","4.55","14096.0","USA","AMER"
"538903","84029E","RED WOOLLY HOTTIE WHITE HEART","1","2017-03-26 09:22:00","3.75","16029.0","Spain","EMEA"
"538903","22752","SET 7 BABUSHKA NESTING BOXES","8","2017-03-26 09:22:00","7.63","16029.0","Spain","EMEA"
"538904","71053","WHITE METAL LANTERN","3","2017-04-05 13:13:00","3.3","14606.0","Australia","APAC"
"538905","85099B","JUMBO BAG RED RETROSPOT","4","2017-03-13 12:32:00","1.7","15311.0","United Kingdom","EMEA"
"538905","20685","DOORMAT RED RETROSPOT","4","2017-03-13 12:32:00","7.29","15311.0","United Kingdom","EMEA"
"538905","20685","DOORMAT RED RETROSPOT","10","2017-03-13 12:32:00","7.45","15311.0","United Kingdom","EMEA"
"538906","22633","HAND WARMER UNION JACK","10","2017-04-12 09:15:00","2.21","13777.0","Australia","APAC"
"538907","84029E","RED WOOLLY HOTTIE WHITE HEART","3","2017-03-04 14:15:00","3.39","13047.0","USA","AMER"
"538907","84029G","KNITTED UNION FLAG HOT WATER BOTTLE","9","2017-03-04 14:15:00","3.73","13047.0","USA","AMER"
"538907","22632","HAND WARMER RED POLKA DOT","7","2017-03-04 14:15:00","1.75","13047.0","USA","AMER"
"538908","21730","GLASS STAR FROSTED T-LIGHT HOLDER","1","2017-03-29 09:59:00","4.63","12583.0","Germany","EMEA"
"538908","84029G","KNITTED UNION FLAG HOT WATER BOTTLE","1","2017-03-29 09:59:00","3.44","12583.0","Germany","EMEA"
"538908","22632","HAND WARMER RED POLKA DOT","8","2017-03-29 09:59:00","1.92","12583.0","Germany","EMEA"
"538909","85123A","WHITE HANGING HEART T-LIGHT HOLDER","7","2017-04-02 11:30:00","2.73","13047.0","Canada","AMER"
"538909","84406B","CREAM CUPID HEARTS COAT HANGER","6","2017-04-02 11:30:00","2.85","13047.0","Canada","AMER"
"538909","84029E","RED WOOLLY HOTTIE WHITE HEART","11","2017-04-02 11:30:00","3.88","13047.0","Canada","AMER"
"538910","71053","WHITE METAL LANTERN","3","2017-03-05 08:02:00","3.64","15291.0","Spain","EMEA"
"538911","84406B","CREAM CUPID HEARTS COAT HANGER","10","2017-04-19 16:02:00","3.0","17809.0","Germany","EMEA"
"538911","85123A","WHITE HANGING HEART T-LIGHT HOLDER","5","2017-04-19 16:02:00","2.53","17809.0","Germany","EMEA"
"538911","20685","DOORMAT RED RETROSPOT","5","2017-04-19 16:02:00","7.2","17809.0","Germany","EMEA"
"538912","21730","GLASS STAR FROSTED T-LIGHT HOLDER","3","2017-04-05 10:28:00","4.7","13047.0","USA","AMER"
"538913","84029G","KNITTED UNION FLAG HOT WATER BOTTLE","5","2017-03-18 13:35:00","3.88","17850.0","Spain","EMEA"
"538914","22633","HAND WARMER UNION JACK","9","2017-04-29 10:42:00","2.09","13047.0","Germany","EMEA"
"538914","21730","GLASS STAR FROSTED T-LIGHT HOLDER","8","2017-04-29 10:42:00","4.36","13047.0","Germany","EMEA"
"538915","47566","PARTY BUNTING","12","2017-04-06 09:56:00","4.91","17809.0","USA","AMER"
"538916","21730","GLASS STAR FROSTED T-LIGHT HOLDER","1","2017-04-19 09:50:00","4.16","15291.0","United Kingdom","EMEA"
"538916","84029E","RED WOOLLY HOTTIE WHITE HEART","8","2017-04-19 09:50:00","3.84","15291.0","United Kingdom","EMEA"
"538916","21730","GLASS STAR FROSTED T-LIGHT HOLDER","5","2017-04-19 09:50:00","4.71","15291.0","United Kingdom","EMEA"
"538917","22752","SET 7 BABUSHKA NESTING BOXES","1","2017-04-11 08:15:00","7.76","16029.0","France","EMEA"
"538917","47566","PARTY BUNTING","8","2017-04-11 08:15:00","4.99","16029.0","France","EMEA"
"538917","22632","HAND WARMER RED POLKA DOT","5","2017-04-11 08:15:00","2.07","16029.0","France","EMEA"
"538918","71053","WHITE METAL LANTERN","6","2017-03-06 14:08:00","3.88","12583.0","EIRE","EMEA"
"538919","85123A","WHITE HANGING HEART T-LIGHT HOLDER","4","2017-04-22 13:36:00","2.88","13777.0","Canada","AMER"
"538919","85123A","WHITE HANGING HEART T-LIGHT HOLDER","3","2017-04-22 13:36:00","2.6","13777.0","Canada","AMER"
"538919","84029G","KNITTED UNION FLAG HOT WATER BOTTLE","10","2017-04-22 13:36:00","3.72","13777.0","Canada","AMER"
"538920","84029E","RED WOOLLY HOTTIE WHITE HEART","11","2017-04-08 10:30:00","3.6","16029.0","Canada","AMER"
"538921","20685","DOORMAT RED RETROSPOT","6","2017-04-29 12:32:00","7.23","17850.0","Germany","EMEA"
"538921","85123A","WHITE HANGING HEART T-LIGHT HOLDER","12","2017-04-29 12:32:00","2.69","17850.0","Germany","EMEA"
"538922","84029G","KNITTED UNION FLAG HOT WATER BOTTLE","2","2017-04-28 14:30:00","3.8","14096.0","Spain","EMEA"
"538922","22632","HAND WARMER RED POLKA DOT","2","2017-04-28 14:30:00","2.12","14096.0","Spain","EMEA"
"538922","84406B","CREAM CUPID HEARTS COAT HANGER","7","2017-04-28 14:30:00","3.1","14096.0","Spain","EMEA"
"538923","84406B","CREAM CUPID HEARTS COAT HANGER","5","2017-04-21 12:22:00","2.86","17850.0","France","EMEA"
"538924","85123A","WHITE HANGING HEART T-LIGHT HOLDER","9","2017-03-20 09:39:00","2.93","14606.0","Spain","EMEA"
"538925","84029E","RED WOOLLY HOTTIE WHITE HEART","4","2017-03-27 13:28:00","3.44","17809.0","Belgium","EMEA"
"538925","47566","PARTY BUNTING","12","2017-03-27 13:28:00","4.87","17809.0","Belgium","EMEA"
"538925","47566","PARTY BUNTING","1","2017-03-27 13:28:00","4.91","17809.0","Belgium","EMEA"
"538926","21730","GLASS STAR FROSTED T-LIGHT HOLDER","2","2017-04-23 16:01:00","4.19","15311.0","Spain","EMEA"
"538927","22633","HAND WARMER UNION JACK","1","2017-03-29 09:01:00","2.26","14606.0","USA","AMER"
"538927","84029E","RED WOOLLY HOTTIE WHITE HEART","11","2017-03-29 09:01:00","3.74","14606.0","USA","AMER"
"538927","84029G","KNITTED UNION FLAG HOT WATER BOTTLE","12","2017-03-29 09:01:00","3.3","14606.0","USA","AMER"
"538928","84406B","CREAM CUPID HEARTS COAT HANGER","8","2017-04-19 11:51:00","2.85","14606.0","Australia","APAC"
"538928","84029G","KNITTED UNION FLAG HOT WATER BOTTLE","2","2017-04-19 11:51:00","3.79","14606.0","Australia","APAC"
"538928","71053","WHITE METAL LANTERN","8","2017-04-19 11:51:00","3.72","14606.0","Australia","APAC"
"538929","22632","HAND WARMER RED POLKA DOT","8","2017-03-07 12:52:00","2.32","13777.0","EIRE","EMEA"
"538929","84029E","RED WOOLLY HOTTIE WHITE HEART","3","2017-03-07 12:52:00","3.58","13777.0","EIRE","EMEA"
"538930","85123A","WHITE HANGING HEART T-LIGHT HOLDER","11","2017-03-21 09:47:00","2.78","17809.0","Belgium","EMEA"
"538930","20685","DOORMAT RED RETROSPOT","6","2017-03-21 09:47:00","7.15","17809.0","Belgium","EMEA"
"538930","20685","DOORMAT RED RETROSPOT","2","2017-03-21 09:47:00","7.19","17809.0","Belgium","EMEA"
"538931","84029E","RED WOOLLY HOTTIE WHITE HEART","10","2017-03-22 10:26:00","3.8","16029.0","Canada","AMER"
"538932","22633","HAND WARMER UNION JACK","11","2017-03-26 14:04:00","1.93","13047.0","EIRE","EMEA"
"538932","84029E","RED WOOLLY HOTTIE WHITE HEART","10","2017-03-26 14:04:00","3.69","13047.0","EIRE","EMEA"
"538932","84406B","CREAM CUPID HEARTS COAT HANGER","5","2017-03-26 14:04:00","2.9","13047.0","EIRE","EMEA"
"538933","85099B","JUMBO BAG RED RETROSPOT","4","2017-03-07 10:13:00","1.8","12583.0","Germany","EMEA"
"538933","21730","GLASS STAR FROSTED T-LIGHT HOLDER","3","2017-03-07 10:13:00","4.17","12583.0","Germany","EMEA"
"538934","47566","PARTY BUNTING","2","2017-03-08 16:03:00","5.22","16029.0","Australia","APAC"
"538935","21730","GLASS STAR FROSTED T-LIGHT HOLDER","9","2017-03-22 09:56:00","4.5","15311.0","EIRE","EMEA"
"538935","21730","GLASS STAR FROSTED T-LIGHT HOLDER","3","2017-03-22 09:56:00","4.42","15311.0","EIRE","EMEA"
"538935","84029E","RED WOOLLY HOTTIE WHITE HEART","9","2017-03-22 09:56:00","3.37","15311.0","EIRE","EMEA"
"538936","71053","WHITE METAL LANTERN","8","2017-03-04 12:14:00","3.6","15311.0","USA","AMER"
"538936","84406B","CREAM CUPID HEARTS COAT HANGER","1","2017-03-04 12:14:00","2.91","15311.0","USA","AMER"
"538936","21730","GLASS STAR FROSTED T-LIGHT HOLDER","2","2017-03-04 12:14:00","4.56","15311.0","USA","AMER"
"538937","71053","WHITE METAL LANTERN","4","2017-04-05 09:50:00","3.58","14096.0","France","EMEA"
"538937","21730","GLASS STAR FROSTED T-LIGHT HOLDER","12","2017-04-05 09:50:00","4.43","14096.0","France","EMEA"
"538937","71053","WHITE METAL LANTERN","11","2017-04-05 09:50:00","3.56","14096.0","France","EMEA"
"538938","84029G","KNITTED UNION FLAG HOT WATER BOTTLE","11","2017-03-20 13:02:00","3.59","15311.0","EIRE","EMEA"
"538938","84029E","RED WOOLLY HOTTIE WHITE HEART","8","2017-03-20 13:02:00","3.55","15311.0","EIRE","EMEA"
"538938","22752","SET 7 BABUSHKA NESTING BOXES","11","2017-03-20 13:02:00","7.9","15311.0","EIRE","EMEA"
"538939","84406B","CREAM CUPID HEARTS COAT HANGER","2","2017-03-19 13:59:00","2.91","15291.0","Spain","EMEA"
"538940","22632","HAND WARMER RED POLKA DOT","12","2017-03-14 10:26:00","2.26","12583.0","France","EMEA"
"538941","71053","WHITE METAL LANTERN","5","2017-03-10 08:27:00","3.33","12583.0","Belgium","EMEA"
"538941","71053","WHITE METAL LANTERN","7","2017-03-10 08:27:00","3.47","12583.0","Belgium","EMEA"
"538941","84406B","CREAM CUPID HEARTS COAT HANGER","3","2017-03-10 08:27:00","2.67","12583.0","Belgium","EMEA"
"538942","85123A","WHITE HANGING HEART T-LIGHT HOLDER","7","2017-04-01 09:07:00","2.57","13047.0","Canada","AMER"
"538942","84029E","RED WOOLLY HOTTIE WHITE HEART","1","2017-04-01 09:07:00","3.59","13047.0","Canada","AMER"
"538943","22632","HAND WARMER RED POLKA DOT","10","2017-03-21 16:15:00","2.09","15291.0","EIRE","EMEA"
"538943","84029G","KNITTED UNION FLAG HOT WATER BOTTLE","4","2017-03-21 16:15:00","3.47","15291.0","EIRE","EMEA"
"538944","84029E","RED WOOLLY HOTTIE WHITE HEART","4","2017-03-24 08:55:00","3.5","13777.0","USA","AMER"
"538944","22633","HAND WARMER UNION JACK","2","2017-03-24 08:55:00","1.93","13777.0","USA","AMER"
"538944","71053","WHITE METAL LANTERN","8","2017-03-24 08:55:00","3.43","13777.0","USA","AMER"
"538945","71053","WHITE METAL LANTERN","12","2017-03-03 12:50:00","3.47","15311.0","Australia","APAC"
"538946","84029E","RED WOOLLY HOTTIE WHITE HEART","12","2017-04-08 10:16:00","3.7","16029.0","France","EMEA"
"538946","71053","WHITE METAL LANTERN","7","2017-04-08 10:16:00","3.67","16029.0","France","EMEA"
"538946","84029E","RED WOOLLY HOTTIE WHITE HEART","2","2017-04-08 10:16:00","3.89","16029.0","France","EMEA"
"538947","47566","PARTY BUNTING","4","2017-03-28 12:01:00","5.2","15291.0","Spain","EMEA"
"538948","84406B","CREAM CUPID HEARTS COAT HANGER","1","2017-03-31 12:14:00","2.82","13047.0","Netherlands","EMEA"
"538949","84029G","KNITTED UNION FLAG HOT WATER BOTTLE","9","2017-03-23 13:29:00","3.56","14606.0","EIRE","EMEA"
"538949","84029E","RED WOOLLY HOTTIE WHITE HEART","3","2017-03-23 13:29:00","3.83","14606.0","EIRE","EMEA"
"538950","22752","SET 7 BABUSHKA NESTING BOXES","11","2017-03-04 08:54:00","7.8","17809.0","Australia","APAC"
"538951","22633","HAND WARMER UNION JACK","3","2017-04-21 14:40:00","2.13","14096.0","Canada","AMER"
"538951","20685","DOORMAT RED RETROSPOT","5","2017-04-21 14:40:00","7.34","14096.0","Canada","AMER"
"538951","85123A","WHITE HANGING HEART T-LIGHT HOLDER","7","2017-04-21 14:40:00","2.9","14096.0","Canada","AMER"
"538952","84029E","RED WOOLLY HOTTIE WHITE HEART","6","2017-04-01 14:45:00","3.53","15311.0","Canada","AMER"
"538953","84029G","KNITTED UNION FLAG HOT WATER BOTTLE","9","2017-03-06 10:56:00","3.64","12583.0","Germany","EMEA"
"538953","22633","HAND WARMER UNION JACK","1","2017-03-06 10:56:00","2.22","12583.0","Germany","EMEA"
"538954","84029E","RED WOOLLY HOTTIE WHITE HEART","9","2017-03-01 11:18:00","3.7","13777.0","USA","AMER"
"538954","84029G","KNITTED UNION FLAG HOT WATER BOTTLE","8","2017-03-01 11:18:00","3.33","13777.0","USA","AMER"
"538954","71053","WHITE METAL LANTERN","10","2017-03-01 11:18:00","3.82","13777.0","USA","AMER"
"538955","84029G","KNITTED UNION FLAG HOT WATER BOTTLE","12","2017-04-09 12:05:00","3.37","17809.0","Canada","AMER"
"538955","22633","HAND WARMER UNION JACK","12","2017-04-09 12:05:00","1.89","17809.0","Canada","AMER"
"538956","71053","WHITE METAL LANTERN","11","2017-03-26 09:51:00","3.73","15311.0","EIRE","EMEA"
"538956","84029E","RED WOOLLY HOTTIE WHITE HEART","8","2017-03-26 09:51:00","3.66","15311.0","EIRE","EMEA"
"538956","47566","PARTY BUNTING","5","2017-03-26 09:51:00","5.41","15311.0","EIRE","EMEA"
"538957","22632","HAND WARMER RED POLKA DOT","5","2017-03-22 12:02:00","2.33","17809.0","Canada","AMER"
"538957","71053","WHITE METAL LANTERN","9","2017-03-22 12:02:00","3.34","17809.0","Canada","AMER"
"538958","84406B","CREAM CUPID HEARTS COAT HANGER","7","2017-03-07 11:07:00","2.68","17850.0","United Kingdom","EMEA"
"538958","84029G","KNITTED UNION FLAG HOT WATER BOTTLE","5","2017-03-07 11:07:00","3.45","17850.0","United Kingdom","EMEA"
"538959","71053","WHITE METAL LANTERN","6","2017-04-14 10:05:00","3.77","13047.0","EIRE","EMEA"
"538959","21730","GLASS STAR FROSTED T-LIGHT HOLDER","9","2017-04-14 10:05:00","4.4","13047.0","EIRE","EMEA"
"538959","84029G","KNITTED UNION FLAG HOT WATER BOTTLE","9","2017-04-14 10:05:00","3.84","13047.0","EIRE","EMEA"
"538960","22632","HAND WARMER RED POLKA DOT","12","2017-04-08 09:22:00","1.8","17850.0","Canada","AMER"
"538960","85123A","WHITE HANGING HEART T-LIGHT HOLDER","7","2017-04-08 09:22:00","2.57","17850.0","Canada","AMER"
"538961","20685","DOORMAT RED RETROSPOT","11","2017-04-26 15:14:00","7.15","13777.0","Australia","APAC"
"538962","20685","DOORMAT RED RETROSPOT","11","2017-04-10 12:25:00","7.46","13047.0","France","EMEA"
"538963","85099B","JUMBO BAG RED RETROSPOT","5","2017-03-23 12:40:00","1.71","14606.0","United Kingdom","EMEA"
"538963","22632","HAND WARMER RED POLKA DOT","5","2017-03-23 12:40:00","2.07","14606.0","United Kingdom","EMEA"
"538964","22752","SET 7 BABUSHKA NESTING BOXES","4","2017-03-11 14:12:00","7.6","15291.0","Australia","APAC"
"538964","21730","GLASS STAR FROSTED T-LIGHT HOLDER","3","2017-03-11 14:12:00","4.56","15291.0","Australia","APAC"
"538965","85123A","WHITE HANGING HEART T-LIGHT HOLDER","7","2017-04-12 13:25:00","2.87","15311.0","Australia","APAC"
"538966","22632","HAND WARMER RED POLKA DOT","9","2017-03-11 16:57:00","2.14","13777.0","Canada","AMER"
"538966","22752","SET 7 BABUSHKA NESTING BOXES","10","2017-03-11 16:57:00","7.82","13777.0","Canada","AMER"
"538967","22752","SET 7 BABUSHKA NESTING BOXES","12","2017-04-02 11:16:00","8.05","14096.0","USA","AMER"
"538968","22752","SET 7 BABUSHKA NESTING BOXES","3","2017-03-12 09:10:00","8.11","13777.0","France","EMEA"
"538968","22633","HAND WARMER UNION JACK","1","2017-03-12 09:10:00","1.75","13777.0","France","EMEA"
"538968","47566","PARTY BUNTING","9","2017-03-12 09:10:00","4.88","13777.0","France","EMEA"
"538969","22752","SET 7 BABUSHKA NESTING BOXES","12","2017-04-21 10:59:00","7.67","12583.0","Belgium","EMEA"
"538970","22752","SET 7 BABUSHKA NESTING BOXES","11","2017-03-14 13:16:00","7.83","17850.0","EIRE","EMEA"
"538970","85099B","JUMBO BAG RED RETROSPOT","5","2017-03-14 13:16:00","1.9","17850.0","EIRE","EMEA"
"538971","22632","HAND WARMER RED POLKA DOT","9","2017-03-09 10:20:00","2.02","14606.0","France","EMEA"
"538971","84406B","CREAM CUPID HEARTS COAT HANGER","3","2017-03-09 10:20:00","2.91","14606.0","France","EMEA"
"538971","22752","SET 7 BABUSHKA NESTING BOXES","5","2017-03-09 10:20:00","7.57","14606.0","France","EMEA"
"538972","84406B","CREAM CUPID HEARTS COAT HANGER","6","2017-04-04 12:36:00","2.72","17850.0","Belgium","EMEA"
"538972","22632","HAND WARMER RED POLKA DOT","10","2017-04-04 12:36:00","2.08","17850.0","Belgium","EMEA"
"538972","21730","GLASS STAR FROSTED T-LIGHT HOLDER","3","2017-04-04 12:36:00","4.26","17850.0","Belgium","EMEA"
"538973","84029G","KNITTED UNION FLAG HOT WATER BOTTLE","3","2017-03-15 09:59:00","3.83","15291.0","Spain","EMEA"
"538973","21730","GLASS STAR FROSTED T-LIGHT HOLDER","1","2017-03-15 09:59:00","4.46","15291.0","Spain","EMEA"
"538973","22633","HAND WARMER UNION JACK","6","2017-03-15 09:59:00","2.18","15291.0","Spain","EMEA"
"538974","71053","WHITE METAL LANTERN","10","2017-04-24 11:23:00","3.76","13047.0","USA","AMER"
"538974","21730","GLASS STAR FROSTED T-LIGHT HOLDER","10","2017-04-24 11:23:00","4.29","13047.0","USA","AMER"
"538974","22633","HAND WARMER UNION JACK","8","2017-04-24 11:23:00","2.05","13047.0","USA","AMER"
"538975","85099B","JUMBO BAG RED RETROSPOT","8","2017-03-02 09:08:00","1.55","13777.0","Netherlands","EMEA"
"538976","71053","WHITE METAL LANTERN","10","2017-04-21 14:16:00","3.74","13777.0","Germany","EMEA"
"538976","85123A","WHITE HANGING HEART T-LIGHT HOLDER","9","2017-04-21 14:16:00","2.64","13777.0","Germany","EMEA"
"538976","84029E","RED WOOLLY HOTTIE WHITE HEART","12","2017-04-21 14:16:00","3.32","13777.0","Germany","EMEA"
"538977","84406B","CREAM CUPID HEARTS COAT HANGER","9","2017-03-24 08:51:00","3.09","13047.0","United Kingdom","EMEA"
"538977","22752","SET 7 BABUSHKA NESTING BOXES","12","2017-03-24 08:51:00","7.82","13047.0","United Kingdom","EMEA"
"538978","84406B","CREAM CUPID HEARTS COAT HANGER","3","2017-03-29 16:30:00","3.24","13047.0","United Kingdom","EMEA"
"538979","22633","HAND WARMER UNION JACK","4","2017-04-05 16:45:00","2.28","12583.0","Australia","APAC"
"538979","85099B","JUMBO BAG RED RETROSPOT","2","2017-04-05 16:45:00","2.06","12583.0","Australia","APAC"
"538979","47566","PARTY BUNTING","8","2017-04-05 16:45:00","5.13","12583.0","Australia","APAC"
"538980","47566","PARTY BUNTING","3","2017-04-06 09:19:00","5.45","13777.0","EIRE","EMEA"
"538980","85099B","JUMBO BAG RED RETROSPOT","3","2017-04-06 09:19:00","2.02","13777.0","EIRE","EMEA"
"538981","47566","PARTY BUNTING","5","2017-04-17 10:15:00","5.09","15311.0","France","EMEA"
"538982","85099B","JUMBO BAG RED RETROSPOT","7","2017-04-29 11:32:00","1.59","15291.0","United Kingdom","EMEA"
"538983","20685","DOORMAT RED RETROSPOT","2","2017-03-01 08:34:00","7.42","16029.0","France","EMEA"
"538983","84029E","RED WOOLLY HOTTIE WHITE HEART","8","2017-03-01 08:34:00","3.6","16029.0","France","EMEA"
"538983","21730","GLASS STAR FROSTED T-LIGHT HOLDER","1","2017-03-01 08:34:00","4.7","16029.0","France","EMEA"
"538984","84406B","CREAM CUPID HEARTS COAT HANGER","5","2017-03-21 11:00:00","2.77","15311.0","Netherlands","EMEA"
"538984","84029E","RED WOOLLY HOTTIE WHITE HEART","3","2017-03-21 11:00:00","3.76","15311.0","Netherlands","EMEA"
"538985","47566","PARTY BUNTING","8","2017-03-06 15:20:00","5.34","15291.0","Netherlands","EMEA"
"538985","22752","SET 7 BABUSHKA NESTING BOXES","6","2017-03-06 15:20:00","7.7","15291.0","Netherlands","EMEA"
"538985","84029G","KNITTED UNION FLAG HOT WATER BOTTLE","4","2017-03-06 15:20:00","3.65","15291.0","Netherlands","EMEA"
"538986","84029G","KNITTED UNION FLAG HOT WATER BOTTLE","2","2017-04-17 15:41:00","3.46","13777.0","USA","AMER"
"538986","84406B","CREAM CUPID HEARTS COAT HANGER","5","2017-04-17 15:41:00","3.01","13777.0","USA","AMER"
"538986","84029E","RED WOOLLY HOTTIE WHITE HEART","3","2017-04-17 15:41:00","3.47","13777.0","USA","AMER"
"538987","22633","HAND WARMER UNION JACK","11","2017-04-14 08:28:00","1.78","15311.0","Spain","EMEA"
"538987","20685","DOORMAT RED RETROSPOT","8","2017-04-14 08:28:00","7.05","15311.0","Spain","EMEA"
"538988","84029G","KNITTED UNION FLAG HOT WATER BOTTLE","9","2017-03-20 11:34:00","3.48","16029.0","Canada","AMER"
"538988","85099B","JUMBO BAG RED RETROSPOT","10","2017-03-20 11:34:00","2.14","16029.0","Canada","AMER"
"538989","20685","DOORMAT RED RETROSPOT","6","2017-03-27 09:05:00","7.02","15291.0","United Kingdom","EMEA"
"538990","22752","SET 7 BABUSHKA NESTING BOXES","10","2017-03-02 16:12:00","8.14","12583.0","Netherlands","EMEA"
"538990","85123A","WHITE HANGING HEART T-LIGHT HOLDER","9","2017-03-02 16:12:00","2.96","12583.0","Netherlands","EMEA"
"538991","71053","WHITE METAL LANTERN","2","2017-03-24 08:10:00","3.32","15291.0","Canada","AMER"
"538991","85123A","WHITE HANGING HEART T-LIGHT HOLDER","10","2017-03-24 08:10:00","2.97","15291.0","Canada","AMER"
"538992","84029G","KNITTED UNION FLAG HOT WATER BOTTLE","5","2017-03-09 12:25:00","3.3","12583.0","Canada","AMER"
"538993","84029G","KNITTED UNION FLAG HOT WATER BOTTLE","7","2017-03-03 12:51:00","3.81","14096.0","United Kingdom","EMEA"
"538994","47566","PARTY BUNTING","5","2017-03-09 16:00:00","5.25","17809.0","France","EMEA"
"538994","20685","DOORMAT RED RETROSPOT","10","2017-03-09 16:00:00","7.5","17809.0","France","EMEA"
"538994","84406B","CREAM CUPID HEARTS COAT HANGER","4","2017-03-09 16:00:00","2.95","17809.0","France","EMEA"
"538995","84406B","CREAM CUPID HEARTS COAT HANGER","8","2017-04-29 15:26:00","2.68","13777.0","France","EMEA"
"538995","22633","HAND WARMER UNION JACK","7","2017-04-29 15:26:00","2.03","13777.0","France","EMEA"
"538996","22632","HAND WARMER RED POLKA DOT","8","2017-03-28 16:16:00","1.82","12583.0","Spain","EMEA"
"538996","22632","HAND WARMER RED POLKA DOT","8","2017-03-28 16:16:00","1.76","12583.0","Spain","EMEA"
"538996","84029E","RED WOOLLY HOTTIE WHITE HEART","9","2017-03-28 16:16:00","3.89","12583.0","Spain","EMEA"
"538997","85123A","WHITE HANGING HEART T-LIGHT HOLDER","11","2017-03-18 09:19:00","2.57","12583.0","France","EMEA"
"538997","20685","DOORMAT RED RETROSPOT","2","2017-03-18 09:19:00","7.12","12583.0","France","EMEA"
"538998","47566","PARTY BUNTING","10","2017-04-05 16:46:00","5.2","15291.0","EIRE","EMEA"
"538998","84029E","RED WOOLLY HOTTIE WHITE HEART","11","2017-04-05 16:46:00","3.56","15291.0","EIRE","EMEA"
"538999","22633","HAND WARMER UNION JACK","5","2017-03-30 15:27:00","2.17","15311.0","EIRE","EMEA"
"538999","22633","HAND WARMER UNION JACK","7","2017-03-30 15:27:00","2.02","15311.0","EIRE","EMEA"
"538999","84406B","CREAM CUPID HEARTS COAT HANGER","8","2017-03-30 15:27:00","2.79","15311.0","EIRE","EMEA"
"539000","71053","WHITE METAL LANTERN","11","2017-04-26 15:52:00","3.62","17850.0","Germany","EMEA"
"539000","84029E","RED WOOLLY HOTTIE WHITE HEART","1","2017-04-26 15:52:00","3.68","17850.0","Germany","EMEA"
"539001","47566","PARTY BUNTING","1","2017-03-21 14:56:00","5.23","12583.0","Netherlands","EMEA"
"539001","84406B","CREAM CUPID HEARTS COAT HANGER","5","2017-03-21 14:56:00","2.82","12583.0","Netherlands","EMEA"
"539001","21730","GLASS STAR FROSTED T-LIGHT HOLDER","12","2017-03-21 14:56:00","4.6","12583.0","Netherlands","EMEA"
"539002","71053","WHITE METAL LANTERN","3","2017-03-23 10:53:00","3.85","14096.0","Spain","EMEA"
"539002","22632","HAND WARMER RED POLKA DOT","2","2017-03-23 10:53:00","2.33","14096.0","Spain","EMEA"
"539002","21730","GLASS STAR FROSTED T-LIGHT HOLDER","9","2017-03-23 10:53:00","4.35","14096.0","Spain","EMEA"
"539003","22633","HAND WARMER UNION JACK","9","2017-03-17 10:51:00","2.01","12583.0","EIRE","EMEA"
"539003","20685","DOORMAT RED RETROSPOT","2","2017-03-17 10:51:00","7.38","12583.0","EIRE","EMEA"
"539004","20685","DOORMAT RED RETROSPOT","11","2017-03-25 13:23:00","7.08","15311.0","EIRE","EMEA"
"539004","22632","HAND WARMER RED POLKA DOT","12","2017-03-25 13:23:00","1.89","15311.0","EIRE","EMEA"
"539005","84029G","KNITTED UNION FLAG HOT WATER BOTTLE","2","2017-03-09 09:39:00","3.54","13777.0","Spain","EMEA"
"539005","84029G","KNITTED UNION FLAG HOT WATER BOTTLE","8","2017-03-09 09:39:00","3.33","13777.0","Spain","EMEA"
"539006","21730","GLASS STAR FROSTED T-LIGHT HOLDER","6","2017-04-04 15:57:00","4.64","17850.0","EIRE","EMEA"
"539006","20685","DOORMAT RED RETROSPOT","11","2017-04-04 15:57:00","7.07","17850.0","EIRE","EMEA"
"539006","21730","GLASS STAR FROSTED T-LIGHT HOLDER","5","2017-04-04 15:57:00","4.37","17850.0","EIRE","EMEA"
"539007","84406B","CREAM CUPID HEARTS COAT HANGER","7","2017-03-05 13:44:00","2.8","17850.0","United Kingdom","EMEA"
"539007","21730","GLASS STAR FROSTED T-LIGHT HOLDER","6","2017-03-05 13:44:00","4.22","17850.0","United Kingdom","EMEA"
"539008","84406B","CREAM CUPID HEARTS COAT HANGER","12","2017-04-02 13:01:00","2.78","16029.0","USA","AMER"
"539008","22632","HAND WARMER RED POLKA DOT","10","2017-04-02 13:01:00","2.34","16029.0","USA","AMER"
"539008","22752","SET 7 BABUSHKA NESTING BOXES","2","2017-04-02 13:01:00","8.03","16029.0","USA","AMER"
"539009","21730","GLASS STAR FROSTED T-LIGHT HOLDER","1","2017-03-12 16:33:00","4.24","14606.0","Spain","EMEA"
"539010","84029G","KNITTED UNION FLAG HOT WATER BOTTLE","2","2017-03-10 09:36:00","3.85","17850.0","Belgium","EMEA"
"539010","20685","DOORMAT RED RETROSPOT","5","2017-03-10 09:36:00","7.2","17850.0","Belgium","EMEA"
"539011","84029E","RED WOOLLY HOTTIE WHITE HEART","1","2017-03-25 08:30:00","3.62","13047.0","EIRE","EMEA"
"539011","47566","PARTY BUNTING","4","2017-03-25 08:30:00","5.1","13047.0","EIRE","EMEA"
"539012","85123A","WHITE HANGING HEART T-LIGHT HOLDER","6","2017-04-02 15:53:00","2.68","17809.0","Canada","AMER"
"539012","22752","SET 7 BABUSHKA NESTING BOXES","7","2017-04-02 15:53:00","7.79","17809.0","Canada","AMER"
"539012","22632","HAND WARMER RED POLKA DOT","7","2017-04-02 15:53:00","2.08","17809.0","Canada","AMER"
"539013","84029E","RED WOOLLY HOTTIE WHITE HEART","6","2017-04-04 14:58:00","3.44","17850.0","Spain","EMEA"
"539014","84406B","CREAM CUPID HEARTS COAT HANGER","9","2017-04-21 10:25:00","3.15","13047.0","Germany","EMEA"
"539014","22633","HAND WARMER UNION JACK","6","2017-04-21 10:25:00","1.89","13047.0","Germany","EMEA"
"539014","21730","GLASS STAR FROSTED T-LIGHT HOLDER","3","2017-04-21 10:25:00","4.25","13047.0","Germany","EMEA"
"539015","22633","HAND WARMER UNION JACK","12","2017-04-22 14:59:00","2.06","13777.0","Australia","APAC"
"539015","84029E","RED WOOLLY HOTTIE WHITE HEART","10","2017-04-22 14:59:00","3.36","13777.0","Australia","APAC"
"539015","47566","PARTY BUNTING","3","2017-04-22 14:59:00","5.41","13777.0","Australia","APAC"
"539016","47566","PARTY BUNTING","7","2017-03-12 10:39:00","4.9","17850.0","Belgium","EMEA"
"539016","47566","PARTY BUNTING","8","2017-03-12 10:39:00","5.3","17850.0","Belgium","EMEA"
"539016","84406B","CREAM CUPID HEARTS COAT HANGER","2","2017-03-12 10:39:00","3.06","17850.0","Belgium","EMEA"
"539017","71053","WHITE METAL LANTERN","2","2017-04-04 09:33:00","3.45","12583.0","Spain","EMEA"
"539017","22633","HAND WARMER UNION JACK","4","2017-04-04 09:33:00","2.33","12583.0","Spain","EMEA"
"539018","84406B","CREAM CUPID HEARTS COAT HANGER","7","2017-03-14 11:40:00","3.02","15291.0","Spain","EMEA"
"539018","85099B","JUMBO BAG RED RETROSPOT","4","2017-03-14 11:40:00","1.59","15291.0","Spain","EMEA"
"539018","71053","WHITE METAL LANTERN","5","2017-03-14 11:40:00","3.67","15291.0","Spain","EMEA"
"539019","22632","HAND WARMER RED POLKA DOT","12","2017-04-06 16:17:00","1.79","14606.0","Belgium","EMEA"
"539020","85123A","WHITE HANGING HEART T-LIGHT HOLDER","6","2017-03-18 12:54:00","2.95","14606.0","Spain","EMEA"
"539021","84406B","CREAM CUPID HEARTS COAT HANGER","3","2017-03-29 15:32:00","2.74","14606.0","Australia","APAC"
"539021","71053","WHITE METAL LANTERN","2","2017-03-29 15:32:00","3.37","14606.0","Australia","APAC"
"539021","85123A","WHITE HANGING HEART T-LIGHT HOLDER","11","2017-03-29 15:32:00","2.55","14606.0","Australia","APAC"
"539022","85123A","WHITE HANGING HEART T-LIGHT HOLDER","7","2017-03-30 14:05:00","2.71","12583.0","Spain","EMEA"
"539022","22633","HAND WARMER UNION JACK","5","2017-03-30 14:05:00","2.24","12583.0","Spain","EMEA"
"539023","20685","DOORMAT RED RETROSPOT","12","2017-03-25 13:17:00","7.41","17809.0","Germany","EMEA"
"539023","84029G","KNITTED UNION FLAG HOT WATER BOTTLE","8","2017-03-25 13:17:00","3.75","17809.0","Germany","EMEA"
"539023","84029E","RED WOOLLY HOTTIE WHITE HEART","11","2017-03-25 13:17:00","3.42","17809.0","Germany","EMEA"
"539024","47566","PARTY BUNTING","12","2017-04-09 13:06:00","5.24","16029.0","Netherlands","EMEA"
"539025","84406B","CREAM CUPID HEARTS COAT HANGER","7","2017-03-31 12:13:00","3.15","12583.0","France","EMEA"
"539025","22632","HAND WARMER RED POLKA DOT","6","2017-03-31 12:13:00","2.18","12583.0","France","EMEA"
"539026","21730","GLASS STAR FROSTED T-LIGHT HOLDER","7","2017-03-19 12:21:00","4.22","15311.0","Belgium","EMEA"
"539027","84029E","RED WOOLLY HOTTIE WHITE HEART","9","2017-03-01 08:31:00","3.52","14096.0","United Kingdom","EMEA"
"539028","85099B","JUMBO BAG RED RETROSPOT","3","2017-03-09 14:29:00","1.6","17850.0","Australia","APAC"
"539028","22752","SET 7 BABUSHKA NESTING BOXES","7","2017-03-09 14:29:00","8.14","17850.0","Australia","APAC"
"539028","47566","PARTY BUNTING","1","2017-03-09 14:29:00","5.11","17850.0","Australia","APAC"
"539029","22752","SET 7 BABUSHKA NESTING BOXES","8","2017-04-22 12:51:00","7.89","15291.0","United Kingdom","EMEA"
"539030","20685","DOORMAT RED RETROSPOT","1","2017-03-03 15:18:00","7.43","14606.0","United Kingdom","EMEA"
"539030","22633","HAND WARMER UNION JACK","11","2017-03-03 15:18:00","1.97","14606.0","United Kingdom","EMEA"
"539030","21730","GLASS STAR FROSTED T-LIGHT HOLDER","9","2017-03-03 15:18:00","4.64","14606.0","United Kingdom","EMEA"
"539031","85123A","WHITE HANGING HEART T-LIGHT HOLDER","10","2017-04-28 12:44:00","2.65","14096.0","EIRE","EMEA"
"539031","47566","PARTY BUNTING","2","2017-04-28 12:44:00","5.0","14096.0","EIRE","EMEA"
"539031","47566","PARTY BUNTING","4","2017-04-28 12:44:00","5.28","14096.0","EIRE","EMEA"
"539032","22633","HAND WARMER UNION JACK","4","2017-03-09 12:39:00","2.02","15311.0","USA","AMER"
"539033","21730","GLASS STAR FROSTED T-LIGHT HOLDER","6","2017-04-13 15:24:00","4.56","12583.0","France","EMEA"
"539033","21730","GLASS STAR FROSTED T-LIGHT HOLDER","8","2017-04-13 15:24:00","4.66","12583.0","France","EMEA"
"539033","22633","HAND WARMER UNION JACK","11","2017-04-13 15:24:00","2.26","12583.0","France","EMEA"
"539034","84029G","KNITTED UNION FLAG HOT WATER BOTTLE","3","2017-03-10 16:22:00","3.49","17850.0","France","EMEA"
"539034","71053","WHITE METAL LANTERN","4","2017-03-10 16:22:00","3.68","17850.0","France","EMEA"
"539034","84029E","RED WOOLLY HOTTIE WHITE HEART","5","2017-03-10 16:22:00","3.67","17850.0","France","EMEA"
"539035","22752","SET 7 BABUSHKA NESTING BOXES","2","2017-03-02 12:00:00","7.82","13777.0","United Kingdom","EMEA"
"539036","20685","DOORMAT RED RETROSPOT","9","2017-04-29 09:53:00","7.44","17850.0","Canada","AMER"
"539037","22633","HAND WARMER UNION JACK","10","2017-04-29 08:34:00","2.28","17809.0","USA","AMER"
"539037","22632","HAND WARMER RED POLKA DOT","3","2017-04-29 08:34:00","2.23","17809.0","USA","AMER"
"539038","85123A","WHITE HANGING HEART T-LIGHT HOLDER","3","2017-03-11 08:14:00","2.88","13047.0","Australia","APAC"
"539038","85099B","JUMBO BAG RED RETROSPOT","12","2017-03-11 08:14:00","1.95","13047.0","Australia","APAC"
"539038","84029G","KNITTED UNION FLAG HOT WATER BOTTLE","5","2017-03-11 08:14:00","3.73","13047.0","Australia","APAC"
"539039","22633","HAND WARMER UNION JACK","5","2017-04-01 13:32:00","1.79","13777.0","Australia","APAC"
"539040","85099B","JUMBO BAG RED RETROSPOT","8","2017-03-01 12:29:00","2.1","15311.0","France","EMEA"
"539041","84406B","CREAM CUPID HEARTS COAT HANGER","10","2017-03-26 11:52:00","3.13","13777.0","Belgium","EMEA"
"539041","84029E","RED WOOLLY HOTTIE WHITE HEART","1","2017-03-26 11:52:00","3.8","13777.0","Belgium","EMEA"
"539042","84029E","RED WOOLLY HOTTIE WHITE HEART","2","2017-03-14 08:50:00","3.5","15291.0","France","EMEA"
"539042","71053","WHITE METAL LANTERN","8","2017-03-14 08:50:00","3.88","15291.0","France","EMEA"
"539042","84406B","CREAM CUPID HEARTS COAT HANGER","5","2017-03-14 08:50:00","2.84","15291.0","France","EMEA"
"539043","84029E","RED WOOLLY HOTTIE WHITE HEART","10","2017-03-11 15:35:00","3.38","17850.0","USA","AMER"
"539044","84029E","RED WOOLLY HOTTIE WHITE HEART","10","2017-03-26 14:36:00","3.41","17850.0","EIRE","EMEA"
"539044","22752","SET 7 BABUSHKA NESTING BOXES","3","2017-03-26 14:36:00","8.1","17850.0","EIRE","EMEA"
"539045","85099B","JUMBO BAG RED RETROSPOT","11","2017-04-02 08:56:00","1.63","13047.0","Netherlands","EMEA"
"539045","85099B","JUMBO BAG RED RETROSPOT","6","2017-04-02 08:56:00","1.81","13047.0","Netherlands","EMEA"
"539046","85123A","WHITE HANGING HEART T-LIGHT HOLDER","1","2017-03-13 15:16:00","3.04","15291.0","France","EMEA"
"539046","84029E","RED WOOLLY HOTTIE WHITE HEART","2","2017-03-13 15:16:00","3.56","15291.0","France","EMEA"
"539047","21730","GLASS STAR FROSTED T-LIGHT HOLDER","7","2017-04-22 08:50:00","4.46","16029.0","USA","AMER"
"539047","85123A","WHITE HANGING HEART T-LIGHT HOLDER","3","2017-04-22 08:50:00","2.62","16029.0","USA","AMER"
"539047","84029E","RED WOOLLY HOTTIE WHITE HEART","3","2017-04-22 08:50:00","3.62","16029.0","USA","AMER"
"539048","22633","HAND WARMER UNION JACK","10","2017-03-07 14:46:00","2.03","14096.0","USA","AMER"
"539049","21730","GLASS STAR FROSTED T-LIGHT HOLDER","9","2017-03-27 08:50:00","4.34","13047.0","United Kingdom","EMEA"
"539050","85099B","JUMBO BAG RED RETROSPOT","7","2017-03-30 09:11:00","1.84","14096.0","USA","AMER"
"539050","84406B","CREAM CUPID HEARTS COAT HANGER","8","2017-03-30 09:11:00","3.03","14096.0","USA","AMER"
"539050","84029E","RED WOOLLY HOTTIE WHITE HEART","4","2017-03-30 09:11:00","3.66","14096.0","USA","AMER"
"539051","84029G","KNITTED UNION FLAG HOT WATER BOTTLE","2","2017-03-16 12:28:00","3.31","12583.0","Belgium","EMEA"
"539052","84029E","RED WOOLLY HOTTIE WHITE HEART","3","2017-04-10 13:09:00","3.31","15311.0","USA","AMER"
"539053","47566","PARTY BUNTING","7","2017-04-14 10:09:00","5.36","14096.0","USA","AMER"
"539053","71053","WHITE METAL LANTERN","7","2017-04-14 10:09:00","3.56","14096.0","USA","AMER"
"539053","47566","PARTY BUNTING","1","2017-04-14 10:09:00","4.98","14096.0","USA","AMER"
"539054","85099B","JUMBO BAG RED RETROSPOT","7","2017-04-03 13:48:00","1.57","13777.0","USA","AMER"
"539054","22752","SET 7 BABUSHKA NESTING BOXES","2","2017-04-03 13:48:00","7.89","13777.0","USA","AMER"
"539055","22632","HAND WARMER RED POLKA DOT","5","2017-03-10 13:37:00","1.88","12583.0","USA","AMER"
"539056","47566","PARTY BUNTING","10","2017-04-04 14:37:00","5.35","12583.0","EIRE","EMEA"
"539056","84029G","KNITTED UNION FLAG HOT WATER BOTTLE","10","2017-04-04 14:37:00","3.88","12583.0","EIRE","EMEA"
"539057","47566","PARTY BUNTING","3","2017-04-18 10:29:00","4.86","13047.0","United Kingdom","EMEA"
"539057","22752","SET 7 BABUSHKA NESTING BOXES","5","2017-04-18 10:29:00","8.13","13047.0","United Kingdom","EMEA"
"539058","84029E","RED WOOLLY HOTTIE WHITE HEART","8","2017-03-28 09:53:00","3.57","15311.0","France","EMEA"
"539059","84029G","KNITTED UNION FLAG HOT WATER BOTTLE","10","2017-03-30 09:20:00","3.64","17809.0","Spain","EMEA"
"539059","22752","SET 7 BABUSHKA NESTING BOXES","9","2017-03-30 09:20:00","7.64","17809.0","Spain","EMEA"
"539060","85123A","WHITE HANGING HEART T-LIGHT HOLDER","8","2017-03-04 14:15:00","2.54","16029.0","France","EMEA"
"539061","47566","PARTY BUNTING","3","2017-04-21 13:24:00","4.95","17850.0","USA","AMER"
"539062","84029E","RED WOOLLY HOTTIE WHITE HEART","6","2017-04-27 11:23:00","3.5","17850.0","Germany","EMEA"
"539063","71053","WHITE METAL LANTERN","2","2017-03-02 14:23:00","3.6","17850.0","EIRE","EMEA"
"539064","22632","HAND WARMER RED POLKA DOT","10","2017-04-20 11:50:00","2.07","15311.0","United Kingdom","EMEA"
"539065","22633","HAND WARMER UNION JACK","6","2017-04-22 11:45:00","2.2","12583.0","France","EMEA"
"539065","84029G","KNITTED UNION FLAG HOT WATER BOTTLE","4","2017-04-22 11:45:00","3.47","12583.0","France","EMEA"
"539065","71053","WHITE METAL LANTERN","4","2017-04-22 11:45:00","3.7","12583.0","France","EMEA"
"539066","85099B","JUMBO BAG RED RETROSPOT","3","2017-04-07 11:25:00","1.71","12583.0","Belgium","EMEA"
"539067","85123A","WHITE HANGING HEART T-LIGHT HOLDER","3","2017-04-10 09:55:00","2.73","17850.0","USA","AMER"
"539067","71053","WHITE METAL LANTERN","5","2017-04-10 09:55:00","3.69","17850.0","USA","AMER"
"539067","21730","GLASS STAR FROSTED T-LIGHT HOLDER","5","2017-04-10 09:55:00","4.42","17850.0","USA","AMER"
"539068","84406B","CREAM CUPID HEARTS COAT HANGER","8","2017-03-25 09:32:00","3.06","13047.0","Netherlands","EMEA"
"539068","22632","HAND WARMER RED POLKA DOT","11","2017-03-25 09:32:00","1.94","13047.0","Netherlands","EMEA"
"539068","84029G","KNITTED UNION FLAG HOT WATER BOTTLE","3","2017-03-25 09:32:00","3.66","13047.0","Netherlands","EMEA"
"539069","22752","SET 7 BABUSHKA NESTING BOXES","12","2017-04-23 16:17:00","8.12","17809.0","USA","AMER"
"539069","84029G","KNITTED UNION FLAG HOT WATER BOTTLE","12","2017-04-23 16:17:00","3.61","17809.0","USA","AMER"
"539069","84406B","CREAM CUPID HEARTS COAT HANGER","12","2017-04-23 16:17:00","3.04","17809.0","USA","AMER"
"539070","85123A","WHITE HANGING HEART T-LIGHT HOLDER","7","2017-04-12 16:52:00","2.63","17850.0","USA","AMER"
"539070","85123A","WHITE HANGING HEART T-LIGHT HOLDER","3","2017-04-12 16:52:00","2.86","17850.0","USA","AMER"
"539071","22632","HAND WARMER RED POLKA DOT","10","2017-03-14 09:02:00","2.07","17850.0","Belgium","EMEA"
"539071","85123A","WHITE HANGING HEART T-LIGHT HOLDER","1","2017-03-14 09:02:00","2.71","17850.0","Belgium","EMEA"
"539071","85099B","JUMBO BAG RED RETROSPOT","5","2017-03-14 09:02:00","1.75","17850.0","Belgium","EMEA"
"539072","84406B","CREAM CUPID HEARTS COAT HANGER","6","2017-04-25 12:45:00","2.97","14606.0","United Kingdom","EMEA"
"539072","84029G","KNITTED UNION FLAG HOT WATER BOTTLE","3","2017-04-25 12:45:00","3.49","14606.0","United Kingdom","EMEA"
"539072","85099B","JUMBO BAG RED RETROSPOT","6","2017-04-25 12:45:00","1.76","14606.0","United Kingdom","EMEA"
"539073","22752","SET 7 BABUSHKA NESTING BOXES","9","2017-03-20 08:28:00","7.99","14606.0","France","EMEA"
"539073","84029E","RED WOOLLY HOTTIE WHITE HEART","8","2017-03-20 08:28:00","3.61","14606.0","France","EMEA"
"539073","84406B","CREAM CUPID HEARTS COAT HANGER","2","2017-03-20 08:28:00","3.05","14606.0","France","EMEA"
"539074","84406B","CREAM CUPID HEARTS COAT HANGER","12","2017-04-08 10:01:00","2.82","15311.0","United Kingdom","EMEA"
"539074","22632","HAND WARMER RED POLKA DOT","3","2017-04-08 10:01:00","1.8","15311.0","United Kingdom","EMEA"
"539075","22633","HAND WARMER UNION JACK","11","2017-03-04 08:19:00","1.77","14096.0","Germany","EMEA"
"539075","84029E","RED WOOLLY HOTTIE WHITE HEART","10","2017-03-04 08:19:00","3.78","14096.0","Germany","EMEA"
"539075","84029G","KNITTED UNION FLAG HOT WATER BOTTLE","7","2017-03-04 08:19:00","3.63","14096.0","Germany","EMEA"
"539076","22752","SET 7 BABUSHKA NESTING BOXES","1","2017-04-20 09:42:00","8.11","13047.0","Netherlands","EMEA"
"539077","20685","DOORMAT RED RETROSPOT","8","2017-04-28 16:13:00","7.21","15291.0","Belgium","EMEA"
"539077","85099B","JUMBO BAG RED RETROSPOT","4","2017-04-28 16:13:00","1.73","15291.0","Belgium","EMEA"
"539078","85123A","WHITE HANGING HEART T-LIGHT HOLDER","6","2017-03-16 09:32:00","2.58","14096.0","EIRE","EMEA"
"539078","84029E","RED WOOLLY HOTTIE WHITE HEART","10","2017-03-16 09:32:00","3.75","14096.0","EIRE","EMEA"
"539079","71053","WHITE METAL LANTERN","7","2017-04-01 16:45:00","3.51","16029.0","USA","AMER"
"539080","71053","WHITE METAL LANTERN","2","2017-04-10 11:41:00","3.86","13777.0","France","EMEA"
"539080","47566","PARTY BUNTING","4","2017-04-10 11:41:00","5.11","13777.0","France","EMEA"
"539080","22632","HAND WARMER RED POLKA DOT","8","2017-04-10 11:41:00","2.02","13777.0","France","EMEA"
"539081","20685","DOORMAT RED RETROSPOT","6","2017-04-30 11:40:00","7.43","13777.0","Belgium","EMEA"
"539081","21730","GLASS STAR FROSTED T-LIGHT HOLDER","2","2017-04-30 11:40:00","4.56","13777.0","Belgium","EMEA"
"539082","84029G","KNITTED UNION FLAG HOT WATER BOTTLE","8","2017-04-19 09:07:00","3.71","15291.0","Netherlands","EMEA"
"539082","84029G","KNITTED UNION FLAG HOT WATER BOTTLE","5","2017-04-19 09:07:00","3.71","15291.0","Netherlands","EMEA"
"539082","71053","WHITE METAL LANTERN","9","2017-04-19 09:07:00","3.79","15291.0","Netherlands","EMEA"
"539083","20685","DOORMAT RED RETROSPOT","11","2017-03-03 12:43:00","7.11","17809.0","France","EMEA"
"539083","47566","PARTY BUNTING","1","2017-03-03 12:43:00","5.33","17809.0","France","EMEA"
"539084","84029G","KNITTED UNION FLAG HOT WATER BOTTLE","7","2017-04-24 16:14:00","3.53","14606.0","Australia","APAC"
"539084","20685","DOORMAT RED RETROSPOT","3","2017-04-24 16:14:00","7.21","14606.0","Australia","APAC"
"539084","71053","WHITE METAL LANTERN","7","2017-04-24 16:14:00","3.83","14606.0","Australia","APAC"
"539085","71053","WHITE METAL LANTERN","7","2017-03-09 08:11:00","3.64","15311.0","Netherlands","EMEA"
"539085","84029G","KNITTED UNION FLAG HOT WATER BOTTLE","5","2017-03-09 08:11:00","3.49","15311.0","Netherlands","EMEA"
"539086","84406B","CREAM CUPID HEARTS COAT HANGER","4","2017-03-27 15:28:00","2.96","15291.0","Spain","EMEA"
"539086","20685","DOORMAT RED RETROSPOT","11","2017-03-27 15:28:00","7.41","15291.0","Spain","EMEA"
"539087","47566","PARTY BUNTING","10","2017-03-23 10:10:00","5.37","14606.0","Netherlands","EMEA"
"539088","20685","DOORMAT RED RETROSPOT","11","2017-04-21 10:35:00","7.37","13047.0","United Kingdom","EMEA"
"539088","22752","SET 7 BABUSHKA NESTING BOXES","12","2017-04-21 10:35:00","7.87","13047.0","United Kingdom","EMEA"
"539089","85099B","JUMBO BAG RED RETROSPOT","10","2017-03-26 09:48:00","1.63","15291.0","EIRE","EMEA"
"539089","22633","HAND WARMER UNION JACK","7","2017-03-26 09:48:00","1.86","15291.0","EIRE","EMEA"
"539089","84029G","KNITTED UNION FLAG HOT WATER BOTTLE","11","2017-03-26 09:48:00","3.58","15291.0","EIRE","EMEA"
"539090","22632","HAND WARMER RED POLKA DOT","3","2017-04-03 16:38:00","1.88","17850.0","Netherlands","EMEA"
"539090","84406B","CREAM CUPID HEARTS COAT HANGER","7","2017-04-03 16:38:00","3.12","17850.0","Netherlands","EMEA"
"539090","22632","HAND WARMER RED POLKA DOT","1","2017-04-03 16:38:00","1.9","17850.0","Netherlands","EMEA"
"539091","85099B","JUMBO BAG RED RETROSPOT","10","2017-03-14 16:29:00","1.73","16029.0","Germany","EMEA"
"539092","85099B","JUMBO BAG RED RETROSPOT","12","2017-03-12 16:59:00","1.74","14096.0","Belgium","EMEA"
"539092","22632","HAND WARMER RED POLKA DOT","4","2017-03-12 16:59:00","1.92","14096.0","Belgium","EMEA"
"539092","85123A","WHITE HANGING HEART T-LIGHT HOLDER","3","2017-03-12 16:59:00","2.59","14096.0","Belgium","EMEA"
"539093","84029G","KNITTED UNION FLAG HOT WATER BOTTLE","10","2017-03-29 10:24:00","3.58","13777.0","United Kingdom","EMEA"
"539093","21730","GLASS STAR FROSTED T-LIGHT HOLDER","6","2017-03-29 10:24:00","4.57","13777.0","United Kingdom","EMEA"
"539094","84029E","RED WOOLLY HOTTIE WHITE HEART","8","2017-04-10 13:54:00","3.43","13777.0","EIRE","EMEA"
"539095","84406B","CREAM CUPID HEARTS COAT HANGER","10","2017-04-17 12:10:00","2.84","12583.0","Spain","EMEA"
"539095","22633","HAND WARMER UNION JACK","9","2017-04-17 12:10:00","1.95","12583.0","Spain","EMEA"
"539096","84029G","KNITTED UNION FLAG HOT WATER BOTTLE","12","2017-03-10 12:04:00","3.65","12583.0","Germany","EMEA"
"539096","20685","DOORMAT RED RETROSPOT","5","2017-03-10 12:04:00","7.44","12583.0","Germany","EMEA"
"539096","22752","SET 7 BABUSHKA NESTING BOXES","2","2017-03-10 12:04:00","8.08","12583.0","Germany","EMEA"
"539097","84029G","KNITTED UNION FLAG HOT WATER BOTTLE","1","2017-03-17 08:18:00","3.29","13047.0","Germany","EMEA"
"539097","22752","SET 7 BABUSHKA NESTING BOXES","2","2017-03-17 08:18:00","8.01","13047.0","Germany","EMEA"
"539098","71053","WHITE METAL LANTERN","3","2017-04-26 10:00:00","3.76","17809.0","EIRE","EMEA"
"539098","84029G","KNITTED UNION FLAG HOT WATER BOTTLE","11","2017-04-26 10:00:00","3.7","17809.0","EIRE","EMEA"
"539098","22633","HAND WARMER UNION JACK","9","2017-04-26 10:00:00","2.3","17809.0","EIRE","EMEA"
"539099","22632","HAND WARMER RED POLKA DOT","7","2017-04-29 13:09:00","2.23","16029.0","USA","AMER"
"539099","84406B","CREAM CUPID HEARTS COAT HANGER","11","2017-04-29 13:09:00","3.19","16029.0","USA","AMER"
"539100","84029E","RED WOOLLY HOTTIE WHITE HEART","1","2017-04-17 08:52:00","3.88","17809.0","EIRE","EMEA"
"539101","85099B","JUMBO BAG RED RETROSPOT","8","2017-03-11 10:25:00","2.03","12583.0","Canada","AMER"
"539101","71053","WHITE METAL LANTERN","8","2017-03-11 10:25:00","3.56","12583.0","Canada","AMER"
"539102","84406B","CREAM CUPID HEARTS COAT HANGER","6","2017-04-08 09:49:00","3.02","17850.0","France","EMEA"
"539102","20685","DOORMAT RED RETROSPOT","7","2017-04-08 09:49:00","7.19","17850.0","France","EMEA"
"539102","71053","WHITE METAL LANTERN","9","2017-04-08 09:49:00","3.61","17850.0","France","EMEA"
"539103","47566","PARTY BUNTING","11","2017-04-07 11:28:00","4.98","13777.0","EIRE","EMEA"
"539103","22633","HAND WARMER UNION JACK","6","2017-04-07 11:28:00","1.82","13777.0","EIRE","EMEA"
"539103","85123A","WHITE HANGING HEART T-LIGHT HOLDER","8","2017-04-07 11:28:00","2.78","13777.0","EIRE","EMEA"
"539104","84029E","RED WOOLLY HOTTIE WHITE HEART","7","2017-03-10 11:38:00","3.54","14096.0","United Kingdom","EMEA"
"539104","71053","WHITE METAL LANTERN","10","2017-03-10 11:38:00","3.86","14096.0","United Kingdom","EMEA"
"539104","84406B","CREAM CUPID HEARTS COAT HANGER","7","2017-03-10 11:38:00","2.69","14096.0","United Kingdom","EMEA"
"539105","84029G","KNITTED UNION FLAG HOT WATER BOTTLE","8","2017-03-08 16:49:00","3.78","15311.0","Netherlands","EMEA"
"539106","22633","HAND WARMER UNION JACK","1","2017-03-17 14:09:00","2.01","17850.0","Canada","AMER"
"539106","71053","WHITE METAL LANTERN","12","2017-03-17 14:09:00","3.81","17850.0","Canada","AMER"
"539106","84029G","KNITTED UNION FLAG HOT WATER BOTTLE","12","2017-03-17 14:09:00","3.73","17850.0","Canada","AMER"
"539107","85123A","WHITE HANGING HEART T-LIGHT HOLDER","8","2017-04-17 12:00:00","2.49","17850.0","France","EMEA"
"539108","47566","PARTY BUNTING","10","2017-04-23 09:21:00","5.13","14096.0","USA","AMER"
"539108","84029G","KNITTED UNION FLAG HOT WATER BOTTLE","8","2017-04-23 09:21:00","3.89","14096.0","USA","AMER"
"539109","22633","HAND WARMER UNION JACK","2","2017-03-12 10:33:00","2.34","15311.0","Belgium","EMEA"
"539109","85123A","WHITE HANGING HEART T-LIGHT HOLDER","6","2017-03-12 10:33:00","2.56","15311.0","Belgium","EMEA"
"539110","20685","DOORMAT RED RETROSPOT","3","2017-03-03 12:30:00","7.23","13047.0","Belgium","EMEA"
"539111","84029G","KNITTED UNION FLAG HOT WATER BOTTLE","3","2017-03-08 11:51:00","3.58","14606.0","EIRE","EMEA"
"539111","85123A","WHITE HANGING HEART T-LIGHT HOLDER","11","2017-03-08 11:51:00","2.66","14606.0","EIRE","EMEA"
"539112","22633","HAND WARMER UNION JACK","12","2017-04-12 10:29:00","2.25","14096.0","Belgium","EMEA"
"539112","71053","WHITE METAL LANTERN","5","2017-04-12 10:29:00","3.61","14096.0","Belgium","EMEA"
"539112","85099B","JUMBO BAG RED RETROSPOT","6","2017-04-12 10:29:00","1.72","14096.0","Belgium","EMEA"
"539113","85099B","JUMBO BAG RED RETROSPOT","7","2017-04-02 09:17:00","1.8","16029.0","Canada","AMER"
"539114","85123A","WHITE HANGING HEART T-LIGHT HOLDER","10","2017-03-28 14:13:00","2.97","15311.0","EIRE","EMEA"
"539114","84029G","KNITTED UNION FLAG HOT WATER BOTTLE","1","2017-03-28 14:13:00","3.56","15311.0","EIRE","EMEA"
"539114","21730","GLASS STAR FROSTED T-LIGHT HOLDER","10","2017-03-28 14:13:00","4.29","15311.0","EIRE","EMEA"
"539115","21730","GLASS STAR FROSTED T-LIGHT HOLDER","12","2017-04-25 12:05:00","4.31","17809.0","Germany","EMEA"
"539116","85123A","WHITE HANGING HEART T-LIGHT HOLDER","11","2017-04-27 16:35:00","2.69","17809.0","USA","AMER"
"539117","21730","GLASS STAR FROSTED T-LIGHT HOLDER","1","2017-04-03 15:03:00","4.33","14606.0","Canada","AMER"
"539117","85123A","WHITE HANGING HEART T-LIGHT HOLDER","11","2017-04-03 15:03:00","2.78","14606.0","Canada","AMER"
"539117","85099B","JUMBO BAG RED RETROSPOT","4","2017-04-03 15:03:00","2.08","14606.0","Canada","AMER"
"539118","84029G","KNITTED UNION FLAG HOT WATER BOTTLE","8","2017-03-04 15:38:00","3.53","15311.0","EIRE","EMEA"
"539118","47566","PARTY BUNTING","8","2017-03-04 15:38:00","5.1","15311.0","EIRE","EMEA"
"539119","21730","GLASS STAR FROSTED T-LIGHT HOLDER","2","2017-04-24 08:07:00","4.51","17809.0","Netherlands","EMEA"
"539119","85099B","JUMBO BAG RED RETROSPOT","7","2017-04-24 08:07:00","1.91","17809.0","Netherlands","EMEA"
"539119","20685","DOORMAT RED RETROSPOT","10","2017-04-24 08:07:00","7.31","17809.0","Netherlands","EMEA"
"539120","20685","DOORMAT RED RETROSPOT","4","2017-03-11 08:27:00","7.3","14096.0","United Kingdom","EMEA"
"539120","20685","DOORMAT RED RETROSPOT","5","2017-03-11 08:27:00","7.5","14096.0","United Kingdom","EMEA"
"539121","84029E","RED WOOLLY HOTTIE WHITE HEART","8","2017-04-23 12:01:00","3.84","14096.0","EIRE","EMEA"
"539121","22632","HAND WARMER RED POLKA DOT","1","2017-04-23 12:01:00","2.01","14096.0","EIRE","EMEA"
"539122","47566","PARTY BUNTING","1","2017-04-16 08:44:00","4.99","15291.0","Germany","EMEA"
"539123","84029G","KNITTED UNION FLAG HOT WATER BOTTLE","4","2017-04-12 12:42:00","3.77","13777.0","EIRE","EMEA"
"539124","84406B","CREAM CUPID HEARTS COAT HANGER","7","2017-03-21 15:12:00","3.11","13047.0","United Kingdom","EMEA"
"539124","84406B","CREAM CUPID HEARTS COAT HANGER","7","2017-03-21 15:12:00","3.24","13047.0","United Kingdom","EMEA"
"539125","20685","DOORMAT RED RETROSPOT","10","2017-04-18 10:19:00","7.15","14096.0","United Kingdom","EMEA"
"539125","84406B","CREAM CUPID HEARTS COAT HANGER","2","2017-04-18 10:19:00","2.89","14096.0","United Kingdom","EMEA"
"539125","84029E","RED WOOLLY HOTTIE WHITE HEART","6","2017-04-18 10:19:00","3.32","14096.0","United Kingdom","EMEA"
"539126","84029E","RED WOOLLY HOTTIE WHITE HEART","4","2017-04-01 08:02:00","3.86","12583.0","France","EMEA"
"539126","20685","DOORMAT RED RETROSPOT","8","2017-04-01 08:02:00","7.36","12583.0","France","EMEA"
"539126","85099B","JUMBO BAG RED RETROSPOT","12","2017-04-01 08:02:00","1.55","12583.0","France","EMEA"
"539127","85099B","JUMBO BAG RED RETROSPOT","8","2017-04-29 11:42:00","1.95","14606.0","Australia","APAC"
"539127","21730","GLASS STAR FROSTED T-LIGHT HOLDER","11","2017-04-29 11:42:00","4.6","14606.0","Australia","APAC"
"539128","22633","HAND WARMER UNION JACK","11","2017-04-06 13:58:00","2.32","15291.0","Belgium","EMEA"
"539129","21730","GLASS STAR FROSTED T-LIGHT HOLDER","10","2017-03-11 13:08:00","4.68","16029.0","Netherlands","EMEA"
"539130","22632","HAND WARMER RED POLKA DOT","5","2017-04-17 08:00:00","2.12","17850.0","EIRE","EMEA"
"539130","84029E","RED WOOLLY HOTTIE WHITE HEART","5","2017-04-17 08:00:00","3.49","17850.0","EIRE","EMEA"
"539130","20685","DOORMAT RED RETROSPOT","3","2017-04-17 08:00:00","7.07","17850.0","EIRE","EMEA"
"539131","22752","SET 7 BABUSHKA NESTING BOXES","5","2017-04-22 11:37:00","8.11","14606.0","Germany","EMEA"
"539131","85123A","WHITE HANGING HEART T-LIGHT HOLDER","6","2017-04-22 11:37:00","2.65","14606.0","Germany","EMEA"
"539132","22752","SET 7 BABUSHKA NESTING BOXES","10","2017-04-03 12:49:00","7.65","15291.0","Australia","APAC"
"539133","47566","PARTY BUNTING","5","2017-04-24 11:59:00","4.92","15311.0","France","EMEA"
"539133","22632","HAND WARMER RED POLKA DOT","5","2017-04-24 11:59:00","2.01","15311.0","France","EMEA"
"539133","84029G","KNITTED UNION FLAG HOT WATER BOTTLE","11","2017-04-24 11:59:00","3.69","15311.0","France","EMEA"
"539134","22632","HAND WARMER RED POLKA DOT","4","2017-04-18 14:44:00","2.06","13047.0","United Kingdom","EMEA"
"539135","84029G","KNITTED UNION FLAG HOT WATER BOTTLE","8","2017-03-20 10:53:00","3.71","13047.0","Canada","AMER"
"539135","84029G","KNITTED UNION FLAG HOT WATER BOTTLE","3","2017-03-20 10:53:00","3.39","13047.0","Canada","AMER"
"539135","84029G","KNITTED UNION FLAG HOT WATER BOTTLE","1","2017-03-20 10:53:00","3.62","13047.0","Canada","AMER"
"539136","71053","WHITE METAL LANTERN","5","2017-03-29 10:56:00","3.88","14606.0","France","EMEA"
"539136","85123A","WHITE HANGING HEART T-LIGHT HOLDER","7","2017-03-29 10:56:00","2.96","14606.0","France","EMEA"
"539137","47566","PARTY BUNTING","7","2017-04-13 12:30:00","5.39","13777.0","Germany","EMEA"
"539137","84029G","KNITTED UNION FLAG HOT WATER BOTTLE","4","2017-04-13 12:30:00","3.62","13777.0","Germany","EMEA"
"539137","22632","HAND WARMER RED POLKA DOT","1","2017-04-13 12:30:00","2.07","13777.0","Germany","EMEA"
"539138","84029G","KNITTED UNION FLAG HOT WATER BOTTLE","7","2017-03-14 09:00:00","3.83","15291.0","France","EMEA"
"539138","71053","WHITE METAL LANTERN","4","2017-03-14 09:00:00","3.68","15291.0","France","EMEA"
"539138","47566","PARTY BUNTING","12","2017-03-14 09:00:00","5.39","15291.0","France","EMEA"
"539139","84029G","KNITTED UNION FLAG HOT WATER BOTTLE","8","2017-04-20 15:32:00","3.63","15291.0","France","EMEA"
"539139","47566","PARTY BUNTING","6","2017-04-20 15:32:00","5.15","15291.0","France","EMEA"
"539139","85099B","JUMBO BAG RED RETROSPOT","4","2017-04-20 15:32:00","1.97","15291.0","France","EMEA"
"539140","20685","DOORMAT RED RETROSPOT","4","2017-03-15 09:38:00","7.16","16029.0","United Kingdom","EMEA"
"539140","84406B","CREAM CUPID HEARTS COAT HANGER","1","2017-03-15 09:38:00","2.87","16029.0","United Kingdom","EMEA"
"539140","47566","PARTY BUNTING","5","2017-03-15 09:38:00","5.32","16029.0","United Kingdom","EMEA"
"539141","21730","GLASS STAR FROSTED T-LIGHT HOLDER","3","2017-04-12 15:53:00","4.42","13047.0","United Kingdom","EMEA"
"539141","22633","HAND WARMER UNION JACK","7","2017-04-12 15:53:00","1.97","13047.0","United Kingdom","EMEA"
"539142","85123A","WHITE HANGING HEART T-LIGHT HOLDER","3","2017-03-18 11:00:00","2.82","12583.0","United Kingdom","EMEA"
"539142","84406B","CREAM CUPID HEARTS COAT HANGER","4","2017-03-18 11:00:00","2.74","12583.0","United Kingdom","EMEA"
"539143","20685","DOORMAT RED RETROSPOT","6","2017-03-13 11:32:00","7.19","17809.0","Spain","EMEA"
"539144","22633","HAND WARMER UNION JACK","3","2017-04-09 11:20:00","2.14","16029.0","Spain","EMEA"
"539144","22633","HAND WARMER UNION JACK","7","2017-04-09 11:20:00","1.88","16029.0","Spain","EMEA"
"539144","22633","HAND WARMER UNION JACK","2","2017-04-09 11:20:00","2.21","16029.0","Spain","EMEA"
"539145","84029E","RED WOOLLY HOTTIE WHITE HEART","3","2017-04-14 11:03:00","3.55","17850.0","Belgium","EMEA"
"539145","85123A","WHITE HANGING HEART T-LIGHT HOLDER","8","2017-04-14 11:03:00","2.9","17850.0","Belgium","EMEA"
"539145","84029G","KNITTED UNION FLAG HOT WATER BOTTLE","6","2017-04-14 11:03:00","3.66","17850.0","Belgium","EMEA"
"539146","85099B","JUMBO BAG RED RETROSPOT","11","2017-03-28 11:37:00","1.75","13047.0","Spain","EMEA"
"539146","84406B","CREAM CUPID HEARTS COAT HANGER","6","2017-03-28 11:37:00","3.08","13047.0","Spain","EMEA"
"539146","47566","PARTY BUNTING","3","2017-03-28 11:37:00","5.13","13047.0","Spain","EMEA"
"539147","85099B","JUMBO BAG RED RETROSPOT","4","2017-04-19 08:25:00","1.9","13047.0","EIRE","EMEA"
"539147","85123A","WHITE HANGING HEART T-LIGHT HOLDER","9","2017-04-19 08:25:00","2.51","13047.0","EIRE","EMEA"
"539147","22752","SET 7 BABUSHKA NESTING BOXES","1","2017-04-19 08:25:00","7.81","13047.0","EIRE","EMEA"
"539148","71053","WHITE METAL LANTERN","6","2017-03-09 08:33:00","3.72","17850.0","USA","AMER"
"539148","22752","SET 7 BABUSHKA NESTING BOXES","8","2017-03-09 08:33:00","7.67","17850.0","USA","AMER"
"539148","20685","DOORMAT RED RETROSPOT","3","2017-03-09 08:33:00","7.19","17850.0","USA","AMER"
"539149","22632","HAND WARMER RED POLKA DOT","1","2017-04-25 09:55:00","2.1","15291.0","Spain","EMEA"
"539149","84029G","KNITTED UNION FLAG HOT WATER BOTTLE","8","2017-04-25 09:55:00","3.84","15291.0","Spain","EMEA"
"539150","22632","HAND WARMER RED POLKA DOT","7","2017-04-19 14:28:00","1.97","13777.0","Canada","AMER"
"539150","22632","HAND WARMER RED POLKA DOT","6","2017-04-19 14:28:00","2.2","13777.0","Canada","AMER"
"539151","21730","GLASS STAR FROSTED T-LIGHT HOLDER","3","2017-03-26 09:43:00","4.66","13047.0","Canada","AMER"
"539151","20685","DOORMAT RED RETROSPOT","10","2017-03-26 09:43:00","7.14","13047.0","Canada","AMER"
"539151","22752","SET 7 BABUSHKA NESTING BOXES","4","2017-03-26 09:43:00","7.66","13047.0","Canada","AMER"
"539152","84029E","RED WOOLLY HOTTIE WHITE HEART","9","2017-03-26 15:28:00","3.63","15291.0","Canada","AMER"
"539152","22752","SET 7 BABUSHKA NESTING BOXES","7","2017-03-26 15:28:00","7.55","15291.0","Canada","AMER"
"539152","71053","WHITE METAL LANTERN","4","2017-03-26 15:28:00","3.54","15291.0","Canada","AMER"
"539153","84406B","CREAM CUPID HEARTS COAT HANGER","6","2017-04-28 09:26:00","3.17","14096.0","Germany","EMEA"
"539154","85099B","JUMBO BAG RED RETROSPOT","7","2017-03-20 16:55:00","1.59","13777.0","Germany","EMEA"
"539155","71053","WHITE METAL LANTERN","8","2017-03-03 12:29:00","3.49","17850.0","EIRE","EMEA"
"539155","22752","SET 7 BABUSHKA NESTING BOXES","9","2017-03-03 12:29:00","7.59","17850.0","EIRE","EMEA"
"539155","21730","GLASS STAR FROSTED T-LIGHT HOLDER","2","2017-03-03 12:29:00","4.68","17850.0","EIRE","EMEA"
"539156","22632","HAND WARMER RED POLKA DOT","5","2017-04-13 16:21:00","1.98","15311.0","United Kingdom","EMEA"
"539156","22632","HAND WARMER RED POLKA DOT","5","2017-04-13 16:21:00","2.18","15311.0","United Kingdom","EMEA"
"539157","85123A","WHITE HANGING HEART T-LIGHT HOLDER","6","2017-04-20 08:58:00","2.58","13047.0","Germany","EMEA"
"539157","22752","SET 7 BABUSHKA NESTING BOXES","2","2017-04-20 08:58:00","8.04","13047.0","Germany","EMEA"
"539157","85123A","WHITE HANGING HEART T-LIGHT HOLDER","7","2017-04-20 08:58:00","2.95","13047.0","Germany","EMEA"
"539158","22633","HAND WARMER UNION JACK","11","2017-03-23 16:29:00","2.23","13777.0","Belgium","EMEA"
"539158","47566","PARTY BUNTING","6","2017-03-23 16:29:00","5.16","13777.0","Belgium","EMEA"
"539159","20685","DOORMAT RED RETROSPOT","1","2017-04-06 14:09:00","7.43","17850.0","EIRE","EMEA"
"539159","22633","HAND WARMER UNION JACK","3","2017-04-06 14:09:00","2.29","17850.0","EIRE","EMEA"
"539160","85123A","WHITE HANGING HEART T-LIGHT HOLDER","6","2017-04-02 12:09:00","2.95","17850.0","Australia","APAC"
"539161","22632","HAND WARMER RED POLKA DOT","1","2017-04-14 16:12:00","2.01","14606.0","United Kingdom","EMEA"
"539161","85099B","JUMBO BAG RED RETROSPOT","2","2017-04-14 16:12:00","1.89","14606.0","United Kingdom","EMEA"
"539162","84029G","KNITTED UNION FLAG HOT WATER BOTTLE","2","2017-04-27 14:54:00","3.38","15311.0","Canada","AMER"
"539162","22632","HAND WARMER RED POLKA DOT","9","2017-04-27 14:54:00","1.99","15311.0","Canada","AMER"
"539163","84029G","KNITTED UNION FLAG HOT WATER BOTTLE","6","2017-04-15 14:27:00","3.71","13047.0","EIRE","EMEA"
"539164","85099B","JUMBO BAG RED RETROSPOT","6","2017-04-15 15:10:00","1.89","16029.0","United Kingdom","EMEA"
"539164","84029E","RED WOOLLY HOTTIE WHITE HEART","12","2017-04-15 15:10:00","3.46","16029.0","United Kingdom","EMEA"
"539164","84406B","CREAM CUPID HEARTS COAT HANGER","8","2017-04-15 15:10:00","2.65","16029.0","United Kingdom","EMEA"
"539165","47566","PARTY BUNTING","3","2017-03-27 16:40:00","4.94","16029.0","USA","AMER"
"539165","22633","HAND WARMER UNION JACK","4","2017-03-27 16:40:00","2.23","16029.0","USA","AMER"
"539166","22752","SET 7 BABUSHKA NESTING BOXES","7","2017-04-17 09:51:00","7.8","13777.0","France","EMEA"
"539167","20685","DOORMAT RED RETROSPOT","10","2017-04-23 11:05:00","6.99","14606.0","EIRE","EMEA"
"539167","71053","WHITE METAL LANTERN","4","2017-04-23 11:05:00","3.84","14606.0","EIRE","EMEA"
"539167","20685","DOORMAT RED RETROSPOT","9","2017-04-23 11:05:00","7.12","14606.0","EIRE","EMEA"
"539168","84406B","CREAM CUPID HEARTS COAT HANGER","7","2017-03-03 12:20:00","3.23","17809.0","Belgium","EMEA"
"539169","21730","GLASS STAR FROSTED T-LIGHT HOLDER","4","2017-03-09 16:59:00","4.74","12583.0","USA","AMER"
"539169","22632","HAND WARMER RED POLKA DOT","5","2017-03-09 16:59:00","1.89","12583.0","USA","AMER"
"539169","84029E","RED WOOLLY HOTTIE WHITE HEART","9","2017-03-09 16:59:00","3.56","12583.0","USA","AMER"
"539170","47566","PARTY BUNTING","11","2017-03-13 12:27:00","5.35","14096.0","France","EMEA"
"539170","20685","DOORMAT RED RETROSPOT","8","2017-03-13 12:27:00","7.35","14096.0","France","EMEA"
"539170","85123A","WHITE HANGING HEART T-LIGHT HOLDER","12","2017-03-13 12:27:00","2.82","14096.0","France","EMEA"
"539171","22633","HAND WARMER UNION JACK","11","2017-04-01 10:56:00","2.3","14606.0","United Kingdom","EMEA"
"539171","22633","HAND WARMER UNION JACK","3","2017-04-01 10:56:00","2.23","14606.0","United Kingdom","EMEA"
"539172","22632","HAND WARMER RED POLKA DOT","9","2017-03-11 16:30:00","2.14","12583.0","Belgium","EMEA"
"539173","47566","PARTY BUNTING","4","2017-03-19 08:07:00","5.11","13777.0","EIRE","EMEA"
"539174","84406B","CREAM CUPID HEARTS COAT HANGER","7","2017-03-15 10:43:00","3.21","17850.0","Australia","APAC"
"539174","21730","GLASS STAR FROSTED T-LIGHT HOLDER","11","2017-03-15 10:43:00","4.66","17850.0","Australia","APAC"
"539175","21730","GLASS STAR FROSTED T-LIGHT HOLDER","2","2017-03-29 12:01:00","4.34","12583.0","Germany","EMEA"
"539176","85099B","JUMBO BAG RED RETROSPOT","8","2017-04-03 13:34:00","1.97","13047.0","Australia","APAC"
"539176","22633","HAND WARMER UNION JACK","6","2017-04-03 13:34:00","1.87","13047.0","Australia","APAC"
"539177","84029E","RED WOOLLY HOTTIE WHITE HEART","2","2017-04-23 15:44:00","3.35","13777.0","Canada","AMER"
"539177","84029G","KNITTED UNION FLAG HOT WATER BOTTLE","8","2017-04-23 15:44:00","3.75","13777.0","Canada","AMER"
"539178","22633","HAND WARMER UNION JACK","6","2017-04-18 11:14:00","1.97","17809.0","Germany","EMEA"
"539178","84029E","RED WOOLLY HOTTIE WHITE HEART","11","2017-04-18 11:14:00","3.37","17809.0","Germany","EMEA"
"539178","20685","DOORMAT RED RETROSPOT","8","2017-04-18 11:14:00","7.32","17809.0","Germany","EMEA"
"539179","84029E","RED WOOLLY HOTTIE WHITE HEART","10","2017-03-21 16:37:00","3.29","16029.0","Canada","AMER"
"539179","85123A","WHITE HANGING HEART T-LIGHT HOLDER","10","2017-03-21 16:37:00","2.59","16029.0","Canada","AMER"
"539180","85123A","WHITE HANGING HEART T-LIGHT HOLDER","3","2017-04-25 15:22:00","2.66","13047.0","France","EMEA"
"539181","84029E","RED WOOLLY HOTTIE WHITE HEART","11","2017-04-18 10:56:00","3.37","12583.0","United Kingdom","EMEA"
"539182","22633","HAND WARMER UNION JACK","4","2017-03-29 13:23:00","2.0","16029.0","Spain","EMEA"
"539183","20685","DOORMAT RED RETROSPOT","10","2017-04-23 16:56:00","7.43","15291.0","EIRE","EMEA"
"539184","85099B","JUMBO BAG RED RETROSPOT","11","2017-04-19 11:57:00","1.85","15291.0","Spain","EMEA"
"539184","20685","DOORMAT RED RETROSPOT","8","2017-04-19 11:57:00","7.51","15291.0","Spain","EMEA"
"539184","84029G","KNITTED UNION FLAG HOT WATER BOTTLE","9","2017-04-19 11:57:00","3.48","15291.0","Spain","EMEA"
"539185","20685","DOORMAT RED RETROSPOT","6","2017-03-18 15:12:00","7.01","15311.0","Germany","EMEA"
"539185","85099B","JUMBO BAG RED RETROSPOT","9","2017-03-18 15:12:00","1.8","15311.0","Germany","EMEA"
"539186","85099B","JUMBO BAG RED RETROSPOT","4","2017-04-30 12:29:00","1.82","13777.0","United Kingdom","EMEA"
"539187","84029G","KNITTED UNION FLAG HOT WATER BOTTLE","2","2017-03-23 11:57:00","3.51","17850.0","Spain","EMEA"
"539188","21730","GLASS STAR FROSTED T-LIGHT HOLDER","5","2017-03-22 11:48:00","4.74","16029.0","Belgium","EMEA"
"539188","71053","WHITE METAL LANTERN","3","2017-03-22 11:48:00","3.4","16029.0","Belgium","EMEA"
"539188","21730","GLASS STAR FROSTED T-LIGHT HOLDER","4","2017-03-22 11:48:00","4.7","16029.0","Belgium","EMEA"
"539189","22752","SET 7 BABUSHKA NESTING BOXES","6","2017-04-17 11:24:00","8.04","16029.0","France","EMEA"
"539189","47566","PARTY BUNTING","12","2017-04-17 11:24:00","5.06","16029.0","France","EMEA"
"539189","47566","PARTY BUNTING","5","2017-04-17 11:24:00","5.37","16029.0","France","EMEA"
"539190","22633","HAND WARMER UNION JACK","4","2017-03-10 08:39:00","1.83","14096.0","Spain","EMEA"
"539191","22752","SET 7 BABUSHKA NESTING BOXES","2","2017-04-27 16:09:00","7.72","17809.0","Australia","APAC"
"539191","85099B","JUMBO BAG RED RETROSPOT","4","2017-04-27 16:09:00","1.7","17809.0","Australia","APAC"
"539191","85099B","JUMBO BAG RED RETROSPOT","2","2017-04-27 16:09:00","2.08","17809.0","Australia","APAC"
"539192","22632","HAND WARMER RED POLKA DOT","9","2017-04-20 08:05:00","1.87","17809.0","EIRE","EMEA"
"539193","85099B","JUMBO BAG RED RETROSPOT","4","2017-04-25 08:23:00","1.75","17809.0","United Kingdom","EMEA"
"539193","84029G","KNITTED UNION FLAG HOT WATER BOTTLE","12","2017-04-25 08:23:00","3.55","17809.0","United Kingdom","EMEA"
"539194","84406B","CREAM CUPID HEARTS COAT HANGER","8","2017-04-20 15:45:00","2.83","15291.0","Belgium","EMEA"
"539194","22752","SET 7 BABUSHKA NESTING BOXES","9","2017-04-20 15:45:00","8.13","15291.0","Belgium","EMEA"
"539194","22632","HAND WARMER RED POLKA DOT","8","2017-04-20 15:45:00","2.35","15291.0","Belgium","EMEA"
"539195","84029E","RED WOOLLY HOTTIE WHITE HEART","4","2017-03-10 15:39:00","3.39","13047.0","Germany","EMEA"
"539195","22752","SET 7 BABUSHKA NESTING BOXES","6","2017-03-10 15:39:00","7.88","13047.0","Germany","EMEA"
"539196","85123A","WHITE HANGING HEART T-LIGHT HOLDER","12","2017-03-20 10:25:00","2.88","17850.0","Spain","EMEA"
"539196","84029G","KNITTED UNION FLAG HOT WATER BOTTLE","5","2017-03-20 10:25:00","3.45","17850.0","Spain","EMEA"
"539197","22633","HAND WARMER UNION JACK","7","2017-04-21 09:51:00","1.76","13777.0","USA","AMER"
"539198","22752","SET 7 BABUSHKA NESTING BOXES","2","2017-04-14 11:46:00","7.8","16029.0","Canada","AMER"
"539198","71053","WHITE METAL LANTERN","4","2017-04-14 11:46:00","3.35","16029.0","Canada","AMER"
"539199","20685","DOORMAT RED RETROSPOT","11","2017-03-06 16:21:00","7.4","13047.0","Germany","EMEA"
"539199","20685","DOORMAT RED RETROSPOT","2","2017-03-06 16:21:00","7.16","13047.0","Germany","EMEA"
"539200","21730","GLASS STAR FROSTED T-LIGHT HOLDER","4","2017-04-07 09:17:00","4.54","12583.0","EIRE","EMEA"
"539200","84406B","CREAM CUPID HEARTS COAT HANGER","2","2017-04-07 09:17:00","3.25","12583.0","EIRE","EMEA"
"539201","84406B","CREAM CUPID HEARTS COAT HANGER","7","2017-04-17 15:32:00","2.76","17809.0","Netherlands","EMEA"
"539202","21730","GLASS STAR FROSTED T-LIGHT HOLDER","2","2017-04-04 15:36:00","4.52","16029.0","Netherlands","EMEA"
"539202","84029G","KNITTED UNION FLAG HOT WATER BOTTLE","2","2017-04-04 15:36:00","3.8","16029.0","Netherlands","EMEA"
"539203","22633","HAND WARMER UNION JACK","5","2017-03-17 15:21:00","2.1","13047.0","France","EMEA"
"539203","84406B","CREAM CUPID HEARTS COAT HANGER","6","2017-03-17 15:21:00","3.25","13047.0","France","EMEA"
"539204","71053","WHITE METAL LANTERN","5","2017-04-01 13:50:00","3.74","15311.0","United Kingdom","EMEA"
"539204","85123A","WHITE HANGING HEART T-LIGHT HOLDER","9","2017-04-01 13:50:00","2.85","15311.0","United Kingdom","EMEA"
"539205","47566","PARTY BUNTING","9","2017-04-24 15:13:00","5.35","14096.0","Canada","AMER"
"539205","84406B","CREAM CUPID HEARTS COAT HANGER","7","2017-04-24 15:13:00","2.9","14096.0","Canada","AMER"
"539206","47566","PARTY BUNTING","9","2017-04-16 12:27:00","5.3","13047.0","EIRE","EMEA"
"539206","85123A","WHITE HANGING HEART T-LIGHT HOLDER","4","2017-04-16 12:27:00","2.7","13047.0","EIRE","EMEA"
"539207","84029G","KNITTED UNION FLAG HOT WATER BOTTLE","6","2017-04-03 12:44:00","3.63","14606.0","Spain","EMEA"
"539207","22752","SET 7 BABUSHKA NESTING BOXES","10","2017-04-03 12:44:00","7.86","14606.0","Spain","EMEA"
"539207","85099B","JUMBO BAG RED RETROSPOT","8","2017-04-03 12:44:00","2.14","14606.0","Spain","EMEA"
"539208","22752","SET 7 BABUSHKA NESTING BOXES","9","2017-03-02 16:54:00","7.6","14096.0","EIRE","EMEA"
"539209","20685","DOORMAT RED RETROSPOT","4","2017-04-15 12:36:00","7.09","15311.0","EIRE","EMEA"
"539209","47566","PARTY BUNTING","1","2017-04-15 12:36:00","5.11","15311.0","EIRE","EMEA"
"539209","22632","HAND WARMER RED POLKA DOT","1","2017-04-15 12:36:00","2.11","15311.0","EIRE","EMEA"
"539210","84029E","RED WOOLLY HOTTIE WHITE HEART","7","2017-04-06 13:46:00","3.73","14606.0","Belgium","EMEA"
"539210","84029G","KNITTED UNION FLAG HOT WATER BOTTLE","9","2017-04-06 13:46:00","3.39","14606.0","Belgium","EMEA"
"539210","71053","WHITE METAL LANTERN","11","2017-04-06 13:46:00","3.76","14606.0","Belgium","EMEA"
"539211","85099B","JUMBO BAG RED RETROSPOT","1","2017-03-05 16:54:00","1.58","13047.0","Belgium","EMEA"
"539212","22633","HAND WARMER UNION JACK","8","2017-04-21 08:50:00","2.19","14606.0","Germany","EMEA"
"539212","21730","GLASS STAR FROSTED T-LIGHT HOLDER","1","2017-04-21 08:50:00","4.61","14606.0","Germany","EMEA"
"539213","21730","GLASS STAR FROSTED T-LIGHT HOLDER","2","2017-03-13 11:30:00","4.3","15291.0","Canada","AMER"
"539213","22633","HAND WARMER UNION JACK","10","2017-03-13 11:30:00","1.82","15291.0","Canada","AMER"
"539213","85123A","WHITE HANGING HEART T-LIGHT HOLDER","9","2017-03-13 11:30:00","2.59","15291.0","Canada","AMER"
"539214","85123A","WHITE HANGING HEART T-LIGHT HOLDER","8","2017-03-14 09:44:00","2.65","14606.0","Germany","EMEA"
"539215","22632","HAND WARMER RED POLKA DOT","8","2017-03-31 15:17:00","1.97","17809.0","Canada","AMER"
"539216","20685","DOORMAT RED RETROSPOT","10","2017-04-02 10:22:00","7.48","17809.0","USA","AMER"
"539216","85099B","JUMBO BAG RED RETROSPOT","3","2017-04-02 10:22:00","1.68","17809.0","USA","AMER"
"539216","22633","HAND WARMER UNION JACK","8","2017-04-02 10:22:00","1.83","17809.0","USA","AMER"
"539217","84029G","KNITTED UNION FLAG HOT WATER BOTTLE","9","2017-03-10 08:49:00","3.89","17850.0","Canada","AMER"
"539217","22632","HAND WARMER RED POLKA DOT","9","2017-03-10 08:49:00","2.11","17850.0","Canada","AMER"
"539218","21730","GLASS STAR FROSTED T-LIGHT HOLDER","12","2017-03-20 10:06:00","4.35","12583.0","Germany","EMEA"
"539218","22752","SET 7 BABUSHKA NESTING BOXES","2","2017-03-20 10:06:00","7.62","12583.0","Germany","EMEA"
"539218","20685","DOORMAT RED RETROSPOT","3","2017-03-20 10:06:00","7.44","12583.0","Germany","EMEA"
"539219","21730","GLASS STAR FROSTED T-LIGHT HOLDER","8","2017-04-11 13:59:00","4.34","16029.0","United Kingdom","EMEA"
"539220","84029G","KNITTED UNION FLAG HOT WATER BOTTLE","2","2017-03-19 12:41:00","3.78","12583.0","Spain","EMEA"
"539220","84029G","KNITTED UNION FLAG HOT WATER BOTTLE","5","2017-03-19 12:41:00","3.56","12583.0","Spain","EMEA"
"539220","22752","SET 7 BABUSHKA NESTING BOXES","11","2017-03-19 12:41:00","7.75","12583.0","Spain","EMEA"
"539221","85123A","WHITE HANGING HEART T-LIGHT HOLDER","1","2017-03-08 08:57:00","2.96","12583.0","Germany","EMEA"
"539222","22633","HAND WARMER UNION JACK","8","2017-03-18 12:02:00","2.19","13777.0","United Kingdom","EMEA"
"539223","71053","WHITE METAL LANTERN","8","2017-04-25 14:23:00","3.47","13777.0","Germany","EMEA"
"539224","20685","DOORMAT RED RETROSPOT","10","2017-03-31 13:05:00","7.25","14606.0","Canada","AMER"
"539224","22633","HAND WARMER UNION JACK","4","2017-03-31 13:05:00","1.96","14606.0","Canada","AMER"
"539224","85099B","JUMBO BAG RED RETROSPOT","3","2017-03-31 13:05:00","1.75","14606.0","Canada","AMER"
"539225","71053","WHITE METAL LANTERN","4","2017-03-08 11:21:00","3.42","16029.0","USA","AMER"
"539225","85123A","WHITE HANGING HEART T-LIGHT HOLDER","1","2017-03-08 11:21:00","2.67","16029.0","USA","AMER"
"539225","22752","SET 7 BABUSHKA NESTING BOXES","2","2017-03-08 11:21:00","7.98","16029.0","USA","AMER"
"539226","84029G","KNITTED UNION FLAG HOT WATER BOTTLE","5","2017-03-29 11:12:00","3.52","12583.0","Germany","EMEA"
"539226","22632","HAND WARMER RED POLKA DOT","1","2017-03-29 11:12:00","2.28","12583.0","Germany","EMEA"
"539227","84406B","CREAM CUPID HEARTS COAT HANGER","10","2017-04-08 10:36:00","2.67","16029.0","Belgium","EMEA"
"539228","22633","HAND WARMER UNION JACK","12","2017-04-10 09:00:00","2.3","13777.0","Netherlands","EMEA"
"539228","47566","PARTY BUNTING","11","2017-04-10 09:00:00","4.89","13777.0","Netherlands","EMEA"
"539229","22633","HAND WARMER UNION JACK","5","2017-03-14 09:57:00","2.14","16029.0","Spain","EMEA"
"539229","20685","DOORMAT RED RETROSPOT","10","2017-03-14 09:57:00","7.22","16029.0","Spain","EMEA"
"539230","21730","GLASS STAR FROSTED T-LIGHT HOLDER","5","2017-04-10 13:10:00","4.19","17850.0","Spain","EMEA"
"539230","22752","SET 7 BABUSHKA NESTING BOXES","12","2017-04-10 13:10:00","7.76","17850.0","Spain","EMEA"
"539230","84406B","CREAM CUPID HEARTS COAT HANGER","10","2017-04-10 13:10:00","2.86","17850.0","Spain","EMEA"
"539231","71053","WHITE METAL LANTERN","12","2017-03-04 14:20:00","3.58","13047.0","EIRE","EMEA"
"539232","21730","GLASS STAR FROSTED T-LIGHT HOLDER","11","2017-04-05 11:45:00","4.5","12583.0","Australia","APAC"
"539232","47566","PARTY BUNTING","8","2017-04-05 11:45:00","5.24","12583.0","Australia","APAC"
"539233","20685","DOORMAT RED RETROSPOT","12","2017-04-28 12:42:00","6.99","12583.0","Netherlands","EMEA"
"539233","84029G","KNITTED UNION FLAG HOT WATER BOTTLE","5","2017-04-28 12:42:00","3.77","12583.0","Netherlands","EMEA"
"539234","21730","GLASS STAR FROSTED T-LIGHT HOLDER","9","2017-03-21 16:14:00","4.29","13777.0","EIRE","EMEA"
"539234","22633","HAND WARMER UNION JACK","3","2017-03-21 16:14:00","2.33","13777.0","EIRE","EMEA"
"539235","84406B","CREAM CUPID HEARTS COAT HANGER","9","2017-03-08 09:32:00","3.06","17809.0","France","EMEA"
"539235","85123A","WHITE HANGING HEART T-LIGHT HOLDER","11","2017-03-08 09:32:00","3.05","17809.0","France","EMEA"
"539236","85099B","JUMBO BAG RED RETROSPOT","5","2017-03-21 15:09:00","2.11","17850.0","Germany","EMEA"
"539236","71053","WHITE METAL LANTERN","9","2017-03-21 15:09:00","3.56","17850.0","Germany","EMEA"
"539236","85099B","JUMBO BAG RED RETROSPOT","10","2017-03-21 15:09:00","1.73","17850.0","Germany","EMEA"
"539237","71053","WHITE METAL LANTERN","4","2017-04-08 15:31:00","3.47","13047.0","Germany","EMEA"
"539237","22632","HAND WARMER RED POLKA DOT","12","2017-04-08 15:31:00","1.88","13047.0","Germany","EMEA"
"539238","85123A","WHITE HANGING HEART T-LIGHT HOLDER","10","2017-03-18 15:08:00","2.45","15311.0","USA","AMER"
"539239","85123A","WHITE HANGING HEART T-LIGHT HOLDER","6","2017-03-12 10:18:00","2.51","15291.0","France","EMEA"
"539239","84029E","RED WOOLLY HOTTIE WHITE HEART","10","2017-03-12 10:18:00","3.56","15291.0","France","EMEA"
"539239","21730","GLASS STAR FROSTED T-LIGHT HOLDER","5","2017-03-12 10:18:00","4.25","15291.0","France","EMEA"
"539240","84029E","RED WOOLLY HOTTIE WHITE HEART","1","2017-03-11 10:22:00","3.59","13777.0","EIRE","EMEA"
"539241","22752","SET 7 BABUSHKA NESTING BOXES","7","2017-04-15 09:28:00","7.87","13777.0","Netherlands","EMEA"
"539241","22632","HAND WARMER RED POLKA DOT","11","2017-04-15 09:28:00","2.02","13777.0","Netherlands","EMEA"
"539242","84029E","RED WOOLLY HOTTIE WHITE HEART","2","2017-03-05 11:39:00","3.36","16029.0","Canada","AMER"
"539242","22752","SET 7 BABUSHKA NESTING BOXES","9","2017-03-05 11:39:00","8.1","16029.0","Canada","AMER"
"539243","84406B","CREAM CUPID HEARTS COAT HANGER","10","2017-04-29 09:10:00","3.17","12583.0","Spain","EMEA"
"539244","71053","WHITE METAL LANTERN","6","2017-04-08 09:13:00","3.42","17809.0","United Kingdom","EMEA"
"539244","22633","HAND WARMER UNION JACK","10","2017-04-08 09:13:00","2.16","17809.0","United Kingdom","EMEA"
"539245","84029G","KNITTED UNION FLAG HOT WATER BOTTLE","4","2017-04-21 16:12:00","3.56","14606.0","Spain","EMEA"
"539245","22633","HAND WARMER UNION JACK","5","2017-04-21 16:12:00","2.04","14606.0","Spain","EMEA"
"539245","84406B","CREAM CUPID HEARTS COAT HANGER","11","2017-04-21 16:12:00","2.87","14606.0","Spain","EMEA"
"539246","84029G","KNITTED UNION FLAG HOT WATER BOTTLE","8","2017-03-05 14:55:00","3.36","15291.0","Spain","EMEA"
"539247","22632","HAND WARMER RED POLKA DOT","1","2017-04-23 12:17:00","2.05","17809.0","Spain","EMEA"
"539248","22632","HAND WARMER RED POLKA DOT","8","2017-04-27 08:18:00","1.99","13047.0","United Kingdom","EMEA"
"539249","22752","SET 7 BABUSHKA NESTING BOXES","7","2017-03-21 11:50:00","7.7","17850.0","Australia","APAC"
"539249","84406B","CREAM CUPID HEARTS COAT HANGER","6","2017-03-21 11:50:00","2.73","17850.0","Australia","APAC"
"539250","22752","SET 7 BABUSHKA NESTING BOXES","1","2017-03-30 09:25:00","8.08","15291.0","Germany","EMEA"
"539251","85123A","WHITE HANGING HEART T-LIGHT HOLDER","8","2017-03-21 12:02:00","2.62","13777.0","EIRE","EMEA"
"539251","84029G","KNITTED UNION FLAG HOT WATER BOTTLE","2","2017-03-21 12:02:00","3.75","13777.0","EIRE","EMEA"
"539251","84029G","KNITTED UNION FLAG HOT WATER BOTTLE","1","2017-03-21 12:02:00","3.8","13777.0","EIRE","EMEA"
"539252","47566","PARTY BUNTING","6","2017-04-02 09:22:00","5.31","13047.0","Canada","AMER"
"539252","71053","WHITE METAL LANTERN","3","2017-04-02 09:22:00","3.63","13047.0","Canada","AMER"
"539253","22752","SET 7 BABUSHKA NESTING BOXES","10","2017-04-03 15:36:00","8.12","17809.0","Canada","AMER"
"539253","85123A","WHITE HANGING HEART T-LIGHT HOLDER","5","2017-04-03 15:36:00","2.65","17809.0","Canada","AMER"
"539253","21730","GLASS STAR FROSTED T-LIGHT HOLDER","1","2017-04-03 15:36:00","4.66","17809.0","Canada","AMER"
"539254","85123A","WHITE HANGING HEART T-LIGHT HOLDER","2","2017-04-16 13:35:00","2.96","17850.0","Netherlands","EMEA"
"539254","20685","DOORMAT RED RETROSPOT","6","2017-04-16 13:35:00","7.06","17850.0","Netherlands","EMEA"
"539255","85123A","WHITE HANGING HEART T-LIGHT HOLDER","10","2017-03-07 14:54:00","2.49","13047.0","EIRE","EMEA"
"539256","22752","SET 7 BABUSHKA NESTING BOXES","12","2017-04-28 16:46:00","8.05","12583.0","Belgium","EMEA"
"539257","85099B","JUMBO BAG RED RETROSPOT","7","2017-03-01 15:18:00","1.75","17850.0","United Kingdom","EMEA"
"539258","22752","SET 7 BABUSHKA NESTING BOXES","1","2017-04-29 10:31:00","7.99","15311.0","USA","AMER"
"539258","47566","PARTY BUNTING","7","2017-04-29 10:31:00","5.4","15311.0","USA","AMER"
"539259","71053","WHITE METAL LANTERN","12","2017-03-01 14:37:00","3.53","17809.0","Australia","APAC"
"539259","22752","SET 7 BABUSHKA NESTING BOXES","7","2017-03-01 14:37:00","7.71","17809.0","Australia","APAC"
"539260","21730","GLASS STAR FROSTED T-LIGHT HOLDER","10","2017-03-29 13:52:00","4.35","14096.0","EIRE","EMEA"
"539260","85123A","WHITE HANGING HEART T-LIGHT HOLDER","10","2017-03-29 13:52:00","3.05","14096.0","EIRE","EMEA"
"539261","71053","WHITE METAL LANTERN","8","2017-03-28 10:47:00","3.77","13047.0","United Kingdom","EMEA"
"539261","21730","GLASS STAR FROSTED T-LIGHT HOLDER","3","2017-03-28 10:47:00","4.58","13047.0","United Kingdom","EMEA"
"539261","22633","HAND WARMER UNION JACK","4","2017-03-28 10:47:00","1.97","13047.0","United Kingdom","EMEA"
"539262","21730","GLASS STAR FROSTED T-LIGHT HOLDER","1","2017-04-15 10:24:00","4.47","17850.0","Canada","AMER"
"539263","20685","DOORMAT RED RETROSPOT","5","2017-04-28 10:32:00","7.37","14096.0","Belgium","EMEA"
"539263","21730","GLASS STAR FROSTED T-LIGHT HOLDER","8","2017-04-28 10:32:00","4.17","14096.0","Belgium","EMEA"
"539263","22632","HAND WARMER RED POLKA DOT","11","2017-04-28 10:32:00","1.79","14096.0","Belgium","EMEA"
"539264","85099B","JUMBO BAG RED RETROSPOT","7","2017-04-15 14:31:00","1.64","16029.0","Canada","AMER"
"539265","20685","DOORMAT RED RETROSPOT","3","2017-03-22 15:28:00","7.23","12583.0","Belgium","EMEA"
"539266","20685","DOORMAT RED RETROSPOT","10","2017-04-23 14:22:00","7.25","13047.0","Germany","EMEA"
"539266","85123A","WHITE HANGING HEART T-LIGHT HOLDER","1","2017-04-23 14:22:00","2.58","13047.0","Germany","EMEA"
"539267","71053","WHITE METAL LANTERN","6","2017-04-05 09:39:00","3.78","17809.0","Spain","EMEA"
"539267","84029G","KNITTED UNION FLAG HOT WATER BOTTLE","2","2017-04-05 09:39:00","3.76","17809.0","Spain","EMEA"
"539268","84406B","CREAM CUPID HEARTS COAT HANGER","10","2017-04-13 14:01:00","2.87","16029.0","Netherlands","EMEA"
"539268","47566","PARTY BUNTING","12","2017-04-13 14:01:00","5.35","16029.0","Netherlands","EMEA"
"539269","84029G","KNITTED UNION FLAG HOT WATER BOTTLE","4","2017-03-25 08:11:00","3.7","14096.0","Netherlands","EMEA"
"539269","85099B","JUMBO BAG RED RETROSPOT","11","2017-03-25 08:11:00","1.96","14096.0","Netherlands","EMEA"
"539270","85099B","JUMBO BAG RED RETROSPOT","7","2017-03-22 15:48:00","1.6","17809.0","Australia","APAC"
"539271","21730","GLASS STAR FROSTED T-LIGHT HOLDER","6","2017-03-10 13:20:00","4.47","14096.0","United Kingdom","EMEA"
"539271","84406B","CREAM CUPID HEARTS COAT HANGER","9","2017-03-10 13:20:00","3.01","14096.0","United Kingdom","EMEA"
"539272","22632","HAND WARMER RED POLKA DOT","12","2017-03-21 16:35:00","1.86","14606.0","United Kingdom","EMEA"
"539273","84406B","CREAM CUPID HEARTS COAT HANGER","5","2017-03-26 10:27:00","2.66","13777.0","Germany","EMEA"
"539273","47566","PARTY BUNTING","11","2017-03-26 10:27:00","5.07","13777.0","Germany","EMEA"
"539273","22633","HAND WARMER UNION JACK","1","2017-03-26 10:27:00","2.16","13777.0","Germany","EMEA"
"539274","20685","DOORMAT RED RETROSPOT","3","2017-04-18 12:31:00","7.52","17850.0","Spain","EMEA"
"539274","47566","PARTY BUNTING","7","2017-04-18 12:31:00","5.13","17850.0","Spain","EMEA"
"539275","85123A","WHITE HANGING HEART T-LIGHT HOLDER","7","2017-04-20 12:06:00","2.55","13777.0","EIRE","EMEA"
"539275","21730","GLASS STAR FROSTED T-LIGHT HOLDER","10","2017-04-20 12:06:00","4.59","13777.0","EIRE","EMEA"
"539275","84029E","RED WOOLLY HOTTIE WHITE HEART","7","2017-04-20 12:06:00","3.29","13777.0","EIRE","EMEA"
"539276","22633","HAND WARMER UNION JACK","8","2017-03-17 14:44:00","1.97","17809.0","EIRE","EMEA"
"539276","84029G","KNITTED UNION FLAG HOT WATER BOTTLE","10","2017-03-17 14:44:00","3.66","17809.0","EIRE","EMEA"
"539276","71053","WHITE METAL LANTERN","1","2017-03-17 14:44:00","3.5","17809.0","EIRE","EMEA"
"539277","85123A","WHITE HANGING HEART T-LIGHT HOLDER","10","2017-04-04 13:02:00","2.69","17850.0","EIRE","EMEA"
"539278","85099B","JUMBO BAG RED RETROSPOT","2","2017-03-03 10:00:00","1.84","15291.0","Australia","APAC"
"539279","85099B","JUMBO BAG RED RETROSPOT","10","2017-03-23 08:31:00","2.07","13777.0","Spain","EMEA"
"539279","84029G","KNITTED UNION FLAG HOT WATER BOTTLE","4","2017-03-23 08:31:00","3.68","13777.0","Spain","EMEA"
"539279","21730","GLASS STAR FROSTED T-LIGHT HOLDER","11","2017-03-23 08:31:00","4.44","13777.0","Spain","EMEA"
"539280","20685","DOORMAT RED RETROSPOT","10","2017-04-16 15:02:00","7.11","17809.0","Germany","EMEA"
"539280","21730","GLASS STAR FROSTED T-LIGHT HOLDER","7","2017-04-16 15:02:00","4.58","17809.0","Germany","EMEA"
"539281","85123A","WHITE HANGING HEART T-LIGHT HOLDER","10","2017-03-21 15:31:00","2.55","14606.0","USA","AMER"
"539281","71053","WHITE METAL LANTERN","7","2017-03-21 15:31:00","3.4","14606.0","USA","AMER"
"539282","22633","HAND WARMER UNION JACK","4","2017-04-12 10:43:00","1.92","14096.0","Netherlands","EMEA"
"539282","84029E","RED WOOLLY HOTTIE WHITE HEART","8","2017-04-12 10:43:00","3.39","14096.0","Netherlands","EMEA"
"539282","47566","PARTY BUNTING","4","2017-04-12 10:43:00","4.95","14096.0","Netherlands","EMEA"
"539283","22752","SET 7 BABUSHKA NESTING BOXES","12","2017-03-19 13:20:00","8.03","15291.0","United Kingdom","EMEA"
"539283","20685","DOORMAT RED RETROSPOT","5","2017-03-19 13:20:00","7.09","15291.0","United Kingdom","EMEA"
"539284","85123A","WHITE HANGING HEART T-LIGHT HOLDER","4","2017-03-19 14:30:00","3.04","17809.0","United Kingdom","EMEA"
"539285","84406B","CREAM CUPID HEARTS COAT HANGER","10","2017-04-22 16:32:00","2.96","14096.0","United Kingdom","EMEA"
"539285","20685","DOORMAT RED RETROSPOT","6","2017-04-22 16:32:00","7.36","14096.0","United Kingdom","EMEA"
"539286","20685","DOORMAT RED RETROSPOT","6","2017-03-02 11:06:00","7.23","14606.0","Spain","EMEA"
"539286","85099B","JUMBO BAG RED RETROSPOT","10","2017-03-02 11:06:00","1.79","14606.0","Spain","EMEA"
"539287","21730","GLASS STAR FROSTED T-LIGHT HOLDER","4","2017-04-25 11:40:00","4.22","16029.0","United Kingdom","EMEA"
"539287","22633","HAND WARMER UNION JACK","11","2017-04-25 11:40:00","2.34","16029.0","United Kingdom","EMEA"
"539288","71053","WHITE METAL LANTERN","3","2017-04-18 15:49:00","3.77","17850.0","Netherlands","EMEA"
"539289","22633","HAND WARMER UNION JACK","4","2017-04-12 14:40:00","1.83","14096.0","EIRE","EMEA"
"539289","22633","HAND WARMER UNION JACK","2","2017-04-12 14:40:00","2.31","14096.0","EIRE","EMEA"
"539289","22752","SET 7 BABUSHKA NESTING BOXES","11","2017-04-12 14:40:00","7.9","14096.0","EIRE","EMEA"
"539290","84406B","CREAM CUPID HEARTS COAT HANGER","5","2017-04-19 12:38:00","2.94","13047.0","Germany","EMEA"
"539291","22633","HAND WARMER UNION JACK","10","2017-04-24 08:37:00","1.77","15311.0","Canada","AMER"
"539291","22633","HAND WARMER UNION JACK","4","2017-04-24 08:37:00","2.18","15311.0","Canada","AMER"
"539292","85099B","JUMBO BAG RED RETROSPOT","3","2017-04-08 15:38:00","1.66","15291.0","France","EMEA"
"539292","22633","HAND WARMER UNION JACK","11","2017-04-08 15:38:00","2.33","15291.0","France","EMEA"
"539292","85123A","WHITE HANGING HEART T-LIGHT HOLDER","9","2017-04-08 15:38:00","2.73","15291.0","France","EMEA"
"539293","84029E","RED WOOLLY HOTTIE WHITE HEART","1","2017-03-26 09:39:00","3.54","12583.0","Australia","APAC"
"539294","47566","PARTY BUNTING","8","2017-04-14 10:23:00","5.19","17809.0","United Kingdom","EMEA"
"539294","22752","SET 7 BABUSHKA NESTING BOXES","12","2017-04-14 10:23:00","7.73","17809.0","United Kingdom","EMEA"
"539294","22633","HAND WARMER UNION JACK","5","2017-04-14 10:23:00","2.0","17809.0","United Kingdom","EMEA"
"539295","85123A","WHITE HANGING HEART T-LIGHT HOLDER","11","2017-03-16 09:10:00","2.86","14096.0","USA","AMER"
"539295","84029E","RED WOOLLY HOTTIE WHITE HEART","9","2017-03-16 09:10:00","3.63","14096.0","USA","AMER"
"539296","84029G","KNITTED UNION FLAG HOT WATER BOTTLE","4","2017-03-21 12:29:00","3.8","13777.0","USA","AMER"
"539296","20685","DOORMAT RED RETROSPOT","1","2017-03-21 12:29:00","7.1","13777.0","USA","AMER"
"539297","71053","WHITE METAL LANTERN","2","2017-04-19 12:50:00","3.54","14606.0","USA","AMER"
"539297","71053","WHITE METAL LANTERN","4","2017-04-19 12:50:00","3.32","14606.0","USA","AMER"
"539297","22633","HAND WARMER UNION JACK","6","2017-04-19 12:50:00","2.34","14606.0","USA","AMER"
"539298","22632","HAND WARMER RED POLKA DOT","11","2017-04-24 12:12:00","1.91","15291.0","Germany","EMEA"
"539299","85123A","WHITE HANGING HEART T-LIGHT HOLDER","2","2017-03-17 14:54:00","2.98","12583.0","United Kingdom","EMEA"
"539299","22752","SET 7 BABUSHKA NESTING BOXES","4","2017-03-17 14:54:00","7.73","12583.0","United Kingdom","EMEA"
"539300","47566","PARTY BUNTING","4","2017-03-18 15:20:00","4.88","16029.0","France","EMEA"
"539300","84029G","KNITTED UNION FLAG HOT WATER BOTTLE","12","2017-03-18 15:20:00","3.53","16029.0","France","EMEA"
"539301","22633","HAND WARMER UNION JACK","8","2017-04-06 10:42:00","2.0","12583.0","United Kingdom","EMEA"
"539301","85123A","WHITE HANGING HEART T-LIGHT HOLDER","1","2017-04-06 10:42:00","2.53","12583.0","United Kingdom","EMEA"
"539301","21730","GLASS STAR FROSTED T-LIGHT HOLDER","1","2017-04-06 10:42:00","4.54","12583.0","United Kingdom","EMEA"
"539302","47566","PARTY BUNTING","5","2017-04-25 14:53:00","5.29","13777.0","Canada","AMER"
"539302","21730","GLASS STAR FROSTED T-LIGHT HOLDER","6","2017-04-25 14:53:00","4.38","13777.0","Canada","AMER"
"539303","22633","HAND WARMER UNION JACK","5","2017-03-07 08:35:00","2.21","13777.0","EIRE","EMEA"
"539303","85099B","JUMBO BAG RED RETROSPOT","11","2017-03-07 08:35:00","1.66","13777.0","EIRE","EMEA"
"539304","22632","HAND WARMER RED POLKA DOT","11","2017-04-15 13:44:00","2.22","17809.0","EIRE","EMEA"
"539304","22633","HAND WARMER UNION JACK","2","2017-04-15 13:44:00","1.99","17809.0","EIRE","EMEA"
"539305","84406B","CREAM CUPID HEARTS COAT HANGER","12","2017-04-25 16:32:00","2.69","12583.0","Netherlands","EMEA"
"539305","22632","HAND WARMER RED POLKA DOT","6","2017-04-25 16:32:00","2.29","12583.0","Netherlands","EMEA"
"539306","71053","WHITE METAL LANTERN","2","2017-04-16 14:24:00","3.33","13047.0","EIRE","EMEA"
"539306","85123A","WHITE HANGING HEART T-LIGHT HOLDER","4","2017-04-16 14:24:00","3.05","13047.0","EIRE","EMEA"
"539306","84406B","CREAM CUPID HEARTS COAT HANGER","3","2017-04-16 14:24:00","2.87","13047.0","EIRE","EMEA"
"539307","22632","HAND WARMER RED POLKA DOT","1","2017-04-21 08:25:00","1.79","17809.0","Belgium","EMEA"
"539307","84029G","KNITTED UNION FLAG HOT WATER BOTTLE","10","2017-04-21 08:25:00","3.34","17809.0","Belgium","EMEA"
"539307","20685","DOORMAT RED RETROSPOT","12","2017-04-21 08:25:00","7.04","17809.0","Belgium","EMEA"
"539308","22632","HAND WARMER RED POLKA DOT","5","2017-04-24 15:21:00","1.98","13047.0","United Kingdom","EMEA"
"539309","84029E","RED WOOLLY HOTTIE WHITE HEART","6","2017-03-30 08:11:00","3.86","16029.0","EIRE","EMEA"
"539309","22633","HAND WARMER UNION JACK","6","2017-03-30 08:11:00","2.07","16029.0","EIRE","EMEA"
"539310","71053","WHITE METAL LANTERN","9","2017-04-10 10:28:00","3.84","14096.0","Australia","APAC"
"539310","84029E","RED WOOLLY HOTTIE WHITE HEART","5","2017-04-10 10:28:00","3.32","14096.0","Australia","APAC"
"539311","20685","DOORMAT RED RETROSPOT","2","2017-03-30 09:50:00","7.23","12583.0","Canada","AMER"
"539312","22633","HAND WARMER UNION JACK","8","2017-04-22 12:05:00","1.81","13047.0","Spain","EMEA"
"539312","85099B","JUMBO BAG RED RETROSPOT","11","2017-04-22 12:05:00","1.85","13047.0","Spain","EMEA"
"539312","22632","HAND WARMER RED POLKA DOT","6","2017-04-22 12:05:00","1.86","13047.0","Spain","EMEA"
"539313","71053","WHITE METAL LANTERN","1","2017-04-12 13:26:00","3.64","17850.0","Belgium","EMEA"
"539314","21730","GLASS STAR FROSTED T-LIGHT HOLDER","5","2017-03-07 10:14:00","4.35","16029.0","France","EMEA"
"539314","85123A","WHITE HANGING HEART T-LIGHT HOLDER","7","2017-03-07 10:14:00","2.51","16029.0","France","EMEA"
"539315","21730","GLASS STAR FROSTED T-LIGHT HOLDER","7","2017-03-07 08:55:00","4.64","15291.0","USA","AMER"
"539315","47566","PARTY BUNTING","10","2017-03-07 08:55:00","5.34","15291.0","USA","AMER"
"539316","22632","HAND WARMER RED POLKA DOT","3","2017-03-28 10:55:00","2.2","17850.0","United Kingdom","EMEA"
"539316","71053","WHITE METAL LANTERN","11","2017-03-28 10:55:00","3.66","17850.0","United Kingdom","EMEA"
"539317","22752","SET 7 BABUSHKA NESTING BOXES","1","2017-04-19 12:47:00","7.86","12583.0","Australia","APAC"
"539317","20685","DOORMAT RED RETROSPOT","10","2017-04-19 12:47:00","7.56","12583.0","Australia","APAC"
"539318","22632","HAND WARMER RED POLKA DOT","4","2017-04-25 16:52:00","1.94","15291.0","Canada","AMER"
"539318","84406B","CREAM CUPID HEARTS COAT HANGER","10","2017-04-25 16:52:00","2.73","15291.0","Canada","AMER"
"539319","47566","PARTY BUNTING","9","2017-04-18 11:20:00","5.42","15311.0","Germany","EMEA"
"539320","20685","DOORMAT RED RETROSPOT","12","2017-04-18 12:08:00","7.54","15311.0","Australia","APAC"
"539320","22752","SET 7 BABUSHKA NESTING BOXES","9","2017-04-18 12:08:00","7.6","15311.0","Australia","APAC"
"539320","71053","WHITE METAL LANTERN","10","2017-04-18 12:08:00","3.36","15311.0","Australia","APAC"
"539321","20685","DOORMAT RED RETROSPOT","9","2017-04-06 14:11:00","7.56","13777.0","Australia","APAC"
"539321","84029G","KNITTED UNION FLAG HOT WATER BOTTLE","9","2017-04-06 14:11:00","3.32","13777.0","Australia","APAC"
"539321","84029E","RED WOOLLY HOTTIE WHITE HEART","4","2017-04-06 14:11:00","3.31","13777.0","Australia","APAC"
"539322","71053","WHITE METAL LANTERN","5","2017-03-25 12:08:00","3.71","15291.0","France","EMEA"
"539323","22633","HAND WARMER UNION JACK","6","2017-04-07 13:07:00","2.35","15311.0","Belgium","EMEA"
"539324","84029E","RED WOOLLY HOTTIE WHITE HEART","4","2017-03-10 10:08:00","3.65","17850.0","EIRE","EMEA"
"539324","22633","HAND WARMER UNION JACK","2","2017-03-10 10:08:00","2.26","17850.0","EIRE","EMEA"
"539325","85099B","JUMBO BAG RED RETROSPOT","6","2017-03-28 10:39:00","1.61","15291.0","France","EMEA"
"539325","71053","WHITE METAL LANTERN","11","2017-03-28 10:39:00","3.76","15291.0","France","EMEA"
"539326","84406B","CREAM CUPID HEARTS COAT HANGER","9","2017-04-24 11:26:00","3.24","15291.0","United Kingdom","EMEA"
"539327","22633","HAND WARMER UNION JACK","1","2017-03-06 09:24:00","1.78","15291.0","USA","AMER"
"539327","20685","DOORMAT RED RETROSPOT","12","2017-03-06 09:24:00","7.27","15291.0","USA","AMER"
"539327","21730","GLASS STAR FROSTED T-LIGHT HOLDER","9","2017-03-06 09:24:00","4.68","15291.0","USA","AMER"
"539328","84029E","RED WOOLLY HOTTIE WHITE HEART","5","2017-03-14 14:36:00","3.51","17809.0","Germany","EMEA"
"539328","22633","HAND WARMER UNION JACK","1","2017-03-14 14:36:00","1.79","17809.0","Germany","EMEA"
"539329","84406B","CREAM CUPID HEARTS COAT HANGER","11","2017-04-24 08:39:00","2.84","13047.0","Belgium","EMEA"
"539329","20685","DOORMAT RED RETROSPOT","2","2017-04-24 08:39:00","7.15","13047.0","Belgium","EMEA"
"539330","47566","PARTY BUNTING","1","2017-04-18 11:32:00","4.87","15291.0","Canada","AMER"
"539331","84029E","RED WOOLLY HOTTIE WHITE HEART","1","2017-03-21 13:14:00","3.59","15291.0","United Kingdom","EMEA"
"539331","84029G","KNITTED UNION FLAG HOT WATER BOTTLE","6","2017-03-21 13:14:00","3.82","15291.0","United Kingdom","EMEA"
"539332","84029G","KNITTED UNION FLAG HOT WATER BOTTLE","6","2017-03-02 15:37:00","3.82","17809.0","Australia","APAC"
"539332","22632","HAND WARMER RED POLKA DOT","5","2017-03-02 15:37:00","2.06","17809.0","Australia","APAC"
"539333","21730","GLASS STAR FROSTED T-LIGHT HOLDER","6","2017-04-08 15:09:00","4.58","17809.0","Spain","EMEA"
"539334","22752","SET 7 BABUSHKA NESTING BOXES","5","2017-03-14 10:40:00","7.7","14606.0","EIRE","EMEA"
"539335","22632","HAND WARMER RED POLKA DOT","4","2017-03-31 13:02:00","2.33","13047.0","EIRE","EMEA"
"539335","84406B","CREAM CUPID HEARTS COAT HANGER","12","2017-03-31 13:02:00","2.91","13047.0","EIRE","EMEA"
"539335","84029G","KNITTED UNION FLAG HOT WATER BOTTLE","1","2017-03-31 13:02:00","3.66","13047.0","EIRE","EMEA"
"539336","84029E","RED WOOLLY HOTTIE WHITE HEART","3","2017-04-06 10:52:00","3.78","14096.0","United Kingdom","EMEA"
"539336","47566","PARTY BUNTING","2","2017-04-06 10:52:00","5.2","14096.0","United Kingdom","EMEA"
"539337","22632","HAND WARMER RED POLKA DOT","11","2017-03-24 13:41:00","1.86","13047.0","Netherlands","EMEA"
"539337","22632","HAND WARMER RED POLKA DOT","2","2017-03-24 13:41:00","2.27","13047.0","Netherlands","EMEA"
"539337","22752","SET 7 BABUSHKA NESTING BOXES","6","2017-03-24 13:41:00","7.84","13047.0","Netherlands","EMEA"
"539338","20685","DOORMAT RED RETROSPOT","1","2017-04-10 10:34:00","7.27","14096.0","United Kingdom","EMEA"
"539339","84406B","CREAM CUPID HEARTS COAT HANGER","5","2017-03-10 09:20:00","2.95","14096.0","USA","AMER"
"539340","85099B","JUMBO BAG RED RETROSPOT","12","2017-03-05 10:36:00","1.96","17809.0","USA","AMER"
"539341","85099B","JUMBO BAG RED RETROSPOT","5","2017-03-05 09:59:00","1.8","17850.0","Spain","EMEA"
"539341","71053","WHITE METAL LANTERN","5","2017-03-05 09:59:00","3.8","17850.0","Spain","EMEA"
"539341","84029E","RED WOOLLY HOTTIE WHITE HEART","11","2017-03-05 09:59:00","3.43","17850.0","Spain","EMEA"
"539342","85099B","JUMBO BAG RED RETROSPOT","6","2017-03-03 09:56:00","2.01","14096.0","Netherlands","EMEA"
"539343","71053","WHITE METAL LANTERN","10","2017-04-09 15:34:00","3.8","16029.0","Belgium","EMEA"
"539343","85099B","JUMBO BAG RED RETROSPOT","4","2017-04-09 15:34:00","2.01","16029.0","Belgium","EMEA"
"539343","84406B","CREAM CUPID HEARTS COAT HANGER","11","2017-04-09 15:34:00","3.11","16029.0","Belgium","EMEA"
"539344","71053","WHITE METAL LANTERN","9","2017-04-12 08:01:00","3.59","13047.0","EIRE","EMEA"
"539344","84029E","RED WOOLLY HOTTIE WHITE HEART","1","2017-04-12 08:01:00","3.35","13047.0","EIRE","EMEA"
"539345","22752","SET 7 BABUSHKA NESTING BOXES","4","2017-04-02 11:49:00","7.79","15291.0","Belgium","EMEA"
"539345","22632","HAND WARMER RED POLKA DOT","9","2017-04-02 11:49:00","2.29","15291.0","Belgium","EMEA"
"539346","20685","DOORMAT RED RETROSPOT","11","2017-03-11 08:20:00","7.06","15311.0","Belgium","EMEA"
"539346","22632","HAND WARMER RED POLKA DOT","6","2017-03-11 08:20:00","2.18","15311.0","Belgium","EMEA"
"539347","85123A","WHITE HANGING HEART T-LIGHT HOLDER","10","2017-03-30 09:15:00","2.82","14096.0","France","EMEA"
"539347","22752","SET 7 BABUSHKA NESTING BOXES","7","2017-03-30 09:15:00","7.73","14096.0","France","EMEA"
"539347","22633","HAND WARMER UNION JACK","6","2017-03-30 09:15:00","2.01","14096.0","France","EMEA"
"539348","84406B","CREAM CUPID HEARTS COAT HANGER","9","2017-03-23 09:23:00","3.16","13777.0","Germany","EMEA"
"539349","22632","HAND WARMER RED POLKA DOT","11","2017-03-20 09:20:00","1.8","17850.0","France","EMEA"
"539350","71053","WHITE METAL LANTERN","9","2017-04-24 08:39:00","3.65","14096.0","Netherlands","EMEA"
"539350","22633","HAND WARMER UNION JACK","7","2017-04-24 08:39:00","2.01","14096.0","Netherlands","EMEA"
"539351","21730","GLASS STAR FROSTED T-LIGHT HOLDER","12","2017-03-24 08:54:00","4.68","15291.0","France","EMEA"
"539352","47566","PARTY BUNTING","7","2017-04-04 10:11:00","5.4","15311.0","Spain","EMEA"
"539353","84406B","CREAM CUPID HEARTS COAT HANGER","11","2017-04-22 11:56:00","3.07","17809.0","France","EMEA"
"539353","21730","GLASS STAR FROSTED T-LIGHT HOLDER","6","2017-04-22 11:56:00","4.32","17809.0","France","EMEA"
"539353","85123A","WHITE HANGING HEART T-LIGHT HOLDER","5","2017-04-22 11:56:00","2.87","17809.0","France","EMEA"
"539354","20685","DOORMAT RED RETROSPOT","6","2017-04-12 16:12:00","7.11","14606.0","Spain","EMEA"
"539354","20685","DOORMAT RED RETROSPOT","6","2017-04-12 16:12:00","7.16","14606.0","Spain","EMEA"
"539355","85123A","WHITE HANGING HEART T-LIGHT HOLDER","10","2017-04-14 11:08:00","2.61","13047.0","Australia","APAC"
"539356","84406B","CREAM CUPID HEARTS COAT HANGER","1","2017-04-25 10:12:00","3.01","14096.0","Australia","APAC"
"539357","22752","SET 7 BABUSHKA NESTING BOXES","9","2017-04-04 08:31:00","7.87","13777.0","USA","AMER"
"539358","20685","DOORMAT RED RETROSPOT","1","2017-04-12 15:27:00","7.42","13777.0","Netherlands","EMEA"
"539359","22633","HAND WARMER UNION JACK","11","2017-03-19 14:05:00","2.04","17850.0","United Kingdom","EMEA"
"539360","84406B","CREAM CUPID HEARTS COAT HANGER","11","2017-04-04 12:51:00","2.86","17809.0","USA","AMER"
"539360","20685","DOORMAT RED RETROSPOT","2","2017-04-04 12:51:00","7.3","17809.0","USA","AMER"
"539361","85099B","JUMBO BAG RED RETROSPOT","5","2017-03-08 16:55:00","2.1","15311.0","Germany","EMEA"
"539362","20685","DOORMAT RED RETROSPOT","8","2017-04-14 11:13:00","6.99","15291.0","Australia","APAC"
"539362","21730","GLASS STAR FROSTED T-LIGHT HOLDER","7","2017-04-14 11:13:00","4.59","15291.0","Australia","APAC"
"539362","71053","WHITE METAL LANTERN","6","2017-04-14 11:13:00","3.47","15291.0","Australia","APAC"
"539363","22632","HAND WARMER RED POLKA DOT","2","2017-04-05 11:44:00","1.93","13047.0","EIRE","EMEA"
"539364","22632","HAND WARMER RED POLKA DOT","5","2017-03-01 09:10:00","2.23","13777.0","Spain","EMEA"
"539364","22633","HAND WARMER UNION JACK","9","2017-03-01 09:10:00","2.04","13777.0","Spain","EMEA"
"539365","71053","WHITE METAL LANTERN","4","2017-03-11 16:07:00","3.59","13047.0","USA","AMER"
"539365","84029G","KNITTED UNION FLAG HOT WATER BOTTLE","11","2017-03-11 16:07:00","3.74","13047.0","USA","AMER"
"539366","71053","WHITE METAL LANTERN","12","2017-04-25 13:16:00","3.33","13047.0","Australia","APAC"
"539366","85123A","WHITE HANGING HEART T-LIGHT HOLDER","6","2017-04-25 13:16:00","2.82","13047.0","Australia","APAC"
"539367","71053","WHITE METAL LANTERN","11","2017-04-17 10:38:00","3.4","13777.0","Australia","APAC"
"539367","84029G","KNITTED UNION FLAG HOT WATER BOTTLE","11","2017-04-17 10:38:00","3.67","13777.0","Australia","APAC"
"539368","22633","HAND WARMER UNION JACK","7","2017-03-14 13:11:00","2.03","12583.0","Belgium","EMEA"
"539368","20685","DOORMAT RED RETROSPOT","5","2017-03-14 13:11:00","7.48","12583.0","Belgium","EMEA"
"539368","71053","WHITE METAL LANTERN","3","2017-03-14 13:11:00","3.71","12583.0","Belgium","EMEA"
"539369","47566","PARTY BUNTING","9","2017-03-16 10:44:00","5.13","15291.0","Australia","APAC"
"539369","85123A","WHITE HANGING HEART T-LIGHT HOLDER","11","2017-03-16 10:44:00","2.48","15291.0","Australia","APAC"
"539369","47566","PARTY BUNTING","3","2017-03-16 10:44:00","5.35","15291.0","Australia","APAC"
"539370","22633","HAND WARMER UNION JACK","3","2017-04-07 12:25:00","2.26","17809.0","Netherlands","EMEA"
"539370","21730","GLASS STAR FROSTED T-LIGHT HOLDER","11","2017-04-07 12:25:00","4.41","17809.0","Netherlands","EMEA"
"539371","85123A","WHITE HANGING HEART T-LIGHT HOLDER","8","2017-04-24 13:31:00","2.6","15291.0","United Kingdom","EMEA"
"539371","22632","HAND WARMER RED POLKA DOT","11","2017-04-24 13:31:00","2.34","15291.0","United Kingdom","EMEA"
"539372","22752","SET 7 BABUSHKA NESTING BOXES","3","2017-04-07 13:17:00","7.72","12583.0","Australia","APAC"
"539372","22632","HAND WARMER RED POLKA DOT","10","2017-04-07 13:17:00","1.76","12583.0","Australia","APAC"
"539373","22633","HAND WARMER UNION JACK","5","2017-03-07 16:06:00","1.88","14606.0","USA","AMER"
"539373","84029E","RED WOOLLY HOTTIE WHITE HEART","3","2017-03-07 16:06:00","3.44","14606.0","USA","AMER"
"539374","84406B","CREAM CUPID HEARTS COAT HANGER","5","2017-04-27 13:13:00","3.2","14606.0","Spain","EMEA"
"539374","22632","HAND WARMER RED POLKA DOT","8","2017-04-27 13:13:00","1.79","14606.0","Spain","EMEA"
"539374","47566","PARTY BUNTING","7","2017-04-27 13:13:00","4.86","14606.0","Spain","EMEA"
"539375","71053","WHITE METAL LANTERN","10","2017-03-09 13:54:00","3.82","15291.0","USA","AMER"
"539376","20685","DOORMAT RED RETROSPOT","2","2017-04-27 14:55:00","7.42","17850.0","Germany","EMEA"
"539377","22752","SET 7 BABUSHKA NESTING BOXES","4","2017-04-10 11:25:00","8.06","17850.0","Australia","APAC"
"539377","84029E","RED WOOLLY HOTTIE WHITE HEART","1","2017-04-10 11:25:00","3.71","17850.0","Australia","APAC"
"539377","22633","HAND WARMER UNION JACK","11","2017-04-10 11:25:00","2.3","17850.0","Australia","APAC"
"539378","22752","SET 7 BABUSHKA NESTING BOXES","3","2017-04-08 13:44:00","7.75","13777.0","Germany","EMEA"
"539379","85123A","WHITE HANGING HEART T-LIGHT HOLDER","1","2017-03-09 16:10:00","2.57","15291.0","Germany","EMEA"
"539380","47566","PARTY BUNTING","6","2017-04-02 16:31:00","4.9","12583.0","USA","AMER"
"539380","84029G","KNITTED UNION FLAG HOT WATER BOTTLE","11","2017-04-02 16:31:00","3.48","12583.0","USA","AMER"
"539381","47566","PARTY BUNTING","2","2017-03-14 15:26:00","5.12","17850.0","Netherlands","EMEA"
"539381","85099B","JUMBO BAG RED RETROSPOT","7","2017-03-14 15:26:00","1.86","17850.0","Netherlands","EMEA"
"539382","71053","WHITE METAL LANTERN","4","2017-04-04 13:26:00","3.39","15311.0","France","EMEA"
"539382","22752","SET 7 BABUSHKA NESTING BOXES","1","2017-04-04 13:26:00","7.62","15311.0","France","EMEA"
"539383","21730","GLASS STAR FROSTED T-LIGHT HOLDER","12","2017-04-08 16:06:00","4.53","15291.0","United Kingdom","EMEA"
"539384","47566","PARTY BUNTING","4","2017-03-31 09:33:00","5.23","16029.0","Germany","EMEA"
"539384","22632","HAND WARMER RED POLKA DOT","4","2017-03-31 09:33:00","2.06","16029.0","Germany","EMEA"
"539384","84406B","CREAM CUPID HEARTS COAT HANGER","10","2017-03-31 09:33:00","2.98","16029.0","Germany","EMEA"
"539385","20685","DOORMAT RED RETROSPOT","4","2017-03-15 11:46:00","7.45","15311.0","Spain","EMEA"
"539385","85123A","WHITE HANGING HEART T-LIGHT HOLDER","8","2017-03-15 11:46:00","2.46","15311.0","Spain","EMEA"
"539386","22633","HAND WARMER UNION JACK","3","2017-03-17 15:28:00","1.82","17850.0","France","EMEA"
"539386","47566","PARTY BUNTING","4","2017-03-17 15:28:00","5.27","17850.0","France","EMEA"
"539387","85099B","JUMBO BAG RED RETROSPOT","9","2017-03-23 15:12:00","1.78","15291.0","France","EMEA"
"539388","85123A","WHITE HANGING HEART T-LIGHT HOLDER","12","2017-03-07 12:36:00","2.78","15311.0","Spain","EMEA"
"539388","21730","GLASS STAR FROSTED T-LIGHT HOLDER","4","2017-03-07 12:36:00","4.67","15311.0","Spain","EMEA"
"539388","22633","HAND WARMER UNION JACK","9","2017-03-07 12:36:00","2.28","15311.0","Spain","EMEA"
"539389","20685","DOORMAT RED RETROSPOT","7","2017-03-12 16:32:00","7.36","15311.0","Germany","EMEA"
"539390","71053","WHITE METAL LANTERN","6","2017-03-29 16:52:00","3.38","12583.0","Canada","AMER"
"539391","22752","SET 7 BABUSHKA NESTING BOXES","8","2017-04-18 10:46:00","7.88","16029.0","Australia","APAC"
"539391","22633","HAND WARMER UNION JACK","5","2017-04-18 10:46:00","2.22","16029.0","Australia","APAC"
"539392","47566","PARTY BUNTING","1","2017-04-11 11:52:00","5.41","16029.0","Netherlands","EMEA"
"539393","85123A","WHITE HANGING HEART T-LIGHT HOLDER","12","2017-03-25 08:06:00","2.69","17850.0","France","EMEA"
"539393","84029E","RED WOOLLY HOTTIE WHITE HEART","11","2017-03-25 08:06:00","3.63","17850.0","France","EMEA"
"539393","84029G","KNITTED UNION FLAG HOT WATER BOTTLE","6","2017-03-25 08:06:00","3.48","17850.0","France","EMEA"
"539394","71053","WHITE METAL LANTERN","10","2017-03-15 14:41:00","3.56","14096.0","EIRE","EMEA"
"539394","85099B","JUMBO BAG RED RETROSPOT","11","2017-03-15 14:41:00","1.58","14096.0","EIRE","EMEA"
"539394","84029G","KNITTED UNION FLAG HOT WATER BOTTLE","11","2017-03-15 14:41:00","3.55","14096.0","EIRE","EMEA"
"539395","85123A","WHITE HANGING HEART T-LIGHT HOLDER","4","2017-04-03 12:52:00","2.6","17850.0","Belgium","EMEA"
"539396","20685","DOORMAT RED RETROSPOT","7","2017-04-03 14:22:00","7.43","15291.0","Canada","AMER"
"539396","84029E","RED WOOLLY HOTTIE WHITE HEART","5","2017-04-03 14:22:00","3.75","15291.0","Canada","AMER"
"539396","47566","PARTY BUNTING","10","2017-04-03 14:22:00","5.05","15291.0","Canada","AMER"
"539397","47566","PARTY BUNTING","8","2017-04-28 08:23:00","5.39","14606.0","EIRE","EMEA"
"539397","22633","HAND WARMER UNION JACK","10","2017-04-28 08:23:00","2.3","14606.0","EIRE","EMEA"
"539397","84406B","CREAM CUPID HEARTS COAT HANGER","1","2017-04-28 08:23:00","3.01","14606.0","EIRE","EMEA"
"539398","22632","HAND WARMER RED POLKA DOT","5","2017-03-20 14:49:00","1.83","15311.0","EIRE","EMEA"
"539399","22633","HAND WARMER UNION JACK","1","2017-03-26 13:54:00","2.24","17850.0","France","EMEA"
"539399","71053","WHITE METAL LANTERN","2","2017-03-26 13:54:00","3.68","17850.0","France","EMEA"
"539400","20685","DOORMAT RED RETROSPOT","5","2017-04-21 13:44:00","7.46","14096.0","Germany","EMEA"
"539400","85123A","WHITE HANGING HEART T-LIGHT HOLDER","11","2017-04-21 13:44:00","2.73","14096.0","Germany","EMEA"
"539400","22752","SET 7 BABUSHKA NESTING BOXES","7","2017-04-21 13:44:00","7.69","14096.0","Germany","EMEA"
"539401","85099B","JUMBO BAG RED RETROSPOT","7","2017-03-28 11:30:00","1.93","13047.0","USA","AMER"
"539401","84406B","CREAM CUPID HEARTS COAT HANGER","6","2017-03-28 11:30:00","2.88","13047.0","USA","AMER"
"539401","71053","WHITE METAL LANTERN","10","2017-03-28 11:30:00","3.59","13047.0","USA","AMER"
"539402","20685","DOORMAT RED RETROSPOT","1","2017-04-04 09:09:00","7.28","16029.0","Australia","APAC"
"539402","21730","GLASS STAR FROSTED T-LIGHT HOLDER","6","2017-04-04 09:09:00","4.49","16029.0","Australia","APAC"
"539403","84029E","RED WOOLLY HOTTIE WHITE HEART","11","2017-03-11 09:28:00","3.6","14096.0","Netherlands","EMEA"
"539403","71053","WHITE METAL LANTERN","10","2017-03-11 09:28:00","3.52","14096.0","Netherlands","EMEA"
"539404","21730","GLASS STAR FROSTED T-LIGHT HOLDER","7","2017-04-15 13:40:00","4.41","17850.0","Australia","APAC"
"539405","22633","HAND WARMER UNION JACK","7","2017-04-23 09:10:00","1.91","13777.0","Canada","AMER"
"539405","22632","HAND WARMER RED POLKA DOT","6","2017-04-23 09:10:00","2.22","13777.0","Canada","AMER"
"539405","20685","DOORMAT RED RETROSPOT","2","2017-04-23 09:10:00","7.35","13777.0","Canada","AMER"
"539406","47566","PARTY BUNTING","7","2017-04-27 15:28:00","5.37","13777.0","Australia","APAC"
"539407","84029G","KNITTED UNION FLAG HOT WATER BOTTLE","6","2017-03-06 12:05:00","3.58","15291.0","Australia","APAC"
"539408","22632","HAND WARMER RED POLKA DOT","8","2017-04-01 10:21:00","2.11","16029.0","EIRE","EMEA"
"539408","85099B","JUMBO BAG RED RETROSPOT","8","2017-04-01 10:21:00","2.1","16029.0","EIRE","EMEA"
"539408","85099B","JUMBO BAG RED RETROSPOT","8","2017-04-01 10:21:00","1.64","16029.0","EIRE","EMEA"
"539409","84029G","KNITTED UNION FLAG HOT WATER BOTTLE","9","2017-04-05 15:37:00","3.42","14096.0","Australia","APAC"
"539409","71053","WHITE METAL LANTERN","1","2017-04-05 15:37:00","3.74","14096.0","Australia","APAC"
"539410","47566","PARTY BUNTING","7","2017-04-11 09:17:00","5.32","13047.0","EIRE","EMEA"
"539410","21730","GLASS STAR FROSTED T-LIGHT HOLDER","7","2017-04-11 09:17:00","4.6","13047.0","EIRE","EMEA"
"539411","84029E","RED WOOLLY HOTTIE WHITE HEART","1","2017-03-14 12:36:00","3.78","16029.0","United Kingdom","EMEA"
"539411","85099B","JUMBO BAG RED RETROSPOT","2","2017-03-14 12:36:00","1.72","16029.0","United Kingdom","EMEA"
"539411","22633","HAND WARMER UNION JACK","10","2017-03-14 12:36:00","1.83","16029.0","United Kingdom","EMEA"
"539412","84029G","KNITTED UNION FLAG HOT WATER BOTTLE","4","2017-04-01 15:26:00","3.42","17809.0","EIRE","EMEA"
"539413","71053","WHITE METAL LANTERN","10","2017-04-21 09:17:00","3.3","14096.0","Germany","EMEA"
"539413","21730","GLASS STAR FROSTED T-LIGHT HOLDER","8","2017-04-21 09:17:00","4.22","14096.0","Germany","EMEA"
"539413","85123A","WHITE HANGING HEART T-LIGHT HOLDER","3","2017-04-21 09:17:00","2.8","14096.0","Germany","EMEA"
"539414","84406B","CREAM CUPID HEARTS COAT HANGER","6","2017-03-23 11:13:00","2.72","17809.0","Canada","AMER"
"539415","85123A","WHITE HANGING HEART T-LIGHT HOLDER","5","2017-03-27 13:47:00","2.95","15311.0","Germany","EMEA"
"539416","22632","HAND WARMER RED POLKA DOT","10","2017-03-22 08:27:00","2.27","17850.0","Canada","AMER"
"539417","71053","WHITE METAL LANTERN","6","2017-03-28 09:38:00","3.34","14606.0","Belgium","EMEA"
"539417","84406B","CREAM CUPID HEARTS COAT HANGER","2","2017-03-28 09:38:00","2.67","14606.0","Belgium","EMEA"
"539417","85123A","WHITE HANGING HEART T-LIGHT HOLDER","11","2017-03-28 09:38:00","3.02","14606.0","Belgium","EMEA"
"539418","84406B","CREAM CUPID HEARTS COAT HANGER","10","2017-03-10 08:03:00","3.02","13777.0","USA","AMER"
"539419","47566","PARTY BUNTING","10","2017-03-08 14:24:00","5.19","15311.0","EIRE","EMEA"
"539419","84029E","RED WOOLLY HOTTIE WHITE HEART","7","2017-03-08 14:24:00","3.3","15311.0","EIRE","EMEA"
"539419","85099B","JUMBO BAG RED RETROSPOT","6","2017-03-08 14:24:00","1.71","15311.0","EIRE","EMEA"
"539420","22632","HAND WARMER RED POLKA DOT","10","2017-04-07 13:49:00","1.92","14606.0","USA","AMER"
"539420","22632","HAND WARMER RED POLKA DOT","4","2017-04-07 13:49:00","2.19","14606.0","USA","AMER"
"539420","22752","SET 7 BABUSHKA NESTING BOXES","3","2017-04-07 13:49:00","7.81","14606.0","USA","AMER"
"539421","84029E","RED WOOLLY HOTTIE WHITE HEART","12","2017-03-22 13:23:00","3.49","15311.0","France","EMEA"
"539422","85123A","WHITE HANGING HEART T-LIGHT HOLDER","7","2017-03-16 08:29:00","3.0","17850.0","Belgium","EMEA"
"539423","84029E","RED WOOLLY HOTTIE WHITE HEART","4","2017-03-01 09:32:00","3.68","15311.0","Canada","AMER"
"539423","84029E","RED WOOLLY HOTTIE WHITE HEART","3","2017-03-01 09:32:00","3.65","15311.0","Canada","AMER"
"539424","85099B","JUMBO BAG RED RETROSPOT","4","2017-03-24 11:58:00","1.66","13047.0","France","EMEA"
"539424","22752","SET 7 BABUSHKA NESTING BOXES","4","2017-03-24 11:58:00","7.64","13047.0","France","EMEA"
"539424","22633","HAND WARMER UNION JACK","11","2017-03-24 11:58:00","2.19","13047.0","France","EMEA"
"539425","85099B","JUMBO BAG RED RETROSPOT","6","2017-03-21 09:34:00","1.87","17809.0","Belgium","EMEA"
"539425","22633","HAND WARMER UNION JACK","8","2017-03-21 09:34:00","1.91","17809.0","Belgium","EMEA"
"539425","21730","GLASS STAR FROSTED T-LIGHT HOLDER","1","2017-03-21 09:34:00","4.19","17809.0","Belgium","EMEA"
"539426","22752","SET 7 BABUSHKA NESTING BOXES","5","2017-03-14 16:38:00","8.06","13047.0","Germany","EMEA"
"539426","85099B","JUMBO BAG RED RETROSPOT","8","2017-03-14 16:38:00","2.14","13047.0","Germany","EMEA"
"539426","20685","DOORMAT RED RETROSPOT","9","2017-03-14 16:38:00","7.11","13047.0","Germany","EMEA"
"539427","21730","GLASS STAR FROSTED T-LIGHT HOLDER","5","2017-04-21 13:41:00","4.49","14606.0","Netherlands","EMEA"
"539427","22752","SET 7 BABUSHKA NESTING BOXES","8","2017-04-21 13:41:00","8.15","14606.0","Netherlands","EMEA"
"539428","47566","PARTY BUNTING","4","2017-03-09 12:47:00","5.22","13777.0","Netherlands","EMEA"
"539428","20685","DOORMAT RED RETROSPOT","12","2017-03-09 12:47:00","7.23","13777.0","Netherlands","EMEA"
"539429","85123A","WHITE HANGING HEART T-LIGHT HOLDER","4","2017-03-08 12:04:00","2.93","13777.0","Canada","AMER"
"539429","22632","HAND WARMER RED POLKA DOT","7","2017-03-08 12:04:00","2.03","13777.0","Canada","AMER"
"539429","85099B","JUMBO BAG RED RETROSPOT","2","2017-03-08 12:04:00","2.01","13777.0","Canada","AMER"
"539430","84029E","RED WOOLLY HOTTIE WHITE HEART","9","2017-04-20 10:13:00","3.52","13777.0","Netherlands","EMEA"
"539431","20685","DOORMAT RED RETROSPOT","9","2017-03-20 15:14:00","7.02","14606.0","Germany","EMEA"
"539431","22633","HAND WARMER UNION JACK","2","2017-03-20 15:14:00","2.02","14606.0","Germany","EMEA"
"539432","84406B","CREAM CUPID HEARTS COAT HANGER","4","2017-04-24 12:15:00","3.0","14606.0","Canada","AMER"
"539432","47566","PARTY BUNTING","1","2017-04-24 12:15:00","5.41","14606.0","Canada","AMER"
"539433","22633","HAND WARMER UNION JACK","12","2017-04-22 13:52:00","1.91","12583.0","Australia","APAC"
"539433","84406B","CREAM CUPID HEARTS COAT HANGER","3","2017-04-22 13:52:00","2.95","12583.0","Australia","APAC"
"539434","84406B","CREAM CUPID HEARTS COAT HANGER","3","2017-04-13 16:45:00","2.98","14096.0","USA","AMER"
"539435","85099B","JUMBO BAG RED RETROSPOT","6","2017-03-10 08:07:00","1.97","14606.0","France","EMEA"
"539436","47566","PARTY BUNTING","4","2017-04-28 13:14:00","5.34","13047.0","USA","AMER"
"539437","71053","WHITE METAL LANTERN","10","2017-03-05 16:15:00","3.84","14096.0","Belgium","EMEA"
"539437","22633","HAND WARMER UNION JACK","6","2017-03-05 16:15:00","2.04","14096.0","Belgium","EMEA"
"539438","71053","WHITE METAL LANTERN","2","2017-03-05 11:59:00","3.42","17809.0","USA","AMER"
"539438","47566","PARTY BUNTING","12","2017-03-05 11:59:00","5.16","17809.0","USA","AMER"
"539439","47566","PARTY BUNTING","12","2017-04-14 09:04:00","5.13","14606.0","United Kingdom","EMEA"
"539439","85099B","JUMBO BAG RED RETROSPOT","8","2017-04-14 09:04:00","1.61","14606.0","United Kingdom","EMEA"
"539440","71053","WHITE METAL LANTERN","3","2017-03-27 12:09:00","3.3","17850.0","United Kingdom","EMEA"
"539440","84406B","CREAM CUPID HEARTS COAT HANGER","5","2017-03-27 12:09:00","3.07","17850.0","United Kingdom","EMEA"
"539440","85123A","WHITE HANGING HEART T-LIGHT HOLDER","6","2017-03-27 12:09:00","2.66","17850.0","United Kingdom","EMEA"
"539441","21730","GLASS STAR FROSTED T-LIGHT HOLDER","11","2017-04-11 14:20:00","4.19","13047.0","United Kingdom","EMEA"
"539441","22633","HAND WARMER UNION JACK","1","2017-04-11 14:20:00","2.3","13047.0","United Kingdom","EMEA"
"539442","22752","SET 7 BABUSHKA NESTING BOXES","5","2017-03-07 13:46:00","8.14","14606.0","USA","AMER"
"539442","22632","HAND WARMER RED POLKA DOT","12","2017-03-07 13:46:00","2.07","14606.0","USA","AMER"
"539442","22632","HAND WARMER RED POLKA DOT","4","2017-03-07 13:46:00","2.21","14606.0","USA","AMER"
"539443","47566","PARTY BUNTING","9","2017-03-18 13:25:00","5.01","12583.0","EIRE","EMEA"
"539443","22752","SET 7 BABUSHKA NESTING BOXES","1","2017-03-18 13:25:00","7.72","12583.0","EIRE","EMEA"
"539443","47566","PARTY BUNTING","5","2017-03-18 13:25:00","5.03","12583.0","EIRE","EMEA"
"539444","21730","GLASS STAR FROSTED T-LIGHT HOLDER","7","2017-03-14 13:52:00","4.53","13777.0","Netherlands","EMEA"
"539445","21730","GLASS STAR FROSTED T-LIGHT HOLDER","8","2017-04-06 13:24:00","4.16","15291.0","Belgium","EMEA"
"539446","22752","SET 7 BABUSHKA NESTING BOXES","1","2017-03-09 11:00:00","7.73","15291.0","USA","AMER"
"539447","22632","HAND WARMER RED POLKA DOT","9","2017-04-20 13:45:00","2.23","17850.0","Belgium","EMEA"
"539448","20685","DOORMAT RED RETROSPOT","1","2017-04-01 14:30:00","7.28","12583.0","Belgium","EMEA"
"539448","22752","SET 7 BABUSHKA NESTING BOXES","3","2017-04-01 14:30:00","7.97","12583.0","Belgium","EMEA"
"539449","84029G","KNITTED UNION FLAG HOT WATER BOTTLE","3","2017-03-21 08:31:00","3.83","13047.0","Germany","EMEA"
"539449","20685","DOORMAT RED RETROSPOT","11","2017-03-21 08:31:00","7.33","13047.0","Germany","EMEA"
"539449","84029E","RED WOOLLY HOTTIE WHITE HEART","6","2017-03-21 08:31:00","3.32","13047.0","Germany","EMEA"
"539450","22632","HAND WARMER RED POLKA DOT","1","2017-04-10 14:20:00","1.86","12583.0","Netherlands","EMEA"
"539450","85123A","WHITE HANGING HEART T-LIGHT HOLDER","4","2017-04-10 14:20:00","2.58","12583.0","Netherlands","EMEA"
"539451","22752","SET 7 BABUSHKA NESTING BOXES","9","2017-04-04 13:29:00","7.71","14096.0","France","EMEA"
"539451","22633","HAND WARMER UNION JACK","1","2017-04-04 13:29:00","1.91","14096.0","France","EMEA"
"539451","84029E","RED WOOLLY HOTTIE WHITE HEART","1","2017-04-04 13:29:00","3.72","14096.0","France","EMEA"
"539452","47566","PARTY BUNTING","12","2017-04-09 13:34:00","5.12","12583.0","Netherlands","EMEA"
"539453","22632","HAND WARMER RED POLKA DOT","6","2017-04-01 08:54:00","1.87","17809.0","Spain","EMEA"
"539453","85123A","WHITE HANGING HEART T-LIGHT HOLDER","2","2017-04-01 08:54:00","2.77","17809.0","Spain","EMEA"
"539454","22632","HAND WARMER RED POLKA DOT","10","2017-03-21 16:26:00","2.12","16029.0","Netherlands","EMEA"
"539454","47566","PARTY BUNTING","9","2017-03-21 16:26:00","5.0","16029.0","Netherlands","EMEA"
"539454","22633","HAND WARMER UNION JACK","3","2017-03-21 16:26:00","2.31","16029.0","Netherlands","EMEA"
"539455","20685","DOORMAT RED RETROSPOT","12","2017-04-18 16:24:00","7.27","16029.0","United Kingdom","EMEA"
"539456","84406B","CREAM CUPID HEARTS COAT HANGER","8","2017-04-09 09:03:00","3.16","14096.0","USA","AMER"
"539456","84029E","RED WOOLLY HOTTIE WHITE HEART","1","2017-04-09 09:03:00","3.77","14096.0","USA","AMER"
"539457","22752","SET 7 BABUSHKA NESTING BOXES","2","2017-03-16 11:31:00","7.72","15311.0","United Kingdom","EMEA"
"539457","84029G","KNITTED UNION FLAG HOT WATER BOTTLE","12","2017-03-16 11:31:00","3.68","15311.0","United Kingdom","EMEA"
"539458","84029E","RED WOOLLY HOTTIE WHITE HEART","5","2017-04-18 09:59:00","3.4","13777.0","EIRE","EMEA"
"539459","22632","HAND WARMER RED POLKA DOT","7","2017-03-01 10:29:00","2.08","14606.0","USA","AMER"
"539459","84406B","CREAM CUPID HEARTS COAT HANGER","7","2017-03-01 10:29:00","3.11","14606.0","USA","AMER"
"539460","85123A","WHITE HANGING HEART T-LIGHT HOLDER","4","2017-04-21 14:26:00","3.02","17850.0","Canada","AMER"
"539460","20685","DOORMAT RED RETROSPOT","8","2017-04-21 14:26:00","7.18","17850.0","Canada","AMER"
"539461","22633","HAND WARMER UNION JACK","12","2017-03-31 15:50:00","1.89","12583.0","Spain","EMEA"
"539462","84406B","CREAM CUPID HEARTS COAT HANGER","6","2017-03-10 11:51:00","2.7","12583.0","Canada","AMER"
"539462","84406B","CREAM CUPID HEARTS COAT HANGER","9","2017-03-10 11:51:00","2.87","12583.0","Canada","AMER"
"539463","71053","WHITE METAL LANTERN","9","2017-04-20 13:10:00","3.75","16029.0","Netherlands","EMEA"
"539463","47566","PARTY BUNTING","3","2017-04-20 13:10:00","5.32","16029.0","Netherlands","EMEA"
"539464","84406B","CREAM CUPID HEARTS COAT HANGER","4","2017-04-10 08:31:00","2.71","13047.0","France","EMEA"
"539464","47566","PARTY BUNTING","10","2017-04-10 08:31:00","5.38","13047.0","France","EMEA"
"539465","85099B","JUMBO BAG RED RETROSPOT","1","2017-04-28 14:37:00","1.91","14606.0","Canada","AMER"
"539465","84029G","KNITTED UNION FLAG HOT WATER BOTTLE","1","2017-04-28 14:37:00","3.3","14606.0","Canada","AMER"
"539466","47566","PARTY BUNTING","5","2017-03-04 15:52:00","5.2","16029.0","France","EMEA"
"539467","84029G","KNITTED UNION FLAG HOT WATER BOTTLE","12","2017-04-01 12:38:00","3.82","17850.0","United Kingdom","EMEA"
"539468","84029G","KNITTED UNION FLAG HOT WATER BOTTLE","7","2017-03-19 11:53:00","3.41","14606.0","EIRE","EMEA"
"539468","84029G","KNITTED UNION FLAG HOT WATER BOTTLE","5","2017-03-19 11:53:00","3.69","14606.0","EIRE","EMEA"
"539468","20685","DOORMAT RED RETROSPOT","9","2017-03-19 11:53:00","7.04","14606.0","EIRE","EMEA"
"539469","84029G","KNITTED UNION FLAG HOT WATER BOTTLE","12","2017-04-29 09:52:00","3.38","15291.0","United Kingdom","EMEA"
"539469","71053","WHITE METAL LANTERN","6","2017-04-29 09:52:00","3.56","15291.0","United Kingdom","EMEA"
"539470","47566","PARTY BUNTING","7","2017-03-08 08:47:00","5.29","14096.0","USA","AMER"
"539471","71053","WHITE METAL LANTERN","7","2017-04-12 16:23:00","3.67","12583.0","Spain","EMEA"
"539472","47566","PARTY BUNTING","8","2017-04-08 16:41:00","4.99","14096.0","France","EMEA"
"539473","84029G","KNITTED UNION FLAG HOT WATER BOTTLE","4","2017-04-06 14:44:00","3.78","14096.0","Australia","APAC"
"539473","22633","HAND WARMER UNION JACK","10","2017-04-06 14:44:00","1.95","14096.0","Australia","APAC"
"539474","22632","HAND WARMER RED POLKA DOT","2","2017-03-25 14:58:00","1.98","17850.0","Spain","EMEA"
"539475","71053","WHITE METAL LANTERN","6","2017-03-08 15:15:00","3.62","15291.0","Spain","EMEA"
"539475","84406B","CREAM CUPID HEARTS COAT HANGER","6","2017-03-08 15:15:00","2.75","15291.0","Spain","EMEA"
"539475","22632","HAND WARMER RED POLKA DOT","8","2017-03-08 15:15:00","2.16","15291.0","Spain","EMEA"
"539476","84406B","CREAM CUPID HEARTS COAT HANGER","12","2017-04-12 09:03:00","3.03","15311.0","Canada","AMER"
"539476","47566","PARTY BUNTING","2","2017-04-12 09:03:00","4.93","15311.0","Canada","AMER"
"539477","84029E","RED WOOLLY HOTTIE WHITE HEART","8","2017-03-24 08:40:00","3.59","16029.0","Australia","APAC"
"539478","21730","GLASS STAR FROSTED T-LIGHT HOLDER","6","2017-04-07 13:38:00","4.67","17850.0","Germany","EMEA"
"539478","22633","HAND WARMER UNION JACK","1","2017-04-07 13:38:00","1.85","17850.0","Germany","EMEA"
"539478","85099B","JUMBO BAG RED RETROSPOT","10","2017-04-07 13:38:00","1.76","17850.0","Germany","EMEA"
"539479","71053","WHITE METAL LANTERN","12","2017-04-25 14:08:00","3.53","14606.0","Netherlands","EMEA"
"539479","84029E","RED WOOLLY HOTTIE WHITE HEART","5","2017-04-25 14:08:00","3.87","14606.0","Netherlands","EMEA"
"539480","85123A","WHITE HANGING HEART T-LIGHT HOLDER","12","2017-03-02 12:43:00","2.62","16029.0","Netherlands","EMEA"
"539481","84029G","KNITTED UNION FLAG HOT WATER BOTTLE","10","2017-03-10 11:54:00","3.8","17850.0","USA","AMER"
"539481","21730","GLASS STAR FROSTED T-LIGHT HOLDER","10","2017-03-10 11:54:00","4.57","17850.0","USA","AMER"
"539482","85099B","JUMBO BAG RED RETROSPOT","11","2017-03-01 13:48:00","1.81","17850.0","EIRE","EMEA"
"539483","20685","DOORMAT RED RETROSPOT","5","2017-04-29 14:05:00","7.33","13777.0","Australia","APAC"
"539483","47566","PARTY BUNTING","8","2017-04-29 14:05:00","4.89","13777.0","Australia","APAC"
"539484","20685","DOORMAT RED RETROSPOT","12","2017-03-13 09:44:00","7.02","14096.0","Germany","EMEA"
"539484","85099B","JUMBO BAG RED RETROSPOT","6","2017-03-13 09:44:00","2.09","14096.0","Germany","EMEA"
"539485","22632","HAND WARMER RED POLKA DOT","1","2017-04-06 12:24:00","2.33","17850.0","EIRE","EMEA"
"539485","84029E","RED WOOLLY HOTTIE WHITE HEART","1","2017-04-06 12:24:00","3.69","17850.0","EIRE","EMEA"
"539486","85099B","JUMBO BAG RED RETROSPOT","3","2017-04-05 09:52:00","1.58","14606.0","France","EMEA"
"539486","85123A","WHITE HANGING HEART T-LIGHT HOLDER","8","2017-04-05 09:52:00","2.83","14606.0","France","EMEA"
"539487","84029E","RED WOOLLY HOTTIE WHITE HEART","5","2017-03-21 08:13:00","3.49","17809.0","Belgium","EMEA"
"539487","21730","GLASS STAR FROSTED T-LIGHT HOLDER","6","2017-03-21 08:13:00","4.36","17809.0","Belgium","EMEA"
"539487","71053","WHITE METAL LANTERN","7","2017-03-21 08:13:00","3.53","17809.0","Belgium","EMEA"
"539488","22752","SET 7 BABUSHKA NESTING BOXES","11","2017-03-22 09:22:00","8.04","12583.0","Belgium","EMEA"
"539488","22633","HAND WARMER UNION JACK","8","2017-03-22 09:22:00","2.0","12583.0","Belgium","EMEA"
"539489","22752","SET 7 BABUSHKA NESTING BOXES","9","2017-04-13 12:01:00","7.99","17809.0","USA","AMER"
"539489","84029E","RED WOOLLY HOTTIE WHITE HEART","9","2017-04-13 12:01:00","3.71","17809.0","USA","AMER"
"539490","85123A","WHITE HANGING HEART T-LIGHT HOLDER","5","2017-03-18 10:40:00","2.71","13047.0","USA","AMER"
"539490","20685","DOORMAT RED RETROSPOT","6","2017-03-18 10:40:00","7.05","13047.0","USA","AMER"
"539490","20685","DOORMAT RED RETROSPOT","9","2017-03-18 10:40:00","7.0","13047.0","USA","AMER"
"539491","85099B","JUMBO BAG RED RETROSPOT","11","2017-03-23 08:48:00","1.97","12583.0","Australia","APAC"
"539491","84029E","RED WOOLLY HOTTIE WHITE HEART","6","2017-03-23 08:48:00","3.79","12583.0","Australia","APAC"
"539492","71053","WHITE METAL LANTERN","5","2017-03-23 09:59:00","3.68","15311.0","Australia","APAC"
"539492","21730","GLASS STAR FROSTED T-LIGHT HOLDER","1","2017-03-23 09:59:00","4.16","15311.0","Australia","APAC"
"539492","85123A","WHITE HANGING HEART T-LIGHT HOLDER","4","2017-03-23 09:59:00","2.68","15311.0","Australia","APAC"
"539493","20685","DOORMAT RED RETROSPOT","4","2017-03-02 16:59:00","7.53","15311.0","Germany","EMEA"
"539493","20685","DOORMAT RED RETROSPOT","8","2017-03-02 16:59:00","7.15","15311.0","Germany","EMEA"
"539494","84406B","CREAM CUPID HEARTS COAT HANGER","2","2017-03-04 14:43:00","2.7","14606.0","Germany","EMEA"
"539494","84406B","CREAM CUPID HEARTS COAT HANGER","7","2017-03-04 14:43:00","2.87","14606.0","Germany","EMEA"
"539494","85123A","WHITE HANGING HEART T-LIGHT HOLDER","10","2017-03-04 14:43:00","2.46","14606.0","Germany","EMEA"
"539495","47566","PARTY BUNTING","2","2017-03-01 15:01:00","5.14","14096.0","Spain","EMEA"
"539495","22633","HAND WARMER UNION JACK","8","2017-03-01 15:01:00","1.81","14096.0","Spain","EMEA"
"539496","71053","WHITE METAL LANTERN","10","2017-03-12 16:53:00","3.38","14606.0","France","EMEA"
"539496","22752","SET 7 BABUSHKA NESTING BOXES","8","2017-03-12 16:53:00","7.91","14606.0","France","EMEA"
"539497","71053","WHITE METAL LANTERN","4","2017-03-01 16:36:00","3.8","14096.0","United Kingdom","EMEA"
"539497","22632","HAND WARMER RED POLKA DOT","4","2017-03-01 16:36:00","2.03","14096.0","United Kingdom","EMEA"
"539497","84029E","RED WOOLLY HOTTIE WHITE HEART","2","2017-03-01 16:36:00","3.74","14096.0","United Kingdom","EMEA"
"539498","22752","SET 7 BABUSHKA NESTING BOXES","3","2017-04-27 16:52:00","7.61","13777.0","France","EMEA"
"539498","85099B","JUMBO BAG RED RETROSPOT","8","2017-04-27 16:52:00","1.94","13777.0","France","EMEA"
"539498","85123A","WHITE HANGING HEART T-LIGHT HOLDER","12","2017-04-27 16:52:00","2.81","13777.0","France","EMEA"
"539499","22633","HAND WARMER UNION JACK","2","2017-03-30 12:22:00","2.19","15291.0","EIRE","EMEA"
"539499","22633","HAND WARMER UNION JACK","5","2017-03-30 12:22:00","2.03","15291.0","EIRE","EMEA"
"539499","84029E","RED WOOLLY HOTTIE WHITE HEART","3","2017-03-30 12:22:00","3.73","15291.0","EIRE","EMEA"
"539500","21730","GLASS STAR FROSTED T-LIGHT HOLDER","8","2017-03-26 15:26:00","4.24","16029.0","Australia","APAC"
"539500","84029G","KNITTED UNION FLAG HOT WATER BOTTLE","3","2017-03-26 15:26:00","3.52","16029.0","Australia","APAC"
"539501","22633","HAND WARMER UNION JACK","8","2017-04-19 10:54:00","2.32","17850.0","France","EMEA"
"539502","71053","WHITE METAL LANTERN","3","2017-04-04 12:57:00","3.85","17809.0","Australia","APAC"
"539502","84406B","CREAM CUPID HEARTS COAT HANGER","3","2017-04-04 12:57:00","2.95","17809.0","Australia","APAC"
"539503","85099B","JUMBO BAG RED RETROSPOT","7","2017-03-03 14:20:00","1.83","13047.0","Australia","APAC"
"539504","22633","HAND WARMER UNION JACK","2","2017-03-23 08:02:00","1.89","14606.0","USA","AMER"
"539504","22633","HAND WARMER UNION JACK","7","2017-03-23 08:02:00","2.08","14606.0","USA","AMER"
"539505","47566","PARTY BUNTING","2","2017-04-17 16:59:00","4.89","14606.0","Australia","APAC"
"539505","84406B","CREAM CUPID HEARTS COAT HANGER","4","2017-04-17 16:59:00","2.89","14606.0","Australia","APAC"
"539505","85123A","WHITE HANGING HEART T-LIGHT HOLDER","12","2017-04-17 16:59:00","2.88","14606.0","Australia","APAC"
"539506","21730","GLASS STAR FROSTED T-LIGHT HOLDER","2","2017-03-09 15:51:00","4.67","14096.0","USA","AMER"
"539506","22633","HAND WARMER UNION JACK","5","2017-03-09 15:51:00","2.15","14096.0","USA","AMER"
"539507","85099B","JUMBO BAG RED RETROSPOT","10","2017-03-09 12:05:00","2.1","14096.0","Netherlands","EMEA"
"539508","85099B","JUMBO BAG RED RETROSPOT","5","2017-03-11 09:02:00","2.03","17809.0","United Kingdom","EMEA"
"539509","20685","DOORMAT RED RETROSPOT","12","2017-04-25 15:59:00","7.56","14096.0","United Kingdom","EMEA"
"539509","22752","SET 7 BABUSHKA NESTING BOXES","9","2017-04-25 15:59:00","8.04","14096.0","United Kingdom","EMEA"
"539510","22752","SET 7 BABUSHKA NESTING BOXES","8","2017-03-11 12:55:00","7.66","14606.0","Australia","APAC"
"539511","22632","HAND WARMER RED POLKA DOT","12","2017-03-31 13:53:00","2.15","12583.0","Canada","AMER"
"539511","20685","DOORMAT RED RETROSPOT","1","2017-03-31 13:53:00","7.07","12583.0","Canada","AMER"
"539511","71053","WHITE METAL LANTERN","1","2017-03-31 13:53:00","3.88","12583.0","Canada","AMER"
"539512","85099B","JUMBO BAG RED RETROSPOT","3","2017-04-22 13:53:00","1.73","15311.0","Belgium","EMEA"
"539512","22632","HAND WARMER RED POLKA DOT","3","2017-04-22 13:53:00","2.19","15311.0","Belgium","EMEA"
"539512","85099B","JUMBO BAG RED RETROSPOT","11","2017-04-22 13:53:00","1.84","15311.0","Belgium","EMEA"
"539513","20685","DOORMAT RED RETROSPOT","3","2017-03-01 13:51:00","7.32","13047.0","Australia","APAC"
"539514","22633","HAND WARMER UNION JACK","12","2017-03-30 13:07:00","2.0","14606.0","Australia","APAC"
"539515","71053","WHITE METAL LANTERN","11","2017-03-30 08:11:00","3.69","13047.0","Spain","EMEA"
"539515","22752","SET 7 BABUSHKA NESTING BOXES","6","2017-03-30 08:11:00","7.98","13047.0","Spain","EMEA"
"539515","22633","HAND WARMER UNION JACK","4","2017-03-30 08:11:00","1.92","13047.0","Spain","EMEA"
"539516","84029G","KNITTED UNION FLAG HOT WATER BOTTLE","4","2017-04-27 13:40:00","3.87","15291.0","France","EMEA"
"539516","21730","GLASS STAR FROSTED T-LIGHT HOLDER","10","2017-04-27 13:40:00","4.72","15291.0","France","EMEA"
"539517","85123A","WHITE HANGING HEART T-LIGHT HOLDER","7","2017-04-02 12:30:00","2.7","13047.0","Spain","EMEA"
"539518","71053","WHITE METAL LANTERN","7","2017-03-18 16:22:00","3.42","15291.0","Canada","AMER"
"539518","85123A","WHITE HANGING HEART T-LIGHT HOLDER","5","2017-03-18 16:22:00","2.47","15291.0","Canada","AMER"
"539519","47566","PARTY BUNTING","6","2017-04-14 11:26:00","4.95","13777.0","United Kingdom","EMEA"
"539519","84029E","RED WOOLLY HOTTIE WHITE HEART","3","2017-04-14 11:26:00","3.47","13777.0","United Kingdom","EMEA"
"539519","71053","WHITE METAL LANTERN","12","2017-04-14 11:26:00","3.35","13777.0","United Kingdom","EMEA"
"539520","84406B","CREAM CUPID HEARTS COAT HANGER","10","2017-04-10 13:55:00","3.02","13047.0","Belgium","EMEA"
"539521","85123A","WHITE HANGING HEART T-LIGHT HOLDER","7","2017-04-29 13:47:00","2.73","12583.0","Belgium","EMEA"
"539522","21730","GLASS STAR FROSTED T-LIGHT HOLDER","11","2017-03-14 11:18:00","4.69","17850.0","Netherlands","EMEA"
"539522","84029E","RED WOOLLY HOTTIE WHITE HEART","9","2017-03-14 11:18:00","3.36","17850.0","Netherlands","EMEA"
"539523","22633","HAND WARMER UNION JACK","12","2017-04-28 14:40:00","2.06","12583.0","Netherlands","EMEA"
"539524","84406B","CREAM CUPID HEARTS COAT HANGER","10","2017-03-02 14:00:00","2.66","12583.0","United Kingdom","EMEA"
"539525","47566","PARTY BUNTING","11","2017-04-12 16:09:00","5.38","15291.0","Netherlands","EMEA"
"539526","85099B","JUMBO BAG RED RETROSPOT","1","2017-04-08 12:03:00","1.88","14606.0","Australia","APAC"
"539527","22633","HAND WARMER UNION JACK","3","2017-04-27 09:10:00","1.97","17809.0","Germany","EMEA"
"539528","84029G","KNITTED UNION FLAG HOT WATER BOTTLE","12","2017-04-11 14:31:00","3.43","14606.0","EIRE","EMEA"
"539528","84029E","RED WOOLLY HOTTIE WHITE HEART","6","2017-04-11 14:31:00","3.49","14606.0","EIRE","EMEA"
"539529","84406B","CREAM CUPID HEARTS COAT HANGER","5","2017-04-02 10:36:00","2.7","17809.0","United Kingdom","EMEA"
"539529","22633","HAND WARMER UNION JACK","7","2017-04-02 10:36:00","2.13","17809.0","United Kingdom","EMEA"
"539529","84029E","RED WOOLLY HOTTIE WHITE HEART","3","2017-04-02 10:36:00","3.7","17809.0","United Kingdom","EMEA"
"539530","84029G","KNITTED UNION FLAG HOT WATER BOTTLE","6","2017-04-07 09:00:00","3.61","17809.0","Netherlands","EMEA"
"539530","21730","GLASS STAR FROSTED T-LIGHT HOLDER","4","2017-04-07 09:00:00","4.19","17809.0","Netherlands","EMEA"
"539531","21730","GLASS STAR FROSTED T-LIGHT HOLDER","11","2017-03-28 14:58:00","4.27","12583.0","Belgium","EMEA"
"539532","85099B","JUMBO BAG RED RETROSPOT","3","2017-03-08 15:51:00","1.98","13047.0","Belgium","EMEA"
"539533","21730","GLASS STAR FROSTED T-LIGHT HOLDER","11","2017-04-01 16:43:00","4.71","13047.0","France","EMEA"
"539533","84029G","KNITTED UNION FLAG HOT WATER BOTTLE","2","2017-04-01 16:43:00","3.36","13047.0","France","EMEA"
"539533","85099B","JUMBO BAG RED RETROSPOT","12","2017-04-01 16:43:00","1.58","13047.0","France","EMEA"
"539534","84406B","CREAM CUPID HEARTS COAT HANGER","1","2017-03-04 11:11:00","2.89","14096.0","France","EMEA"
"539535","22752","SET 7 BABUSHKA NESTING BOXES","7","2017-04-01 10:03:00","7.99","15311.0","Australia","APAC"
"539535","85099B","JUMBO BAG RED RETROSPOT","8","2017-04-01 10:03:00","1.76","15311.0","Australia","APAC"
"539535","84406B","CREAM CUPID HEARTS COAT HANGER","4","2017-04-01 10:03:00","3.08","15311.0","Australia","APAC"
"539536","85099B","JUMBO BAG RED RETROSPOT","8","2017-04-28 09:00:00","1.8","14096.0","Canada","AMER"
"539537","22752","SET 7 BABUSHKA NESTING BOXES","10","2017-03-09 11:21:00","7.65","13047.0","United Kingdom","EMEA"
"539537","85123A","WHITE HANGING HEART T-LIGHT HOLDER","6","2017-03-09 11:21:00","2.99","13047.0","United Kingdom","EMEA"
"539537","71053","WHITE METAL LANTERN","4","2017-03-09 11:21:00","3.58","13047.0","United Kingdom","EMEA"
"539538","22633","HAND WARMER UNION JACK","8","2017-03-03 09:20:00","2.24","13777.0","Australia","APAC"
"539539","85123A","WHITE HANGING HEART T-LIGHT HOLDER","12","2017-03-31 10:06:00","2.91","12583.0","USA","AMER"
"539539","47566","PARTY BUNTING","3","2017-03-31 10:06:00","4.88","12583.0","USA","AMER"
"539539","47566","PARTY BUNTING","9","2017-03-31 10:06:00","5.11","12583.0","USA","AMER"
"539540","71053","WHITE METAL LANTERN","11","2017-04-22 09:28:00","3.58","17809.0","Canada","AMER"
"539540","22633","HAND WARMER UNION JACK","2","2017-04-22 09:28:00","2.16","17809.0","Canada","AMER"
"539541","22632","HAND WARMER RED POLKA DOT","9","2017-03-20 11:21:00","2.32","14096.0","Germany","EMEA"
"539541","71053","WHITE METAL LANTERN","2","2017-03-20 11:21:00","3.59","14096.0","Germany","EMEA"
"539541","85099B","JUMBO BAG RED RETROSPOT","9","2017-03-20 11:21:00","1.58","14096.0","Germany","EMEA"
"539542","84406B","CREAM CUPID HEARTS COAT HANGER","1","2017-03-27 16:34:00","3.07","14606.0","Spain","EMEA"
"539542","22752","SET 7 BABUSHKA NESTING BOXES","10","2017-03-27 16:34:00","7.59","14606.0","Spain","EMEA"
"539543","84029E","RED WOOLLY HOTTIE WHITE HEART","10","2017-04-10 12:14:00","3.74","12583.0","EIRE","EMEA"
"539543","20685","DOORMAT RED RETROSPOT","6","2017-04-10 12:14:00","7.02","12583.0","EIRE","EMEA"
"539543","22632","HAND WARMER RED POLKA DOT","3","2017-04-10 12:14:00","1.88","12583.0","EIRE","EMEA"
"539544","85099B","JUMBO BAG RED RETROSPOT","8","2017-03-07 11:10:00","2.03","13777.0","France","EMEA"
"539544","71053","WHITE METAL LANTERN","5","2017-03-07 11:10:00","3.88","13777.0","France","EMEA"
"539545","71053","WHITE METAL LANTERN","1","2017-04-17 15:30:00","3.78","15291.0","Australia","APAC"
"539545","22633","HAND WARMER UNION JACK","6","2017-04-17 15:30:00","2.16","15291.0","Australia","APAC"
"539546","20685","DOORMAT RED RETROSPOT","11","2017-04-09 14:56:00","7.57","16029.0","Belgium","EMEA"
"539546","71053","WHITE METAL LANTERN","10","2017-04-09 14:56:00","3.43","16029.0","Belgium","EMEA"
"539546","85099B","JUMBO BAG RED RETROSPOT","9","2017-04-09 14:56:00","2.04","16029.0","Belgium","EMEA"
"539547","21730","GLASS STAR FROSTED T-LIGHT HOLDER","11","2017-03-28 12:39:00","4.21","15311.0","USA","AMER"
"539547","22632","HAND WARMER RED POLKA DOT","2","2017-03-28 12:39:00","2.04","15311.0","USA","AMER"
"539548","20685","DOORMAT RED RETROSPOT","4","2017-03-29 13:16:00","7.14","16029.0","Netherlands","EMEA"
"539548","20685","DOORMAT RED RETROSPOT","1","2017-03-29 13:16:00","7.35","16029.0","Netherlands","EMEA"
"539548","84406B","CREAM CUPID HEARTS COAT HANGER","10","2017-03-29 13:16:00","2.7","16029.0","Netherlands","EMEA"
"539549","84029E","RED WOOLLY HOTTIE WHITE HEART","3","2017-03-24 14:22:00","3.82","14606.0","Belgium","EMEA"
"539549","84406B","CREAM CUPID HEARTS COAT HANGER","11","2017-03-24 14:22:00","2.9","14606.0","Belgium","EMEA"
"539549","85099B","JUMBO BAG RED RETROSPOT","3","2017-03-24 14:22:00","2.06","14606.0","Belgium","EMEA"
"539550","20685","DOORMAT RED RETROSPOT","1","2017-04-05 14:15:00","7.33","13047.0","France","EMEA"
"539551","20685","DOORMAT RED RETROSPOT","3","2017-03-24 15:24:00","7.37","14096.0","United Kingdom","EMEA"
"539551","84029E","RED WOOLLY HOTTIE WHITE HEART","4","2017-03-24 15:24:00","3.33","14096.0","United Kingdom","EMEA"
"539551","22633","HAND WARMER UNION JACK","7","2017-03-24 15:24:00","2.01","14096.0","United Kingdom","EMEA"
"539552","22632","HAND WARMER RED POLKA DOT","4","2017-03-22 15:22:00","2.34","14096.0","Canada","AMER"
"539553","47566","PARTY BUNTING","8","2017-03-31 10:55:00","5.38","13777.0","Belgium","EMEA"
"539553","20685","DOORMAT RED RETROSPOT","1","2017-03-31 10:55:00","7.33","13777.0","Belgium","EMEA"
"539553","84029E","RED WOOLLY HOTTIE WHITE HEART","5","2017-03-31 10:55:00","3.66","13777.0","Belgium","EMEA"
"539554","71053","WHITE METAL LANTERN","9","2017-04-09 14:48:00","3.48","14606.0","Germany","EMEA"
"539554","85099B","JUMBO BAG RED RETROSPOT","1","2017-04-09 14:48:00","1.96","14606.0","Germany","EMEA"
"539555","20685","DOORMAT RED RETROSPOT","12","2017-03-28 09:05:00","7.29","14606.0","Netherlands","EMEA"
"539555","84029G","KNITTED UNION FLAG HOT WATER BOTTLE","11","2017-03-28 09:05:00","3.78","14606.0","Netherlands","EMEA"
"539555","84406B","CREAM CUPID HEARTS COAT HANGER","11","2017-03-28 09:05:00","2.79","14606.0","Netherlands","EMEA"
"539556","84029E","RED WOOLLY HOTTIE WHITE HEART","1","2017-04-19 12:33:00","3.74","14606.0","Netherlands","EMEA"
"539556","22632","HAND WARMER RED POLKA DOT","7","2017-04-19 12:33:00","1.94","14606.0","Netherlands","EMEA"
"539557","84406B","CREAM CUPID HEARTS COAT HANGER","6","2017-03-14 10:31:00","2.98","17809.0","Australia","APAC"
"539557","47566","PARTY BUNTING","6","2017-03-14 10:31:00","5.14","17809.0","Australia","APAC"
"539558","84406B","CREAM CUPID HEARTS COAT HANGER","3","2017-03-18 13:10:00","2.93","17850.0","France","EMEA"
"539558","20685","DOORMAT RED RETROSPOT","8","2017-03-18 13:10:00","7.43","17850.0","France","EMEA"
"539558","84029E","RED WOOLLY HOTTIE WHITE HEART","9","2017-03-18 13:10:00","3.57","17850.0","France","EMEA"
"539559","85099B","JUMBO BAG RED RETROSPOT","11","2017-03-18 12:10:00","1.8","16029.0","USA","AMER"
"539559","85099B","JUMBO BAG RED RETROSPOT","5","2017-03-18 12:10:00","2.02","16029.0","USA","AMER"
"539559","22752","SET 7 BABUSHKA NESTING BOXES","3","2017-03-18 12:10:00","7.62","16029.0","USA","AMER"
"539560","47566","PARTY BUNTING","12","2017-03-05 11:53:00","5.01","14606.0","Netherlands","EMEA"
"539560","47566","PARTY BUNTING","7","2017-03-05 11:53:00","5.43","14606.0","Netherlands","EMEA"
"539561","21730","GLASS STAR FROSTED T-LIGHT HOLDER","2","2017-04-09 12:15:00","4.18","12583.0","USA","AMER"
"539561","21730","GLASS STAR FROSTED T-LIGHT HOLDER","4","2017-04-09 12:15:00","4.43","12583.0","USA","AMER"
"539561","85099B","JUMBO BAG RED RETROSPOT","6","2017-04-09 12:15:00","1.95","12583.0","USA","AMER"
"539562","84406B","CREAM CUPID HEARTS COAT HANGER","6","2017-03-25 11:34:00","2.98","15291.0","EIRE","EMEA"
"539562","84406B","CREAM CUPID HEARTS COAT HANGER","7","2017-03-25 11:34:00","2.71","15291.0","EIRE","EMEA"
"539563","22632","HAND WARMER RED POLKA DOT","10","2017-03-31 12:58:00","2.28","15291.0","Belgium","EMEA"
"539563","22752","SET 7 BABUSHKA NESTING BOXES","11","2017-03-31 12:58:00","8.12","15291.0","Belgium","EMEA"
"539563","22633","HAND WARMER UNION JACK","12","2017-03-31 12:58:00","2.3","15291.0","Belgium","EMEA"
"539564","22632","HAND WARMER RED POLKA DOT","5","2017-04-22 11:12:00","2.22","12583.0","Germany","EMEA"
"539565","84029E","RED WOOLLY HOTTIE WHITE HEART","10","2017-04-01 12:36:00","3.31","13777.0","EIRE","EMEA"
"539565","22632","HAND WARMER RED POLKA DOT","11","2017-04-01 12:36:00","1.93","13777.0","EIRE","EMEA"
"539565","84406B","CREAM CUPID HEARTS COAT HANGER","2","2017-04-01 12:36:00","3.16","13777.0","EIRE","EMEA"
"539566","47566","PARTY BUNTING","4","2017-03-31 14:15:00","4.97","16029.0","Netherlands","EMEA"
"539567","21730","GLASS STAR FROSTED T-LIGHT HOLDER","9","2017-03-15 13:31:00","4.46","17809.0","USA","AMER"
"539568","22752","SET 7 BABUSHKA NESTING BOXES","8","2017-03-30 08:52:00","7.84","15291.0","Netherlands","EMEA"
"539568","84029G","KNITTED UNION FLAG HOT WATER BOTTLE","1","2017-03-30 08:52:00","3.69","15291.0","Netherlands","EMEA"
"539569","22752","SET 7 BABUSHKA NESTING BOXES","10","2017-04-12 10:36:00","8.04","17850.0","Belgium","EMEA"
"539569","85099B","JUMBO BAG RED RETROSPOT","8","2017-04-12 10:36:00","1.76","17850.0","Belgium","EMEA"
"539570","71053","WHITE METAL LANTERN","12","2017-04-16 14:50:00","3.31","13047.0","United Kingdom","EMEA"
"539571","22752","SET 7 BABUSHKA NESTING BOXES","10","2017-04-13 15:05:00","7.75","17850.0","Canada","AMER"
"539571","85099B","JUMBO BAG RED RETROSPOT","2","2017-04-13 15:05:00","1.65","17850.0","Canada","AMER"
"539572","22633","HAND WARMER UNION JACK","3","2017-03-27 15:26:00","2.17","14096.0","Netherlands","EMEA"
"539572","20685","DOORMAT RED RETROSPOT","1","2017-03-27 15:26:00","7.55","14096.0","Netherlands","EMEA"
"539572","84406B","CREAM CUPID HEARTS COAT HANGER","7","2017-03-27 15:26:00","2.87","14096.0","Netherlands","EMEA"
"539573","21730","GLASS STAR FROSTED T-LIGHT HOLDER","12","2017-03-29 08:07:00","4.58","14096.0","Canada","AMER"
"539573","20685","DOORMAT RED RETROSPOT","5","2017-03-29 08:07:00","7.1","14096.0","Canada","AMER"
"539573","20685","DOORMAT RED RETROSPOT","7","2017-03-29 08:07:00","7.54","14096.0","Canada","AMER"
"539574","21730","GLASS STAR FROSTED T-LIGHT HOLDER","10","2017-04-13 12:18:00","4.69","12583.0","United Kingdom","EMEA"
"539574","84029G","KNITTED UNION FLAG HOT WATER BOTTLE","7","2017-04-13 12:18:00","3.53","12583.0","United Kingdom","EMEA"
"539575","22633","HAND WARMER UNION JACK","6","2017-04-22 13:44:00","1.94","14606.0","Canada","AMER"
"539575","21730","GLASS STAR FROSTED T-LIGHT HOLDER","1","2017-04-22 13:44:00","4.72","14606.0","Canada","AMER"
"539576","22752","SET 7 BABUSHKA NESTING BOXES","5","2017-04-18 15:08:00","8.01","15311.0","Belgium","EMEA"
"539577","22752","SET 7 BABUSHKA NESTING BOXES","4","2017-04-27 13:42:00","7.78","12583.0","Germany","EMEA"
"539578","20685","DOORMAT RED RETROSPOT","4","2017-04-02 10:24:00","7.23","13047.0","EIRE","EMEA"
"539579","85099B","JUMBO BAG RED RETROSPOT","12","2017-03-11 16:15:00","1.8","17809.0","EIRE","EMEA"
"539579","22633","HAND WARMER UNION JACK","9","2017-03-11 16:15:00","1.93","17809.0","EIRE","EMEA"
"539579","84029G","KNITTED UNION FLAG HOT WATER BOTTLE","5","2017-03-11 16:15:00","3.8","17809.0","EIRE","EMEA"
"539580","22632","HAND WARMER RED POLKA DOT","11","2017-03-05 13:24:00","2.05","15291.0","USA","AMER"
"539580","85099B","JUMBO BAG RED RETROSPOT","12","2017-03-05 13:24:00","1.55","15291.0","USA","AMER"
"539581","85099B","JUMBO BAG RED RETROSPOT","2","2017-03-17 15:47:00","1.62","17809.0","Belgium","EMEA"
"539581","85099B","JUMBO BAG RED RETROSPOT","8","2017-03-17 15:47:00","1.98","17809.0","Belgium","EMEA"
"539581","47566","PARTY BUNTING","8","2017-03-17 15:47:00","4.98","17809.0","Belgium","EMEA"
"539582","47566","PARTY BUNTING","11","2017-03-03 12:50:00","5.23","15311.0","Germany","EMEA"
"539582","71053","WHITE METAL LANTERN","1","2017-03-03 12:50:00","3.46","15311.0","Germany","EMEA"
"539583","84406B","CREAM CUPID HEARTS COAT HANGER","9","2017-03-25 10:38:00","2.92","16029.0","USA","AMER"
"539584","22752","SET 7 BABUSHKA NESTING BOXES","9","2017-04-13 16:51:00","7.97","13047.0","USA","AMER"
"539585","71053","WHITE METAL LANTERN","12","2017-04-09 15:18:00","3.5","15311.0","Germany","EMEA"
"539585","22633","HAND WARMER UNION JACK","8","2017-04-09 15:18:00","2.14","15311.0","Germany","EMEA"
"539586","85099B","JUMBO BAG RED RETROSPOT","4","2017-04-27 15:08:00","1.86","13777.0","France","EMEA"
"539586","84406B","CREAM CUPID HEARTS COAT HANGER","2","2017-04-27 15:08:00","3.02","13777.0","France","EMEA"
"539586","22632","HAND WARMER RED POLKA DOT","11","2017-04-27 15:08:00","2.19","13777.0","France","EMEA"
"539587","21730","GLASS STAR FROSTED T-LIGHT HOLDER","12","2017-04-19 12:55:00","4.28","16029.0","Belgium","EMEA"
"539587","22752","SET 7 BABUSHKA NESTING BOXES","3","2017-04-19 12:55:00","7.75","16029.0","Belgium","EMEA"
"539588","21730","GLASS STAR FROSTED T-LIGHT HOLDER","9","2017-03-04 10:54:00","4.31","15311.0","Spain","EMEA"
"539588","84029G","KNITTED UNION FLAG HOT WATER BOTTLE","11","2017-03-04 10:54:00","3.32","15311.0","Spain","EMEA"
"539589","47566","PARTY BUNTING","8","2017-03-11 12:54:00","5.22","15311.0","USA","AMER"
"539589","84406B","CREAM CUPID HEARTS COAT HANGER","8","2017-03-11 12:54:00","3.19","15311.0","USA","AMER"
"539590","84029G","KNITTED UNION FLAG HOT WATER BOTTLE","6","2017-03-31 08:09:00","3.52","16029.0","USA","AMER"
"539591","47566","PARTY BUNTING","6","2017-03-29 13:48:00","5.41","15311.0","Canada","AMER"
"539591","71053","WHITE METAL LANTERN","10","2017-03-29 13:48:00","3.37","15311.0","Canada","AMER"
"539591","84029E","RED WOOLLY HOTTIE WHITE HEART","6","2017-03-29 13:48:00","3.82","15311.0","Canada","AMER"
"539592","20685","DOORMAT RED RETROSPOT","5","2017-03-09 16:22:00","7.04","15311.0","Germany","EMEA"
"539592","84029G","KNITTED UNION FLAG HOT WATER BOTTLE","10","2017-03-09 16:22:00","3.69","15311.0","Germany","EMEA"
"539593","21730","GLASS STAR FROSTED T-LIGHT HOLDER","1","2017-04-11 09:54:00","4.58","14606.0","USA","AMER"
"539593","20685","DOORMAT RED RETROSPOT","7","2017-04-11 09:54:00","7.07","14606.0","USA","AMER"
"539593","85099B","JUMBO BAG RED RETROSPOT","2","2017-04-11 09:54:00","1.65","14606.0","USA","AMER"
"539594","85123A","WHITE HANGING HEART T-LIGHT HOLDER","4","2017-03-19 15:33:00","2.75","17809.0","United Kingdom","EMEA"
"539594","20685","DOORMAT RED RETROSPOT","5","2017-03-19 15:33:00","7.11","17809.0","United Kingdom","EMEA"
"539595","85123A","WHITE HANGING HEART T-LIGHT HOLDER","5","2017-03-01 14:32:00","2.63","13777.0","Netherlands","EMEA"
"539595","85099B","JUMBO BAG RED RETROSPOT","5","2017-03-01 14:32:00","1.79","13777.0","Netherlands","EMEA"
"539595","71053","WHITE METAL LANTERN","4","2017-03-01 14:32:00","3.34","13777.0","Netherlands","EMEA"
"539596","84406B","CREAM CUPID HEARTS COAT HANGER","2","2017-03-04 10:21:00","3.02","17809.0","Germany","EMEA"
"539597","22633","HAND WARMER UNION JACK","4","2017-03-12 09:16:00","2.34","14606.0","Australia","APAC"
"539597","71053","WHITE METAL LANTERN","10","2017-03-12 09:16:00","3.67","14606.0","Australia","APAC"
"539598","85099B","JUMBO BAG RED RETROSPOT","6","2017-03-21 15:02:00","1.96","14606.0","Canada","AMER"
"539598","84029E","RED WOOLLY HOTTIE WHITE HEART","11","2017-03-21 15:02:00","3.57","14606.0","Canada","AMER"
"539599","85099B","JUMBO BAG RED RETROSPOT","12","2017-03-03 13:24:00","1.91","15311.0","Netherlands","EMEA"
"539599","84029G","KNITTED UNION FLAG HOT WATER BOTTLE","5","2017-03-03 13:24:00","3.8","15311.0","Netherlands","EMEA"
"539600","71053","WHITE METAL LANTERN","10","2017-03-27 14:46:00","3.77","14096.0","Belgium","EMEA"
"539600","84406B","CREAM CUPID HEARTS COAT HANGER","9","2017-03-27 14:46:00","2.65","14096.0","Belgium","EMEA"
"539600","84029E","RED WOOLLY HOTTIE WHITE HEART","11","2017-03-27 14:46:00","3.54","14096.0","Belgium","EMEA"
"539601","21730","GLASS STAR FROSTED T-LIGHT HOLDER","2","2017-03-22 14:44:00","4.55","15291.0","Netherlands","EMEA"
"539602","84029E","RED WOOLLY HOTTIE WHITE HEART","3","2017-04-11 12:18:00","3.71","16029.0","Belgium","EMEA"
"539602","22752","SET 7 BABUSHKA NESTING BOXES","10","2017-04-11 12:18:00","7.94","16029.0","Belgium","EMEA"
"539602","22752","SET 7 BABUSHKA NESTING BOXES","4","2017-04-11 12:18:00","7.78","16029.0","Belgium","EMEA"
"539603","85123A","WHITE HANGING HEART T-LIGHT HOLDER","12","2017-03-26 13:16:00","3.0","16029.0","Australia","APAC"
"539603","20685","DOORMAT RED RETROSPOT","6","2017-03-26 13:16:00","7.45","16029.0","Australia","APAC"
"539603","22752","SET 7 BABUSHKA NESTING BOXES","6","2017-03-26 13:16:00","8.01","16029.0","Australia","APAC"
"539604","85123A","WHITE HANGING HEART T-LIGHT HOLDER","9","2017-03-11 08:42:00","2.61","17809.0","Belgium","EMEA"
"539604","21730","GLASS STAR FROSTED T-LIGHT HOLDER","9","2017-03-11 08:42:00","4.59","17809.0","Belgium","EMEA"
"539605","20685","DOORMAT RED RETROSPOT","11","2017-03-28 15:06:00","7.12","15291.0","USA","AMER"
"539605","22632","HAND WARMER RED POLKA DOT","1","2017-03-28 15:06:00","2.05","15291.0","USA","AMER"
"539605","85123A","WHITE HANGING HEART T-LIGHT HOLDER","9","2017-03-28 15:06:00","2.55","15291.0","USA","AMER"
"539606","20685","DOORMAT RED RETROSPOT","11","2017-03-03 16:45:00","7.54","14606.0","EIRE","EMEA"
"539606","22632","HAND WARMER RED POLKA DOT","12","2017-03-03 16:45:00","2.32","14606.0","EIRE","EMEA"
"539606","21730","GLASS STAR FROSTED T-LIGHT HOLDER","11","2017-03-03 16:45:00","4.68","14606.0","EIRE","EMEA"
"539607","84029G","KNITTED UNION FLAG HOT WATER BOTTLE","12","2017-03-16 11:03:00","3.34","14606.0","Spain","EMEA"
"539608","22633","HAND WARMER UNION JACK","5","2017-03-29 14:04:00","1.86","15311.0","USA","AMER"
"539608","22632","HAND WARMER RED POLKA DOT","2","2017-03-29 14:04:00","1.97","15311.0","USA","AMER"
"539608","22633","HAND WARMER UNION JACK","9","2017-03-29 14:04:00","1.92","15311.0","USA","AMER"
"539609","85099B","JUMBO BAG RED RETROSPOT","2","2017-04-26 16:46:00","1.91","15311.0","Netherlands","EMEA"
"539609","84029E","RED WOOLLY HOTTIE WHITE HEART","6","2017-04-26 16:46:00","3.74","15311.0","Netherlands","EMEA"
"539609","22633","HAND WARMER UNION JACK","12","2017-04-26 16:46:00","2.2","15311.0","Netherlands","EMEA"
"539610","22633","HAND WARMER UNION JACK","10","2017-04-22 09:22:00","2.16","13047.0","Germany","EMEA"
"539610","84406B","CREAM CUPID HEARTS COAT HANGER","4","2017-04-22 09:22:00","3.2","13047.0","Germany","EMEA"
"539610","85123A","WHITE HANGING HEART T-LIGHT HOLDER","2","2017-04-22 09:22:00","3.04","13047.0","Germany","EMEA"
"539611","21730","GLASS STAR FROSTED T-LIGHT HOLDER","9","2017-04-09 08:44:00","4.4","15311.0","United Kingdom","EMEA"
"539611","84029E","RED WOOLLY HOTTIE WHITE HEART","11","2017-04-09 08:44:00","3.51","15311.0","United Kingdom","EMEA"
"539611","84406B","CREAM CUPID HEARTS COAT HANGER","9","2017-04-09 08:44:00","2.83","15311.0","United Kingdom","EMEA"
"539612","85099B","JUMBO BAG RED RETROSPOT","5","2017-04-19 12:44:00","1.78","15311.0","Germany","EMEA"
"539613","20685","DOORMAT RED RETROSPOT","12","2017-04-04 14:30:00","7.38","13777.0","United Kingdom","EMEA"
"539613","84406B","CREAM CUPID HEARTS COAT HANGER","7","2017-04-04 14:30:00","2.94","13777.0","United Kingdom","EMEA"
"539614","85099B","JUMBO BAG RED RETROSPOT","2","2017-03-22 08:42:00","1.56","17809.0","Australia","APAC"
"539614","84029E","RED WOOLLY HOTTIE WHITE HEART","2","2017-03-22 08:42:00","3.68","17809.0","Australia","APAC"
"539614","71053","WHITE METAL LANTERN","12","2017-03-22 08:42:00","3.85","17809.0","Australia","APAC"
"539615","85099B","JUMBO BAG RED RETROSPOT","1","2017-03-14 12:24:00","1.74","17850.0","Canada","AMER"
"539615","84406B","CREAM CUPID HEARTS COAT HANGER","11","2017-03-14 12:24:00","3.03","17850.0","Canada","AMER"
"539616","22752","SET 7 BABUSHKA NESTING BOXES","5","2017-03-07 10:58:00","8.07","17850.0","United Kingdom","EMEA"
"539616","22632","HAND WARMER RED POLKA DOT","7","2017-03-07 10:58:00","1.97","17850.0","United Kingdom","EMEA"
"539617","22633","HAND WARMER UNION JACK","8","2017-04-26 08:39:00","2.34","17809.0","Australia","APAC"
"539618","47566","PARTY BUNTING","10","2017-03-19 15:58:00","5.01","14096.0","France","EMEA"
"539619","85099B","JUMBO BAG RED RETROSPOT","1","2017-04-26 11:44:00","1.98","17809.0","Australia","APAC"
"539620","22633","HAND WARMER UNION JACK","3","2017-04-22 14:49:00","2.16","17809.0","Netherlands","EMEA"
"539621","22752","SET 7 BABUSHKA NESTING BOXES","4","2017-03-19 09:11:00","8.07","12583.0","Belgium","EMEA"
"539621","84029E","RED WOOLLY HOTTIE WHITE HEART","10","2017-03-19 09:11:00","3.83","12583.0","Belgium","EMEA"
"539622","22633","HAND WARMER UNION JACK","12","2017-03-07 10:44:00","2.14","12583.0","United Kingdom","EMEA"
"539622","22633","HAND WARMER UNION JACK","11","2017-03-07 10:44:00","2.21","12583.0","United Kingdom","EMEA"
"539623","85123A","WHITE HANGING HEART T-LIGHT HOLDER","3","2017-03-02 08:44:00","2.77","13047.0","EIRE","EMEA"
"539623","84029G","KNITTED UNION FLAG HOT WATER BOTTLE","6","2017-03-02 08:44:00","3.73","13047.0","EIRE","EMEA"
"539623","85123A","WHITE HANGING HEART T-LIGHT HOLDER","10","2017-03-02 08:44:00","2.92","13047.0","EIRE","EMEA"
"539624","21730","GLASS STAR FROSTED T-LIGHT HOLDER","2","2017-03-13 15:41:00","4.28","17809.0","Australia","APAC"
"539624","84029G","KNITTED UNION FLAG HOT WATER BOTTLE","3","2017-03-13 15:41:00","3.44","17809.0","Australia","APAC"
"539624","22633","HAND WARMER UNION JACK","7","2017-03-13 15:41:00","2.01","17809.0","Australia","APAC"
"539625","84029E","RED WOOLLY HOTTIE WHITE HEART","11","2017-03-03 08:31:00","3.32","13777.0","Germany","EMEA"
"539625","22633","HAND WARMER UNION JACK","5","2017-03-03 08:31:00","2.0","13777.0","Germany","EMEA"
"539625","84029E","RED WOOLLY HOTTIE WHITE HEART","8","2017-03-03 08:31:00","3.33","13777.0","Germany","EMEA"
"539626","22633","HAND WARMER UNION JACK","9","2017-03-09 13:00:00","2.29","14096.0","Belgium","EMEA"
"539626","85099B","JUMBO BAG RED RETROSPOT","3","2017-03-09 13:00:00","1.63","14096.0","Belgium","EMEA"
"539627","85099B","JUMBO BAG RED RETROSPOT","4","2017-04-17 15:26:00","2.09","17850.0","EIRE","EMEA"
"539627","22752","SET 7 BABUSHKA NESTING BOXES","2","2017-04-17 15:26:00","7.66","17850.0","EIRE","EMEA"
"539627","22633","HAND WARMER UNION JACK","7","2017-04-17 15:26:00","1.79","17850.0","EIRE","EMEA"
"539628","84406B","CREAM CUPID HEARTS COAT HANGER","1","2017-04-16 13:16:00","2.69","15291.0","USA","AMER"
"539628","21730","GLASS STAR FROSTED T-LIGHT HOLDER","7","2017-04-16 13:16:00","4.18","15291.0","USA","AMER"
"539629","22752","SET 7 BABUSHKA NESTING BOXES","6","2017-03-17 11:36:00","7.84","17850.0","USA","AMER"
"539629","20685","DOORMAT RED RETROSPOT","3","2017-03-17 11:36:00","7.0","17850.0","USA","AMER"
"539629","71053","WHITE METAL LANTERN","1","2017-03-17 11:36:00","3.88","17850.0","USA","AMER"
"539630","71053","WHITE METAL LANTERN","10","2017-04-02 11:15:00","3.83","14606.0","Australia","APAC"
"539631","47566","PARTY BUNTING","6","2017-04-21 09:33:00","5.32","14096.0","Canada","AMER"
"539631","47566","PARTY BUNTING","4","2017-04-21 09:33:00","4.92","14096.0","Canada","AMER"
"539632","22752","SET 7 BABUSHKA NESTING BOXES","7","2017-04-30 14:49:00","7.93","17850.0","Germany","EMEA"
"539633","22752","SET 7 BABUSHKA NESTING BOXES","3","2017-03-24 11:23:00","7.74","13047.0","France","EMEA"
"539633","84406B","CREAM CUPID HEARTS COAT HANGER","10","2017-03-24 11:23:00","2.65","13047.0","France","EMEA"
"539634","85099B","JUMBO BAG RED RETROSPOT","12","2017-03-28 09:14:00","2.02","15311.0","Canada","AMER"
"539634","21730","GLASS STAR FROSTED T-LIGHT HOLDER","2","2017-03-28 09:14:00","4.71","15311.0","Canada","AMER"
"539634","84029G","KNITTED UNION FLAG HOT WATER BOTTLE","10","2017-03-28 09:14:00","3.76","15311.0","Canada","AMER"
"539635","71053","WHITE METAL LANTERN","7","2017-04-23 13:18:00","3.76","12583.0","Australia","APAC"
"539636","71053","WHITE METAL LANTERN","1","2017-03-01 12:55:00","3.76","12583.0","Spain","EMEA"
"539636","22633","HAND WARMER UNION JACK","10","2017-03-01 12:55:00","2.19","12583.0","Spain","EMEA"
"539636","84406B","CREAM CUPID HEARTS COAT HANGER","6","2017-03-01 12:55:00","3.22","12583.0","Spain","EMEA"
"539637","22633","HAND WARMER UNION JACK","9","2017-03-19 09:42:00","2.23","17809.0","Belgium","EMEA"
"539637","22752","SET 7 BABUSHKA NESTING BOXES","7","2017-03-19 09:42:00","7.93","17809.0","Belgium","EMEA"
"539637","84029E","RED WOOLLY HOTTIE WHITE HEART","9","2017-03-19 09:42:00","3.49","17809.0","Belgium","EMEA"
"539638","20685","DOORMAT RED RETROSPOT","2","2017-04-06 10:38:00","7.1","14096.0","Belgium","EMEA"
"539638","22632","HAND WARMER RED POLKA DOT","6","2017-04-06 10:38:00","2.12","14096.0","Belgium","EMEA"
"539638","84406B","CREAM CUPID HEARTS COAT HANGER","1","2017-04-06 10:38:00","2.82","14096.0","Belgium","EMEA"
"539639","21730","GLASS STAR FROSTED T-LIGHT HOLDER","1","2017-03-16 08:39:00","4.44","17809.0","USA","AMER"
"539640","21730","GLASS STAR FROSTED T-LIGHT HOLDER","6","2017-04-23 09:30:00","4.73","17809.0","USA","AMER"
"539641","85123A","WHITE HANGING HEART T-LIGHT HOLDER","4","2017-04-29 13:15:00","3.01","15311.0","Canada","AMER"
"539642","85123A","WHITE HANGING HEART T-LIGHT HOLDER","1","2017-04-10 16:34:00","2.45","14096.0","United Kingdom","EMEA"
"539643","71053","WHITE METAL LANTERN","6","2017-04-30 15:42:00","3.32","13047.0","United Kingdom","EMEA"
"539643","84029G","KNITTED UNION FLAG HOT WATER BOTTLE","6","2017-04-30 15:42:00","3.66","13047.0","United Kingdom","EMEA"
"539643","22633","HAND WARMER UNION JACK","8","2017-04-30 15:42:00","2.03","13047.0","United Kingdom","EMEA"
"539644","84029E","RED WOOLLY HOTTIE WHITE HEART","3","2017-03-25 08:41:00","3.55","17850.0","Germany","EMEA"
"539644","21730","GLASS STAR FROSTED T-LIGHT HOLDER","8","2017-03-25 08:41:00","4.39","17850.0","Germany","EMEA"
"539644","22633","HAND WARMER UNION JACK","2","2017-03-25 08:41:00","2.1","17850.0","Germany","EMEA"
"539645","84029E","RED WOOLLY HOTTIE WHITE HEART","3","2017-03-12 10:15:00","3.48","17850.0","United Kingdom","EMEA"
"539645","20685","DOORMAT RED RETROSPOT","11","2017-03-12 10:15:00","7.11","17850.0","United Kingdom","EMEA"
"539646","22632","HAND WARMER RED POLKA DOT","8","2017-04-04 11:54:00","2.0","14606.0","Spain","EMEA"
"539647","71053","WHITE METAL LANTERN","6","2017-03-24 15:01:00","3.59","14606.0","Belgium","EMEA"
"539648","20685","DOORMAT RED RETROSPOT","10","2017-04-23 13:48:00","7.55","12583.0","Canada","AMER"
"539648","85123A","WHITE HANGING HEART T-LIGHT HOLDER","9","2017-04-23 13:48:00","2.85","12583.0","Canada","AMER"
"539648","20685","DOORMAT RED RETROSPOT","8","2017-04-23 13:48:00","7.06","12583.0","Canada","AMER"
"539649","84029E","RED WOOLLY HOTTIE WHITE HEART","8","2017-03-20 10:09:00","3.58","13047.0","Belgium","EMEA"
"539649","84029E","RED WOOLLY HOTTIE WHITE HEART","7","2017-03-20 10:09:00","3.73","13047.0","Belgium","EMEA"
"539650","22633","HAND WARMER UNION JACK","8","2017-03-03 08:37:00","2.0","13047.0","EIRE","EMEA"
"539651","84406B","CREAM CUPID HEARTS COAT HANGER","9","2017-03-21 13:03:00","3.03","13777.0","Australia","APAC"
"539652","84029G","KNITTED UNION FLAG HOT WATER BOTTLE","3","2017-03-04 13:06:00","3.68","13047.0","Canada","AMER"
"539653","71053","WHITE METAL LANTERN","8","2017-03-19 13:53:00","3.56","15291.0","Spain","EMEA"
"539653","84029E","RED WOOLLY HOTTIE WHITE HEART","1","2017-03-19 13:53:00","3.61","15291.0","Spain","EMEA"
"539653","22633","HAND WARMER UNION JACK","7","2017-03-19 13:53:00","2.28","15291.0","Spain","EMEA"
"539654","85123A","WHITE HANGING HEART T-LIGHT HOLDER","6","2017-03-05 16:42:00","3.01","14096.0","Belgium","EMEA"
"539654","84029G","KNITTED UNION FLAG HOT WATER BOTTLE","6","2017-03-05 16:42:00","3.58","14096.0","Belgium","EMEA"
"539655","85099B","JUMBO BAG RED RETROSPOT","5","2017-04-17 14:09:00","1.77","17850.0","France","EMEA"
"539655","85123A","WHITE HANGING HEART T-LIGHT HOLDER","11","2017-04-17 14:09:00","2.91","17850.0","France","EMEA"
"539655","47566","PARTY BUNTING","8","2017-04-17 14:09:00","5.04","17850.0","France","EMEA"
"539656","22752","SET 7 BABUSHKA NESTING BOXES","3","2017-04-30 10:25:00","7.82","14606.0","Germany","EMEA"
"539657","85123A","WHITE HANGING HEART T-LIGHT HOLDER","10","2017-03-24 09:44:00","3.04","13047.0","France","EMEA"
"539657","22632","HAND WARMER RED POLKA DOT","4","2017-03-24 09:44:00","2.18","13047.0","France","EMEA"
"539658","22633","HAND WARMER UNION JACK","7","2017-04-05 09:11:00","1.94","15291.0","Australia","APAC"
"539658","84029E","RED WOOLLY HOTTIE WHITE HEART","4","2017-04-05 09:11:00","3.78","15291.0","Australia","APAC"
"539659","84029G","KNITTED UNION FLAG HOT WATER BOTTLE","10","2017-03-10 14:07:00","3.31","15311.0","Netherlands","EMEA"
"539659","22752","SET 7 BABUSHKA NESTING BOXES","11","2017-03-10 14:07:00","7.78","15311.0","Netherlands","EMEA"
"539660","22632","HAND WARMER RED POLKA DOT","7","2017-03-01 08:53:00","1.81","14096.0","Netherlands","EMEA"
"539660","22752","SET 7 BABUSHKA NESTING BOXES","3","2017-03-01 08:53:00","8.01","14096.0","Netherlands","EMEA"
"539661","84029E","RED WOOLLY HOTTIE WHITE HEART","4","2017-04-30 10:29:00","3.59","17850.0","France","EMEA"
"539661","85099B","JUMBO BAG RED RETROSPOT","2","2017-04-30 10:29:00","2.14","17850.0","France","EMEA"
"539661","85099B","JUMBO BAG RED RETROSPOT","10","2017-04-30 10:29:00","1.96","17850.0","France","EMEA"
"539662","20685","DOORMAT RED RETROSPOT","3","2017-04-10 13:05:00","7.45","13047.0","Australia","APAC"
"539663","22633","HAND WARMER UNION JACK","2","2017-03-24 08:38:00","2.03","17850.0","Germany","EMEA"
"539663","47566","PARTY BUNTING","2","2017-03-24 08:38:00","5.19","17850.0","Germany","EMEA"
"539664","85123A","WHITE HANGING HEART T-LIGHT HOLDER","5","2017-04-12 11:09:00","2.84","13777.0","United Kingdom","EMEA"
"539664","22632","HAND WARMER RED POLKA DOT","3","2017-04-12 11:09:00","1.85","13777.0","United Kingdom","EMEA"
"539665","47566","PARTY BUNTING","8","2017-04-24 12:38:00","5.36","16029.0","Netherlands","EMEA"
"539666","22632","HAND WARMER RED POLKA DOT","4","2017-03-01 12:01:00","1.96","16029.0","Spain","EMEA"
"539666","47566","PARTY BUNTING","9","2017-03-01 12:01:00","5.29","16029.0","Spain","EMEA"
"539666","22633","HAND WARMER UNION JACK","12","2017-03-01 12:01:00","2.18","16029.0","Spain","EMEA"
"539667","22632","HAND WARMER RED POLKA DOT","9","2017-04-20 15:05:00","2.3","13777.0","United Kingdom","EMEA"
"539668","84029G","KNITTED UNION FLAG HOT WATER BOTTLE","5","2017-04-20 15:23:00","3.75","12583.0","United Kingdom","EMEA"
"539669","84029E","RED WOOLLY HOTTIE WHITE HEART","12","2017-03-27 14:02:00","3.63","12583.0","Australia","APAC"
"539669","22632","HAND WARMER RED POLKA DOT","7","2017-03-27 14:02:00","2.34","12583.0","Australia","APAC"
"539669","20685","DOORMAT RED RETROSPOT","1","2017-03-27 14:02:00","7.04","12583.0","Australia","APAC"
"539670","85123A","WHITE HANGING HEART T-LIGHT HOLDER","10","2017-03-01 11:14:00","2.81","13047.0","Canada","AMER"
"539670","85099B","JUMBO BAG RED RETROSPOT","10","2017-03-01 11:14:00","1.91","13047.0","Canada","AMER"
"539671","47566","PARTY BUNTING","7","2017-04-26 09:24:00","5.19","15291.0","Australia","APAC"
"539671","22633","HAND WARMER UNION JACK","9","2017-04-26 09:24:00","2.09","15291.0","Australia","APAC"
"539671","85123A","WHITE HANGING HEART T-LIGHT HOLDER","12","2017-04-26 09:24:00","2.92","15291.0","Australia","APAC"
"539672","84029E","RED WOOLLY HOTTIE WHITE HEART","2","2017-03-20 14:46:00","3.37","14606.0","United Kingdom","EMEA"
"539673","71053","WHITE METAL LANTERN","12","2017-03-17 11:24:00","3.82","14606.0","Netherlands","EMEA"
"539674","85099B","JUMBO BAG RED RETROSPOT","12","2017-04-11 11:03:00","1.84","14096.0","United Kingdom","EMEA"
"539674","47566","PARTY BUNTING","3","2017-04-11 11:03:00","4.89","14096.0","United Kingdom","EMEA"
"539675","22752","SET 7 BABUSHKA NESTING BOXES","9","2017-04-05 16:27:00","7.79","16029.0","United Kingdom","EMEA"
"539675","84406B","CREAM CUPID HEARTS COAT HANGER","7","2017-04-05 16:27:00","3.14","16029.0","United Kingdom","EMEA"
"539676","84406B","CREAM CUPID HEARTS COAT HANGER","1","2017-03-12 16:42:00","2.81","14096.0","Belgium","EMEA"
"539676","85123A","WHITE HANGING HEART T-LIGHT HOLDER","6","2017-03-12 16:42:00","2.55","14096.0","Belgium","EMEA"
"539677","47566","PARTY BUNTING","3","2017-03-26 11:45:00","5.21","16029.0","USA","AMER"
"539677","71053","WHITE METAL LANTERN","3","2017-03-26 11:45:00","3.86","16029.0","USA","AMER"
"539677","84029G","KNITTED UNION FLAG HOT WATER BOTTLE","4","2017-03-26 11:45:00","3.35","16029.0","USA","AMER"
"539678","84029E","RED WOOLLY HOTTIE WHITE HEART","6","2017-04-12 14:20:00","3.54","16029.0","Australia","APAC"
"539678","85123A","WHITE HANGING HEART T-LIGHT HOLDER","6","2017-04-12 14:20:00","2.89","16029.0","Australia","APAC"
"539678","20685","DOORMAT RED RETROSPOT","7","2017-04-12 14:20:00","7.35","16029.0","Australia","APAC"
"539679","85123A","WHITE HANGING HEART T-LIGHT HOLDER","1","2017-03-07 12:33:00","2.75","15311.0","Australia","APAC"
"539680","22632","HAND WARMER RED POLKA DOT","11","2017-03-31 14:59:00","1.86","14096.0","Spain","EMEA"
"539681","47566","PARTY BUNTING","8","2017-03-22 14:22:00","4.97","13047.0","Canada","AMER"
"539681","22632","HAND WARMER RED POLKA DOT","11","2017-03-22 14:22:00","1.99","13047.0","Canada","AMER"
"539682","22752","SET 7 BABUSHKA NESTING BOXES","3","2017-04-30 11:40:00","8.12","15311.0","Belgium","EMEA"
"539682","22752","SET 7 BABUSHKA NESTING BOXES","1","2017-04-30 11:40:00","7.71","15311.0","Belgium","EMEA"
"539683","85099B","JUMBO BAG RED RETROSPOT","8","2017-04-05 15:11:00","1.92","14096.0","Canada","AMER"
"539683","22632","HAND WARMER RED POLKA DOT","12","2017-04-05 15:11:00","1.87","14096.0","Canada","AMER"
"539683","84029G","KNITTED UNION FLAG HOT WATER BOTTLE","5","2017-04-05 15:11:00","3.82","14096.0","Canada","AMER"
"539684","85123A","WHITE HANGING HEART T-LIGHT HOLDER","7","2017-03-10 11:40:00","2.66","13777.0","Netherlands","EMEA"
"539684","20685","DOORMAT RED RETROSPOT","7","2017-03-10 11:40:00","7.34","13777.0","Netherlands","EMEA"
"539685","22752","SET 7 BABUSHKA NESTING BOXES","7","2017-04-12 10:40:00","7.82","13777.0","Germany","EMEA"
"539686","20685","DOORMAT RED RETROSPOT","7","2017-04-11 12:14:00","7.06","15311.0","United Kingdom","EMEA"
"539686","22632","HAND WARMER RED POLKA DOT","11","2017-04-11 12:14:00","1.95","15311.0","United Kingdom","EMEA"
"539687","84406B","CREAM CUPID HEARTS COAT HANGER","11","2017-03-29 16:22:00","2.82","17850.0","Australia","APAC"
"539687","84029G","KNITTED UNION FLAG HOT WATER BOTTLE","9","2017-03-29 16:22:00","3.69","17850.0","Australia","APAC"
"539687","22752","SET 7 BABUSHKA NESTING BOXES","4","2017-03-29 16:22:00","7.98","17850.0","Australia","APAC"
"539688","85123A","WHITE HANGING HEART T-LIGHT HOLDER","3","2017-04-23 09:12:00","2.64","13047.0","Belgium","EMEA"
"539688","71053","WHITE METAL LANTERN","6","2017-04-23 09:12:00","3.8","13047.0","Belgium","EMEA"
"539689","84406B","CREAM CUPID HEARTS COAT HANGER","2","2017-04-15 08:05:00","2.91","12583.0","Spain","EMEA"
"539689","22752","SET 7 BABUSHKA NESTING BOXES","12","2017-04-15 08:05:00","7.8","12583.0","Spain","EMEA"
"539689","84029G","KNITTED UNION FLAG HOT WATER BOTTLE","6","2017-04-15 08:05:00","3.32","12583.0","Spain","EMEA"
"539690","22633","HAND WARMER UNION JACK","9","2017-04-24 08:14:00","2.24","15311.0","Australia","APAC"
"539690","22633","HAND WARMER UNION JACK","3","2017-04-24 08:14:00","2.2","15311.0","Australia","APAC"
"539690","20685","DOORMAT RED RETROSPOT","9","2017-04-24 08:14:00","7.51","15311.0","Australia","APAC"
"539691","84029G","KNITTED UNION FLAG HOT WATER BOTTLE","12","2017-03-11 16:46:00","3.38","12583.0","USA","AMER"
"539691","47566","PARTY BUNTING","8","2017-03-11 16:46:00","5.11","12583.0","USA","AMER"
"539692","22633","HAND WARMER UNION JACK","5","2017-03-19 09:54:00","2.13","16029.0","France","EMEA"
"539692","84406B","CREAM CUPID HEARTS COAT HANGER","9","2017-03-19 09:54:00","3.06","16029.0","France","EMEA"
"539693","84029G","KNITTED UNION FLAG HOT WATER BOTTLE","3","2017-04-29 13:27:00","3.57","14606.0","France","EMEA"
"539694","71053","WHITE METAL LANTERN","6","2017-03-12 14:38:00","3.61","14096.0","EIRE","EMEA"
"539694","84029E","RED WOOLLY HOTTIE WHITE HEART","5","2017-03-12 14:38:00","3.88","14096.0","EIRE","EMEA"
"539694","85099B","JUMBO BAG RED RETROSPOT","10","2017-03-12 14:38:00","1.82","14096.0","EIRE","EMEA"
"539695","85099B","JUMBO BAG RED RETROSPOT","2","2017-04-26 09:52:00","1.8","16029.0","Spain","EMEA"
"539695","85099B","JUMBO BAG RED RETROSPOT","3","2017-04-26 09:52:00","1.57","16029.0","Spain","EMEA"
"539695","85099B","JUMBO BAG RED RETROSPOT","7","2017-04-26 09:52:00","2.09","16029.0","Spain","EMEA"
"539696","85123A","WHITE HANGING HEART T-LIGHT HOLDER","8","2017-03-31 13:03:00","3.02","16029.0","Spain","EMEA"
"539697","84406B","CREAM CUPID HEARTS COAT HANGER","1","2017-03-23 09:53:00","2.81","17809.0","France","EMEA"
"539698","85123A","WHITE HANGING HEART T-LIGHT HOLDER","1","2017-03-28 12:41:00","2.67","17809.0","Canada","AMER"
"539698","85123A","WHITE HANGING HEART T-LIGHT HOLDER","8","2017-03-28 12:41:00","2.91","17809.0","Canada","AMER"
"539698","85123A","WHITE HANGING HEART T-LIGHT HOLDER","3","2017-03-28 12:41:00","3.03","17809.0","Canada","AMER"
"539699","84029E","RED WOOLLY HOTTIE WHITE HEART","4","2017-04-17 13:09:00","3.41","12583.0","France","EMEA"
"539700","84406B","CREAM CUPID HEARTS COAT HANGER","5","2017-03-11 08:30:00","3.16","13777.0","France","EMEA"
"539700","22632","HAND WARMER RED POLKA DOT","7","2017-03-11 08:30:00","1.9","13777.0","France","EMEA"
"539700","84029G","KNITTED UNION FLAG HOT WATER BOTTLE","10","2017-03-11 08:30:00","3.86","13777.0","France","EMEA"
"539701","47566","PARTY BUNTING","11","2017-04-05 12:34:00","4.92","15311.0","France","EMEA"
"539702","22632","HAND WARMER RED POLKA DOT","1","2017-04-06 09:23:00","1.95","13047.0","France","EMEA"
"539703","85099B","JUMBO BAG RED RETROSPOT","4","2017-04-27 13:37:00","1.75","13047.0","United Kingdom","EMEA"
"539703","21730","GLASS STAR FROSTED T-LIGHT HOLDER","10","2017-04-27 13:37:00","4.32","13047.0","United Kingdom","EMEA"
"539704","22632","HAND WARMER RED POLKA DOT","1","2017-04-22 09:47:00","2.01","14096.0","Netherlands","EMEA"
"539704","71053","WHITE METAL LANTERN","11","2017-04-22 09:47:00","3.8","14096.0","Netherlands","EMEA"
"539704","85099B","JUMBO BAG RED RETROSPOT","8","2017-04-22 09:47:00","2.08","14096.0","Netherlands","EMEA"
"539705","21730","GLASS STAR FROSTED T-LIGHT HOLDER","8","2017-03-30 10:03:00","4.16","17850.0","EIRE","EMEA"
"539706","84406B","CREAM CUPID HEARTS COAT HANGER","4","2017-03-05 10:45:00","3.24","14606.0","Netherlands","EMEA"
"539706","84029G","KNITTED UNION FLAG HOT WATER BOTTLE","10","2017-03-05 10:45:00","3.46","14606.0","Netherlands","EMEA"
"539707","84029E","RED WOOLLY HOTTIE WHITE HEART","11","2017-03-25 11:49:00","3.5","13777.0","United Kingdom","EMEA"
"539707","22752","SET 7 BABUSHKA NESTING BOXES","6","2017-03-25 11:49:00","7.88","13777.0","United Kingdom","EMEA"
"539708","22752","SET 7 BABUSHKA NESTING BOXES","3","2017-03-07 11:02:00","7.93","13047.0","United Kingdom","EMEA"
"539709","21730","GLASS STAR FROSTED T-LIGHT HOLDER","9","2017-03-30 14:18:00","4.49","17850.0","Spain","EMEA"
"539709","21730","GLASS STAR FROSTED T-LIGHT HOLDER","12","2017-03-30 14:18:00","4.24","17850.0","Spain","EMEA"
"539710","21730","GLASS STAR FROSTED T-LIGHT HOLDER","2","2017-03-22 14:16:00","4.3","17809.0","Germany","EMEA"
"539711","22752","SET 7 BABUSHKA NESTING BOXES","10","2017-04-30 16:16:00","7.97","17809.0","Netherlands","EMEA"
"539711","84029G","KNITTED UNION FLAG HOT WATER BOTTLE","11","2017-04-30 16:16:00","3.81","17809.0","Netherlands","EMEA"
"539712","85099B","JUMBO BAG RED RETROSPOT","7","2017-04-24 08:33:00","1.72","12583.0","USA","AMER"
"539712","22632","HAND WARMER RED POLKA DOT","6","2017-04-24 08:33:00","2.29","12583.0","USA","AMER"
"539713","20685","DOORMAT RED RETROSPOT","4","2017-03-25 15:07:00","7.01","15311.0","Canada","AMER"
"539714","85099B","JUMBO BAG RED RETROSPOT","7","2017-03-21 10:15:00","1.79","13047.0","Belgium","EMEA"
"539715","47566","PARTY BUNTING","5","2017-03-09 16:58:00","5.19","14096.0","EIRE","EMEA"
"539715","84029E","RED WOOLLY HOTTIE WHITE HEART","1","2017-03-09 16:58:00","3.68","14096.0","EIRE","EMEA"
"539716","85099B","JUMBO BAG RED RETROSPOT","4","2017-03-01 11:15:00","2.0","14606.0","EIRE","EMEA"
"539717","21730","GLASS STAR FROSTED T-LIGHT HOLDER","2","2017-03-22 12:46:00","4.67","13777.0","France","EMEA"
"539717","85099B","JUMBO BAG RED RETROSPOT","3","2017-03-22 12:46:00","2.01","13777.0","France","EMEA"
"539718","84029G","KNITTED UNION FLAG HOT WATER BOTTLE","12","2017-04-12 13:47:00","3.67","16029.0","Australia","APAC"
"539718","22752","SET 7 BABUSHKA NESTING BOXES","2","2017-04-12 13:47:00","7.85","16029.0","Australia","APAC"
"539719","84029E","RED WOOLLY HOTTIE WHITE HEART","6","2017-04-20 13:16:00","3.41","14096.0","USA","AMER"
"539720","21730","GLASS STAR FROSTED T-LIGHT HOLDER","10","2017-03-05 13:25:00","4.42","12583.0","France","EMEA"
"539720","22633","HAND WARMER UNION JACK","6","2017-03-05 13:25:00","1.77","12583.0","France","EMEA"
"539721","47566","PARTY BUNTING","9","2017-03-13 09:23:00","5.42","13047.0","Germany","EMEA"
"539722","20685","DOORMAT RED RETROSPOT","10","2017-03-23 08:03:00","7.0","13047.0","EIRE","EMEA"
"539722","84029E","RED WOOLLY HOTTIE WHITE HEART","3","2017-03-23 08:03:00","3.51","13047.0","EIRE","EMEA"
"539723","22632","HAND WARMER RED POLKA DOT","10","2017-04-11 09:23:00","2.25","17809.0","France","EMEA"
"539723","22633","HAND WARMER UNION JACK","2","2017-04-11 09:23:00","1.86","17809.0","France","EMEA"
"539724","85123A","WHITE HANGING HEART T-LIGHT HOLDER","5","2017-04-10 14:33:00","2.87","12583.0","Australia","APAC"
"539724","85123A","WHITE HANGING HEART T-LIGHT HOLDER","1","2017-04-10 14:33:00","2.5","12583.0","Australia","APAC"
"539724","22752","SET 7 BABUSHKA NESTING BOXES","12","2017-04-10 14:33:00","8.03","12583.0","Australia","APAC"
"539725","20685","DOORMAT RED RETROSPOT","6","2017-03-24 08:49:00","7.51","17850.0","Belgium","EMEA"
"539726","22752","SET 7 BABUSHKA NESTING BOXES","3","2017-03-01 11:56:00","7.93","17850.0","Belgium","EMEA"
"539727","22632","HAND WARMER RED POLKA DOT","10","2017-04-05 14:11:00","1.75","17809.0","France","EMEA"
"539727","20685","DOORMAT RED RETROSPOT","12","2017-04-05 14:11:00","7.01","17809.0","France","EMEA"
"539727","85099B","JUMBO BAG RED RETROSPOT","8","2017-04-05 14:11:00","1.63","17809.0","France","EMEA"
"539728","22632","HAND WARMER RED POLKA DOT","8","2017-03-25 10:49:00","1.8","14096.0","Netherlands","EMEA"
"539729","85099B","JUMBO BAG RED RETROSPOT","10","2017-04-09 11:40:00","1.83","16029.0","France","EMEA"
"539730","22752","SET 7 BABUSHKA NESTING BOXES","8","2017-03-20 12:33:00","7.85","16029.0","EIRE","EMEA"
"539731","85099B","JUMBO BAG RED RETROSPOT","4","2017-03-18 15:10:00","2.04","13777.0","Australia","APAC"
"539731","47566","PARTY BUNTING","3","2017-03-18 15:10:00","5.25","13777.0","Australia","APAC"
"539732","22633","HAND WARMER UNION JACK","10","2017-03-05 09:27:00","2.25","14096.0","Canada","AMER"
"539732","71053","WHITE METAL LANTERN","9","2017-03-05 09:27:00","3.63","14096.0","Canada","AMER"
"539733","84029G","KNITTED UNION FLAG HOT WATER BOTTLE","10","2017-03-27 14:29:00","3.43","12583.0","Canada","AMER"
"539734","47566","PARTY BUNTING","1","2017-04-08 16:23:00","4.96","14606.0","Belgium","EMEA"
"539735","20685","DOORMAT RED RETROSPOT","9","2017-04-12 12:59:00","7.17","16029.0","Australia","APAC"
"539735","84029E","RED WOOLLY HOTTIE WHITE HEART","4","2017-04-12 12:59:00","3.42","16029.0","Australia","APAC"
"539736","85123A","WHITE HANGING HEART T-LIGHT HOLDER","1","2017-04-27 11:12:00","2.51","12583.0","Netherlands","EMEA"
"539736","20685","DOORMAT RED RETROSPOT","7","2017-04-27 11:12:00","7.05","12583.0","Netherlands","EMEA"
"539736","85123A","WHITE HANGING HEART T-LIGHT HOLDER","7","2017-04-27 11:12:00","2.93","12583.0","Netherlands","EMEA"
"539737","84029G","KNITTED UNION FLAG HOT WATER BOTTLE","8","2017-03-30 08:48:00","3.49","15311.0","EIRE","EMEA"
"539737","85123A","WHITE HANGING HEART T-LIGHT HOLDER","3","2017-03-30 08:48:00","2.92","15311.0","EIRE","EMEA"
"539738","84406B","CREAM CUPID HEARTS COAT HANGER","6","2017-03-15 15:35:00","3.19","16029.0","USA","AMER"
"539739","84029E","RED WOOLLY HOTTIE WHITE HEART","1","2017-04-11 09:54:00","3.76","14606.0","USA","AMER"
"539740","85099B","JUMBO BAG RED RETROSPOT","7","2017-04-19 16:11:00","1.89","15311.0","USA","AMER"
"539740","21730","GLASS STAR FROSTED T-LIGHT HOLDER","1","2017-04-19 16:11:00","4.71","15311.0","USA","AMER"
"539741","47566","PARTY BUNTING","9","2017-03-27 10:21:00","4.98","14096.0","Belgium","EMEA"
"539741","84406B","CREAM CUPID HEARTS COAT HANGER","6","2017-03-27 10:21:00","2.96","14096.0","Belgium","EMEA"
"539741","84406B","CREAM CUPID HEARTS COAT HANGER","11","2017-03-27 10:21:00","3.16","14096.0","Belgium","EMEA"
"539742","85123A","WHITE HANGING HEART T-LIGHT HOLDER","4","2017-04-04 11:04:00","2.5","14606.0","Germany","EMEA"
"539742","20685","DOORMAT RED RETROSPOT","10","2017-04-04 11:04:00","7.38","14606.0","Germany","EMEA"
"539742","84029G","KNITTED UNION FLAG HOT WATER BOTTLE","2","2017-04-04 11:04:00","3.85","14606.0","Germany","EMEA"
"539743","84029G","KNITTED UNION FLAG HOT WATER BOTTLE","10","2017-03-18 13:20:00","3.59","14096.0","Canada","AMER"
"539743","84029G","KNITTED UNION FLAG HOT WATER BOTTLE","9","2017-03-18 13:20:00","3.87","14096.0","Canada","AMER"
"539744","21730","GLASS STAR FROSTED T-LIGHT HOLDER","8","2017-04-21 15:04:00","4.35","17809.0","United Kingdom","EMEA"
"539744","85099B","JUMBO BAG RED RETROSPOT","10","2017-04-21 15:04:00","1.71","17809.0","United Kingdom","EMEA"
"539745","22752","SET 7 BABUSHKA NESTING BOXES","10","2017-04-28 12:59:00","8.13","13777.0","Spain","EMEA"
"539745","47566","PARTY BUNTING","4","2017-04-28 12:59:00","5.04","13777.0","Spain","EMEA"
"539746","85099B","JUMBO BAG RED RETROSPOT","4","2017-04-15 13:36:00","1.61","14606.0","EIRE","EMEA"
"539747","47566","PARTY BUNTING","2","2017-04-23 14:08:00","5.26","16029.0","EIRE","EMEA"
"539748","47566","PARTY BUNTING","8","2017-03-05 11:34:00","4.93","15291.0","Germany","EMEA"
"539748","71053","WHITE METAL LANTERN","10","2017-03-05 11:34:00","3.53","15291.0","Germany","EMEA"
"539749","85099B","JUMBO BAG RED RETROSPOT","4","2017-04-02 09:39:00","2.08","15291.0","Germany","EMEA"
"539750","71053","WHITE METAL LANTERN","5","2017-03-03 09:56:00","3.3","14606.0","Australia","APAC"
"539750","84029G","KNITTED UNION FLAG HOT WATER BOTTLE","1","2017-03-03 09:56:00","3.42","14606.0","Australia","APAC"
"539750","85123A","WHITE HANGING HEART T-LIGHT HOLDER","7","2017-03-03 09:56:00","2.98","14606.0","Australia","APAC"
"539751","84029G","KNITTED UNION FLAG HOT WATER BOTTLE","3","2017-04-21 08:58:00","3.67","14096.0","Belgium","EMEA"
"539752","47566","PARTY BUNTING","9","2017-03-20 16:39:00","5.21","17850.0","Canada","AMER"
"539752","22752","SET 7 BABUSHKA NESTING BOXES","2","2017-03-20 16:39:00","7.98","17850.0","Canada","AMER"
"539753","22633","HAND WARMER UNION JACK","8","2017-04-27 14:30:00","2.12","13777.0","EIRE","EMEA"
"539754","84029G","KNITTED UNION FLAG HOT WATER BOTTLE","9","2017-03-29 13:00:00","3.5","13047.0","United Kingdom","EMEA"
"539755","85123A","WHITE HANGING HEART T-LIGHT HOLDER","7","2017-03-07 14:23:00","2.66","15311.0","Canada","AMER"
"539755","22633","HAND WARMER UNION JACK","6","2017-03-07 14:23:00","2.09","15311.0","Canada","AMER"
"539755","22633","HAND WARMER UNION JACK","1","2017-03-07 14:23:00","2.19","15311.0","Canada","AMER"
"539756","84029G","KNITTED UNION FLAG HOT WATER BOTTLE","2","2017-03-08 14:05:00","3.75","17809.0","Spain","EMEA"
"539756","22633","HAND WARMER UNION JACK","3","2017-03-08 14:05:00","2.34","17809.0","Spain","EMEA"
"539756","22752","SET 7 BABUSHKA NESTING BOXES","10","2017-03-08 14:05:00","7.58","17809.0","Spain","EMEA"
"539757","22632","HAND WARMER RED POLKA DOT","2","2017-03-23 16:47:00","2.17","15311.0","Netherlands","EMEA"
"539757","22752","SET 7 BABUSHKA NESTING BOXES","11","2017-03-23 16:47:00","8.07","15311.0","Netherlands","EMEA"
"539758","22752","SET 7 BABUSHKA NESTING BOXES","4","2017-03-29 16:37:00","7.59","17850.0","Germany","EMEA"
"539758","22752","SET 7 BABUSHKA NESTING BOXES","6","2017-03-29 16:37:00","8.07","17850.0","Germany","EMEA"
"539759","84029G","KNITTED UNION FLAG HOT WATER BOTTLE","8","2017-03-10 12:27:00","3.68","15291.0","Spain","EMEA"
"539759","22752","SET 7 BABUSHKA NESTING BOXES","11","2017-03-10 12:27:00","7.71","15291.0","Spain","EMEA"
"539759","47566","PARTY BUNTING","6","2017-03-10 12:27:00","5.07","15291.0","Spain","EMEA"
"539760","85099B","JUMBO BAG RED RETROSPOT","2","2017-03-22 15:16:00","2.13","13777.0","Germany","EMEA"
"539760","47566","PARTY BUNTING","1","2017-03-22 15:16:00","5.4","13777.0","Germany","EMEA"
"539761","71053","WHITE METAL LANTERN","7","2017-04-19 10:55:00","3.4","13047.0","Germany","EMEA"
"539761","22632","HAND WARMER RED POLKA DOT","1","2017-04-19 10:55:00","2.0","13047.0","Germany","EMEA"
"539761","84029E","RED WOOLLY HOTTIE WHITE HEART","12","2017-04-19 10:55:00","3.62","13047.0","Germany","EMEA"
"539762","22752","SET 7 BABUSHKA NESTING BOXES","4","2017-03-12 16:42:00","7.56","13047.0","United Kingdom","EMEA"
"539762","84029E","RED WOOLLY HOTTIE WHITE HEART","11","2017-03-12 16:42:00","3.36","13047.0","United Kingdom","EMEA"
"539762","22633","HAND WARMER UNION JACK","12","2017-03-12 16:42:00","1.88","13047.0","United Kingdom","EMEA"
"539763","21730","GLASS STAR FROSTED T-LIGHT HOLDER","11","2017-03-11 11:51:00","4.28","13047.0","Canada","AMER"
"539764","85099B","JUMBO BAG RED RETROSPOT","11","2017-04-10 11:19:00","1.76","13777.0","EIRE","EMEA"
"539764","85099B","JUMBO BAG RED RETROSPOT","6","2017-04-10 11:19:00","2.12","13777.0","EIRE","EMEA"
"539764","20685","DOORMAT RED RETROSPOT","5","2017-04-10 11:19:00","7.21","13777.0","EIRE","EMEA"
"539765","84029G","KNITTED UNION FLAG HOT WATER BOTTLE","2","2017-04-08 10:11:00","3.42","14606.0","Australia","APAC"
"539765","85099B","JUMBO BAG RED RETROSPOT","2","2017-04-08 10:11:00","1.98","14606.0","Australia","APAC"
"539765","71053","WHITE METAL LANTERN","1","2017-04-08 10:11:00","3.42","14606.0","Australia","APAC"
"539766","84029E","RED WOOLLY HOTTIE WHITE HEART","10","2017-04-16 16:40:00","3.8","15311.0","Canada","AMER"
"539766","71053","WHITE METAL LANTERN","4","2017-04-16 16:40:00","3.57","15311.0","Canada","AMER"
"539767","22633","HAND WARMER UNION JACK","9","2017-04-04 11:05:00","1.97","12583.0","EIRE","EMEA"
"539767","21730","GLASS STAR FROSTED T-LIGHT HOLDER","10","2017-04-04 11:05:00","4.51","12583.0","EIRE","EMEA"
"539767","47566","PARTY BUNTING","3","2017-04-04 11:05:00","5.25","12583.0","EIRE","EMEA"
"539768","84029E","RED WOOLLY HOTTIE WHITE HEART","6","2017-04-10 09:22:00","3.68","17850.0","Australia","APAC"
"539768","84029E","RED WOOLLY HOTTIE WHITE HEART","2","2017-04-10 09:22:00","3.37","17850.0","Australia","APAC"
"539768","84029G","KNITTED UNION FLAG HOT WATER BOTTLE","7","2017-04-10 09:22:00","3.72","17850.0","Australia","APAC"
"539769","22633","HAND WARMER UNION JACK","9","2017-04-14 14:21:00","1.82","14606.0","Australia","APAC"
"539769","22632","HAND WARMER RED POLKA DOT","3","2017-04-14 14:21:00","2.34","14606.0","Australia","APAC"
"539770","84406B","CREAM CUPID HEARTS COAT HANGER","1","2017-03-14 14:57:00","2.87","14606.0","Netherlands","EMEA"
"539770","22632","HAND WARMER RED POLKA DOT","11","2017-03-14 14:57:00","1.77","14606.0","Netherlands","EMEA"
"539770","47566","PARTY BUNTING","12","2017-03-14 14:57:00","5.31","14606.0","Netherlands","EMEA"
"539771","85123A","WHITE HANGING HEART T-LIGHT HOLDER","1","2017-04-03 14:14:00","2.69","15311.0","Germany","EMEA"
"539772","22752","SET 7 BABUSHKA NESTING BOXES","4","2017-04-01 16:48:00","7.95","14606.0","France","EMEA"
"539773","71053","WHITE METAL LANTERN","2","2017-03-09 16:22:00","3.35","16029.0","Spain","EMEA"
"539774","84029G","KNITTED UNION FLAG HOT WATER BOTTLE","7","2017-04-11 09:11:00","3.67","17850.0","Germany","EMEA"
"539774","21730","GLASS STAR FROSTED T-LIGHT HOLDER","4","2017-04-11 09:11:00","4.31","17850.0","Germany","EMEA"
"539774","21730","GLASS STAR FROSTED T-LIGHT HOLDER","7","2017-04-11 09:11:00","4.75","17850.0","Germany","EMEA"
"539775","20685","DOORMAT RED RETROSPOT","9","2017-04-20 09:49:00","7.08","14096.0","Australia","APAC"
"539776","84029E","RED WOOLLY HOTTIE WHITE HEART","10","2017-04-12 08:57:00","3.83","17809.0","Spain","EMEA"
"539777","22752","SET 7 BABUSHKA NESTING BOXES","5","2017-04-18 13:17:00","8.15","16029.0","EIRE","EMEA"
"539777","21730","GLASS STAR FROSTED T-LIGHT HOLDER","4","2017-04-18 13:17:00","4.64","16029.0","EIRE","EMEA"
"539777","84029G","KNITTED UNION FLAG HOT WATER BOTTLE","3","2017-04-18 13:17:00","3.45","16029.0","EIRE","EMEA"
"539778","22752","SET 7 BABUSHKA NESTING BOXES","9","2017-04-11 12:21:00","7.61","15291.0","Spain","EMEA"
"539778","85099B","JUMBO BAG RED RETROSPOT","9","2017-04-11 12:21:00","1.91","15291.0","Spain","EMEA"
"539779","22632","HAND WARMER RED POLKA DOT","8","2017-03-25 11:09:00","1.96","13777.0","Canada","AMER"
"539780","21730","GLASS STAR FROSTED T-LIGHT HOLDER","12","2017-03-05 14:21:00","4.21","17850.0","USA","AMER"
"539781","71053","WHITE METAL LANTERN","5","2017-03-29 08:08:00","3.34","17809.0","Netherlands","EMEA"
"539782","22632","HAND WARMER RED POLKA DOT","6","2017-04-17 13:43:00","1.88","12583.0","Belgium","EMEA"
"539782","22632","HAND WARMER RED POLKA DOT","12","2017-04-17 13:43:00","2.02","12583.0","Belgium","EMEA"
"539782","84029E","RED WOOLLY HOTTIE WHITE HEART","6","2017-04-17 13:43:00","3.52","12583.0","Belgium","EMEA"
"539783","22752","SET 7 BABUSHKA NESTING BOXES","4","2017-04-17 15:29:00","8.14","17850.0","USA","AMER"
"539783","84406B","CREAM CUPID HEARTS COAT HANGER","2","2017-04-17 15:29:00","2.71","17850.0","USA","AMER"
"539784","84029G","KNITTED UNION FLAG HOT WATER BOTTLE","4","2017-03-18 08:52:00","3.31","14606.0","Germany","EMEA"
"539784","84029G","KNITTED UNION FLAG HOT WATER BOTTLE","10","2017-03-18 08:52:00","3.37","14606.0","Germany","EMEA"
"539785","22632","HAND WARMER RED POLKA DOT","8","2017-04-20 10:56:00","1.8","16029.0","Netherlands","EMEA"
"539786","85099B","JUMBO BAG RED RETROSPOT","2","2017-03-16 09:54:00","2.14","14096.0","Belgium","EMEA"
"539786","21730","GLASS STAR FROSTED T-LIGHT HOLDER","1","2017-03-16 09:54:00","4.48","14096.0","Belgium","EMEA"
"539787","71053","WHITE METAL LANTERN","10","2017-04-09 13:29:00","3.4","17850.0","Australia","APAC"
"539787","22752","SET 7 BABUSHKA NESTING BOXES","8","2017-04-09 13:29:00","8.12","17850.0","Australia","APAC"
"539787","22633","HAND WARMER UNION JACK","12","2017-04-09 13:29:00","1.77","17850.0","Australia","APAC"
"539788","84029E","RED WOOLLY HOTTIE WHITE HEART","3","2017-03-06 12:25:00","3.86","17809.0","United Kingdom","EMEA"
"539789","22752","SET 7 BABUSHKA NESTING BOXES","9","2017-03-01 08:50:00","8.01","14096.0","United Kingdom","EMEA"
"539789","71053","WHITE METAL LANTERN","1","2017-03-01 08:50:00","3.85","14096.0","United Kingdom","EMEA"
"539790","84029E","RED WOOLLY HOTTIE WHITE HEART","12","2017-03-22 11:06:00","3.62","13047.0","United Kingdom","EMEA"
"539790","20685","DOORMAT RED RETROSPOT","4","2017-03-22 11:06:00","7.14","13047.0","United Kingdom","EMEA"
"539790","85123A","WHITE HANGING HEART T-LIGHT HOLDER","4","2017-03-22 11:06:00","2.98","13047.0","United Kingdom","EMEA"
"539791","71053","WHITE METAL LANTERN","7","2017-03-10 10:38:00","3.71","15291.0","France","EMEA"
"539791","84029G","KNITTED UNION FLAG HOT WATER BOTTLE","11","2017-03-10 10:38:00","3.51","15291.0","France","EMEA"
"539791","85099B","JUMBO BAG RED RETROSPOT","8","2017-03-10 10:38:00","1.99","15291.0","France","EMEA"
"539792","84029E","RED WOOLLY HOTTIE WHITE HEART","3","2017-03-02 10:59:00","3.6","14096.0","Australia","APAC"
"539792","84406B","CREAM CUPID HEARTS COAT HANGER","4","2017-03-02 10:59:00","2.67","14096.0","Australia","APAC"
"539792","84406B","CREAM CUPID HEARTS COAT HANGER","5","2017-03-02 10:59:00","3.06","14096.0","Australia","APAC"
"539793","21730","GLASS STAR FROSTED T-LIGHT HOLDER","4","2017-04-19 10:10:00","4.72","14606.0","Belgium","EMEA"
"539793","47566","PARTY BUNTING","4","2017-04-19 10:10:00","4.91","14606.0","Belgium","EMEA"
"539794","84029G","KNITTED UNION FLAG HOT WATER BOTTLE","8","2017-03-31 11:56:00","3.77","16029.0","USA","AMER"
"539795","22633","HAND WARMER UNION JACK","3","2017-04-10 13:05:00","2.29","17850.0","USA","AMER"
"539795","85099B","JUMBO BAG RED RETROSPOT","12","2017-04-10 13:05:00","2.12","17850.0","USA","AMER"
"539795","21730","GLASS STAR FROSTED T-LIGHT HOLDER","12","2017-04-10 13:05:00","4.58","17850.0","USA","AMER"
"539796","21730","GLASS STAR FROSTED T-LIGHT HOLDER","11","2017-04-07 13:28:00","4.2","13047.0","Netherlands","EMEA"
"539797","22752","SET 7 BABUSHKA NESTING BOXES","6","2017-03-13 10:38:00","7.94","16029.0","France","EMEA"
"539798","84029G","KNITTED UNION FLAG HOT WATER BOTTLE","11","2017-03-05 15:02:00","3.51","16029.0","France","EMEA"
"539798","47566","PARTY BUNTING","9","2017-03-05 15:02:00","4.92","16029.0","France","EMEA"
"539799","21730","GLASS STAR FROSTED T-LIGHT HOLDER","7","2017-04-05 15:49:00","4.74","14096.0","Germany","EMEA"
"539799","20685","DOORMAT RED RETROSPOT","9","2017-04-05 15:49:00","7.42","14096.0","Germany","EMEA"
"539800","84029G","KNITTED UNION FLAG HOT WATER BOTTLE","4","2017-04-28 13:00:00","3.57","15291.0","Canada","AMER"
"539800","84029E","RED WOOLLY HOTTIE WHITE HEART","5","2017-04-28 13:00:00","3.57","15291.0","Canada","AMER"
"539801","22633","HAND WARMER UNION JACK","6","2017-03-26 16:55:00","2.35","13047.0","EIRE","EMEA"
"539802","20685","DOORMAT RED RETROSPOT","3","2017-04-18 14:20:00","7.15","14096.0","USA","AMER"
"539803","22632","HAND WARMER RED POLKA DOT","2","2017-03-09 16:50:00","1.97","15311.0","France","EMEA"
"539803","85099B","JUMBO BAG RED RETROSPOT","3","2017-03-09 16:50:00","1.63","15311.0","France","EMEA"
"539804","20685","DOORMAT RED RETROSPOT","9","2017-03-05 15:53:00","7.27","14606.0","EIRE","EMEA"
"539804","84029E","RED WOOLLY HOTTIE WHITE HEART","12","2017-03-05 15:53:00","3.6","14606.0","EIRE","EMEA"
"539805","84029E","RED WOOLLY HOTTIE WHITE HEART","5","2017-04-09 13:19:00","3.64","17850.0","Belgium","EMEA"
"539805","22752","SET 7 BABUSHKA NESTING BOXES","6","2017-04-09 13:19:00","7.75","17850.0","Belgium","EMEA"
"539805","84029G","KNITTED UNION FLAG HOT WATER BOTTLE","1","2017-04-09 13:19:00","3.81","17850.0","Belgium","EMEA"
"539806","22633","HAND WARMER UNION JACK","8","2017-04-21 10:49:00","2.15","16029.0","Netherlands","EMEA"
"539806","22752","SET 7 BABUSHKA NESTING BOXES","9","2017-04-21 10:49:00","8.07","16029.0","Netherlands","EMEA"
"539807","71053","WHITE METAL LANTERN","6","2017-04-12 09:36:00","3.62","15291.0","Germany","EMEA"
"539807","84406B","CREAM CUPID HEARTS COAT HANGER","11","2017-04-12 09:36:00","3.17","15291.0","Germany","EMEA"
"539807","71053","WHITE METAL LANTERN","5","2017-04-12 09:36:00","3.46","15291.0","Germany","EMEA"
"539808","20685","DOORMAT RED RETROSPOT","1","2017-04-24 09:16:00","7.41","13047.0","Netherlands","EMEA"
"539808","22632","HAND WARMER RED POLKA DOT","4","2017-04-24 09:16:00","2.3","13047.0","Netherlands","EMEA"
"539808","22752","SET 7 BABUSHKA NESTING BOXES","8","2017-04-24 09:16:00","7.69","13047.0","Netherlands","EMEA"
"539809","71053","WHITE METAL LANTERN","7","2017-04-14 13:28:00","3.37","13777.0","France","EMEA"
"539809","84029E","RED WOOLLY HOTTIE WHITE HEART","7","2017-04-14 13:28:00","3.7","13777.0","France","EMEA"
"539809","47566","PARTY BUNTING","2","2017-04-14 13:28:00","5.05","13777.0","France","EMEA"
"539810","84406B","CREAM CUPID HEARTS COAT HANGER","6","2017-03-09 10:36:00","2.67","15291.0","Netherlands","EMEA"
"539810","85123A","WHITE HANGING HEART T-LIGHT HOLDER","6","2017-03-09 10:36:00","2.99","15291.0","Netherlands","EMEA"
"539811","22633","HAND WARMER UNION JACK","7","2017-03-30 08:06:00","2.09","14096.0","Australia","APAC"
"539812","20685","DOORMAT RED RETROSPOT","9","2017-04-16 08:19:00","7.39","17809.0","Germany","EMEA"
"539812","20685","DOORMAT RED RETROSPOT","9","2017-04-16 08:19:00","7.18","17809.0","Germany","EMEA"
"539812","84406B","CREAM CUPID HEARTS COAT HANGER","4","2017-04-16 08:19:00","3.24","17809.0","Germany","EMEA"
"539813","22752","SET 7 BABUSHKA NESTING BOXES","8","2017-04-06 14:43:00","7.94","16029.0","Spain","EMEA"
"539813","21730","GLASS STAR FROSTED T-LIGHT HOLDER","12","2017-04-06 14:43:00","4.36","16029.0","Spain","EMEA"
"539813","85123A","WHITE HANGING HEART T-LIGHT HOLDER","7","2017-04-06 14:43:00","2.96","16029.0","Spain","EMEA"
"539814","71053","WHITE METAL LANTERN","3","2017-03-11 10:02:00","3.4","16029.0","France","EMEA"
"539814","84029G","KNITTED UNION FLAG HOT WATER BOTTLE","12","2017-03-11 10:02:00","3.59","16029.0","France","EMEA"
"539814","21730","GLASS STAR FROSTED T-LIGHT HOLDER","7","2017-03-11 10:02:00","4.38","16029.0","France","EMEA"
"539815","47566","PARTY BUNTING","1","2017-04-25 12:47:00","5.32","16029.0","USA","AMER"
"539815","22632","HAND WARMER RED POLKA DOT","12","2017-04-25 12:47:00","2.3","16029.0","USA","AMER"
"539816","21730","GLASS STAR FROSTED T-LIGHT HOLDER","7","2017-03-23 09:00:00","4.28","17850.0","USA","AMER"
"539816","85123A","WHITE HANGING HEART T-LIGHT HOLDER","10","2017-03-23 09:00:00","2.83","17850.0","USA","AMER"
"539817","85099B","JUMBO BAG RED RETROSPOT","4","2017-04-08 11:12:00","1.88","13047.0","United Kingdom","EMEA"
"539817","20685","DOORMAT RED RETROSPOT","9","2017-04-08 11:12:00","7.54","13047.0","United Kingdom","EMEA"
"539817","22752","SET 7 BABUSHKA NESTING BOXES","12","2017-04-08 11:12:00","7.96","13047.0","United Kingdom","EMEA"
"539818","84029G","KNITTED UNION FLAG HOT WATER BOTTLE","2","2017-03-25 16:05:00","3.51","17809.0","France","EMEA"
"539818","22632","HAND WARMER RED POLKA DOT","4","2017-03-25 16:05:00","2.0","17809.0","France","EMEA"
"539818","85099B","JUMBO BAG RED RETROSPOT","4","2017-03-25 16:05:00","1.67","17809.0","France","EMEA"
"539819","84406B","CREAM CUPID HEARTS COAT HANGER","5","2017-03-22 14:29:00","2.68","16029.0","Australia","APAC"
"539819","71053","WHITE METAL LANTERN","11","2017-03-22 14:29:00","3.54","16029.0","Australia","APAC"
"539820","22633","HAND WARMER UNION JACK","7","2017-03-13 11:58:00","1.78","14606.0","Belgium","EMEA"
"539820","85099B","JUMBO BAG RED RETROSPOT","8","2017-03-13 11:58:00","1.71","14606.0","Belgium","EMEA"
"539821","84029E","RED WOOLLY HOTTIE WHITE HEART","10","2017-03-17 16:02:00","3.73","14606.0","EIRE","EMEA"
"539821","22632","HAND WARMER RED POLKA DOT","8","2017-03-17 16:02:00","2.02","14606.0","EIRE","EMEA"
"539822","22752","SET 7 BABUSHKA NESTING BOXES","5","2017-04-11 13:09:00","7.88","17809.0","Canada","AMER"
"539822","22633","HAND WARMER UNION JACK","9","2017-04-11 13:09:00","1.76","17809.0","Canada","AMER"
"539822","71053","WHITE METAL LANTERN","11","2017-04-11 13:09:00","3.67","17809.0","Canada","AMER"
"539823","22633","HAND WARMER UNION JACK","11","2017-04-18 08:03:00","2.07","14606.0","Spain","EMEA"
"539823","47566","PARTY BUNTING","5","2017-04-18 08:03:00","5.02","14606.0","Spain","EMEA"
"539824","85123A","WHITE HANGING HEART T-LIGHT HOLDER","11","2017-03-10 11:13:00","2.8","17850.0","Netherlands","EMEA"
"539824","22632","HAND WARMER RED POLKA DOT","6","2017-03-10 11:13:00","2.04","17850.0","Netherlands","EMEA"
"539825","84029E","RED WOOLLY HOTTIE WHITE HEART","2","2017-03-26 16:32:00","3.79","16029.0","EIRE","EMEA"
"539826","21730","GLASS STAR FROSTED T-LIGHT HOLDER","8","2017-03-25 12:30:00","4.74","15311.0","Australia","APAC"
"539826","84406B","CREAM CUPID HEARTS COAT HANGER","10","2017-03-25 12:30:00","3.05","15311.0","Australia","APAC"
"539826","22633","HAND WARMER UNION JACK","8","2017-03-25 12:30:00","1.89","15311.0","Australia","APAC"
"539827","85123A","WHITE HANGING HEART T-LIGHT HOLDER","9","2017-03-08 13:29:00","2.67","15291.0","Netherlands","EMEA"
"539828","84406B","CREAM CUPID HEARTS COAT HANGER","5","2017-03-05 14:14:00","2.8","13777.0","EIRE","EMEA"
"539829","84406B","CREAM CUPID HEARTS COAT HANGER","5","2017-03-20 11:34:00","3.07","14606.0","France","EMEA"
"539829","47566","PARTY BUNTING","4","2017-03-20 11:34:00","5.14","14606.0","France","EMEA"
"539829","84029E","RED WOOLLY HOTTIE WHITE HEART","3","2017-03-20 11:34:00","3.52","14606.0","France","EMEA"
"539830","22632","HAND WARMER RED POLKA DOT","10","2017-03-15 15:55:00","2.3","15311.0","Canada","AMER"
"539830","20685","DOORMAT RED RETROSPOT","4","2017-03-15 15:55:00","7.52","15311.0","Canada","AMER"
"539830","22752","SET 7 BABUSHKA NESTING BOXES","1","2017-03-15 15:55:00","7.62","15311.0","Canada","AMER"
"539831","22633","HAND WARMER UNION JACK","1","2017-03-01 11:41:00","1.81","12583.0","Australia","APAC"
"539832","71053","WHITE METAL LANTERN","1","2017-04-10 08:51:00","3.78","15311.0","USA","AMER"
"539832","84406B","CREAM CUPID HEARTS COAT HANGER","8","2017-04-10 08:51:00","3.17","15311.0","USA","AMER"
"539833","71053","WHITE METAL LANTERN","4","2017-04-06 10:23:00","3.31","13777.0","Germany","EMEA"
"539833","21730","GLASS STAR FROSTED T-LIGHT HOLDER","10","2017-04-06 10:23:00","4.35","13777.0","Germany","EMEA"
"539834","21730","GLASS STAR FROSTED T-LIGHT HOLDER","7","2017-03-18 16:44:00","4.57","16029.0","United Kingdom","EMEA"
"539834","20685","DOORMAT RED RETROSPOT","1","2017-03-18 16:44:00","7.0","16029.0","United Kingdom","EMEA"
"539835","22633","HAND WARMER UNION JACK","2","2017-04-20 09:09:00","1.81","15311.0","Germany","EMEA"
"539836","84406B","CREAM CUPID HEARTS COAT HANGER","2","2017-04-03 13:56:00","3.03","15291.0","EIRE","EMEA"
"539836","22752","SET 7 BABUSHKA NESTING BOXES","9","2017-04-03 13:56:00","8.08","15291.0","EIRE","EMEA"
"539836","84406B","CREAM CUPID HEARTS COAT HANGER","5","2017-04-03 13:56:00","3.07","15291.0","EIRE","EMEA"
"539837","22633","HAND WARMER UNION JACK","5","2017-03-13 13:05:00","2.19","17850.0","EIRE","EMEA"
"539837","84029E","RED WOOLLY HOTTIE WHITE HEART","1","2017-03-13 13:05:00","3.67","17850.0","EIRE","EMEA"
"539838","47566","PARTY BUNTING","12","2017-04-06 08:46:00","4.95","14606.0","Netherlands","EMEA"
"539838","47566","PARTY BUNTING","2","2017-04-06 08:46:00","4.93","14606.0","Netherlands","EMEA"
"539839","84029E","RED WOOLLY HOTTIE WHITE HEART","11","2017-03-11 14:25:00","3.83","17809.0","United Kingdom","EMEA"
"539840","85123A","WHITE HANGING HEART T-LIGHT HOLDER","6","2017-04-07 15:57:00","2.45","12583.0","Belgium","EMEA"
"539840","22752","SET 7 BABUSHKA NESTING BOXES","11","2017-04-07 15:57:00","7.88","12583.0","Belgium","EMEA"
"539841","85123A","WHITE HANGING HEART T-LIGHT HOLDER","12","2017-04-25 10:47:00","2.59","16029.0","Belgium","EMEA"
"539841","22632","HAND WARMER RED POLKA DOT","9","2017-04-25 10:47:00","2.13","16029.0","Belgium","EMEA"
"539842","22633","HAND WARMER UNION JACK","3","2017-03-18 16:41:00","1.95","17850.0","Canada","AMER"
"539842","22632","HAND WARMER RED POLKA DOT","8","2017-03-18 16:41:00","2.05","17850.0","Canada","AMER"
"539843","84406B","CREAM CUPID HEARTS COAT HANGER","11","2017-03-21 10:14:00","3.15","13777.0","Belgium","EMEA"
"539843","20685","DOORMAT RED RETROSPOT","6","2017-03-21 10:14:00","7.14","13777.0","Belgium","EMEA"
"539844","22633","HAND WARMER UNION JACK","10","2017-03-17 08:39:00","1.91","13777.0","Spain","EMEA"
"539844","22752","SET 7 BABUSHKA NESTING BOXES","10","2017-03-17 08:39:00","8.01","13777.0","Spain","EMEA"
"539845","71053","WHITE METAL LANTERN","10","2017-04-04 10:21:00","3.64","13777.0","Spain","EMEA"
"539846","20685","DOORMAT RED RETROSPOT","9","2017-04-16 11:59:00","7.44","13047.0","Canada","AMER"
"539846","22633","HAND WARMER UNION JACK","5","2017-04-16 11:59:00","2.34","13047.0","Canada","AMER"
"539846","20685","DOORMAT RED RETROSPOT","11","2017-04-16 11:59:00","7.53","13047.0","Canada","AMER"
"539847","22632","HAND WARMER RED POLKA DOT","6","2017-04-18 16:00:00","2.11","15311.0","Netherlands","EMEA"
"539847","20685","DOORMAT RED RETROSPOT","5","2017-04-18 16:00:00","7.02","15311.0","Netherlands","EMEA"
"539848","47566","PARTY BUNTING","8","2017-04-19 11:26:00","5.37","13777.0","Netherlands","EMEA"
"539848","22632","HAND WARMER RED POLKA DOT","1","2017-04-19 11:26:00","2.21","13777.0","Netherlands","EMEA"
"539849","84029G","KNITTED UNION FLAG HOT WATER BOTTLE","11","2017-03-01 15:06:00","3.61","14096.0","USA","AMER"
"539849","20685","DOORMAT RED RETROSPOT","3","2017-03-01 15:06:00","6.99","14096.0","USA","AMER"
"539849","22633","HAND WARMER UNION JACK","11","2017-03-01 15:06:00","2.03","14096.0","USA","AMER"
"539850","21730","GLASS STAR FROSTED T-LIGHT HOLDER","3","2017-03-23 15:39:00","4.26","13777.0","Canada","AMER"
"539851","84029G","KNITTED UNION FLAG HOT WATER BOTTLE","10","2017-04-14 16:54:00","3.82","17809.0","Netherlands","EMEA"
"539851","22632","HAND WARMER RED POLKA DOT","6","2017-04-14 16:54:00","2.01","17809.0","Netherlands","EMEA"
"539852","84406B","CREAM CUPID HEARTS COAT HANGER","7","2017-03-14 11:37:00","2.81","13047.0","Canada","AMER"
"539853","84406B","CREAM CUPID HEARTS COAT HANGER","4","2017-03-01 12:52:00","3.18","14096.0","USA","AMER"
"539853","47566","PARTY BUNTING","9","2017-03-01 12:52:00","5.26","14096.0","USA","AMER"
"539854","84029E","RED WOOLLY HOTTIE WHITE HEART","9","2017-03-18 11:49:00","3.29","13047.0","Canada","AMER"
"539854","22752","SET 7 BABUSHKA NESTING BOXES","5","2017-03-18 11:49:00","7.75","13047.0","Canada","AMER"
"539854","71053","WHITE METAL LANTERN","6","2017-03-18 11:49:00","3.54","13047.0","Canada","AMER"
"539855","20685","DOORMAT RED RETROSPOT","5","2017-03-15 16:35:00","7.02","14606.0","USA","AMER"
"539855","22752","SET 7 BABUSHKA NESTING BOXES","6","2017-03-15 16:35:00","7.74","14606.0","USA","AMER"
"539855","85099B","JUMBO BAG RED RETROSPOT","1","2017-03-15 16:35:00","1.88","14606.0","USA","AMER"
"539856","22752","SET 7 BABUSHKA NESTING BOXES","10","2017-04-28 12:45:00","7.92","13777.0","Belgium","EMEA"
"539856","85123A","WHITE HANGING HEART T-LIGHT HOLDER","3","2017-04-28 12:45:00","3.03","13777.0","Belgium","EMEA"
"539857","84406B","CREAM CUPID HEARTS COAT HANGER","3","2017-04-10 13:25:00","3.07","14606.0","France","EMEA"
"539858","84029E","RED WOOLLY HOTTIE WHITE HEART","10","2017-04-16 11:59:00","3.58","14096.0","France","EMEA"
"539858","22752","SET 7 BABUSHKA NESTING BOXES","6","2017-04-16 11:59:00","7.97","14096.0","France","EMEA"
"539858","84029G","KNITTED UNION FLAG HOT WATER BOTTLE","5","2017-04-16 11:59:00","3.75","14096.0","France","EMEA"
"539859","21730","GLASS STAR FROSTED T-LIGHT HOLDER","2","2017-04-27 08:31:00","4.64","15291.0","Germany","EMEA"
"539859","22633","HAND WARMER UNION JACK","10","2017-04-27 08:31:00","2.0","15291.0","Germany","EMEA"
"539860","84406B","CREAM CUPID HEARTS COAT HANGER","3","2017-03-02 10:21:00","3.18","17850.0","United Kingdom","EMEA"
"539860","21730","GLASS STAR FROSTED T-LIGHT HOLDER","7","2017-03-02 10:21:00","4.31","17850.0","United Kingdom","EMEA"
"539860","47566","PARTY BUNTING","8","2017-03-02 10:21:00","5.22","17850.0","United Kingdom","EMEA"
"539861","22752","SET 7 BABUSHKA NESTING BOXES","10","2017-03-10 12:27:00","7.96","16029.0","Spain","EMEA"
"539861","84029E","RED WOOLLY HOTTIE WHITE HEART","6","2017-03-10 12:27:00","3.54","16029.0","Spain","EMEA"
"539862","71053","WHITE METAL LANTERN","6","2017-03-21 13:34:00","3.48","13047.0","United Kingdom","EMEA"
"539863","21730","GLASS STAR FROSTED T-LIGHT HOLDER","10","2017-04-07 08:27:00","4.49","13777.0","United Kingdom","EMEA"
"539864","22632","HAND WARMER RED POLKA DOT","3","2017-03-23 15:41:00","2.25","16029.0","Belgium","EMEA"
"539864","22752","SET 7 BABUSHKA NESTING BOXES","2","2017-03-23 15:41:00","7.66","16029.0","Belgium","EMEA"
"539864","84029E","RED WOOLLY HOTTIE WHITE HEART","10","2017-03-23 15:41:00","3.84","16029.0","Belgium","EMEA"
"539865","22632","HAND WARMER RED POLKA DOT","3","2017-03-21 11:34:00","2.05","15291.0","Belgium","EMEA"
"539866","21730","GLASS STAR FROSTED T-LIGHT HOLDER","9","2017-03-07 12:07:00","4.45","12583.0","USA","AMER"
"539867","22633","HAND WARMER UNION JACK","7","2017-04-04 11:49:00","1.88","15291.0","Netherlands","EMEA"
"539867","21730","GLASS STAR FROSTED T-LIGHT HOLDER","8","2017-04-04 11:49:00","4.25","15291.0","Netherlands","EMEA"
"539867","20685","DOORMAT RED RETROSPOT","4","2017-04-04 11:49:00","7.52","15291.0","Netherlands","EMEA"
"539868","85099B","JUMBO BAG RED RETROSPOT","4","2017-03-10 09:46:00","1.59","13777.0","Germany","EMEA"
"539869","47566","PARTY BUNTING","2","2017-03-04 09:15:00","4.89","13777.0","Australia","APAC"
"539870","22632","HAND WARMER RED POLKA DOT","12","2017-04-23 12:59:00","1.9","12583.0","Spain","EMEA"
"539871","22752","SET 7 BABUSHKA NESTING BOXES","3","2017-04-02 10:16:00","7.98","15311.0","France","EMEA"
"539872","85123A","WHITE HANGING HEART T-LIGHT HOLDER","11","2017-04-18 14:39:00","2.84","15291.0","Belgium","EMEA"
"539873","84029G","KNITTED UNION FLAG HOT WATER BOTTLE","11","2017-03-22 13:45:00","3.58","17809.0","Netherlands","EMEA"
"539874","47566","PARTY BUNTING","4","2017-04-12 14:38:00","4.85","15291.0","Spain","EMEA"
"539874","21730","GLASS STAR FROSTED T-LIGHT HOLDER","9","2017-04-12 14:38:00","4.46","15291.0","Spain","EMEA"
"539874","71053","WHITE METAL LANTERN","7","2017-04-12 14:38:00","3.77","15291.0","Spain","EMEA"
"539875","20685","DOORMAT RED RETROSPOT","6","2017-04-26 12:24:00","7.48","13047.0","USA","AMER"
"539876","84406B","CREAM CUPID HEARTS COAT HANGER","12","2017-03-27 15:35:00","2.74","13047.0","United Kingdom","EMEA"
"539877","22633","HAND WARMER UNION JACK","5","2017-03-30 11:27:00","2.25","15311.0","Australia","APAC"
"539877","85099B","JUMBO BAG RED RETROSPOT","7","2017-03-30 11:27:00","1.78","15311.0","Australia","APAC"
"539877","22752","SET 7 BABUSHKA NESTING BOXES","2","2017-03-30 11:27:00","8.06","15311.0","Australia","APAC"
"539878","20685","DOORMAT RED RETROSPOT","5","2017-03-26 14:34:00","7.13","17850.0","Netherlands","EMEA"
"539879","84406B","CREAM CUPID HEARTS COAT HANGER","2","2017-03-20 12:56:00","3.17","14606.0","EIRE","EMEA"
"539879","20685","DOORMAT RED RETROSPOT","7","2017-03-20 12:56:00","7.27","14606.0","EIRE","EMEA"
"539880","21730","GLASS STAR FROSTED T-LIGHT HOLDER","7","2017-04-02 11:54:00","4.6","13047.0","United Kingdom","EMEA"
"539880","21730","GLASS STAR FROSTED T-LIGHT HOLDER","11","2017-04-02 11:54:00","4.17","13047.0","United Kingdom","EMEA"
"539881","20685","DOORMAT RED RETROSPOT","10","2017-04-26 16:15:00","7.01","14096.0","Canada","AMER"
"539881","71053","WHITE METAL LANTERN","5","2017-04-26 16:15:00","3.69","14096.0","Canada","AMER"
"539881","85123A","WHITE HANGING HEART T-LIGHT HOLDER","7","2017-04-26 16:15:00","2.87","14096.0","Canada","AMER"
"539882","85123A","WHITE HANGING HEART T-LIGHT HOLDER","12","2017-03-03 11:08:00","2.56","16029.0","EIRE","EMEA"
"539882","22633","HAND WARMER UNION JACK","5","2017-03-03 11:08:00","2.16","16029.0","EIRE","EMEA"
"539882","22752","SET 7 BABUSHKA NESTING BOXES","4","2017-03-03 11:08:00","7.92","16029.0","EIRE","EMEA"
"539883","22632","HAND WARMER RED POLKA DOT","8","2017-03-26 14:28:00","2.26","14606.0","France","EMEA"
"539883","85099B","JUMBO BAG RED RETROSPOT","3","2017-03-26 14:28:00","1.9","14606.0","France","EMEA"
"539883","22633","HAND WARMER UNION JACK","5","2017-03-26 14:28:00","1.82","14606.0","France","EMEA"
"539884","47566","PARTY BUNTING","6","2017-03-24 12:13:00","5.16","12583.0","Netherlands","EMEA"
"539885","20685","DOORMAT RED RETROSPOT","10","2017-04-05 09:01:00","7.55","16029.0","Canada","AMER"
"539886","85099B","JUMBO BAG RED RETROSPOT","1","2017-03-09 16:44:00","1.92","13047.0","Australia","APAC"
"539886","84029E","RED WOOLLY HOTTIE WHITE HEART","6","2017-03-09 16:44:00","3.5","13047.0","Australia","APAC"
"539886","22633","HAND WARMER UNION JACK","3","2017-03-09 16:44:00","2.33","13047.0","Australia","APAC"
"539887","84029E","RED WOOLLY HOTTIE WHITE HEART","5","2017-04-14 08:39:00","3.48","13777.0","EIRE","EMEA"
"539887","84406B","CREAM CUPID HEARTS COAT HANGER","6","2017-04-14 08:39:00","3.12","13777.0","EIRE","EMEA"
"539888","22632","HAND WARMER RED POLKA DOT","8","2017-04-30 12:43:00","2.28","15291.0","France","EMEA"
"539888","85099B","JUMBO BAG RED RETROSPOT","12","2017-04-30 12:43:00","1.93","15291.0","France","EMEA"
"539888","84029G","KNITTED UNION FLAG HOT WATER BOTTLE","12","2017-04-30 12:43:00","3.82","15291.0","France","EMEA"
"539889","84406B","CREAM CUPID HEARTS COAT HANGER","5","2017-03-18 11:34:00","2.86","13777.0","Spain","EMEA"
"539889","22752","SET 7 BABUSHKA NESTING BOXES","1","2017-03-18 11:34:00","8.0","13777.0","Spain","EMEA"
"539889","85123A","WHITE HANGING HEART T-LIGHT HOLDER","6","2017-03-18 11:34:00","2.8","13777.0","Spain","EMEA"
"539890","84406B","CREAM CUPID HEARTS COAT HANGER","12","2017-04-04 09:46:00","2.76","15291.0","France","EMEA"
"539890","22752","SET 7 BABUSHKA NESTING BOXES","6","2017-04-04 09:46:00","7.63","15291.0","France","EMEA"
"539890","22633","HAND WARMER UNION JACK","4","2017-04-04 09:46:00","2.0","15291.0","France","EMEA"
"539891","71053","WHITE METAL LANTERN","6","2017-04-29 14:38:00","3.72","17809.0","Canada","AMER"
"539892","22632","HAND WARMER RED POLKA DOT","5","2017-04-06 09:51:00","2.15","17809.0","Canada","AMER"
"539892","22632","HAND WARMER RED POLKA DOT","6","2017-04-06 09:51:00","1.85","17809.0","Canada","AMER"
"539892","22633","HAND WARMER UNION JACK","1","2017-04-06 09:51:00","1.92","17809.0","Canada","AMER"
"539893","21730","GLASS STAR FROSTED T-LIGHT HOLDER","4","2017-04-07 10:34:00","4.61","14606.0","USA","AMER"
"539893","85123A","WHITE HANGING HEART T-LIGHT HOLDER","5","2017-04-07 10:34:00","2.58","14606.0","USA","AMER"
"539893","84029E","RED WOOLLY HOTTIE WHITE HEART","8","2017-04-07 10:34:00","3.49","14606.0","USA","AMER"
"539894","20685","DOORMAT RED RETROSPOT","11","2017-04-22 08:19:00","7.32","16029.0","USA","AMER"
"539895","22633","HAND WARMER UNION JACK","11","2017-03-05 15:53:00","2.09","13777.0","France","EMEA"
"539895","21730","GLASS STAR FROSTED T-LIGHT HOLDER","1","2017-03-05 15:53:00","4.29","13777.0","France","EMEA"
"539896","84029G","KNITTED UNION FLAG HOT WATER BOTTLE","11","2017-03-23 12:08:00","3.58","14096.0","Australia","APAC"
"539897","84029E","RED WOOLLY HOTTIE WHITE HEART","11","2017-03-29 14:07:00","3.55","15311.0","Canada","AMER"
"539897","20685","DOORMAT RED RETROSPOT","3","2017-03-29 14:07:00","7.43","15311.0","Canada","AMER"
"539898","20685","DOORMAT RED RETROSPOT","3","2017-03-18 10:17:00","7.36","17850.0","Netherlands","EMEA"
"539899","22632","HAND WARMER RED POLKA DOT","2","2017-04-14 13:04:00","1.94","15311.0","USA","AMER"
"539899","47566","PARTY BUNTING","5","2017-04-14 13:04:00","5.01","15311.0","USA","AMER"
"539900","47566","PARTY BUNTING","8","2017-04-08 11:19:00","5.31","12583.0","Netherlands","EMEA"
"539900","21730","GLASS STAR FROSTED T-LIGHT HOLDER","6","2017-04-08 11:19:00","4.45","12583.0","Netherlands","EMEA"
"539900","85123A","WHITE HANGING HEART T-LIGHT HOLDER","2","2017-04-08 11:19:00","2.95","12583.0","Netherlands","EMEA"
"539901","85099B","JUMBO BAG RED RETROSPOT","7","2017-03-01 08:41:00","1.62","14606.0","EIRE","EMEA"
"539902","20685","DOORMAT RED RETROSPOT","1","2017-03-23 14:35:00","7.48","14096.0","Belgium","EMEA"
"539903","22752","SET 7 BABUSHKA NESTING BOXES","8","2017-03-28 10:33:00","8.11","17850.0","Germany","EMEA"
"539903","22633","HAND WARMER UNION JACK","6","2017-03-28 10:33:00","2.12","17850.0","Germany","EMEA"
"539904","84406B","CREAM CUPID HEARTS COAT HANGER","7","2017-03-14 10:22:00","2.69","14606.0","United Kingdom","EMEA"
"539904","84029G","KNITTED UNION FLAG HOT WATER BOTTLE","4","2017-03-14 10:22:00","3.8","14606.0","United Kingdom","EMEA"
"539904","84406B","CREAM CUPID HEARTS COAT HANGER","4","2017-03-14 10:22:00","3.16","14606.0","United Kingdom","EMEA"
"539905","84029G","KNITTED UNION FLAG HOT WATER BOTTLE","12","2017-03-25 15:23:00","3.5","17850.0","EIRE","EMEA"
"539906","84029G","KNITTED UNION FLAG HOT WATER BOTTLE","2","2017-03-01 11:54:00","3.7","12583.0","Belgium","EMEA"
"539906","47566","PARTY BUNTING","1","2017-03-01 11:54:00","5.31","12583.0","Belgium","EMEA"
"539907","22752","SET 7 BABUSHKA NESTING BOXES","8","2017-03-28 14:36:00","7.95","14096.0","Belgium","EMEA"
"539908","85123A","WHITE HANGING HEART T-LIGHT HOLDER","12","2017-04-22 09:41:00","2.97","13777.0","Canada","AMER"
"539908","22752","SET 7 BABUSHKA NESTING BOXES","2","2017-04-22 09:41:00","7.95","13777.0","Canada","AMER"
"539909","84029E","RED WOOLLY HOTTIE WHITE HEART","12","2017-03-15 10:22:00","3.69","14096.0","Netherlands","EMEA"
"539910","84029E","RED WOOLLY HOTTIE WHITE HEART","6","2017-03-12 13:37:00","3.76","15311.0","Canada","AMER"
"539911","22752","SET 7 BABUSHKA NESTING BOXES","8","2017-03-01 16:18:00","7.68","13047.0","EIRE","EMEA"
"539912","85099B","JUMBO BAG RED RETROSPOT","1","2017-04-23 13:04:00","2.11","12583.0","Belgium","EMEA"
"539912","85099B","JUMBO BAG RED RETROSPOT","9","2017-04-23 13:04:00","1.93","12583.0","Belgium","EMEA"
"539912","20685","DOORMAT RED RETROSPOT","7","2017-04-23 13:04:00","7.21","12583.0","Belgium","EMEA"
"539913","21730","GLASS STAR FROSTED T-LIGHT HOLDER","8","2017-03-09 08:36:00","4.4","13047.0","France","EMEA"
"539914","84029E","RED WOOLLY HOTTIE WHITE HEART","12","2017-04-16 08:46:00","3.64","15311.0","France","EMEA"
"539915","22633","HAND WARMER UNION JACK","8","2017-04-06 15:39:00","1.91","15291.0","United Kingdom","EMEA"
"539915","85099B","JUMBO BAG RED RETROSPOT","8","2017-04-06 15:39:00","2.1","15291.0","United Kingdom","EMEA"
"539916","20685","DOORMAT RED RETROSPOT","2","2017-03-08 11:56:00","7.22","14096.0","Canada","AMER"
"539917","21730","GLASS STAR FROSTED T-LIGHT HOLDER","10","2017-03-11 14:54:00","4.52","15311.0","USA","AMER"
"539918","85099B","JUMBO BAG RED RETROSPOT","10","2017-04-10 12:38:00","1.82","14096.0","Netherlands","EMEA"
"539918","84406B","CREAM CUPID HEARTS COAT HANGER","4","2017-04-10 12:38:00","3.06","14096.0","Netherlands","EMEA"
"539918","21730","GLASS STAR FROSTED T-LIGHT HOLDER","12","2017-04-10 12:38:00","4.36","14096.0","Netherlands","EMEA"
"539919","22632","HAND WARMER RED POLKA DOT","5","2017-04-25 09:57:00","1.94","12583.0","France","EMEA"
"539919","22632","HAND WARMER RED POLKA DOT","7","2017-04-25 09:57:00","1.87","12583.0","France","EMEA"
"539920","22632","HAND WARMER RED POLKA DOT","11","2017-04-26 10:36:00","1.98","14606.0","Netherlands","EMEA"
"539920","22632","HAND WARMER RED POLKA DOT","7","2017-04-26 10:36:00","2.32","14606.0","Netherlands","EMEA"
"539921","47566","PARTY BUNTING","7","2017-03-29 15:18:00","5.31","15291.0","Belgium","EMEA"
"539921","22752","SET 7 BABUSHKA NESTING BOXES","12","2017-03-29 15:18:00","7.82","15291.0","Belgium","EMEA"
"539922","22752","SET 7 BABUSHKA NESTING BOXES","2","2017-04-28 16:06:00","8.04","17809.0","Netherlands","EMEA"
"539922","47566","PARTY BUNTING","12","2017-04-28 16:06:00","5.11","17809.0","Netherlands","EMEA"
"539923","20685","DOORMAT RED RETROSPOT","9","2017-04-10 11:52:00","7.2","14606.0","France","EMEA"
"539924","84029E","RED WOOLLY HOTTIE WHITE HEART","10","2017-04-13 13:18:00","3.76","17850.0","United Kingdom","EMEA"
"539924","85099B","JUMBO BAG RED RETROSPOT","12","2017-04-13 13:18:00","2.02","17850.0","United Kingdom","EMEA"
"539925","47566","PARTY BUNTING","12","2017-03-19 14:02:00","5.11","13777.0","Germany","EMEA"
"539925","20685","DOORMAT RED RETROSPOT","7","2017-03-19 14:02:00","7.54","13777.0","Germany","EMEA"
"539926","20685","DOORMAT RED RETROSPOT","9","2017-03-03 11:22:00","7.22","17809.0","France","EMEA"
"539927","85099B","JUMBO BAG RED RETROSPOT","2","2017-03-17 09:03:00","1.73","16029.0","Germany","EMEA"
"539927","22633","HAND WARMER UNION JACK","9","2017-03-17 09:03:00","1.88","16029.0","Germany","EMEA"
"539928","71053","WHITE METAL LANTERN","12","2017-04-15 16:07:00","3.88","15291.0","France","EMEA"
"539928","84406B","CREAM CUPID HEARTS COAT HANGER","7","2017-04-15 16:07:00","3.08","15291.0","France","EMEA"
"539928","84029E","RED WOOLLY HOTTIE WHITE HEART","4","2017-04-15 16:07:00","3.79","15291.0","France","EMEA"
"539929","22632","HAND WARMER RED POLKA DOT","10","2017-04-19 14:20:00","2.06","15311.0","Canada","AMER"
"539930","22633","HAND WARMER UNION JACK","10","2017-03-29 11:24:00","1.8","15311.0","Spain","EMEA"
"539931","20685","DOORMAT RED RETROSPOT","6","2017-03-03 08:07:00","7.41","13047.0","Germany","EMEA"
"539931","85099B","JUMBO BAG RED RETROSPOT","9","2017-03-03 08:07:00","1.71","13047.0","Germany","EMEA"
"539931","22632","HAND WARMER RED POLKA DOT","9","2017-03-03 08:07:00","1.93","13047.0","Germany","EMEA"
"539932","47566","PARTY BUNTING","7","2017-04-27 14:11:00","5.2","16029.0","Australia","APAC"
"539932","21730","GLASS STAR FROSTED T-LIGHT HOLDER","9","2017-04-27 14:11:00","4.68","16029.0","Australia","APAC"
"539933","71053","WHITE METAL LANTERN","9","2017-04-24 14:51:00","3.69","15291.0","Australia","APAC"
"539933","20685","DOORMAT RED RETROSPOT","2","2017-04-24 14:51:00","7.54","15291.0","Australia","APAC"
"539933","22752","SET 7 BABUSHKA NESTING BOXES","5","2017-04-24 14:51:00","8.11","15291.0","Australia","APAC"
"539934","22752","SET 7 BABUSHKA NESTING BOXES","9","2017-03-13 10:48:00","8.04","16029.0","France","EMEA"
"539935","22633","HAND WARMER UNION JACK","10","2017-04-21 14:02:00","2.13","13777.0","Spain","EMEA"
"539935","47566","PARTY BUNTING","9","2017-04-21 14:02:00","5.42","13777.0","Spain","EMEA"
"539935","20685","DOORMAT RED RETROSPOT","11","2017-04-21 14:02:00","7.36","13777.0","Spain","EMEA"
"539936","22633","HAND WARMER UNION JACK","11","2017-04-19 13:36:00","1.93","14606.0","Australia","APAC"
"539937","21730","GLASS STAR FROSTED T-LIGHT HOLDER","9","2017-04-19 11:48:00","4.62","15311.0","EIRE","EMEA"
"539937","84406B","CREAM CUPID HEARTS COAT HANGER","9","2017-04-19 11:48:00","2.86","15311.0","EIRE","EMEA"
"539937","71053","WHITE METAL LANTERN","1","2017-04-19 11:48:00","3.77","15311.0","EIRE","EMEA"
"539938","84029E","RED WOOLLY HOTTIE WHITE HEART","2","2017-03-31 12:04:00","3.61","14606.0","France","EMEA"
"539938","71053","WHITE METAL LANTERN","2","2017-03-31 12:04:00","3.57","14606.0","France","EMEA"
"539939","21730","GLASS STAR FROSTED T-LIGHT HOLDER","3","2017-04-05 12:03:00","4.21","15311.0","France","EMEA"
"539939","47566","PARTY BUNTING","4","2017-04-05 12:03:00","5.34","15311.0","France","EMEA"
"539939","22752","SET 7 BABUSHKA NESTING BOXES","10","2017-04-05 12:03:00","7.81","15311.0","France","EMEA"
"539940","20685","DOORMAT RED RETROSPOT","11","2017-03-13 14:13:00","7.46","17809.0","Germany","EMEA"
"539940","22632","HAND WARMER RED POLKA DOT","5","2017-03-13 14:13:00","2.09","17809.0","Germany","EMEA"
"539941","20685","DOORMAT RED RETROSPOT","1","2017-03-07 08:19:00","7.25","12583.0","France","EMEA"
"539941","85099B","JUMBO BAG RED RETROSPOT","5","2017-03-07 08:19:00","1.67","12583.0","France","EMEA"
"539942","85123A","WHITE HANGING HEART T-LIGHT HOLDER","1","2017-03-03 08:18:00","2.67","13777.0","Belgium","EMEA"
"539943","22632","HAND WARMER RED POLKA DOT","6","2017-03-03 15:28:00","2.09","13777.0","Canada","AMER"
"539943","22633","HAND WARMER UNION JACK","6","2017-03-03 15:28:00","2.23","13777.0","Canada","AMER"
"539943","84029G","KNITTED UNION FLAG HOT WATER BOTTLE","5","2017-03-03 15:28:00","3.52","13777.0","Canada","AMER"
"539944","20685","DOORMAT RED RETROSPOT","9","2017-03-20 15:36:00","6.98","17850.0","Australia","APAC"
"539944","85099B","JUMBO BAG RED RETROSPOT","9","2017-03-20 15:36:00","1.68","17850.0","Australia","APAC"
"539945","85099B","JUMBO BAG RED RETROSPOT","10","2017-03-09 08:42:00","2.06","16029.0","USA","AMER"
"539945","22633","HAND WARMER UNION JACK","4","2017-03-09 08:42:00","1.76","16029.0","USA","AMER"
"539946","22632","HAND WARMER RED POLKA DOT","1","2017-03-30 12:23:00","2.13","14606.0","Belgium","EMEA"
"539946","84029G","KNITTED UNION FLAG HOT WATER BOTTLE","4","2017-03-30 12:23:00","3.48","14606.0","Belgium","EMEA"
"539947","22633","HAND WARMER UNION JACK","5","2017-03-30 11:11:00","2.31","15311.0","Australia","APAC"
"539947","84029E","RED WOOLLY HOTTIE WHITE HEART","7","2017-03-30 11:11:00","3.78","15311.0","Australia","APAC"
"539947","84406B","CREAM CUPID HEARTS COAT HANGER","1","2017-03-30 11:11:00","3.2","15311.0","Australia","APAC"
"539948","21730","GLASS STAR FROSTED T-LIGHT HOLDER","8","2017-04-08 12:19:00","4.47","17850.0","France","EMEA"
"539949","85123A","WHITE HANGING HEART T-LIGHT HOLDER","4","2017-03-12 16:32:00","2.57","17850.0","United Kingdom","EMEA"
"539949","84029E","RED WOOLLY HOTTIE WHITE HEART","6","2017-03-12 16:32:00","3.47","17850.0","United Kingdom","EMEA"
"539950","22752","SET 7 BABUSHKA NESTING BOXES","7","2017-03-19 10:48:00","7.95","14096.0","Germany","EMEA"
"539950","84029G","KNITTED UNION FLAG HOT WATER BOTTLE","7","2017-03-19 10:48:00","3.29","14096.0","Germany","EMEA"
"539950","84029G","KNITTED UNION FLAG HOT WATER BOTTLE","6","2017-03-19 10:48:00","3.76","14096.0","Germany","EMEA"
"539951","85099B","JUMBO BAG RED RETROSPOT","1","2017-03-04 14:56:00","1.71","15311.0","Belgium","EMEA"
"539952","84029E","RED WOOLLY HOTTIE WHITE HEART","2","2017-04-28 10:54:00","3.43","17850.0","United Kingdom","EMEA"
"539952","85123A","WHITE HANGING HEART T-LIGHT HOLDER","6","2017-04-28 10:54:00","2.69","17850.0","United Kingdom","EMEA"
"539953","21730","GLASS STAR FROSTED T-LIGHT HOLDER","1","2017-04-07 09:15:00","4.45","13047.0","Germany","EMEA"
"539953","85099B","JUMBO BAG RED RETROSPOT","3","2017-04-07 09:15:00","1.78","13047.0","Germany","EMEA"
"539953","22633","HAND WARMER UNION JACK","4","2017-04-07 09:15:00","2.13","13047.0","Germany","EMEA"
"539954","22632","HAND WARMER RED POLKA DOT","11","2017-03-27 15:15:00","1.85","14096.0","Germany","EMEA"
"539955","84406B","CREAM CUPID HEARTS COAT HANGER","9","2017-03-24 13:20:00","2.83","17850.0","EIRE","EMEA"
"539955","22752","SET 7 BABUSHKA NESTING BOXES","11","2017-03-24 13:20:00","7.88","17850.0","EIRE","EMEA"
"539956","71053","WHITE METAL LANTERN","8","2017-03-13 15:15:00","3.88","13777.0","Spain","EMEA"
"539957","22632","HAND WARMER RED POLKA DOT","2","2017-04-21 14:19:00","1.82","15311.0","United Kingdom","EMEA"
"539957","22632","HAND WARMER RED POLKA DOT","12","2017-04-21 14:19:00","1.76","15311.0","United Kingdom","EMEA"
"539958","47566","PARTY BUNTING","11","2017-03-02 10:13:00","5.27","15291.0","Netherlands","EMEA"
"539959","84029G","KNITTED UNION FLAG HOT WATER BOTTLE","6","2017-04-15 14:01:00","3.76","17809.0","EIRE","EMEA"
"539960","22632","HAND WARMER RED POLKA DOT","10","2017-03-22 09:45:00","2.08","17809.0","France","EMEA"
"539960","84029G","KNITTED UNION FLAG HOT WATER BOTTLE","10","2017-03-22 09:45:00","3.66","17809.0","France","EMEA"
"539960","84029G","KNITTED UNION FLAG HOT WATER BOTTLE","4","2017-03-22 09:45:00","3.74","17809.0","France","EMEA"
"539961","22633","HAND WARMER UNION JACK","6","2017-03-17 11:42:00","2.34","14096.0","Germany","EMEA"
"539961","84029G","KNITTED UNION FLAG HOT WATER BOTTLE","8","2017-03-17 11:42:00","3.37","14096.0","Germany","EMEA"
"539962","20685","DOORMAT RED RETROSPOT","11","2017-03-16 13:15:00","7.3","13047.0","United Kingdom","EMEA"
"539963","20685","DOORMAT RED RETROSPOT","3","2017-04-27 14:19:00","6.99","15291.0","Spain","EMEA"
"539963","20685","DOORMAT RED RETROSPOT","10","2017-04-27 14:19:00","7.0","15291.0","Spain","EMEA"
"539963","84029E","RED WOOLLY HOTTIE WHITE HEART","3","2017-04-27 14:19:00","3.65","15291.0","Spain","EMEA"
"539964","84029E","RED WOOLLY HOTTIE WHITE HEART","1","2017-03-10 13:01:00","3.72","15291.0","Spain","EMEA"
"539965","21730","GLASS STAR FROSTED T-LIGHT HOLDER","1","2017-03-17 12:15:00","4.18","15291.0","Netherlands","EMEA"
"539965","22632","HAND WARMER RED POLKA DOT","3","2017-03-17 12:15:00","2.28","15291.0","Netherlands","EMEA"
"539965","85099B","JUMBO BAG RED RETROSPOT","8","2017-03-17 12:15:00","1.7","15291.0","Netherlands","EMEA"
"539966","84406B","CREAM CUPID HEARTS COAT HANGER","6","2017-03-02 08:48:00","3.23","13047.0","EIRE","EMEA"
"539966","22633","HAND WARMER UNION JACK","12","2017-03-02 08:48:00","2.05","13047.0","EIRE","EMEA"
"539966","71053","WHITE METAL LANTERN","8","2017-03-02 08:48:00","3.88","13047.0","EIRE","EMEA"
"539967","21730","GLASS STAR FROSTED T-LIGHT HOLDER","4","2017-04-26 12:37:00","4.26","12583.0","Spain","EMEA"
"539967","20685","DOORMAT RED RETROSPOT","4","2017-04-26 12:37:00","7.21","12583.0","Spain","EMEA"
"539967","84029E","RED WOOLLY HOTTIE WHITE HEART","10","2017-04-26 12:37:00","3.49","12583.0","Spain","EMEA"
"539968","22633","HAND WARMER UNION JACK","11","2017-04-09 11:25:00","1.86","14606.0","EIRE","EMEA"
"539969","20685","DOORMAT RED RETROSPOT","12","2017-04-22 14:37:00","7.37","15291.0","Netherlands","EMEA"
"539969","22633","HAND WARMER UNION JACK","11","2017-04-22 14:37:00","2.31","15291.0","Netherlands","EMEA"
"539969","22752","SET 7 BABUSHKA NESTING BOXES","3","2017-04-22 14:37:00","7.93","15291.0","Netherlands","EMEA"
"539970","47566","PARTY BUNTING","3","2017-04-16 14:24:00","5.01","12583.0","Spain","EMEA"
"539970","71053","WHITE METAL LANTERN","9","2017-04-16 14:24:00","3.85","12583.0","Spain","EMEA"
"539970","84406B","CREAM CUPID HEARTS COAT HANGER","2","2017-04-16 14:24:00","2.7","12583.0","Spain","EMEA"
"539971","85099B","JUMBO BAG RED RETROSPOT","8","2017-04-10 13:38:00","1.55","13047.0","EIRE","EMEA"
"539971","22632","HAND WARMER RED POLKA DOT","3","2017-04-10 13:38:00","1.77","13047.0","EIRE","EMEA"
"539971","22633","HAND WARMER UNION JACK","9","2017-04-10 13:38:00","2.33","13047.0","EIRE","EMEA"
"539972","71053","WHITE METAL LANTERN","3","2017-04-14 14:15:00","3.51","13047.0","USA","AMER"
"539973","85123A","WHITE HANGING HEART T-LIGHT HOLDER","9","2017-04-03 09:57:00","2.67","12583.0","USA","AMER"
"539974","85123A","WHITE HANGING HEART T-LIGHT HOLDER","12","2017-03-27 11:00:00","2.95","14096.0","EIRE","EMEA"
"539974","20685","DOORMAT RED RETROSPOT","8","2017-03-27 11:00:00","7.3","14096.0","EIRE","EMEA"
"539975","71053","WHITE METAL LANTERN","2","2017-03-19 10:43:00","3.34","15311.0","Australia","APAC"
"539976","22633","HAND WARMER UNION JACK","5","2017-03-07 13:03:00","1.87","13777.0","France","EMEA"
"539977","85123A","WHITE HANGING HEART T-LIGHT HOLDER","12","2017-03-01 16:32:00","2.72","15311.0","Germany","EMEA"
"539977","22633","HAND WARMER UNION JACK","3","2017-03-01 16:32:00","2.19","15311.0","Germany","EMEA"
"539977","22633","HAND WARMER UNION JACK","4","2017-03-01 16:32:00","2.09","15311.0","Germany","EMEA"
"539978","71053","WHITE METAL LANTERN","3","2017-03-28 15:27:00","3.76","13047.0","EIRE","EMEA"
"539979","22632","HAND WARMER RED POLKA DOT","7","2017-04-22 15:42:00","2.15","13047.0","Canada","AMER"
"539979","20685","DOORMAT RED RETROSPOT","7","2017-04-22 15:42:00","7.09","13047.0","Canada","AMER"
"539980","84029G","KNITTED UNION FLAG HOT WATER BOTTLE","3","2017-03-05 10:17:00","3.72","12583.0","Netherlands","EMEA"
"539980","47566","PARTY BUNTING","12","2017-03-05 10:17:00","4.92","12583.0","Netherlands","EMEA"
"539981","22632","HAND WARMER RED POLKA DOT","5","2017-04-21 15:58:00","2.26","16029.0","Spain","EMEA"
"539982","21730","GLASS STAR FROSTED T-LIGHT HOLDER","3","2017-04-26 16:40:00","4.27","17850.0","USA","AMER"
"539982","85099B","JUMBO BAG RED RETROSPOT","8","2017-04-26 16:40:00","2.14","17850.0","USA","AMER"
"539983","22633","HAND WARMER UNION JACK","9","2017-03-29 16:03:00","1.9","14606.0","United Kingdom","EMEA"
"539983","47566","PARTY BUNTING","7","2017-03-29 16:03:00","4.96","14606.0","United Kingdom","EMEA"
"539984","71053","WHITE METAL LANTERN","7","2017-03-31 16:19:00","3.67","16029.0","EIRE","EMEA"
"539984","21730","GLASS STAR FROSTED T-LIGHT HOLDER","1","2017-03-31 16:19:00","4.66","16029.0","EIRE","EMEA"
"539985","22632","HAND WARMER RED POLKA DOT","4","2017-04-28 16:55:00","2.12","17850.0","Canada","AMER"
"539985","84029E","RED WOOLLY HOTTIE WHITE HEART","12","2017-04-28 16:55:00","3.34","17850.0","Canada","AMER"
"539985","47566","PARTY BUNTING","9","2017-04-28 16:55:00","4.91","17850.0","Canada","AMER"
"539986","84029E","RED WOOLLY HOTTIE WHITE HEART","9","2017-04-16 08:14:00","3.43","17809.0","France","EMEA"
"539986","71053","WHITE METAL LANTERN","5","2017-04-16 08:14:00","3.66","17809.0","France","EMEA"
"539987","85123A","WHITE HANGING HEART T-LIGHT HOLDER","5","2017-04-22 15:50:00","3.05","15311.0","Spain","EMEA"
"539988","20685","DOORMAT RED RETROSPOT","9","2017-03-09 14:31:00","7.01","14606.0","USA","AMER"
"539988","85099B","JUMBO BAG RED RETROSPOT","1","2017-03-09 14:31:00","1.71","14606.0","USA","AMER"
"539988","71053","WHITE METAL LANTERN","1","2017-03-09 14:31:00","3.38","14606.0","USA","AMER"
"539989","22633","HAND WARMER UNION JACK","4","2017-03-05 11:37:00","1.79","14096.0","Canada","AMER"
"539990","85123A","WHITE HANGING HEART T-LIGHT HOLDER","10","2017-04-20 11:27:00","2.92","13777.0","Spain","EMEA"
"539990","22752","SET 7 BABUSHKA NESTING BOXES","3","2017-04-20 11:27:00","7.83","13777.0","Spain","EMEA"
"539991","85123A","WHITE HANGING HEART T-LIGHT HOLDER","9","2017-03-21 09:41:00","2.94","15291.0","Canada","AMER"
"539992","84029E","RED WOOLLY HOTTIE WHITE HEART","9","2017-03-16 14:19:00","3.34","17809.0","Belgium","EMEA"
"539992","84029G","KNITTED UNION FLAG HOT WATER BOTTLE","10","2017-03-16 14:19:00","3.42","17809.0","Belgium","EMEA"
"539993","22752","SET 7 BABUSHKA NESTING BOXES","2","2017-04-13 16:21:00","7.65","13047.0","EIRE","EMEA"
"539993","71053","WHITE METAL LANTERN","12","2017-04-13 16:21:00","3.34","13047.0","EIRE","EMEA"
"539993","22633","HAND WARMER UNION JACK","10","2017-04-13 16:21:00","2.33","13047.0","EIRE","EMEA"
"539994","22633","HAND WARMER UNION JACK","6","2017-03-13 15:22:00","2.19","15311.0","France","EMEA"
"539994","84029E","RED WOOLLY HOTTIE WHITE HEART","3","2017-03-13 15:22:00","3.8","15311.0","France","EMEA"
"539995","85099B","JUMBO BAG RED RETROSPOT","11","2017-03-11 16:54:00","1.97","17809.0","Germany","EMEA"
"539995","22632","HAND WARMER RED POLKA DOT","11","2017-03-11 16:54:00","2.07","17809.0","Germany","EMEA"
"539995","22632","HAND WARMER RED POLKA DOT","4","2017-03-11 16:54:00","2.26","17809.0","Germany","EMEA"
"539996","47566","PARTY BUNTING","3","2017-03-16 11:21:00","5.2","15311.0","USA","AMER"
"539996","47566","PARTY BUNTING","8","2017-03-16 11:21:00","5.22","15311.0","USA","AMER"
"539996","84029G","KNITTED UNION FLAG HOT WATER BOTTLE","8","2017-03-16 11:21:00","3.75","15311.0","USA","AMER"
"539997","20685","DOORMAT RED RETROSPOT","9","2017-03-28 08:14:00","7.39","13777.0","EIRE","EMEA"
"539998","84406B","CREAM CUPID HEARTS COAT HANGER","9","2017-04-07 13:17:00","3.07","14606.0","United Kingdom","EMEA"
"539998","21730","GLASS STAR FROSTED T-LIGHT HOLDER","5","2017-04-07 13:17:00","4.18","14606.0","United Kingdom","EMEA"
"539999","84406B","CREAM CUPID HEARTS COAT HANGER","1","2017-04-02 08:42:00","2.99","13777.0","Germany","EMEA"
"540000","20685","DOORMAT RED RETROSPOT","10","2017-04-27 16:30:00","7.15","15291.0","Spain","EMEA"
"540000","21730","GLASS STAR FROSTED T-LIGHT HOLDER","1","2017-04-27 16:30:00","4.62","15291.0","Spain","EMEA"
"540000","22752","SET 7 BABUSHKA NESTING BOXES","7","2017-04-27 16:30:00","7.98","15291.0","Spain","EMEA"
"540001","85099B","JUMBO BAG RED RETROSPOT","6","2017-04-14 15:59:00","1.67","12583.0","Australia","APAC"
"540002","85099B","JUMBO BAG RED RETROSPOT","12","2017-03-24 12:45:00","2.07","12583.0","Germany","EMEA"
"540002","84029G","KNITTED UNION FLAG HOT WATER BOTTLE","1","2017-03-24 12:45:00","3.78","12583.0","Germany","EMEA"
"540002","22632","HAND WARMER RED POLKA DOT","12","2017-03-24 12:45:00","1.88","12583.0","Germany","EMEA"
"540003","22632","HAND WARMER RED POLKA DOT","8","2017-04-09 12:01:00","2.16","17850.0","Spain","EMEA"
"540003","84029E","RED WOOLLY HOTTIE WHITE HEART","9","2017-04-09 12:01:00","3.87","17850.0","Spain","EMEA"
"540004","84029G","KNITTED UNION FLAG HOT WATER BOTTLE","6","2017-04-08 09:50:00","3.64","14606.0","Germany","EMEA"
"540004","85099B","JUMBO BAG RED RETROSPOT","5","2017-04-08 09:50:00","1.76","14606.0","Germany","EMEA"
"540004","84029E","RED WOOLLY HOTTIE WHITE HEART","2","2017-04-08 09:50:00","3.67","14606.0","Germany","EMEA"
"540005","84029E","RED WOOLLY HOTTIE WHITE HEART","6","2017-03-15 15:39:00","3.55","14606.0","Germany","EMEA"
"540006","71053","WHITE METAL LANTERN","2","2017-04-25 08:42:00","3.77","12583.0","EIRE","EMEA"
"540006","84029E","RED WOOLLY HOTTIE WHITE HEART","4","2017-04-25 08:42:00","3.57","12583.0","EIRE","EMEA"
"540006","22752","SET 7 BABUSHKA NESTING BOXES","8","2017-04-25 08:42:00","8.08","12583.0","EIRE","EMEA"
"540007","84406B","CREAM CUPID HEARTS COAT HANGER","4","2017-04-12 16:28:00","2.78","13777.0","Netherlands","EMEA"
"540007","22752","SET 7 BABUSHKA NESTING BOXES","12","2017-04-12 16:28:00","7.9","13777.0","Netherlands","EMEA"
"540008","22633","HAND WARMER UNION JACK","1","2017-03-17 11:01:00","2.0","14096.0","Australia","APAC"
"540008","71053","WHITE METAL LANTERN","11","2017-03-17 11:01:00","3.57","14096.0","Australia","APAC"
"540008","84406B","CREAM CUPID HEARTS COAT HANGER","8","2017-03-17 11:01:00","2.78","14096.0","Australia","APAC"
"540009","84029E","RED WOOLLY HOTTIE WHITE HEART","10","2017-03-24 15:23:00","3.72","14096.0","Spain","EMEA"
"540010","20685","DOORMAT RED RETROSPOT","12","2017-03-28 13:23:00","7.42","12583.0","USA","AMER"
"540011","71053","WHITE METAL LANTERN","10","2017-04-06 12:25:00","3.77","13777.0","Canada","AMER"
"540012","22752","SET 7 BABUSHKA NESTING BOXES","4","2017-03-05 15:40:00","7.93","15311.0","Germany","EMEA"
"540013","20685","DOORMAT RED RETROSPOT","6","2017-03-07 10:14:00","7.05","14096.0","Germany","EMEA"
"540014","85123A","WHITE HANGING HEART T-LIGHT HOLDER","5","2017-03-01 16:24:00","2.66","17809.0","Australia","APAC"
"540015","71053","WHITE METAL LANTERN","3","2017-04-14 14:44:00","3.61","15291.0","USA","AMER"
"540015","84029G","KNITTED UNION FLAG HOT WATER BOTTLE","10","2017-04-14 14:44:00","3.62","15291.0","USA","AMER"
"540015","71053","WHITE METAL LANTERN","9","2017-04-14 14:44:00","3.86","15291.0","USA","AMER"
"540016","84029E","RED WOOLLY HOTTIE WHITE HEART","9","2017-03-17 16:14:00","3.61","12583.0","Germany","EMEA"
"540016","47566","PARTY BUNTING","1","2017-03-17 16:14:00","4.97","12583.0","Germany","EMEA"
"540016","85123A","WHITE HANGING HEART T-LIGHT HOLDER","6","2017-03-17 16:14:00","2.94","12583.0","Germany","EMEA"
"540017","47566","PARTY BUNTING","7","2017-04-15 13:38:00","5.27","15311.0","United Kingdom","EMEA"
"540017","85123A","WHITE HANGING HEART T-LIGHT HOLDER","11","2017-04-15 13:38:00","2.77","15311.0","United Kingdom","EMEA"
"540017","85123A","WHITE HANGING HEART T-LIGHT HOLDER","6","2017-04-15 13:38:00","2.97","15311.0","United Kingdom","EMEA"
"540018","22752","SET 7 BABUSHKA NESTING BOXES","5","2017-04-24 13:35:00","7.88","16029.0","Spain","EMEA"
"540018","21730","GLASS STAR FROSTED T-LIGHT HOLDER","9","2017-04-24 13:35:00","4.55","16029.0","Spain","EMEA"
"540019","84029E","RED WOOLLY HOTTIE WHITE HEART","8","2017-04-10 08:31:00","3.34","15291.0","Australia","APAC"
"540020","84029G","KNITTED UNION FLAG HOT WATER BOTTLE","11","2017-03-27 14:40:00","3.82","14096.0","Belgium","EMEA"
"540020","85099B","JUMBO BAG RED RETROSPOT","2","2017-03-27 14:40:00","1.55","14096.0","Belgium","EMEA"
"540021","84406B","CREAM CUPID HEARTS COAT HANGER","6","2017-04-17 10:04:00","3.19","15291.0","EIRE","EMEA"
"540021","22752","SET 7 BABUSHKA NESTING BOXES","7","2017-04-17 10:04:00","8.02","15291.0","EIRE","EMEA"
"540021","47566","PARTY BUNTING","4","2017-04-17 10:04:00","5.18","15291.0","EIRE","EMEA"
"540022","85123A","WHITE HANGING HEART T-LIGHT HOLDER","11","2017-03-22 15:59:00","2.97","14606.0","Netherlands","EMEA"
"540022","71053","WHITE METAL LANTERN","5","2017-03-22 15:59:00","3.79","14606.0","Netherlands","EMEA"
"540022","84406B","CREAM CUPID HEARTS COAT HANGER","11","2017-03-22 15:59:00","2.86","14606.0","Netherlands","EMEA"
"540023","85099B","JUMBO BAG RED RETROSPOT","4","2017-04-09 10:50:00","1.94","14606.0","Netherlands","EMEA"
"540023","71053","WHITE METAL LANTERN","4","2017-04-09 10:50:00","3.49","14606.0","Netherlands","EMEA"
"540023","22752","SET 7 BABUSHKA NESTING BOXES","6","2017-04-09 10:50:00","7.95","14606.0","Netherlands","EMEA"
"540024","21730","GLASS STAR FROSTED T-LIGHT HOLDER","9","2017-04-22 16:33:00","4.67","13777.0","Netherlands","EMEA"
"540024","84029E","RED WOOLLY HOTTIE WHITE HEART","5","2017-04-22 16:33:00","3.56","13777.0","Netherlands","EMEA"
"540025","85123A","WHITE HANGING HEART T-LIGHT HOLDER","7","2017-03-20 15:53:00","2.69","16029.0","Australia","APAC"
"540026","71053","WHITE METAL LANTERN","6","2017-03-27 10:11:00","3.47","17809.0","Germany","EMEA"
"540026","85099B","JUMBO BAG RED RETROSPOT","6","2017-03-27 10:11:00","1.82","17809.0","Germany","EMEA"
"540026","20685","DOORMAT RED RETROSPOT","9","2017-03-27 10:11:00","7.45","17809.0","Germany","EMEA"
"540027","22752","SET 7 BABUSHKA NESTING BOXES","5","2017-03-03 10:54:00","8.04","14096.0","USA","AMER"
"540027","85123A","WHITE HANGING HEART T-LIGHT HOLDER","11","2017-03-03 10:54:00","2.54","14096.0","USA","AMER"
"540028","22752","SET 7 BABUSHKA NESTING BOXES","11","2017-04-21 14:33:00","8.01","13047.0","United Kingdom","EMEA"
"540028","47566","PARTY BUNTING","10","2017-04-21 14:33:00","5.25","13047.0","United Kingdom","EMEA"
"540028","47566","PARTY BUNTING","5","2017-04-21 14:33:00","4.96","13047.0","United Kingdom","EMEA"
"540029","84029G","KNITTED UNION FLAG HOT WATER BOTTLE","1","2017-04-10 16:09:00","3.77","13777.0","USA","AMER"
"540029","22633","HAND WARMER UNION JACK","4","2017-04-10 16:09:00","2.16","13777.0","USA","AMER"
"540030","85099B","JUMBO BAG RED RETROSPOT","7","2017-04-28 12:55:00","1.97","13047.0","EIRE","EMEA"
"540030","85099B","JUMBO BAG RED RETROSPOT","2","2017-04-28 12:55:00","1.98","13047.0","EIRE","EMEA"
"540031","22633","HAND WARMER UNION JACK","8","2017-04-27 15:29:00","2.34","17850.0","Germany","EMEA"
"540031","84029G","KNITTED UNION FLAG HOT WATER BOTTLE","11","2017-04-27 15:29:00","3.84","17850.0","Germany","EMEA"
"540031","84406B","CREAM CUPID HEARTS COAT HANGER","7","2017-04-27 15:29:00","3.09","17850.0","Germany","EMEA"
"540032","71053","WHITE METAL LANTERN","12","2017-03-23 12:27:00","3.85","14096.0","EIRE","EMEA"
"540032","84029G","KNITTED UNION FLAG HOT WATER BOTTLE","12","2017-03-23 12:27:00","3.55","14096.0","EIRE","EMEA"
"540032","22633","HAND WARMER UNION JACK","7","2017-03-23 12:27:00","2.0","14096.0","EIRE","EMEA"
"540033","22752","SET 7 BABUSHKA NESTING BOXES","2","2017-03-25 11:39:00","8.08","17809.0","EIRE","EMEA"
"540033","21730","GLASS STAR FROSTED T-LIGHT HOLDER","3","2017-03-25 11:39:00","4.41","17809.0","EIRE","EMEA"
"540034","71053","WHITE METAL LANTERN","6","2017-04-14 13:44:00","3.31","15311.0","France","EMEA"
"540034","21730","GLASS STAR FROSTED T-LIGHT HOLDER","12","2017-04-14 13:44:00","4.74","15311.0","France","EMEA"
"540035","85099B","JUMBO BAG RED RETROSPOT","9","2017-03-13 11:12:00","1.84","17850.0","Belgium","EMEA"
"540035","71053","WHITE METAL LANTERN","11","2017-03-13 11:12:00","3.71","17850.0","Belgium","EMEA"
"540035","84029E","RED WOOLLY HOTTIE WHITE HEART","6","2017-03-13 11:12:00","3.76","17850.0","Belgium","EMEA"
"540036","22633","HAND WARMER UNION JACK","8","2017-03-24 08:28:00","2.06","14096.0","Germany","EMEA"
"540036","71053","WHITE METAL LANTERN","7","2017-03-24 08:28:00","3.7","14096.0","Germany","EMEA"
"540036","84406B","CREAM CUPID HEARTS COAT HANGER","4","2017-03-24 08:28:00","3.18","14096.0","Germany","EMEA"
"540037","85099B","JUMBO BAG RED RETROSPOT","12","2017-03-21 10:22:00","2.12","13777.0","Spain","EMEA"
"540037","84406B","CREAM CUPID HEARTS COAT HANGER","9","2017-03-21 10:22:00","3.14","13777.0","Spain","EMEA"
"540038","84029G","KNITTED UNION FLAG HOT WATER BOTTLE","9","2017-03-15 12:49:00","3.39","14096.0","Canada","AMER"
"540038","22633","HAND WARMER UNION JACK","3","2017-03-15 12:49:00","2.03","14096.0","Canada","AMER"
"540039","22633","HAND WARMER UNION JACK","3","2017-04-10 10:56:00","1.83","12583.0","Netherlands","EMEA"
"540039","21730","GLASS STAR FROSTED T-LIGHT HOLDER","12","2017-04-10 10:56:00","4.52","12583.0","Netherlands","EMEA"
"540040","47566","PARTY BUNTING","5","2017-04-21 16:57:00","4.93","15311.0","France","EMEA"
"540040","22632","HAND WARMER RED POLKA DOT","8","2017-04-21 16:57:00","2.04","15311.0","France","EMEA"
"540040","85099B","JUMBO BAG RED RETROSPOT","12","2017-04-21 16:57:00","1.75","15311.0","France","EMEA"
"540041","20685","DOORMAT RED RETROSPOT","7","2017-03-10 13:08:00","7.57","13047.0","United Kingdom","EMEA"
"540042","21730","GLASS STAR FROSTED T-LIGHT HOLDER","12","2017-03-25 10:00:00","4.75","12583.0","Canada","AMER"
"540042","22633","HAND WARMER UNION JACK","8","2017-03-25 10:00:00","1.82","12583.0","Canada","AMER"
"540043","85099B","JUMBO BAG RED RETROSPOT","10","2017-03-07 11:19:00","2.11","13047.0","United Kingdom","EMEA"
"540044","47566","PARTY BUNTING","9","2017-04-18 10:59:00","5.05","14096.0","United Kingdom","EMEA"
"540044","22633","HAND WARMER UNION JACK","6","2017-04-18 10:59:00","1.83","14096.0","United Kingdom","EMEA"
"540045","22633","HAND WARMER UNION JACK","4","2017-03-25 08:45:00","2.26","13777.0","USA","AMER"
"540046","22632","HAND WARMER RED POLKA DOT","7","2017-04-27 13:08:00","1.95","15291.0","Belgium","EMEA"
"540047","20685","DOORMAT RED RETROSPOT","2","2017-03-15 16:27:00","7.06","13047.0","USA","AMER"
"540047","47566","PARTY BUNTING","10","2017-03-15 16:27:00","4.89","13047.0","USA","AMER"
"540048","21730","GLASS STAR FROSTED T-LIGHT HOLDER","12","2017-04-20 08:46:00","4.6","15291.0","USA","AMER"
"540049","84406B","CREAM CUPID HEARTS COAT HANGER","3","2017-04-25 12:01:00","3.06","14096.0","USA","AMER"
"540049","22752","SET 7 BABUSHKA NESTING BOXES","2","2017-04-25 12:01:00","7.68","14096.0","USA","AMER"
"540049","85123A","WHITE HANGING HEART T-LIGHT HOLDER","2","2017-04-25 12:01:00","2.47","14096.0","USA","AMER"
"540050","21730","GLASS STAR FROSTED T-LIGHT HOLDER","2","2017-04-07 16:37:00","4.59","13047.0","United Kingdom","EMEA"
"540051","85099B","JUMBO BAG RED RETROSPOT","6","2017-04-10 13:25:00","1.86","12583.0","Germany","EMEA"
"540051","22752","SET 7 BABUSHKA NESTING BOXES","5","2017-04-10 13:25:00","7.85","12583.0","Germany","EMEA"
"540051","71053","WHITE METAL LANTERN","8","2017-04-10 13:25:00","3.42","12583.0","Germany","EMEA"
"540052","85123A","WHITE HANGING HEART T-LIGHT HOLDER","6","2017-03-27 14:32:00","2.47","12583.0","Netherlands","EMEA"
"540052","20685","DOORMAT RED RETROSPOT","6","2017-03-27 14:32:00","7.39","12583.0","Netherlands","EMEA"
"540052","22633","HAND WARMER UNION JACK","1","2017-03-27 14:32:00","2.03","12583.0","Netherlands","EMEA"
"540053","22632","HAND WARMER RED POLKA DOT","2","2017-03-11 10:51:00","1.97","13047.0","Belgium","EMEA"
"540054","22633","HAND WARMER UNION JACK","10","2017-03-23 15:56:00","1.95","17809.0","United Kingdom","EMEA"
"540054","20685","DOORMAT RED RETROSPOT","2","2017-03-23 15:56:00","7.42","17809.0","United Kingdom","EMEA"
"540054","84406B","CREAM CUPID HEARTS COAT HANGER","4","2017-03-23 15:56:00","3.0","17809.0","United Kingdom","EMEA"
"540055","84029E","RED WOOLLY HOTTIE WHITE HEART","5","2017-03-29 12:28:00","3.72","12583.0","United Kingdom","EMEA"
"540055","85099B","JUMBO BAG RED RETROSPOT","9","2017-03-29 12:28:00","1.6","12583.0","United Kingdom","EMEA"
"540056","84406B","CREAM CUPID HEARTS COAT HANGER","2","2017-04-30 09:26:00","3.21","14606.0","France","EMEA"
"540056","84406B","CREAM CUPID HEARTS COAT HANGER","9","2017-04-30 09:26:00","2.87","14606.0","France","EMEA"
"540057","22632","HAND WARMER RED POLKA DOT","1","2017-03-17 14:39:00","1.89","13047.0","Netherlands","EMEA"
"540057","85123A","WHITE HANGING HEART T-LIGHT HOLDER","4","2017-03-17 14:39:00","2.54","13047.0","Netherlands","EMEA"
"540057","71053","WHITE METAL LANTERN","4","2017-03-17 14:39:00","3.61","13047.0","Netherlands","EMEA"
"540058","84029E","RED WOOLLY HOTTIE WHITE HEART","7","2017-04-18 10:09:00","3.72","15311.0","United Kingdom","EMEA"
"540059","71053","WHITE METAL LANTERN","10","2017-04-02 09:23:00","3.83","15291.0","Australia","APAC"
"540059","71053","WHITE METAL LANTERN","2","2017-04-02 09:23:00","3.56","15291.0","Australia","APAC"
"540059","85123A","WHITE HANGING HEART T-LIGHT HOLDER","7","2017-04-02 09:23:00","3.01","15291.0","Australia","APAC"
"540060","22632","HAND WARMER RED POLKA DOT","2","2017-04-08 14:32:00","1.83","17809.0","Netherlands","EMEA"
"540060","84029E","RED WOOLLY HOTTIE WHITE HEART","9","2017-04-08 14:32:00","3.43","17809.0","Netherlands","EMEA"
"540061","84029E","RED WOOLLY HOTTIE WHITE HEART","4","2017-04-20 08:42:00","3.45","13047.0","Belgium","EMEA"
"540061","84029E","RED WOOLLY HOTTIE WHITE HEART","2","2017-04-20 08:42:00","3.71","13047.0","Belgium","EMEA"
"540062","84029G","KNITTED UNION FLAG HOT WATER BOTTLE","3","2017-04-14 16:15:00","3.55","13777.0","Belgium","EMEA"
"540062","71053","WHITE METAL LANTERN","9","2017-04-14 16:15:00","3.68","13777.0","Belgium","EMEA"
"540062","85099B","JUMBO BAG RED RETROSPOT","10","2017-04-14 16:15:00","1.98","13777.0","Belgium","EMEA"
"540063","22752","SET 7 BABUSHKA NESTING BOXES","2","2017-04-25 10:53:00","7.56","17809.0","Belgium","EMEA"
"540063","84029E","RED WOOLLY HOTTIE WHITE HEART","1","2017-04-25 10:53:00","3.8","17809.0","Belgium","EMEA"
"540063","85099B","JUMBO BAG RED RETROSPOT","1","2017-04-25 10:53:00","1.8","17809.0","Belgium","EMEA"
"540064","22632","HAND WARMER RED POLKA DOT","3","2017-03-06 10:27:00","2.08","15291.0","France","EMEA"
"540064","84029E","RED WOOLLY HOTTIE WHITE HEART","5","2017-03-06 10:27:00","3.67","15291.0","France","EMEA"
"540064","22633","HAND WARMER UNION JACK","2","2017-03-06 10:27:00","2.08","15291.0","France","EMEA"
"540065","84029E","RED WOOLLY HOTTIE WHITE HEART","4","2017-03-18 11:38:00","3.62","14096.0","Spain","EMEA"
"540065","20685","DOORMAT RED RETROSPOT","3","2017-03-18 11:38:00","7.07","14096.0","Spain","EMEA"
"540066","47566","PARTY BUNTING","7","2017-04-26 09:05:00","5.42","15311.0","Australia","APAC"
"540067","47566","PARTY BUNTING","9","2017-03-07 14:22:00","5.0","17850.0","USA","AMER"
"540067","22633","HAND WARMER UNION JACK","8","2017-03-07 14:22:00","1.76","17850.0","USA","AMER"
"540067","21730","GLASS STAR FROSTED T-LIGHT HOLDER","3","2017-03-07 14:22:00","4.61","17850.0","USA","AMER"
"540068","20685","DOORMAT RED RETROSPOT","4","2017-04-30 09:12:00","7.1","15311.0","United Kingdom","EMEA"
"540069","85099B","JUMBO BAG RED RETROSPOT","3","2017-04-17 09:04:00","1.85","13047.0","USA","AMER"
"540069","22632","HAND WARMER RED POLKA DOT","8","2017-04-17 09:04:00","1.9","13047.0","USA","AMER"
"540069","20685","DOORMAT RED RETROSPOT","8","2017-04-17 09:04:00","7.02","13047.0","USA","AMER"
"540070","84029G","KNITTED UNION FLAG HOT WATER BOTTLE","5","2017-04-30 13:37:00","3.77","14606.0","Belgium","EMEA"
"540070","85123A","WHITE HANGING HEART T-LIGHT HOLDER","1","2017-04-30 13:37:00","2.48","14606.0","Belgium","EMEA"
"540070","47566","PARTY BUNTING","4","2017-04-30 13:37:00","5.11","14606.0","Belgium","EMEA"
"540071","84029G","KNITTED UNION FLAG HOT WATER BOTTLE","4","2017-03-22 11:25:00","3.82","14096.0","Canada","AMER"
"540072","71053","WHITE METAL LANTERN","9","2017-03-14 08:45:00","3.67","15291.0","France","EMEA"
"540073","22632","HAND WARMER RED POLKA DOT","7","2017-03-02 15:31:00","2.31","17809.0","Canada","AMER"
"540073","84406B","CREAM CUPID HEARTS COAT HANGER","12","2017-03-02 15:31:00","3.15","17809.0","Canada","AMER"
"540074","22632","HAND WARMER RED POLKA DOT","5","2017-04-29 09:18:00","2.22","14096.0","Canada","AMER"
"540074","22752","SET 7 BABUSHKA NESTING BOXES","5","2017-04-29 09:18:00","7.56","14096.0","Canada","AMER"
"540074","22633","HAND WARMER UNION JACK","5","2017-04-29 09:18:00","1.77","14096.0","Canada","AMER"
"540075","47566","PARTY BUNTING","12","2017-03-02 09:50:00","4.95","13047.0","USA","AMER"
"540075","84029E","RED WOOLLY HOTTIE WHITE HEART","10","2017-03-02 09:50:00","3.37","13047.0","USA","AMER"
"540075","85123A","WHITE HANGING HEART T-LIGHT HOLDER","4","2017-03-02 09:50:00","2.98","13047.0","USA","AMER"
"540076","22752","SET 7 BABUSHKA NESTING BOXES","11","2017-04-12 15:23:00","7.79","17850.0","Germany","EMEA"
"540076","84029G","KNITTED UNION FLAG HOT WATER BOTTLE","4","2017-04-12 15:23:00","3.43","17850.0","Germany","EMEA"
"540077","22752","SET 7 BABUSHKA NESTING BOXES","9","2017-04-05 08:06:00","8.04","13047.0","Australia","APAC"
"540077","71053","WHITE METAL LANTERN","2","2017-04-05 08:06:00","3.77","13047.0","Australia","APAC"
"540077","47566","PARTY BUNTING","8","2017-04-05 08:06:00","5.28","13047.0","Australia","APAC"
"540078","22632","HAND WARMER RED POLKA DOT","4","2017-03-10 08:59:00","2.29","17850.0","France","EMEA"
"540078","22633","HAND WARMER UNION JACK","11","2017-03-10 08:59:00","2.23","17850.0","France","EMEA"
"540078","20685","DOORMAT RED RETROSPOT","12","2017-03-10 08:59:00","7.15","17850.0","France","EMEA"
"540079","22633","HAND WARMER UNION JACK","6","2017-03-05 15:23:00","1.88","15291.0","Germany","EMEA"
"540080","22633","HAND WARMER UNION JACK","12","2017-03-14 09:55:00","2.13","15291.0","Canada","AMER"
"540080","22752","SET 7 BABUSHKA NESTING BOXES","4","2017-03-14 09:55:00","7.83","15291.0","Canada","AMER"
"540080","21730","GLASS STAR FROSTED T-LIGHT HOLDER","4","2017-03-14 09:55:00","4.19","15291.0","Canada","AMER"
"540081","22632","HAND WARMER RED POLKA DOT","7","2017-04-23 15:22:00","1.97","15291.0","France","EMEA"
"540081","84029G","KNITTED UNION FLAG HOT WATER BOTTLE","1","2017-04-23 15:22:00","3.63","15291.0","France","EMEA"
"540082","84029G","KNITTED UNION FLAG HOT WATER BOTTLE","4","2017-03-05 10:07:00","3.73","14096.0","France","EMEA"
"540083","47566","PARTY BUNTING","12","2017-04-21 10:16:00","5.24","17850.0","Germany","EMEA"
"540083","22752","SET 7 BABUSHKA NESTING BOXES","6","2017-04-21 10:16:00","7.78","17850.0","Germany","EMEA"
"540084","84029G","KNITTED UNION FLAG HOT WATER BOTTLE","3","2017-03-03 15:41:00","3.53","14096.0","Germany","EMEA"
"540084","84406B","CREAM CUPID HEARTS COAT HANGER","2","2017-03-03 15:41:00","2.76","14096.0","Germany","EMEA"
"540085","84029E","RED WOOLLY HOTTIE WHITE HEART","3","2017-03-29 15:53:00","3.41","14096.0","Belgium","EMEA"
"540085","85123A","WHITE HANGING HEART T-LIGHT HOLDER","5","2017-03-29 15:53:00","2.86","14096.0","Belgium","EMEA"
"540086","22633","HAND WARMER UNION JACK","9","2017-04-12 08:42:00","2.14","15311.0","France","EMEA"
"540087","84029G","KNITTED UNION FLAG HOT WATER BOTTLE","9","2017-04-16 16:20:00","3.67","13047.0","EIRE","EMEA"
"540087","22752","SET 7 BABUSHKA NESTING BOXES","7","2017-04-16 16:20:00","7.96","13047.0","EIRE","EMEA"
"540088","20685","DOORMAT RED RETROSPOT","12","2017-04-15 12:27:00","7.19","14096.0","Canada","AMER"
"540088","47566","PARTY BUNTING","7","2017-04-15 12:27:00","5.37","14096.0","Canada","AMER"
"540088","22633","HAND WARMER UNION JACK","4","2017-04-15 12:27:00","1.8","14096.0","Canada","AMER"
"540089","20685","DOORMAT RED RETROSPOT","4","2017-04-19 10:12:00","7.28","13047.0","France","EMEA"
"540089","47566","PARTY BUNTING","8","2017-04-19 10:12:00","5.03","13047.0","France","EMEA"
"540090","20685","DOORMAT RED RETROSPOT","6","2017-03-25 13:07:00","7.55","12583.0","Belgium","EMEA"
"540090","85099B","JUMBO BAG RED RETROSPOT","6","2017-03-25 13:07:00","2.15","12583.0","Belgium","EMEA"
"540091","84029E","RED WOOLLY HOTTIE WHITE HEART","9","2017-03-29 11:16:00","3.5","15311.0","Germany","EMEA"
"540091","84029G","KNITTED UNION FLAG HOT WATER BOTTLE","9","2017-03-29 11:16:00","3.68","15311.0","Germany","EMEA"
"540091","22752","SET 7 BABUSHKA NESTING BOXES","7","2017-03-29 11:16:00","7.65","15311.0","Germany","EMEA"
"540092","84029G","KNITTED UNION FLAG HOT WATER BOTTLE","4","2017-04-13 13:30:00","3.61","17850.0","Netherlands","EMEA"
"540093","84029G","KNITTED UNION FLAG HOT WATER BOTTLE","7","2017-04-11 13:35:00","3.56","17809.0","Germany","EMEA"
"540093","22632","HAND WARMER RED POLKA DOT","5","2017-04-11 13:35:00","1.9","17809.0","Germany","EMEA"
"540094","22632","HAND WARMER RED POLKA DOT","10","2017-04-07 13:40:00","2.31","17809.0","Germany","EMEA"
"540094","20685","DOORMAT RED RETROSPOT","6","2017-04-07 13:40:00","7.53","17809.0","Germany","EMEA"
"540094","22633","HAND WARMER UNION JACK","5","2017-04-07 13:40:00","2.18","17809.0","Germany","EMEA"
"540095","84406B","CREAM CUPID HEARTS COAT HANGER","2","2017-03-13 14:49:00","2.67","17850.0","Germany","EMEA"
"540096","22752","SET 7 BABUSHKA NESTING BOXES","12","2017-04-18 15:02:00","8.0","17850.0","Netherlands","EMEA"
"540096","84029G","KNITTED UNION FLAG HOT WATER BOTTLE","6","2017-04-18 15:02:00","3.75","17850.0","Netherlands","EMEA"
"540097","85123A","WHITE HANGING HEART T-LIGHT HOLDER","12","2017-03-13 09:06:00","2.61","16029.0","Spain","EMEA"
"540097","20685","DOORMAT RED RETROSPOT","2","2017-03-13 09:06:00","7.16","16029.0","Spain","EMEA"
"540098","20685","DOORMAT RED RETROSPOT","12","2017-03-12 16:19:00","7.16","16029.0","Australia","APAC"
"540098","47566","PARTY BUNTING","4","2017-03-12 16:19:00","5.27","16029.0","Australia","APAC"
"540099","22633","HAND WARMER UNION JACK","9","2017-03-10 14:52:00","2.06","13047.0","Australia","APAC"
"540099","21730","GLASS STAR FROSTED T-LIGHT HOLDER","6","2017-03-10 14:52:00","4.62","13047.0","Australia","APAC"
"540099","84029E","RED WOOLLY HOTTIE WHITE HEART","8","2017-03-10 14:52:00","3.41","13047.0","Australia","APAC"
"540100","20685","DOORMAT RED RETROSPOT","5","2017-03-09 15:45:00","7.16","15311.0","EIRE","EMEA"
"540100","22633","HAND WARMER UNION JACK","8","2017-03-09 15:45:00","2.21","15311.0","EIRE","EMEA"
"540100","85123A","WHITE HANGING HEART T-LIGHT HOLDER","3","2017-03-09 15:45:00","2.54","15311.0","EIRE","EMEA"
"540101","71053","WHITE METAL LANTERN","4","2017-03-20 10:43:00","3.41","15311.0","USA","AMER"
"540102","22633","HAND WARMER UNION JACK","11","2017-03-21 09:35:00","2.1","13777.0","EIRE","EMEA"
"540102","85099B","JUMBO BAG RED RETROSPOT","4","2017-03-21 09:35:00","2.01","13777.0","EIRE","EMEA"
"540102","84029G","KNITTED UNION FLAG HOT WATER BOTTLE","1","2017-03-21 09:35:00","3.58","13777.0","EIRE","EMEA"
"540103","20685","DOORMAT RED RETROSPOT","12","2017-03-07 16:04:00","7.47","12583.0","United Kingdom","EMEA"
"540104","84406B","CREAM CUPID HEARTS COAT HANGER","5","2017-04-17 16:16:00","3.21","15291.0","Germany","EMEA"
"540104","47566","PARTY BUNTING","8","2017-04-17 16:16:00","5.38","15291.0","Germany","EMEA"
"540105","84406B","CREAM CUPID HEARTS COAT HANGER","2","2017-04-10 09:40:00","3.14","12583.0","USA","AMER"
"540106","22633","HAND WARMER UNION JACK","4","2017-04-05 09:50:00","1.83","15291.0","Australia","APAC"
"540107","71053","WHITE METAL LANTERN","9","2017-03-21 16:26:00","3.34","15311.0","Australia","APAC"
"540107","47566","PARTY BUNTING","7","2017-03-21 16:26:00","5.35","15311.0","Australia","APAC"
"540107","20685","DOORMAT RED RETROSPOT","7","2017-03-21 16:26:00","7.38","15311.0","Australia","APAC"
"540108","84029E","RED WOOLLY HOTTIE WHITE HEART","4","2017-03-02 10:38:00","3.71","15291.0","Canada","AMER"
"540108","22632","HAND WARMER RED POLKA DOT","4","2017-03-02 10:38:00","2.12","15291.0","Canada","AMER"
"540108","20685","DOORMAT RED RETROSPOT","6","2017-03-02 10:38:00","7.44","15291.0","Canada","AMER"
"540109","85123A","WHITE HANGING HEART T-LIGHT HOLDER","3","2017-04-29 13:46:00","2.68","15311.0","Belgium","EMEA"
"540110","22632","HAND WARMER RED POLKA DOT","4","2017-04-08 12:35:00","2.23","13777.0","Netherlands","EMEA"
"540110","84406B","CREAM CUPID HEARTS COAT HANGER","6","2017-04-08 12:35:00","2.67","13777.0","Netherlands","EMEA"
"540111","84406B","CREAM CUPID HEARTS COAT HANGER","6","2017-03-16 16:23:00","2.87","15291.0","United Kingdom","EMEA"
"540112","85123A","WHITE HANGING HEART T-LIGHT HOLDER","3","2017-04-23 12:37:00","2.77","14606.0","EIRE","EMEA"
"540112","85123A","WHITE HANGING HEART T-LIGHT HOLDER","10","2017-04-23 12:37:00","2.91","14606.0","EIRE","EMEA"
"540113","22633","HAND WARMER UNION JACK","8","2017-03-16 10:45:00","2.07","12583.0","Spain","EMEA"
"540113","84029G","KNITTED UNION FLAG HOT WATER BOTTLE","11","2017-03-16 10:45:00","3.37","12583.0","Spain","EMEA"
"540114","20685","DOORMAT RED RETROSPOT","6","2017-03-11 15:05:00","7.23","14606.0","EIRE","EMEA"
"540115","71053","WHITE METAL LANTERN","7","2017-04-12 08:51:00","3.77","15311.0","France","EMEA"
"540115","22632","HAND WARMER RED POLKA DOT","1","2017-04-12 08:51:00","1.75","15311.0","France","EMEA"
"540116","22632","HAND WARMER RED POLKA DOT","11","2017-03-22 09:27:00","1.83","14096.0","EIRE","EMEA"
"540116","21730","GLASS STAR FROSTED T-LIGHT HOLDER","11","2017-03-22 09:27:00","4.29","14096.0","EIRE","EMEA"
"540116","84029E","RED WOOLLY HOTTIE WHITE HEART","5","2017-03-22 09:27:00","3.69","14096.0","EIRE","EMEA"
"540117","85099B","JUMBO BAG RED RETROSPOT","12","2017-03-15 12:04:00","1.8","13777.0","Canada","AMER"
"540117","71053","WHITE METAL LANTERN","4","2017-03-15 12:04:00","3.6","13777.0","Canada","AMER"
"540117","20685","DOORMAT RED RETROSPOT","8","2017-03-15 12:04:00","7.53","13777.0","Canada","AMER"
"540118","84029G","KNITTED UNION FLAG HOT WATER BOTTLE","2","2017-04-18 15:54:00","3.67","15291.0","Germany","EMEA"
"540118","22632","HAND WARMER RED POLKA DOT","12","2017-04-18 15:54:00","2.07","15291.0","Germany","EMEA"
"540119","21730","GLASS STAR FROSTED T-LIGHT HOLDER","10","2017-04-02 10:35:00","4.69","14096.0","Canada","AMER"
"540120","85123A","WHITE HANGING HEART T-LIGHT HOLDER","12","2017-04-11 10:47:00","2.93","13777.0","Belgium","EMEA"
"540120","21730","GLASS STAR FROSTED T-LIGHT HOLDER","11","2017-04-11 10:47:00","4.64","13777.0","Belgium","EMEA"
"540120","20685","DOORMAT RED RETROSPOT","1","2017-04-11 10:47:00","7.33","13777.0","Belgium","EMEA"
"540121","85123A","WHITE HANGING HEART T-LIGHT HOLDER","2","2017-03-12 09:43:00","3.0","17809.0","Canada","AMER"
"540121","85123A","WHITE HANGING HEART T-LIGHT HOLDER","10","2017-03-12 09:43:00","2.68","17809.0","Canada","AMER"
"540122","21730","GLASS STAR FROSTED T-LIGHT HOLDER","4","2017-03-17 10:34:00","4.4","13047.0","Canada","AMER"
"540123","71053","WHITE METAL LANTERN","8","2017-04-03 15:55:00","3.85","15311.0","France","EMEA"
"540123","21730","GLASS STAR FROSTED T-LIGHT HOLDER","5","2017-04-03 15:55:00","4.43","15311.0","France","EMEA"
"540124","84406B","CREAM CUPID HEARTS COAT HANGER","4","2017-04-29 10:28:00","2.65","12583.0","United Kingdom","EMEA"
"540124","84029E","RED WOOLLY HOTTIE WHITE HEART","1","2017-04-29 10:28:00","3.48","12583.0","United Kingdom","EMEA"
"540125","84406B","CREAM CUPID HEARTS COAT HANGER","11","2017-04-04 15:10:00","2.85","17850.0","USA","AMER"
"540126","84029E","RED WOOLLY HOTTIE WHITE HEART","11","2017-03-22 13:19:00","3.52","17809.0","EIRE","EMEA"
"540126","21730","GLASS STAR FROSTED T-LIGHT HOLDER","7","2017-03-22 13:19:00","4.71","17809.0","EIRE","EMEA"
"540126","84029E","RED WOOLLY HOTTIE WHITE HEART","6","2017-03-22 13:19:00","3.58","17809.0","EIRE","EMEA"
"540127","22752","SET 7 BABUSHKA NESTING BOXES","8","2017-04-23 10:02:00","7.84","17809.0","United Kingdom","EMEA"
"540128","84029G","KNITTED UNION FLAG HOT WATER BOTTLE","12","2017-04-14 15:30:00","3.54","13777.0","Spain","EMEA"
"540128","85099B","JUMBO BAG RED RETROSPOT","8","2017-04-14 15:30:00","1.89","13777.0","Spain","EMEA"
"540128","22632","HAND WARMER RED POLKA DOT","10","2017-04-14 15:30:00","2.17","13777.0","Spain","EMEA"
"540129","84029E","RED WOOLLY HOTTIE WHITE HEART","10","2017-03-20 09:20:00","3.34","17850.0","Belgium","EMEA"
"540130","20685","DOORMAT RED RETROSPOT","6","2017-03-28 10:04:00","7.19","16029.0","Netherlands","EMEA"
"540131","84029E","RED WOOLLY HOTTIE WHITE HEART","2","2017-03-23 10:51:00","3.6","16029.0","Canada","AMER"
"540132","85123A","WHITE HANGING HEART T-LIGHT HOLDER","9","2017-03-17 10:31:00","2.47","14606.0","Canada","AMER"
"540133","22752","SET 7 BABUSHKA NESTING BOXES","12","2017-03-30 09:33:00","7.89","14606.0","Germany","EMEA"
"540134","71053","WHITE METAL LANTERN","10","2017-03-15 16:19:00","3.85","17809.0","Canada","AMER"
"540135","85123A","WHITE HANGING HEART T-LIGHT HOLDER","9","2017-04-27 13:07:00","2.45","14096.0","Germany","EMEA"
"540135","21730","GLASS STAR FROSTED T-LIGHT HOLDER","11","2017-04-27 13:07:00","4.46","14096.0","Germany","EMEA"
"540136","84029G","KNITTED UNION FLAG HOT WATER BOTTLE","8","2017-03-22 13:13:00","3.52","13047.0","France","EMEA"
"540136","20685","DOORMAT RED RETROSPOT","3","2017-03-22 13:13:00","7.25","13047.0","France","EMEA"
"540136","47566","PARTY BUNTING","9","2017-03-22 13:13:00","5.2","13047.0","France","EMEA"
"540137","84029G","KNITTED UNION FLAG HOT WATER BOTTLE","11","2017-03-01 08:00:00","3.65","17809.0","Canada","AMER"
"540137","85099B","JUMBO BAG RED RETROSPOT","4","2017-03-01 08:00:00","1.58","17809.0","Canada","AMER"
"540138","84029G","KNITTED UNION FLAG HOT WATER BOTTLE","6","2017-04-29 10:19:00","3.64","15311.0","France","EMEA"
"540139","85099B","JUMBO BAG RED RETROSPOT","10","2017-03-29 10:10:00","1.94","17809.0","Canada","AMER"
"540140","22632","HAND WARMER RED POLKA DOT","10","2017-03-31 12:32:00","2.29","17809.0","United Kingdom","EMEA"
"540140","21730","GLASS STAR FROSTED T-LIGHT HOLDER","7","2017-03-31 12:32:00","4.3","17809.0","United Kingdom","EMEA"
"540141","22632","HAND WARMER RED POLKA DOT","1","2017-03-18 16:21:00","2.2","14096.0","EIRE","EMEA"
"540142","22752","SET 7 BABUSHKA NESTING BOXES","10","2017-03-02 16:50:00","7.69","14606.0","Canada","AMER"
"540142","85099B","JUMBO BAG RED RETROSPOT","10","2017-03-02 16:50:00","1.64","14606.0","Canada","AMER"
"540142","84029E","RED WOOLLY HOTTIE WHITE HEART","12","2017-03-02 16:50:00","3.39","14606.0","Canada","AMER"
"540143","84029E","RED WOOLLY HOTTIE WHITE HEART","11","2017-04-30 09:52:00","3.48","17850.0","Belgium","EMEA"
"540143","22633","HAND WARMER UNION JACK","4","2017-04-30 09:52:00","1.9","17850.0","Belgium","EMEA"
"540143","22752","SET 7 BABUSHKA NESTING BOXES","2","2017-04-30 09:52:00","8.01","17850.0","Belgium","EMEA"
"540144","20685","DOORMAT RED RETROSPOT","1","2017-04-30 09:34:00","7.53","14096.0","Australia","APAC"
"540144","71053","WHITE METAL LANTERN","9","2017-04-30 09:34:00","3.58","14096.0","Australia","APAC"
"540145","20685","DOORMAT RED RETROSPOT","12","2017-04-28 08:49:00","7.42","16029.0","United Kingdom","EMEA"
"540145","84406B","CREAM CUPID HEARTS COAT HANGER","11","2017-04-28 08:49:00","3.03","16029.0","United Kingdom","EMEA"
"540146","71053","WHITE METAL LANTERN","5","2017-04-07 13:52:00","3.87","15291.0","France","EMEA"
"540146","85123A","WHITE HANGING HEART T-LIGHT HOLDER","5","2017-04-07 13:52:00","3.02","15291.0","France","EMEA"
"540146","85099B","JUMBO BAG RED RETROSPOT","5","2017-04-07 13:52:00","1.87","15291.0","France","EMEA"
"540147","85123A","WHITE HANGING HEART T-LIGHT HOLDER","7","2017-03-10 09:49:00","2.57","17850.0","France","EMEA"
"540147","85099B","JUMBO BAG RED RETROSPOT","2","2017-03-10 09:49:00","1.84","17850.0","France","EMEA"
"540148","85099B","JUMBO BAG RED RETROSPOT","4","2017-04-01 10:04:00","1.78","14096.0","France","EMEA"
"540148","22632","HAND WARMER RED POLKA DOT","7","2017-04-01 10:04:00","1.83","14096.0","France","EMEA"
"540148","21730","GLASS STAR FROSTED T-LIGHT HOLDER","10","2017-04-01 10:04:00","4.7","14096.0","France","EMEA"
"540149","71053","WHITE METAL LANTERN","9","2017-03-31 16:01:00","3.41","17809.0","Canada","AMER"
"540150","22633","HAND WARMER UNION JACK","8","2017-03-29 12:03:00","2.05","14096.0","Belgium","EMEA"
"540150","71053","WHITE METAL LANTERN","2","2017-03-29 12:03:00","3.31","14096.0","Belgium","EMEA"
"540151","84029E","RED WOOLLY HOTTIE WHITE HEART","10","2017-03-11 10:22:00","3.45","15311.0","Belgium","EMEA"
"540152","47566","PARTY BUNTING","3","2017-03-13 13:10:00","5.34","17850.0","Netherlands","EMEA"
"540152","22752","SET 7 BABUSHKA NESTING BOXES","9","2017-03-13 13:10:00","7.85","17850.0","Netherlands","EMEA"
"540152","22752","SET 7 BABUSHKA NESTING BOXES","3","2017-03-13 13:10:00","7.57","17850.0","Netherlands","EMEA"
"540153","85099B","JUMBO BAG RED RETROSPOT","5","2017-03-15 15:51:00","1.87","17850.0","Canada","AMER"
"540153","71053","WHITE METAL LANTERN","7","2017-03-15 15:51:00","3.61","17850.0","Canada","AMER"
"540153","84029E","RED WOOLLY HOTTIE WHITE HEART","4","2017-03-15 15:51:00","3.31","17850.0","Canada","AMER"
"540154","84029E","RED WOOLLY HOTTIE WHITE HEART","11","2017-04-27 14:24:00","3.83","13777.0","Netherlands","EMEA"
"540154","84029G","KNITTED UNION FLAG HOT WATER BOTTLE","10","2017-04-27 14:24:00","3.69","13777.0","Netherlands","EMEA"
"540154","20685","DOORMAT RED RETROSPOT","8","2017-04-27 14:24:00","7.45","13777.0","Netherlands","EMEA"
"540155","20685","DOORMAT RED RETROSPOT","8","2017-04-10 14:12:00","7.15","13777.0","Canada","AMER"
"540156","85099B","JUMBO BAG RED RETROSPOT","2","2017-03-14 10:30:00","1.9","16029.0","Australia","APAC"
"540157","22633","HAND WARMER UNION JACK","8","2017-04-25 10:39:00","2.03","14096.0","France","EMEA"
"540157","85123A","WHITE HANGING HEART T-LIGHT HOLDER","5","2017-04-25 10:39:00","3.02","14096.0","France","EMEA"
"540158","71053","WHITE METAL LANTERN","8","2017-04-07 12:21:00","3.7","16029.0","Belgium","EMEA"
"540158","22752","SET 7 BABUSHKA NESTING BOXES","1","2017-04-07 12:21:00","7.91","16029.0","Belgium","EMEA"
"540159","84029G","KNITTED UNION FLAG HOT WATER BOTTLE","1","2017-03-04 08:12:00","3.6","14096.0","Netherlands","EMEA"
"540159","47566","PARTY BUNTING","8","2017-03-04 08:12:00","4.95","14096.0","Netherlands","EMEA"
"540159","47566","PARTY BUNTING","1","2017-03-04 08:12:00","5.24","14096.0","Netherlands","EMEA"
"540160","22633","HAND WARMER UNION JACK","12","2017-04-16 16:53:00","2.23","12583.0","Australia","APAC"
"540161","20685","DOORMAT RED RETROSPOT","9","2017-04-10 11:55:00","7.3","17850.0","Netherlands","EMEA"
"540161","71053","WHITE METAL LANTERN","6","2017-04-10 11:55:00","3.5","17850.0","Netherlands","EMEA"
"540162","22632","HAND WARMER RED POLKA DOT","11","2017-04-04 11:52:00","1.91","12583.0","EIRE","EMEA"
"540163","22752","SET 7 BABUSHKA NESTING BOXES","5","2017-04-12 13:08:00","7.56","15311.0","Canada","AMER"
"540163","85123A","WHITE HANGING HEART T-LIGHT HOLDER","3","2017-04-12 13:08:00","2.59","15311.0","Canada","AMER"
"540163","22633","HAND WARMER UNION JACK","3","2017-04-12 13:08:00","1.82","15311.0","Canada","AMER"
"540164","85123A","WHITE HANGING HEART T-LIGHT HOLDER","5","2017-03-16 13:07:00","3.05","13777.0","Belgium","EMEA"
"540164","20685","DOORMAT RED RETROSPOT","2","2017-03-16 13:07:00","7.06","13777.0","Belgium","EMEA"
"540165","21730","GLASS STAR FROSTED T-LIGHT HOLDER","8","2017-03-20 11:22:00","4.7","17809.0","United Kingdom","EMEA"
"540165","22633","HAND WARMER UNION JACK","11","2017-03-20 11:22:00","1.84","17809.0","United Kingdom","EMEA"
"540166","85099B","JUMBO BAG RED RETROSPOT","8","2017-04-10 13:18:00","1.66","15291.0","Canada","AMER"
"540166","84029E","RED WOOLLY HOTTIE WHITE HEART","4","2017-04-10 13:18:00","3.76","15291.0","Canada","AMER"
"540166","20685","DOORMAT RED RETROSPOT","3","2017-04-10 13:18:00","7.51","15291.0","Canada","AMER"
"540167","85123A","WHITE HANGING HEART T-LIGHT HOLDER","10","2017-03-04 11:08:00","2.65","14606.0","Germany","EMEA"
"540167","21730","GLASS STAR FROSTED T-LIGHT HOLDER","12","2017-03-04 11:08:00","4.69","14606.0","Germany","EMEA"
"540167","71053","WHITE METAL LANTERN","1","2017-03-04 11:08:00","3.65","14606.0","Germany","EMEA"
"540168","85099B","JUMBO BAG RED RETROSPOT","4","2017-04-01 09:04:00","1.78","14096.0","Canada","AMER"
"540168","71053","WHITE METAL LANTERN","11","2017-04-01 09:04:00","3.64","14096.0","Canada","AMER"
"540169","20685","DOORMAT RED RETROSPOT","7","2017-04-04 12:05:00","7.54","12583.0","Belgium","EMEA"
"540169","84406B","CREAM CUPID HEARTS COAT HANGER","11","2017-04-04 12:05:00","3.12","12583.0","Belgium","EMEA"
"540170","22633","HAND WARMER UNION JACK","11","2017-03-09 15:17:00","2.22","14096.0","Australia","APAC"
"540170","84406B","CREAM CUPID HEARTS COAT HANGER","12","2017-03-09 15:17:00","2.71","14096.0","Australia","APAC"
"540170","84029E","RED WOOLLY HOTTIE WHITE HEART","8","2017-03-09 15:17:00","3.5","14096.0","Australia","APAC"
"540171","85123A","WHITE HANGING HEART T-LIGHT HOLDER","2","2017-04-07 09:01:00","2.76","12583.0","United Kingdom","EMEA"
"540172","22633","HAND WARMER UNION JACK","3","2017-03-31 16:09:00","1.89","14096.0","Canada","AMER"
"540173","71053","WHITE METAL LANTERN","4","2017-04-08 09:50:00","3.87","12583.0","USA","AMER"
"540173","85099B","JUMBO BAG RED RETROSPOT","7","2017-04-08 09:50:00","2.09","12583.0","USA","AMER"
"540173","84029G","KNITTED UNION FLAG HOT WATER BOTTLE","6","2017-04-08 09:50:00","3.36","12583.0","USA","AMER"
"540174","85123A","WHITE HANGING HEART T-LIGHT HOLDER","6","2017-03-11 08:57:00","2.7","17809.0","USA","AMER"
"540174","84029E","RED WOOLLY HOTTIE WHITE HEART","6","2017-03-11 08:57:00","3.42","17809.0","USA","AMER"
"540175","84029G","KNITTED UNION FLAG HOT WATER BOTTLE","2","2017-03-12 10:26:00","3.35","13047.0","USA","AMER"
"540176","84029G","KNITTED UNION FLAG HOT WATER BOTTLE","10","2017-04-29 11:03:00","3.87","13777.0","Canada","AMER"
"540176","20685","DOORMAT RED RETROSPOT","6","2017-04-29 11:03:00","7.07","13777.0","Canada","AMER"
"540177","84029G","KNITTED UNION FLAG HOT WATER BOTTLE","5","2017-04-13 15:07:00","3.34","13047.0","Spain","EMEA"
"540177","21730","GLASS STAR FROSTED T-LIGHT HOLDER","12","2017-04-13 15:07:00","4.18","13047.0","Spain","EMEA"
"540178","84029G","KNITTED UNION FLAG HOT WATER BOTTLE","4","2017-04-10 11:05:00","3.61","17809.0","France","EMEA"
"540179","71053","WHITE METAL LANTERN","12","2017-04-29 12:12:00","3.5","15311.0","France","EMEA"
"540180","85123A","WHITE HANGING HEART T-LIGHT HOLDER","9","2017-04-09 12:46:00","2.82","15311.0","Germany","EMEA"
"540181","85099B","JUMBO BAG RED RETROSPOT","5","2017-03-09 13:04:00","2.08","14096.0","France","EMEA"
"540181","85123A","WHITE HANGING HEART T-LIGHT HOLDER","4","2017-03-09 13:04:00","2.59","14096.0","France","EMEA"
"540181","71053","WHITE METAL LANTERN","2","2017-03-09 13:04:00","3.63","14096.0","France","EMEA"
"540182","22633","HAND WARMER UNION JACK","1","2017-04-21 10:49:00","2.35","15291.0","Germany","EMEA"
"540182","71053","WHITE METAL LANTERN","3","2017-04-21 10:49:00","3.49","15291.0","Germany","EMEA"
"540183","47566","PARTY BUNTING","3","2017-04-14 09:02:00","5.05","17850.0","United Kingdom","EMEA"
"540183","22632","HAND WARMER RED POLKA DOT","10","2017-04-14 09:02:00","2.31","17850.0","United Kingdom","EMEA"
"540184","22752","SET 7 BABUSHKA NESTING BOXES","1","2017-04-21 08:42:00","7.57","17809.0","Canada","AMER"
"540184","22632","HAND WARMER RED POLKA DOT","12","2017-04-21 08:42:00","1.86","17809.0","Canada","AMER"
"540184","22632","HAND WARMER RED POLKA DOT","11","2017-04-21 08:42:00","2.13","17809.0","Canada","AMER"
"540185","22633","HAND WARMER UNION JACK","6","2017-03-28 08:31:00","2.28","12583.0","Spain","EMEA"
"540185","22632","HAND WARMER RED POLKA DOT","5","2017-03-28 08:31:00","2.07","12583.0","Spain","EMEA"
"540186","20685","DOORMAT RED RETROSPOT","6","2017-04-30 12:57:00","7.41","13047.0","USA","AMER"
"540187","47566","PARTY BUNTING","2","2017-04-29 11:03:00","5.44","15291.0","Netherlands","EMEA"
"540187","84406B","CREAM CUPID HEARTS COAT HANGER","2","2017-04-29 11:03:00","2.96","15291.0","Netherlands","EMEA"
"540187","85099B","JUMBO BAG RED RETROSPOT","12","2017-04-29 11:03:00","1.82","15291.0","Netherlands","EMEA"
"540188","47566","PARTY BUNTING","3","2017-03-16 14:56:00","4.91","13777.0","USA","AMER"
"540189","20685","DOORMAT RED RETROSPOT","3","2017-04-17 16:36:00","7.43","12583.0","Canada","AMER"
"540190","71053","WHITE METAL LANTERN","7","2017-03-05 08:44:00","3.79","13777.0","United Kingdom","EMEA"
"540190","84029G","KNITTED UNION FLAG HOT WATER BOTTLE","10","2017-03-05 08:44:00","3.4","13777.0","United Kingdom","EMEA"
"540191","84029G","KNITTED UNION FLAG HOT WATER BOTTLE","3","2017-03-19 16:08:00","3.29","17809.0","Canada","AMER"
"540191","84406B","CREAM CUPID HEARTS COAT HANGER","5","2017-03-19 16:08:00","2.99","17809.0","Canada","AMER"
"540191","84406B","CREAM CUPID HEARTS COAT HANGER","7","2017-03-19 16:08:00","3.04","17809.0","Canada","AMER"
"540192","71053","WHITE METAL LANTERN","10","2017-04-17 11:32:00","3.34","17809.0","Netherlands","EMEA"
"540192","22633","HAND WARMER UNION JACK","7","2017-04-17 11:32:00","2.04","17809.0","Netherlands","EMEA"
"540192","84406B","CREAM CUPID HEARTS COAT HANGER","6","2017-04-17 11:32:00","2.83","17809.0","Netherlands","EMEA"
"540193","84029E","RED WOOLLY HOTTIE WHITE HEART","3","2017-04-15 14:59:00","3.5","14606.0","Netherlands","EMEA"
"540193","22632","HAND WARMER RED POLKA DOT","7","2017-04-15 14:59:00","1.93","14606.0","Netherlands","EMEA"
"540194","85123A","WHITE HANGING HEART T-LIGHT HOLDER","3","2017-04-08 13:06:00","2.83","17809.0","Australia","APAC"
"540194","22633","HAND WARMER UNION JACK","7","2017-04-08 13:06:00","2.11","17809.0","Australia","APAC"
"540195","71053","WHITE METAL LANTERN","3","2017-03-31 08:28:00","3.69","17850.0","USA","AMER"
"540196","84029G","KNITTED UNION FLAG HOT WATER BOTTLE","1","2017-04-27 08:38:00","3.46","17809.0","Germany","EMEA"
"540197","20685","DOORMAT RED RETROSPOT","7","2017-03-12 14:26:00","7.02","13047.0","United Kingdom","EMEA"
"540198","85123A","WHITE HANGING HEART T-LIGHT HOLDER","9","2017-04-09 15:27:00","2.5","13777.0","France","EMEA"
"540198","71053","WHITE METAL LANTERN","3","2017-04-09 15:27:00","3.75","13777.0","France","EMEA"
"540198","20685","DOORMAT RED RETROSPOT","2","2017-04-09 15:27:00","7.15","13777.0","France","EMEA"
"540199","22633","HAND WARMER UNION JACK","9","2017-03-28 12:34:00","2.28","14096.0","Australia","APAC"
"540200","84406B","CREAM CUPID HEARTS COAT HANGER","7","2017-03-18 11:50:00","2.71","16029.0","Belgium","EMEA"
"540200","20685","DOORMAT RED RETROSPOT","2","2017-03-18 11:50:00","7.01","16029.0","Belgium","EMEA"
"540201","47566","PARTY BUNTING","9","2017-04-25 11:41:00","5.02","16029.0","France","EMEA"
"540201","85099B","JUMBO BAG RED RETROSPOT","4","2017-04-25 11:41:00","1.66","16029.0","France","EMEA"
"540201","20685","DOORMAT RED RETROSPOT","7","2017-04-25 11:41:00","7.04","16029.0","France","EMEA"
"540202","85123A","WHITE HANGING HEART T-LIGHT HOLDER","12","2017-03-15 16:04:00","2.86","15291.0","Belgium","EMEA"
"540202","21730","GLASS STAR FROSTED T-LIGHT HOLDER","11","2017-03-15 16:04:00","4.42","15291.0","Belgium","EMEA"
"540202","22632","HAND WARMER RED POLKA DOT","6","2017-03-15 16:04:00","2.32","15291.0","Belgium","EMEA"
"540203","85099B","JUMBO BAG RED RETROSPOT","8","2017-03-06 13:23:00","1.62","14096.0","Belgium","EMEA"
"540203","20685","DOORMAT RED RETROSPOT","9","2017-03-06 13:23:00","7.15","14096.0","Belgium","EMEA"
"540204","84029E","RED WOOLLY HOTTIE WHITE HEART","10","2017-03-18 15:24:00","3.34","15311.0","EIRE","EMEA"
"540204","22752","SET 7 BABUSHKA NESTING BOXES","5","2017-03-18 15:24:00","7.78","15311.0","EIRE","EMEA"
"540204","22752","SET 7 BABUSHKA NESTING BOXES","7","2017-03-18 15:24:00","7.69","15311.0","EIRE","EMEA"
"540205","71053","WHITE METAL LANTERN","3","2017-04-21 12:08:00","3.58","17809.0","USA","AMER"
"540206","85099B","JUMBO BAG RED RETROSPOT","10","2017-04-04 16:25:00","1.72","13777.0","USA","AMER"
"540207","84406B","CREAM CUPID HEARTS COAT HANGER","5","2017-04-04 14:09:00","2.69","17809.0","Belgium","EMEA"
"540207","85099B","JUMBO BAG RED RETROSPOT","10","2017-04-04 14:09:00","1.92","17809.0","Belgium","EMEA"
"540207","22632","HAND WARMER RED POLKA DOT","9","2017-04-04 14:09:00","2.02","17809.0","Belgium","EMEA"
"540208","84029G","KNITTED UNION FLAG HOT WATER BOTTLE","10","2017-03-31 12:25:00","3.71","14096.0","Netherlands","EMEA"
"540208","20685","DOORMAT RED RETROSPOT","6","2017-03-31 12:25:00","7.55","14096.0","Netherlands","EMEA"
"540208","20685","DOORMAT RED RETROSPOT","10","2017-03-31 12:25:00","7.34","14096.0","Netherlands","EMEA"
"540209","84406B","CREAM CUPID HEARTS COAT HANGER","4","2017-03-25 12:51:00","2.8","14096.0","Germany","EMEA"
"540210","85099B","JUMBO BAG RED RETROSPOT","11","2017-04-30 14:31:00","2.01","17850.0","France","EMEA"
"540210","22632","HAND WARMER RED POLKA DOT","6","2017-04-30 14:31:00","2.12","17850.0","France","EMEA"
"540210","22632","HAND WARMER RED POLKA DOT","3","2017-04-30 14:31:00","1.93","17850.0","France","EMEA"
"540211","22632","HAND WARMER RED POLKA DOT","1","2017-04-13 09:17:00","2.26","13047.0","Canada","AMER"
"540211","85123A","WHITE HANGING HEART T-LIGHT HOLDER","2","2017-04-13 09:17:00","2.69","13047.0","Canada","AMER"
"540211","22752","SET 7 BABUSHKA NESTING BOXES","5","2017-04-13 09:17:00","7.66","13047.0","Canada","AMER"
"540212","85099B","JUMBO BAG RED RETROSPOT","12","2017-04-11 14:06:00","2.15","13047.0","EIRE","EMEA"
"540212","84406B","CREAM CUPID HEARTS COAT HANGER","12","2017-04-11 14:06:00","2.83","13047.0","EIRE","EMEA"
"540213","22633","HAND WARMER UNION JACK","4","2017-04-14 09:15:00","1.85","17850.0","United Kingdom","EMEA"
"540213","84406B","CREAM CUPID HEARTS COAT HANGER","4","2017-04-14 09:15:00","2.79","17850.0","United Kingdom","EMEA"
"540214","84029G","KNITTED UNION FLAG HOT WATER BOTTLE","11","2017-03-18 14:35:00","3.55","17809.0","United Kingdom","EMEA"
"540214","84029E","RED WOOLLY HOTTIE WHITE HEART","11","2017-03-18 14:35:00","3.63","17809.0","United Kingdom","EMEA"
"540214","21730","GLASS STAR FROSTED T-LIGHT HOLDER","6","2017-03-18 14:35:00","4.18","17809.0","United Kingdom","EMEA"
"540215","21730","GLASS STAR FROSTED T-LIGHT HOLDER","5","2017-03-23 13:33:00","4.71","15291.0","France","EMEA"
"540215","22632","HAND WARMER RED POLKA DOT","3","2017-03-23 13:33:00","2.35","15291.0","France","EMEA"
"540216","22633","HAND WARMER UNION JACK","7","2017-04-15 15:31:00","1.78","13777.0","Spain","EMEA"
"540216","20685","DOORMAT RED RETROSPOT","6","2017-04-15 15:31:00","7.23","13777.0","Spain","EMEA"
"540217","22752","SET 7 BABUSHKA NESTING BOXES","8","2017-04-22 14:52:00","7.59","14096.0","Germany","EMEA"
"540217","21730","GLASS STAR FROSTED T-LIGHT HOLDER","12","2017-04-22 14:52:00","4.3","14096.0","Germany","EMEA"
"540218","47566","PARTY BUNTING","8","2017-03-22 16:20:00","5.1","14606.0","United Kingdom","EMEA"
"540218","22633","HAND WARMER UNION JACK","4","2017-03-22 16:20:00","2.15","14606.0","United Kingdom","EMEA"
"540219","22752","SET 7 BABUSHKA NESTING BOXES","11","2017-04-17 13:27:00","8.09","15291.0","EIRE","EMEA"
"540219","20685","DOORMAT RED RETROSPOT","11","2017-04-17 13:27:00","7.57","15291.0","EIRE","EMEA"
"540220","47566","PARTY BUNTING","10","2017-04-01 11:16:00","4.99","15291.0","Belgium","EMEA"
"540220","22633","HAND WARMER UNION JACK","10","2017-04-01 11:16:00","2.04","15291.0","Belgium","EMEA"
"540221","84029G","KNITTED UNION FLAG HOT WATER BOTTLE","8","2017-04-09 16:05:00","3.58","17850.0","France","EMEA"
"540222","85123A","WHITE HANGING HEART T-LIGHT HOLDER","9","2017-04-23 12:22:00","2.85","16029.0","USA","AMER"
"540222","22633","HAND WARMER UNION JACK","10","2017-04-23 12:22:00","1.79","16029.0","USA","AMER"
"540223","84406B","CREAM CUPID HEARTS COAT HANGER","9","2017-04-08 15:55:00","3.17","15291.0","Germany","EMEA"
"540224","85123A","WHITE HANGING HEART T-LIGHT HOLDER","7","2017-03-11 13:06:00","2.49","14096.0","Canada","AMER"
"540225","22632","HAND WARMER RED POLKA DOT","10","2017-03-18 09:58:00","1.91","13047.0","Belgium","EMEA"
"540225","85123A","WHITE HANGING HEART T-LIGHT HOLDER","4","2017-03-18 09:58:00","2.84","13047.0","Belgium","EMEA"
"540226","84029G","KNITTED UNION FLAG HOT WATER BOTTLE","9","2017-04-29 12:13:00","3.61","12583.0","Spain","EMEA"
"540227","22633","HAND WARMER UNION JACK","9","2017-03-09 10:31:00","2.2","15291.0","United Kingdom","EMEA"
"540227","22633","HAND WARMER UNION JACK","3","2017-03-09 10:31:00","2.3","15291.0","United Kingdom","EMEA"
"540228","71053","WHITE METAL LANTERN","11","2017-04-11 09:42:00","3.44","13047.0","United Kingdom","EMEA"
"540228","22752","SET 7 BABUSHKA NESTING BOXES","4","2017-04-11 09:42:00","7.66","13047.0","United Kingdom","EMEA"
"540229","22633","HAND WARMER UNION JACK","5","2017-04-14 13:00:00","1.91","13047.0","Canada","AMER"
"540229","84406B","CREAM CUPID HEARTS COAT HANGER","1","2017-04-14 13:00:00","2.7","13047.0","Canada","AMER"
"540229","22632","HAND WARMER RED POLKA DOT","9","2017-04-14 13:00:00","1.85","13047.0","Canada","AMER"
"540230","21730","GLASS STAR FROSTED T-LIGHT HOLDER","12","2017-04-13 16:31:00","4.35","15311.0","United Kingdom","EMEA"
"540230","84406B","CREAM CUPID HEARTS COAT HANGER","1","2017-04-13 16:31:00","2.75","15311.0","United Kingdom","EMEA"
"540231","22633","HAND WARMER UNION JACK","10","2017-04-01 14:38:00","1.8","17850.0","Australia","APAC"
"540231","22752","SET 7 BABUSHKA NESTING BOXES","10","2017-04-01 14:38:00","8.05","17850.0","Australia","APAC"
"540232","84029G","KNITTED UNION FLAG HOT WATER BOTTLE","3","2017-04-19 13:23:00","3.75","15311.0","United Kingdom","EMEA"
"540233","85099B","JUMBO BAG RED RETROSPOT","8","2017-04-17 09:15:00","1.89","15291.0","USA","AMER"
"540233","84406B","CREAM CUPID HEARTS COAT HANGER","6","2017-04-17 09:15:00","3.1","15291.0","USA","AMER"
"540233","85099B","JUMBO BAG RED RETROSPOT","8","2017-04-17 09:15:00","1.66","15291.0","USA","AMER"
"540234","22752","SET 7 BABUSHKA NESTING BOXES","12","2017-03-03 09:42:00","7.95","17850.0","Australia","APAC"
"540234","84029G","KNITTED UNION FLAG HOT WATER BOTTLE","7","2017-03-03 09:42:00","3.84","17850.0","Australia","APAC"
"540234","84406B","CREAM CUPID HEARTS COAT HANGER","11","2017-03-03 09:42:00","2.68","17850.0","Australia","APAC"
"540235","84406B","CREAM CUPID HEARTS COAT HANGER","1","2017-03-01 14:51:00","3.21","15291.0","EIRE","EMEA"
"540235","84406B","CREAM CUPID HEARTS COAT HANGER","8","2017-03-01 14:51:00","2.87","15291.0","EIRE","EMEA"
"540236","47566","PARTY BUNTING","8","2017-04-21 13:17:00","5.24","17850.0","Germany","EMEA"
"540237","21730","GLASS STAR FROSTED T-LIGHT HOLDER","8","2017-04-27 14:23:00","4.18","13047.0","Spain","EMEA"
"540238","85123A","WHITE HANGING HEART T-LIGHT HOLDER","4","2017-04-07 11:26:00","2.83","15291.0","USA","AMER"
"540239","85099B","JUMBO BAG RED RETROSPOT","9","2017-03-09 11:12:00","1.68","16029.0","Spain","EMEA"
"540239","22632","HAND WARMER RED POLKA DOT","5","2017-03-09 11:12:00","2.13","16029.0","Spain","EMEA"
"540240","22633","HAND WARMER UNION JACK","7","2017-03-26 09:07:00","1.83","13777.0","France","EMEA"
"540240","84029E","RED WOOLLY HOTTIE WHITE HEART","1","2017-03-26 09:07:00","3.61","13777.0","France","EMEA"
"540241","84029E","RED WOOLLY HOTTIE WHITE HEART","6","2017-04-04 14:48:00","3.39","15291.0","EIRE","EMEA"
"540241","47566","PARTY BUNTING","8","2017-04-04 14:48:00","4.94","15291.0","EIRE","EMEA"
"540242","84029E","RED WOOLLY HOTTIE WHITE HEART","4","2017-03-22 15:11:00","3.68","15311.0","Spain","EMEA"
"540243","84029E","RED WOOLLY HOTTIE WHITE HEART","6","2017-03-08 08:03:00","3.82","13047.0","Canada","AMER"
"540243","84029G","KNITTED UNION FLAG HOT WATER BOTTLE","11","2017-03-08 08:03:00","3.36","13047.0","Canada","AMER"
"540244","84029E","RED WOOLLY HOTTIE WHITE HEART","3","2017-04-28 10:14:00","3.58","14096.0","USA","AMER"
"540245","84406B","CREAM CUPID HEARTS COAT HANGER","6","2017-03-02 15:30:00","3.0","13047.0","USA","AMER"
"540245","20685","DOORMAT RED RETROSPOT","7","2017-03-02 15:30:00","7.19","13047.0","USA","AMER"
"540246","84029E","RED WOOLLY HOTTIE WHITE HEART","5","2017-04-09 10:48:00","3.75","12583.0","France","EMEA"
"540246","22752","SET 7 BABUSHKA NESTING BOXES","1","2017-04-09 10:48:00","7.77","12583.0","France","EMEA"
"540246","47566","PARTY BUNTING","5","2017-04-09 10:48:00","5.34","12583.0","France","EMEA"
"540247","21730","GLASS STAR FROSTED T-LIGHT HOLDER","7","2017-03-12 13:14:00","4.67","17850.0","United Kingdom","EMEA"
"540248","22632","HAND WARMER RED POLKA DOT","11","2017-04-15 11:10:00","2.17","14606.0","Spain","EMEA"
"540248","22752","SET 7 BABUSHKA NESTING BOXES","6","2017-04-15 11:10:00","7.7","14606.0","Spain","EMEA"
"540249","84029E","RED WOOLLY HOTTIE WHITE HEART","12","2017-04-18 10:52:00","3.44","13777.0","Canada","AMER"
"540249","22632","HAND WARMER RED POLKA DOT","2","2017-04-18 10:52:00","1.81","13777.0","Canada","AMER"
"540250","21730","GLASS STAR FROSTED T-LIGHT HOLDER","10","2017-03-16 15:03:00","4.29","14606.0","France","EMEA"
"540250","22633","HAND WARMER UNION JACK","1","2017-03-16 15:03:00","2.22","14606.0","France","EMEA"
"540250","47566","PARTY BUNTING","1","2017-03-16 15:03:00","4.97","14606.0","France","EMEA"
"540251","22752","SET 7 BABUSHKA NESTING BOXES","11","2017-04-18 10:03:00","7.82","12583.0","Netherlands","EMEA"
"540251","21730","GLASS STAR FROSTED T-LIGHT HOLDER","8","2017-04-18 10:03:00","4.26","12583.0","Netherlands","EMEA"
"540251","84406B","CREAM CUPID HEARTS COAT HANGER","12","2017-04-18 10:03:00","2.92","12583.0","Netherlands","EMEA"
"540252","22633","HAND WARMER UNION JACK","10","2017-04-07 15:22:00","1.75","17850.0","EIRE","EMEA"
"540252","71053","WHITE METAL LANTERN","10","2017-04-07 15:22:00","3.36","17850.0","EIRE","EMEA"
"540253","71053","WHITE METAL LANTERN","11","2017-03-14 12:02:00","3.39","13047.0","France","EMEA"
"540253","22633","HAND WARMER UNION JACK","8","2017-03-14 12:02:00","2.17","13047.0","France","EMEA"
"540253","22632","HAND WARMER RED POLKA DOT","4","2017-03-14 12:02:00","2.18","13047.0","France","EMEA"
"540254","22752","SET 7 BABUSHKA NESTING BOXES","11","2017-04-29 15:08:00","7.67","15291.0","Canada","AMER"
"540254","20685","DOORMAT RED RETROSPOT","8","2017-04-29 15:08:00","7.43","15291.0","Canada","AMER"
"540254","85099B","JUMBO BAG RED RETROSPOT","3","2017-04-29 15:08:00","1.65","15291.0","Canada","AMER"
"540255","22633","HAND WARMER UNION JACK","12","2017-03-14 13:33:00","1.86","14096.0","Canada","AMER"
"540255","71053","WHITE METAL LANTERN","2","2017-03-14 13:33:00","3.52","14096.0","Canada","AMER"
"540256","85123A","WHITE HANGING HEART T-LIGHT HOLDER","12","2017-04-21 10:08:00","2.65","16029.0","Belgium","EMEA"
"540256","84406B","CREAM CUPID HEARTS COAT HANGER","7","2017-04-21 10:08:00","2.77","16029.0","Belgium","EMEA"
"540256","85123A","WHITE HANGING HEART T-LIGHT HOLDER","4","2017-04-21 10:08:00","2.54","16029.0","Belgium","EMEA"
"540257","71053","WHITE METAL LANTERN","2","2017-04-29 09:46:00","3.57","15311.0","France","EMEA"
"540257","47566","PARTY BUNTING","11","2017-04-29 09:46:00","5.37","15311.0","France","EMEA"
"540257","84029G","KNITTED UNION FLAG HOT WATER BOTTLE","3","2017-04-29 09:46:00","3.7","15311.0","France","EMEA"
"540258","22752","SET 7 BABUSHKA NESTING BOXES","12","2017-04-13 10:22:00","7.94","13777.0","Germany","EMEA"
"540259","22633","HAND WARMER UNION JACK","9","2017-04-28 09:50:00","1.84","15291.0","Spain","EMEA"
"540259","85123A","WHITE HANGING HEART T-LIGHT HOLDER","8","2017-04-28 09:50:00","2.83","15291.0","Spain","EMEA"
"540260","22752","SET 7 BABUSHKA NESTING BOXES","10","2017-03-06 09:59:00","7.67","13777.0","France","EMEA"
"540260","22633","HAND WARMER UNION JACK","6","2017-03-06 09:59:00","2.03","13777.0","France","EMEA"
"540261","22752","SET 7 BABUSHKA NESTING BOXES","10","2017-04-01 09:08:00","7.61","17850.0","Germany","EMEA"
"540261","84406B","CREAM CUPID HEARTS COAT HANGER","2","2017-04-01 09:08:00","2.78","17850.0","Germany","EMEA"
"540261","22752","SET 7 BABUSHKA NESTING BOXES","10","2017-04-01 09:08:00","7.56","17850.0","Germany","EMEA"
"540262","84029G","KNITTED UNION FLAG HOT WATER BOTTLE","6","2017-04-06 10:25:00","3.85","14606.0","Australia","APAC"
"540262","22752","SET 7 BABUSHKA NESTING BOXES","8","2017-04-06 10:25:00","8.06","14606.0","Australia","APAC"
"540262","22632","HAND WARMER RED POLKA DOT","6","2017-04-06 10:25:00","2.25","14606.0","Australia","APAC"
"540263","22632","HAND WARMER RED POLKA DOT","9","2017-04-11 15:46:00","2.0","14096.0","Belgium","EMEA"
"540264","85099B","JUMBO BAG RED RETROSPOT","8","2017-04-25 10:07:00","1.73","17809.0","United Kingdom","EMEA"
"540264","22632","HAND WARMER RED POLKA DOT","12","2017-04-25 10:07:00","2.17","17809.0","United Kingdom","EMEA"
"540264","21730","GLASS STAR FROSTED T-LIGHT HOLDER","11","2017-04-25 10:07:00","4.22","17809.0","United Kingdom","EMEA"
"540265","20685","DOORMAT RED RETROSPOT","2","2017-04-08 11:09:00","7.27","17850.0","France","EMEA"
"540265","71053","WHITE METAL LANTERN","3","2017-04-08 11:09:00","3.4","17850.0","France","EMEA"
"540266","85123A","WHITE HANGING HEART T-LIGHT HOLDER","3","2017-04-07 11:21:00","3.03","15311.0","Netherlands","EMEA"
"540266","71053","WHITE METAL LANTERN","8","2017-04-07 11:21:00","3.68","15311.0","Netherlands","EMEA"
"540267","20685","DOORMAT RED RETROSPOT","5","2017-04-05 08:21:00","7.52","12583.0","Belgium","EMEA"
"540267","84029E","RED WOOLLY HOTTIE WHITE HEART","12","2017-04-05 08:21:00","3.29","12583.0","Belgium","EMEA"
"540268","71053","WHITE METAL LANTERN","6","2017-04-28 13:40:00","3.3","13047.0","Netherlands","EMEA"
"540268","85099B","JUMBO BAG RED RETROSPOT","10","2017-04-28 13:40:00","2.06","13047.0","Netherlands","EMEA"
"540269","84029G","KNITTED UNION FLAG HOT WATER BOTTLE","3","2017-03-27 10:53:00","3.34","13777.0","Netherlands","EMEA"
"540269","85099B","JUMBO BAG RED RETROSPOT","1","2017-03-27 10:53:00","2.01","13777.0","Netherlands","EMEA"
"540269","47566","PARTY BUNTING","12","2017-03-27 10:53:00","5.03","13777.0","Netherlands","EMEA"
"540270","22752","SET 7 BABUSHKA NESTING BOXES","7","2017-04-02 10:11:00","7.83","12583.0","Germany","EMEA"
"540270","85123A","WHITE HANGING HEART T-LIGHT HOLDER","12","2017-04-02 10:11:00","2.76","12583.0","Germany","EMEA"
"540271","22632","HAND WARMER RED POLKA DOT","2","2017-03-31 10:04:00","2.15","14096.0","Canada","AMER"
"540272","22632","HAND WARMER RED POLKA DOT","11","2017-04-09 15:03:00","1.77","14096.0","United Kingdom","EMEA"
"540272","85099B","JUMBO BAG RED RETROSPOT","10","2017-04-09 15:03:00","1.96","14096.0","United Kingdom","EMEA"
"540272","85123A","WHITE HANGING HEART T-LIGHT HOLDER","9","2017-04-09 15:03:00","2.52","14096.0","United Kingdom","EMEA"
"540273","22752","SET 7 BABUSHKA NESTING BOXES","3","2017-04-25 15:15:00","7.9","13777.0","Spain","EMEA"
"540274","47566","PARTY BUNTING","4","2017-04-17 10:37:00","5.19","14096.0","Netherlands","EMEA"
"540275","22752","SET 7 BABUSHKA NESTING BOXES","2","2017-03-24 08:53:00","8.1","13047.0","Canada","AMER"
"540276","84029G","KNITTED UNION FLAG HOT WATER BOTTLE","1","2017-03-08 10:45:00","3.31","16029.0","USA","AMER"
"540276","85123A","WHITE HANGING HEART T-LIGHT HOLDER","6","2017-03-08 10:45:00","2.69","16029.0","USA","AMER"
"540276","85123A","WHITE HANGING HEART T-LIGHT HOLDER","9","2017-03-08 10:45:00","2.99","16029.0","USA","AMER"
"540277","20685","DOORMAT RED RETROSPOT","12","2017-04-14 12:39:00","7.5","14606.0","USA","AMER"
"540277","84029G","KNITTED UNION FLAG HOT WATER BOTTLE","1","2017-04-14 12:39:00","3.61","14606.0","USA","AMER"
"540278","85099B","JUMBO BAG RED RETROSPOT","7","2017-03-28 10:00:00","1.83","17850.0","Netherlands","EMEA"
"540278","22752","SET 7 BABUSHKA NESTING BOXES","4","2017-03-28 10:00:00","7.56","17850.0","Netherlands","EMEA"
"540279","84029E","RED WOOLLY HOTTIE WHITE HEART","3","2017-04-13 12:40:00","3.54","16029.0","United Kingdom","EMEA"
"540279","71053","WHITE METAL LANTERN","12","2017-04-13 12:40:00","3.49","16029.0","United Kingdom","EMEA"
"540279","71053","WHITE METAL LANTERN","4","2017-04-13 12:40:00","3.33","16029.0","United Kingdom","EMEA"
"540280","22633","HAND WARMER UNION JACK","12","2017-04-02 12:31:00","2.24","16029.0","United Kingdom","EMEA"
"540281","22632","HAND WARMER RED POLKA DOT","9","2017-04-18 08:07:00","2.29","15291.0","EIRE","EMEA"
"540281","85099B","JUMBO BAG RED RETROSPOT","12","2017-04-18 08:07:00","2.02","15291.0","EIRE","EMEA"
"540281","22632","HAND WARMER RED POLKA DOT","5","2017-04-18 08:07:00","2.08","15291.0","EIRE","EMEA"
"540282","84029G","KNITTED UNION FLAG HOT WATER BOTTLE","3","2017-04-18 15:03:00","3.49","14096.0","USA","AMER"
"540283","47566","PARTY BUNTING","10","2017-04-13 15:17:00","5.02","15311.0","USA","AMER"
"540283","47566","PARTY BUNTING","3","2017-04-13 15:17:00","5.26","15311.0","USA","AMER"
"540284","22633","HAND WARMER UNION JACK","11","2017-03-14 12:08:00","1.85","17809.0","Netherlands","EMEA"
"540284","84406B","CREAM CUPID HEARTS COAT HANGER","6","2017-03-14 12:08:00","2.99","17809.0","Netherlands","EMEA"
"540285","71053","WHITE METAL LANTERN","9","2017-03-12 10:59:00","3.37","17850.0","United Kingdom","EMEA"
"540285","85123A","WHITE HANGING HEART T-LIGHT HOLDER","6","2017-03-12 10:59:00","3.0","17850.0","United Kingdom","EMEA"
"540285","20685","DOORMAT RED RETROSPOT","7","2017-03-12 10:59:00","7.31","17850.0","United Kingdom","EMEA"
"540286","71053","WHITE METAL LANTERN","12","2017-04-10 08:57:00","3.56","13047.0","Belgium","EMEA"
"540287","22752","SET 7 BABUSHKA NESTING BOXES","12","2017-03-17 16:40:00","8.13","16029.0","USA","AMER"
"540287","84406B","CREAM CUPID HEARTS COAT HANGER","2","2017-03-17 16:40:00","2.95","16029.0","USA","AMER"
"540288","84029E","RED WOOLLY HOTTIE WHITE HEART","3","2017-03-06 15:36:00","3.82","17809.0","United Kingdom","EMEA"
"540289","22633","HAND WARMER UNION JACK","1","2017-03-23 14:46:00","2.35","17850.0","France","EMEA"
"540289","84406B","CREAM CUPID HEARTS COAT HANGER","8","2017-03-23 14:46:00","3.21","17850.0","France","EMEA"
"540289","22632","HAND WARMER RED POLKA DOT","9","2017-03-23 14:46:00","2.33","17850.0","France","EMEA"
"540290","20685","DOORMAT RED RETROSPOT","11","2017-04-07 08:48:00","7.06","12583.0","Canada","AMER"
"540291","85123A","WHITE HANGING HEART T-LIGHT HOLDER","1","2017-04-03 16:51:00","2.6","17850.0","EIRE","EMEA"
"540292","22632","HAND WARMER RED POLKA DOT","6","2017-03-14 10:34:00","1.87","16029.0","France","EMEA"
"540293","22633","HAND WARMER UNION JACK","4","2017-04-08 16:08:00","1.91","15291.0","Germany","EMEA"
"540294","20685","DOORMAT RED RETROSPOT","11","2017-04-19 08:25:00","7.54","17850.0","Australia","APAC"
"540294","47566","PARTY BUNTING","1","2017-04-19 08:25:00","5.17","17850.0","Australia","APAC"
"540295","84029G","KNITTED UNION FLAG HOT WATER BOTTLE","3","2017-03-09 14:00:00","3.46","17850.0","USA","AMER"
"540295","20685","DOORMAT RED RETROSPOT","5","2017-03-09 14:00:00","7.54","17850.0","USA","AMER"
"540296","84029E","RED WOOLLY HOTTIE WHITE HEART","8","2017-04-16 09:36:00","3.54","12583.0","Netherlands","EMEA"
"540297","84406B","CREAM CUPID HEARTS COAT HANGER","2","2017-03-11 16:47:00","2.7","15311.0","EIRE","EMEA"
"540297","22633","HAND WARMER UNION JACK","6","2017-03-11 16:47:00","2.04","15311.0","EIRE","EMEA"
"540297","47566","PARTY BUNTING","10","2017-03-11 16:47:00","4.87","15311.0","EIRE","EMEA"
"540298","84029G","KNITTED UNION FLAG HOT WATER BOTTLE","12","2017-04-14 10:24:00","3.38","14606.0","United Kingdom","EMEA"
"540298","71053","WHITE METAL LANTERN","4","2017-04-14 10:24:00","3.7","14606.0","United Kingdom","EMEA"
"540299","47566","PARTY BUNTING","7","2017-03-29 11:46:00","5.26","16029.0","Spain","EMEA"
"540299","22633","HAND WARMER UNION JACK","9","2017-03-29 11:46:00","1.79","16029.0","Spain","EMEA"
"540300","20685","DOORMAT RED RETROSPOT","2","2017-04-22 09:38:00","7.46","15291.0","Canada","AMER"
"540300","47566","PARTY BUNTING","11","2017-04-22 09:38:00","4.92","15291.0","Canada","AMER"
"540301","20685","DOORMAT RED RETROSPOT","5","2017-03-16 11:38:00","7.17","17809.0","EIRE","EMEA"
"540301","85099B","JUMBO BAG RED RETROSPOT","5","2017-03-16 11:38:00","1.73","17809.0","EIRE","EMEA"
"540302","71053","WHITE METAL LANTERN","8","2017-03-02 12:30:00","3.86","15291.0","France","EMEA"
"540302","84029G","KNITTED UNION FLAG HOT WATER BOTTLE","5","2017-03-02 12:30:00","3.44","15291.0","France","EMEA"
"540303","84029G","KNITTED UNION FLAG HOT WATER BOTTLE","9","2017-04-16 16:22:00","3.39","13777.0","EIRE","EMEA"
"540304","47566","PARTY BUNTING","2","2017-04-17 10:41:00","5.3","12583.0","USA","AMER"
"540304","22632","HAND WARMER RED POLKA DOT","10","2017-04-17 10:41:00","2.25","12583.0","USA","AMER"
"540305","22633","HAND WARMER UNION JACK","12","2017-03-20 11:48:00","1.91","16029.0","Netherlands","EMEA"
"540306","22632","HAND WARMER RED POLKA DOT","11","2017-04-23 12:54:00","1.78","14096.0","EIRE","EMEA"
"540306","22752","SET 7 BABUSHKA NESTING BOXES","8","2017-04-23 12:54:00","7.91","14096.0","EIRE","EMEA"
"540307","71053","WHITE METAL LANTERN","8","2017-03-01 13:05:00","3.74","16029.0","Canada","AMER"
"540307","85099B","JUMBO BAG RED RETROSPOT","4","2017-03-01 13:05:00","1.87","16029.0","Canada","AMER"
"540308","84029E","RED WOOLLY HOTTIE WHITE HEART","9","2017-03-17 10:54:00","3.42","15291.0","Spain","EMEA"
"540308","22632","HAND WARMER RED POLKA DOT","9","2017-03-17 10:54:00","2.01","15291.0","Spain","EMEA"
"540309","85123A","WHITE HANGING HEART T-LIGHT HOLDER","4","2017-04-06 13:13:00","2.57","13777.0","Canada","AMER"
"540309","84029G","KNITTED UNION FLAG HOT WATER BOTTLE","8","2017-04-06 13:13:00","3.88","13777.0","Canada","AMER"
"540310","22752","SET 7 BABUSHKA NESTING BOXES","5","2017-04-21 09:45:00","7.91","13777.0","Spain","EMEA"
"540311","71053","WHITE METAL LANTERN","7","2017-03-13 16:39:00","3.88","13047.0","France","EMEA"
"540311","47566","PARTY BUNTING","8","2017-03-13 16:39:00","5.4","13047.0","France","EMEA"
"540312","22752","SET 7 BABUSHKA NESTING BOXES","11","2017-03-18 12:32:00","7.69","13047.0","Belgium","EMEA"
"540312","22633","HAND WARMER UNION JACK","10","2017-03-18 12:32:00","1.83","13047.0","Belgium","EMEA"
"540313","20685","DOORMAT RED RETROSPOT","2","2017-04-18 09:04:00","7.15","15291.0","United Kingdom","EMEA"
"540313","85123A","WHITE HANGING HEART T-LIGHT HOLDER","10","2017-04-18 09:04:00","2.59","15291.0","United Kingdom","EMEA"
"540313","84029E","RED WOOLLY HOTTIE WHITE HEART","6","2017-04-18 09:04:00","3.45","15291.0","United Kingdom","EMEA"
"540314","84029G","KNITTED UNION FLAG HOT WATER BOTTLE","10","2017-04-22 11:12:00","3.48","14096.0","USA","AMER"
"540314","22633","HAND WARMER UNION JACK","11","2017-04-22 11:12:00","2.33","14096.0","USA","AMER"
"540314","84029E","RED WOOLLY HOTTIE WHITE HEART","8","2017-04-22 11:12:00","3.39","14096.0","USA","AMER"
"540315","85123A","WHITE HANGING HEART T-LIGHT HOLDER","8","2017-04-12 15:40:00","2.88","13777.0","Spain","EMEA"
"540316","21730","GLASS STAR FROSTED T-LIGHT HOLDER","2","2017-04-04 09:46:00","4.6","15291.0","United Kingdom","EMEA"
"540316","22632","HAND WARMER RED POLKA DOT","9","2017-04-04 09:46:00","1.8","15291.0","United Kingdom","EMEA"
"540317","21730","GLASS STAR FROSTED T-LIGHT HOLDER","5","2017-03-05 14:43:00","4.2","15311.0","USA","AMER"
"540317","84029G","KNITTED UNION FLAG HOT WATER BOTTLE","8","2017-03-05 14:43:00","3.75","15311.0","USA","AMER"
"540318","47566","PARTY BUNTING","4","2017-04-11 10:12:00","5.05","12583.0","Netherlands","EMEA"
"540319","21730","GLASS STAR FROSTED T-LIGHT HOLDER","3","2017-04-21 10:58:00","4.28","13777.0","United Kingdom","EMEA"
"540319","71053","WHITE METAL LANTERN","2","2017-04-21 10:58:00","3.37","13777.0","United Kingdom","EMEA"
"540319","47566","PARTY BUNTING","11","2017-04-21 10:58:00","5.39","13777.0","United Kingdom","EMEA"
"540320","84406B","CREAM CUPID HEARTS COAT HANGER","6","2017-03-24 11:37:00","2.71","16029.0","Canada","AMER"
"540320","20685","DOORMAT RED RETROSPOT","2","2017-03-24 11:37:00","7.22","16029.0","Canada","AMER"
"540321","22632","HAND WARMER RED POLKA DOT","6","2017-03-02 13:51:00","2.22","15291.0","USA","AMER"
"540321","22752","SET 7 BABUSHKA NESTING BOXES","2","2017-03-02 13:51:00","7.91","15291.0","USA","AMER"
"540321","84406B","CREAM CUPID HEARTS COAT HANGER","1","2017-03-02 13:51:00","3.07","15291.0","USA","AMER"
"540322","20685","DOORMAT RED RETROSPOT","8","2017-04-23 16:51:00","7.07","13777.0","France","EMEA"
"540322","20685","DOORMAT RED RETROSPOT","4","2017-04-23 16:51:00","7.12","13777.0","France","EMEA"
"540322","84029E","RED WOOLLY HOTTIE WHITE HEART","2","2017-04-23 16:51:00","3.77","13777.0","France","EMEA"
"540323","22633","HAND WARMER UNION JACK","3","2017-03-18 13:04:00","1.86","14606.0","Netherlands","EMEA"
"540324","71053","WHITE METAL LANTERN","10","2017-03-24 13:24:00","3.84","13047.0","Germany","EMEA"
"540324","84029E","RED WOOLLY HOTTIE WHITE HEART","6","2017-03-24 13:24:00","3.52","13047.0","Germany","EMEA"
"540324","22632","HAND WARMER RED POLKA DOT","3","2017-03-24 13:24:00","2.29","13047.0","Germany","EMEA"
"540325","85123A","WHITE HANGING HEART T-LIGHT HOLDER","11","2017-04-06 16:25:00","2.69","17809.0","Australia","APAC"
"540325","20685","DOORMAT RED RETROSPOT","10","2017-04-06 16:25:00","7.38","17809.0","Australia","APAC"
"540325","85123A","WHITE HANGING HEART T-LIGHT HOLDER","1","2017-04-06 16:25:00","2.88","17809.0","Australia","APAC"
"540326","20685","DOORMAT RED RETROSPOT","4","2017-03-31 10:09:00","7.28","15291.0","EIRE","EMEA"
"540326","20685","DOORMAT RED RETROSPOT","1","2017-03-31 10:09:00","7.09","15291.0","EIRE","EMEA"
"540326","85123A","WHITE HANGING HEART T-LIGHT HOLDER","5","2017-03-31 10:09:00","2.76","15291.0","EIRE","EMEA"
"540327","20685","DOORMAT RED RETROSPOT","6","2017-04-26 08:07:00","7.24","17850.0","France","EMEA"
"540327","22752","SET 7 BABUSHKA NESTING BOXES","12","2017-04-26 08:07:00","7.69","17850.0","France","EMEA"
"540328","85099B","JUMBO BAG RED RETROSPOT","11","2017-03-06 13:11:00","2.07","17809.0","Australia","APAC"
"540328","71053","WHITE METAL LANTERN","10","2017-03-06 13:11:00","3.51","17809.0","Australia","APAC"
"540329","22632","HAND WARMER RED POLKA DOT","2","2017-03-18 15:00:00","2.01","17809.0","Spain","EMEA"
"540329","85123A","WHITE HANGING HEART T-LIGHT HOLDER","7","2017-03-18 15:00:00","2.53","17809.0","Spain","EMEA"
"540330","22752","SET 7 BABUSHKA NESTING BOXES","7","2017-04-03 14:23:00","7.99","15291.0","Australia","APAC"
"540330","71053","WHITE METAL LANTERN","8","2017-04-03 14:23:00","3.41","15291.0","Australia","APAC"
"540330","84029E","RED WOOLLY HOTTIE WHITE HEART","11","2017-04-03 14:23:00","3.44","15291.0","Australia","APAC"
"540331","47566","PARTY BUNTING","4","2017-03-03 15:13:00","5.14","17850.0","France","EMEA"
"540332","21730","GLASS STAR FROSTED T-LIGHT HOLDER","8","2017-03-22 08:48:00","4.73","13047.0","USA","AMER"
"540332","21730","GLASS STAR FROSTED T-LIGHT HOLDER","8","2017-03-22 08:48:00","4.71","13047.0","USA","AMER"
"540332","22752","SET 7 BABUSHKA NESTING BOXES","8","2017-03-22 08:48:00","8.07","13047.0","USA","AMER"
"540333","84406B","CREAM CUPID HEARTS COAT HANGER","7","2017-04-22 08:38:00","2.87","14606.0","Spain","EMEA"
"540333","84029E","RED WOOLLY HOTTIE WHITE HEART","5","2017-04-22 08:38:00","3.41","14606.0","Spain","EMEA"
"540333","85123A","WHITE HANGING HEART T-LIGHT HOLDER","8","2017-04-22 08:38:00","2.89","14606.0","Spain","EMEA"
"540334","85123A","WHITE HANGING HEART T-LIGHT HOLDER","8","2017-04-28 11:46:00","2.84","14096.0","Canada","AMER"
"540334","47566","PARTY BUNTING","5","2017-04-28 11:46:00","5.09","14096.0","Canada","AMER"
"540335","71053","WHITE METAL LANTERN","8","2017-04-30 08:08:00","3.88","13047.0","France","EMEA"
"540335","20685","DOORMAT RED RETROSPOT","9","2017-04-30 08:08:00","7.16","13047.0","France","EMEA"
"540336","22632","HAND WARMER RED POLKA DOT","9","2017-04-18 08:42:00","2.32","17850.0","Canada","AMER"
"540336","85099B","JUMBO BAG RED RETROSPOT","11","2017-04-18 08:42:00","2.12","17850.0","Canada","AMER"
"540337","71053","WHITE METAL LANTERN","8","2017-03-16 16:49:00","3.76","13777.0","Belgium","EMEA"
"540337","85099B","JUMBO BAG RED RETROSPOT","9","2017-03-16 16:49:00","1.99","13777.0","Belgium","EMEA"
"540338","21730","GLASS STAR FROSTED T-LIGHT HOLDER","2","2017-04-20 14:27:00","4.4","16029.0","Spain","EMEA"
"540339","85099B","JUMBO BAG RED RETROSPOT","12","2017-03-31 13:38:00","1.73","15291.0","Germany","EMEA"
"540339","84029E","RED WOOLLY HOTTIE WHITE HEART","4","2017-03-31 13:38:00","3.51","15291.0","Germany","EMEA"
"540340","21730","GLASS STAR FROSTED T-LIGHT HOLDER","12","2017-04-11 09:12:00","4.4","15311.0","EIRE","EMEA"
"540340","22632","HAND WARMER RED POLKA DOT","2","2017-04-11 09:12:00","2.13","15311.0","EIRE","EMEA"
"540340","22632","HAND WARMER RED POLKA DOT","8","2017-04-11 09:12:00","2.29","15311.0","EIRE","EMEA"
"540341","20685","DOORMAT RED RETROSPOT","6","2017-04-09 16:41:00","7.5","14606.0","EIRE","EMEA"
"540341","22632","HAND WARMER RED POLKA DOT","2","2017-04-09 16:41:00","1.97","14606.0","EIRE","EMEA"
"540342","85123A","WHITE HANGING HEART T-LIGHT HOLDER","11","2017-03-26 08:42:00","2.79","13777.0","Germany","EMEA"
"540343","85123A","WHITE HANGING HEART T-LIGHT HOLDER","6","2017-04-05 11:03:00","2.68","16029.0","Belgium","EMEA"
"540344","22632","HAND WARMER RED POLKA DOT","10","2017-04-07 10:59:00","1.79","15311.0","France","EMEA"
"540345","22633","HAND WARMER UNION JACK","7","2017-04-08 14:53:00","2.13","14606.0","Germany","EMEA"
"540345","22633","HAND WARMER UNION JACK","7","2017-04-08 14:53:00","1.95","14606.0","Germany","EMEA"
"540345","84029G","KNITTED UNION FLAG HOT WATER BOTTLE","9","2017-04-08 14:53:00","3.82","14606.0","Germany","EMEA"
"540346","22752","SET 7 BABUSHKA NESTING BOXES","12","2017-04-30 10:54:00","7.71","12583.0","Germany","EMEA"
"540347","84406B","CREAM CUPID HEARTS COAT HANGER","12","2017-04-10 13:55:00","3.16","14096.0","Spain","EMEA"
"540347","71053","WHITE METAL LANTERN","4","2017-04-10 13:55:00","3.54","14096.0","Spain","EMEA"
"540347","20685","DOORMAT RED RETROSPOT","3","2017-04-10 13:55:00","7.54","14096.0","Spain","EMEA"
"540348","47566","PARTY BUNTING","11","2017-03-19 09:22:00","4.99","13047.0","USA","AMER"
"540348","21730","GLASS STAR FROSTED T-LIGHT HOLDER","4","2017-03-19 09:22:00","4.72","13047.0","USA","AMER"
"540348","22632","HAND WARMER RED POLKA DOT","11","2017-03-19 09:22:00","2.27","13047.0","USA","AMER"
"540349","22633","HAND WARMER UNION JACK","7","2017-04-09 09:55:00","1.79","15291.0","Canada","AMER"
"540350","22632","HAND WARMER RED POLKA DOT","4","2017-03-28 10:22:00","1.78","15291.0","Canada","AMER"
"540350","22632","HAND WARMER RED POLKA DOT","11","2017-03-28 10:22:00","1.99","15291.0","Canada","AMER"
"540351","22752","SET 7 BABUSHKA NESTING BOXES","1","2017-03-13 11:44:00","8.01","14096.0","Canada","AMER"
"540351","47566","PARTY BUNTING","2","2017-03-13 11:44:00","5.05","14096.0","Canada","AMER"
"540352","22632","HAND WARMER RED POLKA DOT","11","2017-04-20 14:06:00","2.12","15311.0","Belgium","EMEA"
"540352","84406B","CREAM CUPID HEARTS COAT HANGER","6","2017-04-20 14:06:00","3.11","15311.0","Belgium","EMEA"
"540353","84406B","CREAM CUPID HEARTS COAT HANGER","9","2017-03-11 09:46:00","2.9","13777.0","Netherlands","EMEA"
"540354","22632","HAND WARMER RED POLKA DOT","6","2017-03-06 16:02:00","1.78","13777.0","Canada","AMER"
"540355","20685","DOORMAT RED RETROSPOT","7","2017-03-23 16:54:00","7.19","15311.0","France","EMEA"
"540355","22633","HAND WARMER UNION JACK","7","2017-03-23 16:54:00","2.14","15311.0","France","EMEA"
"540355","84406B","CREAM CUPID HEARTS COAT HANGER","5","2017-03-23 16:54:00","3.06","15311.0","France","EMEA"
"540356","22752","SET 7 BABUSHKA NESTING BOXES","10","2017-04-26 14:52:00","7.56","15311.0","Belgium","EMEA"
"540357","84406B","CREAM CUPID HEARTS COAT HANGER","9","2017-04-15 08:58:00","3.23","17850.0","EIRE","EMEA"
"540357","71053","WHITE METAL LANTERN","10","2017-04-15 08:58:00","3.3","17850.0","EIRE","EMEA"
"540357","84406B","CREAM CUPID HEARTS COAT HANGER","4","2017-04-15 08:58:00","2.78","17850.0","EIRE","EMEA"
"540358","22632","HAND WARMER RED POLKA DOT","7","2017-04-13 11:53:00","2.27","15291.0","EIRE","EMEA"
"540358","47566","PARTY BUNTING","7","2017-04-13 11:53:00","5.26","15291.0","EIRE","EMEA"
"540358","71053","WHITE METAL LANTERN","8","2017-04-13 11:53:00","3.82","15291.0","EIRE","EMEA"
"540359","22752","SET 7 BABUSHKA NESTING BOXES","9","2017-03-01 14:23:00","7.67","14606.0","Canada","AMER"
"540359","84029E","RED WOOLLY HOTTIE WHITE HEART","8","2017-03-01 14:23:00","3.5","14606.0","Canada","AMER"
"540360","22632","HAND WARMER RED POLKA DOT","8","2017-03-30 11:47:00","2.26","16029.0","EIRE","EMEA"
"540360","20685","DOORMAT RED RETROSPOT","3","2017-03-30 11:47:00","6.98","16029.0","EIRE","EMEA"
"540360","85123A","WHITE HANGING HEART T-LIGHT HOLDER","4","2017-03-30 11:47:00","2.74","16029.0","EIRE","EMEA"
"540361","84029G","KNITTED UNION FLAG HOT WATER BOTTLE","7","2017-04-22 12:18:00","3.38","13047.0","United Kingdom","EMEA"
"540361","84029G","KNITTED UNION FLAG HOT WATER BOTTLE","6","2017-04-22 12:18:00","3.78","13047.0","United Kingdom","EMEA"
"540362","84029E","RED WOOLLY HOTTIE WHITE HEART","9","2017-03-25 13:11:00","3.67","14606.0","Germany","EMEA"
"540362","21730","GLASS STAR FROSTED T-LIGHT HOLDER","9","2017-03-25 13:11:00","4.31","14606.0","Germany","EMEA"
"540363","85099B","JUMBO BAG RED RETROSPOT","1","2017-03-06 11:32:00","1.7","16029.0","Belgium","EMEA"
"540363","22752","SET 7 BABUSHKA NESTING BOXES","11","2017-03-06 11:32:00","7.69","16029.0","Belgium","EMEA"
"540363","84029E","RED WOOLLY HOTTIE WHITE HEART","7","2017-03-06 11:32:00","3.59","16029.0","Belgium","EMEA"
"540364","20685","DOORMAT RED RETROSPOT","7","2017-03-19 12:51:00","7.24","13777.0","Belgium","EMEA"
"540364","84029G","KNITTED UNION FLAG HOT WATER BOTTLE","6","2017-03-19 12:51:00","3.73","13777.0","Belgium","EMEA"
"540364","85099B","JUMBO BAG RED RETROSPOT","6","2017-03-19 12:51:00","1.57","13777.0","Belgium","EMEA"
